date,ticker,sentiment_score,esg_score,sdg_score,composite_score,article_count,confidence,contradiction,low_reliability,is_imputed
2022-01-03,ADANIGREEN,0.0,0.0,1.0,0.25,1.0,0.5,0.0,True,False
2022-01-03,ASIANPAINT,1.0,0.0,0.0,0.4,1.0,1.0,0.0,True,False
2022-01-03,AXISBANK,1.0,0.0,0.0,0.4,2.0,1.0,0.0,False,False
2022-01-03,BAJAJ-AUTO,,,,,,,,,True
2022-01-03,HDFCBANK,1.0,0.0,0.0,0.4,2.0,1.0,0.0,False,False
2022-01-03,HINDUNILVR,0.0,0.0,1.0,0.25,1.0,0.5,0.0,True,False
2022-01-03,ICICIBANK,1.0,0.0,0.0,0.4,2.0,1.0,0.0,False,False
2022-01-03,ITC,1.0,0.0,0.0,0.4,1.0,1.0,0.0,True,False
2022-01-03,KOTAKBANK,1.0,0.0,0.0,0.4,2.0,1.0,0.0,False,False
2022-01-03,M&M,0.0,0.0,0.0,0.0,1.0,0.5,0.0,True,False
2022-01-03,MARUTI,0.0,0.0,0.0,0.0,1.0,0.5,0.0,True,False
2022-01-03,NTPC,,,,,,,,,True
2022-01-03,ONGC,,,,,,,,,True
2022-01-03,POWERGRID,,,,,,,,,True
2022-01-03,RELIANCE,,,,,,,,,True
2022-01-03,SBIN,1.0,0.0,0.0,0.4,2.0,1.0,0.0,False,False
2022-01-03,TATAMOTORS,,,,,,,,,True
2022-01-03,TCS,,,,,,,,,True
2022-01-03,WIPRO,,,,,,,,,True
2022-01-03,CIPLA,1.0,0.5,0.0,0.575,2.0,1.0,0.0,False,False
2022-01-03,INFY,0.0,0.0,1.0,0.25,1.0,0.5,0.0,True,False
2022-01-03,DRREDDY,,,,,,,,,True
2022-01-03,HCLTECH,,,,,,,,,True
2022-01-03,TECHM,,,,,,,,,True
2022-01-03,SUNPHARMA,,,,,,,,,True
2022-01-04,ADANIGREEN,0.0,0.0,1.0,0.25,,,,,True
2022-01-04,ASIANPAINT,1.0,0.0,0.0,0.4,,,,,True
2022-01-04,AXISBANK,0.0,0.0,1.0,0.25,1.0,0.5,0.0,True,False
2022-01-04,BAJAJ-AUTO,,,,,,,,,True
2022-01-04,HDFCBANK,0.0,0.0,1.0,0.25,1.0,0.5,0.0,True,False
2022-01-04,HINDUNILVR,0.0,0.0,1.0,0.25,,,,,True
2022-01-04,ICICIBANK,1.0,0.0,0.0,0.4,,,,,True
2022-01-04,ITC,0.0,0.0,1.0,0.25,1.0,0.5,0.0,True,False
2022-01-04,KOTAKBANK,1.0,0.0,0.0,0.4,,,,,True
2022-01-04,M&M,0.0,0.0,0.0,0.0,,,,,True
2022-01-04,MARUTI,0.0,0.0,0.0,0.0,,,,,True
2022-01-04,NTPC,0.0,0.0,1.0,0.25,1.0,0.5,0.0,True,False
2022-01-04,ONGC,0.5,0.0,0.5,0.325,2.0,0.75,0.0,True,False
2022-01-04,POWERGRID,0.0,0.0,1.0,0.25,2.0,0.5,0.0,True,False
2022-01-04,RELIANCE,,,,,,,,,True
2022-01-04,SBIN,1.0,0.0,0.0,0.4,1.0,1.0,0.0,True,False
2022-01-04,TATAMOTORS,0.0,0.0,0.0,0.0,1.0,0.5,0.0,True,False
2022-01-04,TCS,,,,,,,,,True
2022-01-04,WIPRO,,,,,,,,,True
2022-01-04,CIPLA,1.0,0.5,0.0,0.575,,,,,True
2022-01-04,INFY,-0.0,0.5,0.0,0.175,2.0,1.0,0.5,False,False
2022-01-04,DRREDDY,0.0,0.0,0.5,0.125,2.0,0.5,0.0,True,False
2022-01-04,HCLTECH,-0.5,0.0,0.5,-0.075,2.0,0.75,0.0,True,False
2022-01-04,TECHM,,,,,,,,,True
2022-01-04,SUNPHARMA,,,,,,,,,True
2022-01-05,ADANIGREEN,0.0,0.0,1.0,0.25,1.0,0.5,0.0,True,False
2022-01-05,ASIANPAINT,1.0,1.0,0.0,0.75,1.0,1.0,0.0,True,False
2022-01-05,AXISBANK,0.2222,0.0,0.0,0.0889,3.0,0.6667,0.0,True,False
2022-01-05,BAJAJ-AUTO,,,,,,,,,True
2022-01-05,HDFCBANK,0.5,0.0,0.0,0.2,2.0,0.75,0.0,True,False
2022-01-05,HINDUNILVR,0.0,0.0,1.0,0.25,,,,,True
2022-01-05,ICICIBANK,-0.2143,0.0,0.0,-0.0857,2.0,1.0,0.5,False,False
2022-01-05,ITC,0.0,0.0,0.0,0.0,1.0,0.5,0.0,True,False
2022-01-05,KOTAKBANK,0.2222,0.0,0.0,0.0889,3.0,0.6667,0.0,True,False
2022-01-05,M&M,1.0,0.5,0.0,0.575,2.0,1.0,0.0,False,False
2022-01-05,MARUTI,1.0,0.0,0.0,0.4,3.0,1.0,0.0,False,False
2022-01-05,NTPC,1.0,1.0,1.0,1.0,1.0,1.0,0.0,True,False
2022-01-05,ONGC,0.5,0.0,0.0,0.2,2.0,0.75,0.0,True,False
2022-01-05,POWERGRID,0.0,0.0,1.0,0.25,2.0,0.5,0.0,True,False
2022-01-05,RELIANCE,,,,,,,,,True
2022-01-05,SBIN,0.5,0.0,0.0,0.2,2.0,0.75,0.0,True,False
2022-01-05,TATAMOTORS,0.0,0.0,0.0,0.0,,,,,True
2022-01-05,TCS,1.0,1.0,0.0,0.75,1.0,1.0,0.0,True,False
2022-01-05,WIPRO,,,,,,,,,True
2022-01-05,CIPLA,1.0,0.5,0.0,0.575,,,,,True
2022-01-05,INFY,1.0,0.0,0.0,0.4,1.0,1.0,0.0,True,False
2022-01-05,DRREDDY,-1.0,0.0,0.0,-0.4,1.0,1.0,0.0,True,False
2022-01-05,HCLTECH,-0.5,0.0,0.5,-0.075,,,,,True
2022-01-05,TECHM,1.0,1.0,0.0,0.75,1.0,1.0,0.0,True,False
2022-01-05,SUNPHARMA,,,,,,,,,True
2022-01-06,ADANIGREEN,0.0,0.0,1.0,0.25,,,,,True
2022-01-06,ASIANPAINT,0.0,0.0,0.0,0.0,1.0,0.5,0.0,True,False
2022-01-06,AXISBANK,1.0,0.0,0.0,0.4,1.0,1.0,0.0,True,False
2022-01-06,BAJAJ-AUTO,,,,,,,,,True
2022-01-06,HDFCBANK,1.0,0.0,0.0,0.4,1.0,1.0,0.0,True,False
2022-01-06,HINDUNILVR,0.0,0.0,0.0,0.0,1.0,0.5,0.0,True,False
2022-01-06,ICICIBANK,1.0,0.0,0.0,0.4,1.0,1.0,0.0,True,False
2022-01-06,ITC,0.0,0.0,0.0,0.0,,,,,True
2022-01-06,KOTAKBANK,-0.2143,0.0,0.0,-0.0857,2.0,1.0,0.5,False,False
2022-01-06,M&M,-0.2,0.0,0.2,-0.03,5.0,0.6,0.0,True,False
2022-01-06,MARUTI,1.0,0.0,0.0,0.4,,,,,True
2022-01-06,NTPC,1.0,1.0,1.0,1.0,,,,,True
2022-01-06,ONGC,0.0,0.0,1.0,0.25,1.0,0.5,0.0,True,False
2022-01-06,POWERGRID,0.0,0.0,1.0,0.25,,,,,True
2022-01-06,RELIANCE,,,,,,,,,True
2022-01-06,SBIN,1.0,0.0,0.0,0.4,1.0,1.0,0.0,True,False
2022-01-06,TATAMOTORS,0.0,0.0,0.0,0.0,,,,,True
2022-01-06,TCS,1.0,1.0,0.0,0.75,,,,,True
2022-01-06,WIPRO,0.5,0.5,0.5,0.5,2.0,0.75,0.0,True,False
2022-01-06,CIPLA,1.0,0.5,0.0,0.575,,,,,True
2022-01-06,INFY,0.5,0.0,0.5,0.325,2.0,0.75,0.0,True,False
2022-01-06,DRREDDY,-1.0,0.0,0.0,-0.4,,,,,True
2022-01-06,HCLTECH,-0.5,0.0,0.5,-0.075,,,,,True
2022-01-06,TECHM,0.0,0.0,0.0,0.0,1.0,0.5,0.0,True,False
2022-01-06,SUNPHARMA,-0.0,0.0,0.0,-0.0,2.0,1.0,0.5,False,False
2022-01-07,ADANIGREEN,0.0,0.0,1.0,0.25,,,,,True
2022-01-07,ASIANPAINT,0.0,0.0,0.0,0.0,,,,,True
2022-01-07,AXISBANK,1.0,0.0,0.0,0.4,,,,,True
2022-01-07,BAJAJ-AUTO,,,,,,,,,True
2022-01-07,HDFCBANK,1.0,0.0,0.0,0.4,,,,,True
2022-01-07,HINDUNILVR,0.0,0.0,0.0,0.0,,,,,True
2022-01-07,ICICIBANK,1.0,0.0,0.0,0.4,,,,,True
2022-01-07,ITC,0.0,0.0,0.0,0.0,,,,,True
2022-01-07,KOTAKBANK,-0.2143,0.0,0.0,-0.0857,,,,,True
2022-01-07,M&M,-0.2,0.0,0.2,-0.03,,,,,True
2022-01-07,MARUTI,1.0,0.0,0.0,0.4,,,,,True
2022-01-07,NTPC,1.0,1.0,1.0,1.0,,,,,True
2022-01-07,ONGC,0.0,0.0,1.0,0.25,,,,,True
2022-01-07,POWERGRID,0.0,0.0,1.0,0.25,,,,,True
2022-01-07,RELIANCE,,,,,,,,,True
2022-01-07,SBIN,1.0,0.0,0.0,0.4,,,,,True
2022-01-07,TATAMOTORS,0.0,0.0,0.0,0.0,,,,,True
2022-01-07,TCS,1.0,1.0,0.0,0.75,,,,,True
2022-01-07,WIPRO,0.5,0.5,0.5,0.5,,,,,True
2022-01-07,CIPLA,1.0,0.5,0.0,0.575,,,,,True
2022-01-07,INFY,0.5,0.0,0.5,0.325,,,,,True
2022-01-07,DRREDDY,-1.0,0.0,0.0,-0.4,,,,,True
2022-01-07,HCLTECH,-0.5,0.0,0.5,-0.075,,,,,True
2022-01-07,TECHM,0.0,0.0,0.0,0.0,,,,,True
2022-01-07,SUNPHARMA,-0.0,0.0,0.0,-0.0,,,,,True
2022-01-10,ADANIGREEN,1.0,1.0,1.0,1.0,1.0,1.0,0.0,True,False
2022-01-10,ASIANPAINT,0.0,0.0,0.0,0.0,,,,,True
2022-01-10,AXISBANK,0.0,0.0,0.0,0.0,1.0,0.5,0.0,True,False
2022-01-10,BAJAJ-AUTO,,,,,,,,,True
2022-01-10,HDFCBANK,0.7143,0.0,0.0,0.2857,2.0,0.75,0.0,True,False
2022-01-10,HINDUNILVR,1.0,1.0,0.0,0.75,1.0,1.0,0.0,True,False
2022-01-10,ICICIBANK,0.0,0.0,0.0,0.0,1.0,0.5,0.0,True,False
2022-01-10,ITC,0.0,0.0,0.0,0.0,1.0,0.5,0.0,True,False
2022-01-10,KOTAKBANK,0.0,0.0,0.0,0.0,1.0,0.5,0.0,True,False
2022-01-10,M&M,0.0,0.0,1.0,0.25,1.0,0.5,0.0,True,False
2022-01-10,MARUTI,1.0,0.0,0.0,0.4,,,,,True
2022-01-10,NTPC,1.0,1.0,1.0,1.0,,,,,True
2022-01-10,ONGC,-1.0,0.0,0.0,-0.4,1.0,1.0,0.0,True,False
2022-01-10,POWERGRID,0.0,0.0,1.0,0.25,,,,,True
2022-01-10,RELIANCE,,,,,,,,,True
2022-01-10,SBIN,0.0,0.0,0.0,0.0,1.0,0.5,0.0,True,False
2022-01-10,TATAMOTORS,0.0,0.0,0.0,0.0,,,,,True
2022-01-10,TCS,1.0,1.0,0.0,0.75,,,,,True
2022-01-10,WIPRO,0.5,0.5,0.5,0.5,,,,,True
2022-01-10,CIPLA,0.0,0.0,0.5,0.125,2.0,0.5,0.0,True,False
2022-01-10,INFY,0.0,0.0,0.0,0.0,1.0,0.5,0.0,True,False
2022-01-10,DRREDDY,-1.0,0.0,0.0,-0.4,,,,,True
2022-01-10,HCLTECH,0.0,0.0,0.0,0.0,2.0,0.5,0.0,True,False
2022-01-10,TECHM,0.0,0.0,0.0,0.0,,,,,True
2022-01-10,SUNPHARMA,0.0,0.0,0.5,0.125,2.0,0.5,0.0,True,False
2022-01-11,ADANIGREEN,1.0,1.0,1.0,1.0,1.0,1.0,0.0,True,False
2022-01-11,ASIANPAINT,0.0,0.0,0.0,0.0,,,,,True
2022-01-11,AXISBANK,0.1818,0.0,0.25,0.1352,4.0,0.625,0.0,True,False
2022-01-11,BAJAJ-AUTO,0.3333,0.3333,0.6667,0.4167,3.0,0.6667,0.0,True,False
2022-01-11,HDFCBANK,0.1818,0.0,0.0,0.0727,4.0,0.625,0.0,True,False
2022-01-11,HINDUNILVR,-1.0,-1.0,0.0,-0.75,1.0,1.0,0.0,True,False
2022-01-11,ICICIBANK,0.3333,0.0,0.0,0.1333,3.0,0.6667,0.0,True,False
2022-01-11,ITC,0.0,0.0,0.0,0.0,,,,,True
2022-01-11,KOTAKBANK,0.1818,0.0,0.0,0.0727,4.0,0.625,0.0,True,False
2022-01-11,M&M,0.0,0.0,0.0,0.0,1.0,0.5,0.0,True,False
2022-01-11,MARUTI,1.0,0.0,0.0,0.4,,,,,True
2022-01-11,NTPC,1.0,1.0,1.0,1.0,,,,,True
2022-01-11,ONGC,-1.0,0.0,0.0,-0.4,,,,,True
2022-01-11,POWERGRID,0.0,0.0,1.0,0.25,1.0,0.5,0.0,True,False
2022-01-11,RELIANCE,,,,,,,,,True
2022-01-11,SBIN,0.3333,0.0,0.0,0.1333,3.0,0.6667,0.0,True,False
2022-01-11,TATAMOTORS,0.0,0.0,0.0,0.0,,,,,True
2022-01-11,TCS,1.0,1.0,0.0,0.75,,,,,True
2022-01-11,WIPRO,1.0,1.0,1.0,1.0,1.0,1.0,0.0,True,False
2022-01-11,CIPLA,0.0,0.0,1.0,0.25,1.0,0.5,0.0,True,False
2022-01-11,INFY,0.0,0.0,0.0,0.0,1.0,0.5,0.0,True,False
2022-01-11,DRREDDY,-1.0,0.0,0.0,-0.4,,,,,True
2022-01-11,HCLTECH,0.0,0.0,0.0,0.0,,,,,True
2022-01-11,TECHM,0.0,0.0,0.0,0.0,,,,,True
2022-01-11,SUNPHARMA,0.0,0.0,0.5,0.125,,,,,True
2022-01-12,ADANIGREEN,1.0,1.0,1.0,1.0,,,,,True
2022-01-12,ASIANPAINT,0.0,0.0,0.0,0.0,,,,,True
2022-01-12,AXISBANK,0.25,0.0,0.0,0.1,4.0,0.625,0.0,True,False
2022-01-12,BAJAJ-AUTO,0.3333,0.3333,0.6667,0.4167,,,,,True
2022-01-12,HDFCBANK,0.1538,0.0,0.0,0.0615,5.0,0.6,0.0,True,False
2022-01-12,HINDUNILVR,-1.0,-1.0,0.0,-0.75,,,,,True
2022-01-12,ICICIBANK,0.25,0.0,0.0,0.1,4.0,0.625,0.0,True,False
2022-01-12,ITC,0.0,0.0,0.0,0.0,,,,,True
2022-01-12,KOTAKBANK,0.25,0.0,0.0,0.1,4.0,0.625,0.0,True,False
2022-01-12,M&M,0.0,0.0,0.0,0.0,,,,,True
2022-01-12,MARUTI,1.0,0.0,0.0,0.4,,,,,True
2022-01-12,NTPC,1.0,1.0,1.0,1.0,,,,,True
2022-01-12,ONGC,1.0,0.0,0.0,0.4,1.0,1.0,0.0,True,False
2022-01-12,POWERGRID,0.0,0.0,0.0,0.0,2.0,0.5,0.0,True,False
2022-01-12,RELIANCE,,,,,,,,,True
2022-01-12,SBIN,0.1111,0.0,0.0,0.0444,6.0,0.5833,0.0,True,False
2022-01-12,TATAMOTORS,,,,,,,,,True
2022-01-12,TCS,1.0,1.0,0.0,0.75,,,,,True
2022-01-12,WIPRO,1.0,1.0,1.0,1.0,,,,,True
2022-01-12,CIPLA,0.0,0.0,0.0,0.0,1.0,0.5,0.0,True,False
2022-01-12,INFY,0.0,0.0,0.0,0.0,,,,,True
2022-01-12,DRREDDY,-1.0,0.0,0.0,-0.4,1.0,1.0,0.0,True,False
2022-01-12,HCLTECH,0.0,0.0,0.0,0.0,1.0,0.5,0.0,True,False
2022-01-12,TECHM,0.0,0.0,0.0,0.0,,,,,True
2022-01-12,SUNPHARMA,1.0,0.0,0.0,0.4,1.0,1.0,0.0,True,False
2022-01-13,ADANIGREEN,1.0,1.0,1.0,1.0,,,,,True
2022-01-13,ASIANPAINT,0.0,0.0,0.0,0.0,1.0,0.5,0.0,True,False
2022-01-13,AXISBANK,0.25,0.0,0.0,0.1,,,,,True
2022-01-13,BAJAJ-AUTO,0.3333,0.3333,0.6667,0.4167,,,,,True
2022-01-13,HDFCBANK,0.1538,0.0,0.0,0.0615,,,,,True
2022-01-13,HINDUNILVR,-1.0,-1.0,0.0,-0.75,,,,,True
2022-01-13,ICICIBANK,0.25,0.0,0.0,0.1,,,,,True
2022-01-13,ITC,0.0,0.0,0.5,0.125,2.0,0.5,0.0,True,False
2022-01-13,KOTAKBANK,0.25,0.0,0.0,0.1,,,,,True
2022-01-13,M&M,1.0,1.0,1.0,1.0,1.0,1.0,0.0,True,False
2022-01-13,MARUTI,,,,,,,,,True
2022-01-13,NTPC,,,,,,,,,True
2022-01-13,ONGC,0.0,0.0,1.0,0.25,1.0,0.5,0.0,True,False
2022-01-13,POWERGRID,0.0,0.0,1.0,0.25,1.0,0.5,0.0,True,False
2022-01-13,RELIANCE,,,,,,,,,True
2022-01-13,SBIN,0.1111,0.0,0.0,0.0444,,,,,True
2022-01-13,TATAMOTORS,,,,,,,,,True
2022-01-13,TCS,,,,,,,,,True
2022-01-13,WIPRO,0.0,0.0,0.0,0.0,1.0,0.5,0.0,True,False
2022-01-13,CIPLA,0.0,0.0,0.0,0.0,,,,,True
2022-01-13,INFY,1.0,0.0,0.0,0.4,1.0,1.0,0.0,True,False
2022-01-13,DRREDDY,-1.0,0.0,0.0,-0.4,,,,,True
2022-01-13,HCLTECH,0.0,0.0,0.0,0.0,,,,,True
2022-01-13,TECHM,1.0,1.0,1.0,1.0,1.0,1.0,0.0,True,False
2022-01-13,SUNPHARMA,0.0,0.0,0.0,0.0,1.0,0.5,0.0,True,False
2022-01-14,ADANIGREEN,1.0,1.0,1.0,1.0,,,,,True
2022-01-14,ASIANPAINT,0.0,0.0,0.0,0.0,,,,,True
2022-01-14,AXISBANK,0.25,0.0,0.0,0.1,,,,,True
2022-01-14,BAJAJ-AUTO,0.3333,0.3333,0.6667,0.4167,,,,,True
2022-01-14,HDFCBANK,0.1538,0.0,0.0,0.0615,,,,,True
2022-01-14,HINDUNILVR,-1.0,-1.0,0.0,-0.75,,,,,True
2022-01-14,ICICIBANK,0.25,0.0,0.0,0.1,,,,,True
2022-01-14,ITC,0.0,0.0,0.5,0.125,,,,,True
2022-01-14,KOTAKBANK,0.25,0.0,0.0,0.1,,,,,True
2022-01-14,M&M,1.0,1.0,1.0,1.0,,,,,True
2022-01-14,MARUTI,,,,,,,,,True
2022-01-14,NTPC,,,,,,,,,True
2022-01-14,ONGC,0.0,0.0,1.0,0.25,,,,,True
2022-01-14,POWERGRID,0.0,0.0,1.0,0.25,,,,,True
2022-01-14,RELIANCE,,,,,,,,,True
2022-01-14,SBIN,0.1111,0.0,0.0,0.0444,,,,,True
2022-01-14,TATAMOTORS,,,,,,,,,True
2022-01-14,TCS,,,,,,,,,True
2022-01-14,WIPRO,0.0,0.0,0.0,0.0,,,,,True
2022-01-14,CIPLA,0.0,0.0,0.0,0.0,,,,,True
2022-01-14,INFY,1.0,0.0,0.0,0.4,,,,,True
2022-01-14,DRREDDY,-1.0,0.0,0.0,-0.4,,,,,True
2022-01-14,HCLTECH,0.0,0.0,0.0,0.0,,,,,True
2022-01-14,TECHM,1.0,1.0,1.0,1.0,,,,,True
2022-01-14,SUNPHARMA,0.0,0.0,0.0,0.0,,,,,True
2022-01-17,ADANIGREEN,0.0,0.0,1.0,0.25,1.0,0.5,0.0,True,False
2022-01-17,ASIANPAINT,0.5,0.5,0.5,0.5,2.0,0.75,0.0,True,False
2022-01-17,AXISBANK,0.25,0.0,0.0,0.1,4.0,0.625,0.0,True,False
2022-01-17,BAJAJ-AUTO,0.3333,0.3333,0.6667,0.4167,,,,,True
2022-01-17,HDFCBANK,0.1538,0.0,0.0,0.0615,5.0,0.6,0.0,True,False
2022-01-17,HINDUNILVR,-1.0,-1.0,0.0,-0.75,1.0,1.0,0.0,True,False
2022-01-17,ICICIBANK,0.25,0.0,0.0,0.1,4.0,0.625,0.0,True,False
2022-01-17,ITC,0.0,0.0,0.5,0.125,,,,,True
2022-01-17,KOTAKBANK,-0.2143,0.0,0.0,-0.0857,2.0,1.0,0.5,False,False
2022-01-17,M&M,-1.0,0.0,0.0,-0.4,1.0,1.0,0.0,True,False
2022-01-17,MARUTI,,,,,,,,,True
2022-01-17,NTPC,,,,,,,,,True
2022-01-17,ONGC,0.0,0.0,1.0,0.25,,,,,True
2022-01-17,POWERGRID,0.0,0.0,1.0,0.25,,,,,True
2022-01-17,RELIANCE,,,,,,,,,True
2022-01-17,SBIN,0.1538,0.0,0.0,0.0615,5.0,0.6,0.0,True,False
2022-01-17,TATAMOTORS,,,,,,,,,True
2022-01-17,TCS,1.0,1.0,0.0,0.75,1.0,1.0,0.0,True,False
2022-01-17,WIPRO,0.0,0.0,0.0,0.0,,,,,True
2022-01-17,CIPLA,0.0,0.0,0.0,0.0,,,,,True
2022-01-17,INFY,0.0,0.0,1.0,0.25,1.0,0.5,0.0,True,False
2022-01-17,DRREDDY,1.0,1.0,0.0,0.75,1.0,1.0,0.0,True,False
2022-01-17,HCLTECH,0.0,0.0,1.0,0.25,1.0,0.5,0.0,True,False
2022-01-17,TECHM,1.0,1.0,1.0,1.0,,,,,True
2022-01-17,SUNPHARMA,0.0,0.0,0.0,0.0,1.0,0.5,0.0,True,False
2022-01-18,ADANIGREEN,0.0,0.0,1.0,0.25,2.0,0.5,0.0,True,False
2022-01-18,ASIANPAINT,0.5,0.5,0.5,0.5,,,,,True
2022-01-18,AXISBANK,0.0,0.0,0.0,0.0,4.0,0.5,0.0,True,False
2022-01-18,BAJAJ-AUTO,0.3333,0.3333,0.6667,0.4167,,,,,True
2022-01-18,HDFCBANK,-0.0,0.5,0.5,0.3,2.0,1.0,0.5,False,False
2022-01-18,HINDUNILVR,0.0,0.0,0.0,0.0,2.0,0.5,0.0,True,False
2022-01-18,ICICIBANK,-0.5556,0.0,0.0,-0.2222,3.0,0.6667,0.0,True,False
2022-01-18,ITC,0.0,0.0,0.5,0.125,,,,,True
2022-01-18,KOTAKBANK,0.0,0.0,0.3333,0.0833,3.0,0.5,0.0,True,False
2022-01-18,M&M,0.0,0.0,1.0,0.25,1.0,0.5,0.0,True,False
2022-01-18,MARUTI,-1.0,0.0,0.0,-0.4,1.0,1.0,0.0,True,False
2022-01-18,NTPC,,,,,,,,,True
2022-01-18,ONGC,0.0,0.0,0.0,0.0,2.0,0.5,0.0,True,False
2022-01-18,POWERGRID,1.0,0.0,0.0,0.4,1.0,1.0,0.0,True,False
2022-01-18,RELIANCE,,,,,,,,,True
2022-01-18,SBIN,1.0,0.0,0.0,0.4,2.0,1.0,0.0,False,False
2022-01-18,TATAMOTORS,,,,,,,,,True
2022-01-18,TCS,0.0,0.0,1.0,0.25,1.0,0.5,0.0,True,False
2022-01-18,WIPRO,0.0,0.0,0.0,0.0,,,,,True
2022-01-18,CIPLA,0.0,0.0,0.0,0.0,,,,,True
2022-01-18,INFY,1.0,1.0,0.0,0.75,1.0,1.0,0.0,True,False
2022-01-18,DRREDDY,1.0,1.0,0.0,0.75,,,,,True
2022-01-18,HCLTECH,0.0,0.0,1.0,0.25,,,,,True
2022-01-18,TECHM,1.0,1.0,1.0,1.0,,,,,True
2022-01-18,SUNPHARMA,-1.0,0.0,0.0,-0.4,1.0,1.0,0.0,True,False
2022-01-19,ADANIGREEN,0.0,0.0,1.0,0.25,1.0,0.5,0.0,True,False
2022-01-19,ASIANPAINT,0.5,0.5,0.5,0.5,,,,,True
2022-01-19,AXISBANK,1.0,0.5,0.5,0.7,2.0,1.0,0.0,False,False
2022-01-19,BAJAJ-AUTO,0.0,0.0,1.0,0.25,1.0,0.5,0.0,True,False
2022-01-19,HDFCBANK,1.0,0.0,0.0,0.4,1.0,1.0,0.0,True,False
2022-01-19,HINDUNILVR,-1.0,-1.0,0.0,-0.75,1.0,1.0,0.0,True,False
2022-01-19,ICICIBANK,0.2857,0.0,0.5,0.2393,2.0,0.75,0.0,True,False
2022-01-19,ITC,0.0,0.0,0.5,0.125,,,,,True
2022-01-19,KOTAKBANK,1.0,0.0,0.0,0.4,1.0,1.0,0.0,True,False
2022-01-19,M&M,0.0,0.0,1.0,0.25,1.0,0.5,0.0,True,False
2022-01-19,MARUTI,-1.0,0.0,0.0,-0.4,,,,,True
2022-01-19,NTPC,,,,,,,,,True
2022-01-19,ONGC,-1.0,0.0,0.0,-0.4,1.0,1.0,0.0,True,False
2022-01-19,POWERGRID,0.0,0.0,0.0,0.0,1.0,0.5,0.0,True,False
2022-01-19,RELIANCE,,,,,,,,,True
2022-01-19,SBIN,1.0,0.0,0.0,0.4,1.0,1.0,0.0,True,False
2022-01-19,TATAMOTORS,,,,,,,,,True
2022-01-19,TCS,0.0,0.0,1.0,0.25,,,,,True
2022-01-19,WIPRO,0.0,0.0,0.0,0.0,,,,,True
2022-01-19,CIPLA,0.0,0.0,0.0,0.0,,,,,True
2022-01-19,INFY,0.0,0.0,1.0,0.25,1.0,0.5,0.0,True,False
2022-01-19,DRREDDY,1.0,1.0,0.0,0.75,,,,,True
2022-01-19,HCLTECH,0.0,0.0,1.0,0.25,,,,,True
2022-01-19,TECHM,0.0,0.0,1.0,0.25,1.0,0.5,0.0,True,False
2022-01-19,SUNPHARMA,-1.0,0.0,0.0,-0.4,,,,,True
2022-01-20,ADANIGREEN,0.0,0.0,1.0,0.25,,,,,True
2022-01-20,ASIANPAINT,0.0,0.0,1.0,0.25,1.0,0.5,0.0,True,False
2022-01-20,AXISBANK,0.0,0.0,0.0,0.0,2.0,0.5,0.0,True,False
2022-01-20,BAJAJ-AUTO,0.0,0.0,0.0,0.0,1.0,0.5,0.0,True,False
2022-01-20,HDFCBANK,0.0,0.0,0.0,0.0,2.0,0.5,0.0,True,False
2022-01-20,HINDUNILVR,-1.0,-1.0,0.0,-0.75,,,,,True
2022-01-20,ICICIBANK,0.3571,0.25,0.25,0.2929,4.0,0.625,0.0,True,False
2022-01-20,ITC,0.0,0.0,0.5,0.125,,,,,True
2022-01-20,KOTAKBANK,-0.5556,0.0,0.0,-0.2222,3.0,0.6667,0.0,True,False
2022-01-20,M&M,-1.0,0.0,0.0,-0.4,3.0,1.0,0.0,False,False
2022-01-20,MARUTI,-1.0,0.0,0.0,-0.4,,,,,True
2022-01-20,NTPC,,,,,,,,,True
2022-01-20,ONGC,-1.0,0.0,0.0,-0.4,1.0,1.0,0.0,True,False
2022-01-20,POWERGRID,1.0,0.0,0.0,0.4,1.0,1.0,0.0,True,False
2022-01-20,RELIANCE,0.0,0.0,1.0,0.25,1.0,0.5,0.0,True,False
2022-01-20,SBIN,0.0,0.0,0.0,0.0,2.0,0.5,0.0,True,False
2022-01-20,TATAMOTORS,,,,,,,,,True
2022-01-20,TCS,0.5,0.0,0.5,0.325,2.0,0.75,0.0,True,False
2022-01-20,WIPRO,0.0,0.0,0.0,0.0,1.0,0.5,0.0,True,False
2022-01-20,CIPLA,1.0,0.5,0.5,0.7,2.0,1.0,0.0,False,False
2022-01-20,INFY,-1.0,0.0,0.0,-0.4,1.0,1.0,0.0,True,False
2022-01-20,DRREDDY,0.0,0.0,0.0,0.0,1.0,0.5,0.0,True,False
2022-01-20,HCLTECH,0.0,0.0,1.0,0.25,1.0,0.5,0.0,True,False
2022-01-20,TECHM,-1.0,0.0,0.0,-0.4,1.0,1.0,0.0,True,False
2022-01-20,SUNPHARMA,-1.0,0.0,0.0,-0.4,,,,,True
2022-01-21,ADANIGREEN,0.0,0.0,1.0,0.25,,,,,True
2022-01-21,ASIANPAINT,0.0,0.0,1.0,0.25,,,,,True
2022-01-21,AXISBANK,0.0,0.0,0.0,0.0,,,,,True
2022-01-21,BAJAJ-AUTO,0.0,0.0,0.0,0.0,,,,,True
2022-01-21,HDFCBANK,0.0,0.0,0.0,0.0,,,,,True
2022-01-21,HINDUNILVR,-1.0,-1.0,0.0,-0.75,,,,,True
2022-01-21,ICICIBANK,0.3571,0.25,0.25,0.2929,,,,,True
2022-01-21,ITC,,,,,,,,,True
2022-01-21,KOTAKBANK,-0.5556,0.0,0.0,-0.2222,,,,,True
2022-01-21,M&M,-1.0,0.0,0.0,-0.4,,,,,True
2022-01-21,MARUTI,-1.0,0.0,0.0,-0.4,,,,,True
2022-01-21,NTPC,,,,,,,,,True
2022-01-21,ONGC,-1.0,0.0,0.0,-0.4,,,,,True
2022-01-21,POWERGRID,1.0,0.0,0.0,0.4,,,,,True
2022-01-21,RELIANCE,0.0,0.0,1.0,0.25,,,,,True
2022-01-21,SBIN,0.0,0.0,0.0,0.0,,,,,True
2022-01-21,TATAMOTORS,,,,,,,,,True
2022-01-21,TCS,0.5,0.0,0.5,0.325,,,,,True
2022-01-21,WIPRO,0.0,0.0,0.0,0.0,,,,,True
2022-01-21,CIPLA,1.0,0.5,0.5,0.7,,,,,True
2022-01-21,INFY,-1.0,0.0,0.0,-0.4,,,,,True
2022-01-21,DRREDDY,0.0,0.0,0.0,0.0,,,,,True
2022-01-21,HCLTECH,0.0,0.0,1.0,0.25,,,,,True
2022-01-21,TECHM,-1.0,0.0,0.0,-0.4,,,,,True
2022-01-21,SUNPHARMA,-1.0,0.0,0.0,-0.4,,,,,True
2022-01-24,ADANIGREEN,1.0,1.0,1.0,1.0,1.0,1.0,0.0,True,False
2022-01-24,ASIANPAINT,0.0,0.0,1.0,0.25,,,,,True
2022-01-24,AXISBANK,0.5,0.0,0.0,0.2,2.0,0.75,0.0,True,False
2022-01-24,BAJAJ-AUTO,0.0,0.0,0.0,0.0,1.0,0.5,0.0,True,False
2022-01-24,HDFCBANK,0.2222,0.0,0.3333,0.1722,3.0,0.6667,0.0,True,False
2022-01-24,HINDUNILVR,-1.0,-1.0,0.0,-0.75,,,,,True
2022-01-24,ICICIBANK,1.0,0.5,0.0,0.575,2.0,1.0,0.0,False,False
2022-01-24,ITC,,,,,,,,,True
2022-01-24,KOTAKBANK,0.5,0.0,0.0,0.2,2.0,0.75,0.0,True,False
2022-01-24,M&M,0.5,0.0,0.0,0.2,2.0,0.75,0.0,True,False
2022-01-24,MARUTI,-1.0,0.0,0.0,-0.4,,,,,True
2022-01-24,NTPC,0.5,0.0,1.0,0.45,2.0,0.75,0.0,True,False
2022-01-24,ONGC,-1.0,0.0,0.0,-0.4,,,,,True
2022-01-24,POWERGRID,1.0,0.0,0.0,0.4,,,,,True
2022-01-24,RELIANCE,0.0,0.0,1.0,0.25,,,,,True
2022-01-24,SBIN,0.5,0.0,0.0,0.2,2.0,0.75,0.0,True,False
2022-01-24,TATAMOTORS,-0.5,0.0,0.5,-0.075,2.0,0.75,0.0,True,False
2022-01-24,TCS,0.5,0.0,0.5,0.325,,,,,True
2022-01-24,WIPRO,0.0,0.0,0.0,0.0,,,,,True
2022-01-24,CIPLA,-1.0,0.0,0.0,-0.4,1.0,1.0,0.0,True,False
2022-01-24,INFY,-1.0,0.0,0.0,-0.4,,,,,True
2022-01-24,DRREDDY,0.0,0.0,0.0,0.0,,,,,True
2022-01-24,HCLTECH,0.0,0.0,1.0,0.25,,,,,True
2022-01-24,TECHM,-1.0,0.0,0.0,-0.4,,,,,True
2022-01-24,SUNPHARMA,0.0,0.0,0.0,0.0,1.0,0.5,0.0,True,False
2022-01-25,ADANIGREEN,1.0,1.0,1.0,1.0,,,,,True
2022-01-25,ASIANPAINT,0.0,0.0,1.0,0.25,1.0,0.5,0.0,True,False
2022-01-25,AXISBANK,0.5,0.0,0.0,0.2,2.0,0.75,0.0,True,False
2022-01-25,BAJAJ-AUTO,0.0,0.0,0.0,0.0,,,,,True
2022-01-25,HDFCBANK,0.5,0.0,0.0,0.2,2.0,0.75,0.0,True,False
2022-01-25,HINDUNILVR,-1.0,-1.0,0.0,-0.75,,,,,True
2022-01-25,ICICIBANK,0.5,0.0,0.0,0.2,2.0,0.75,0.0,True,False
2022-01-25,ITC,,,,,,,,,True
2022-01-25,KOTAKBANK,0.5,0.0,0.0,0.2,2.0,0.75,0.0,True,False
2022-01-25,M&M,0.5,0.0,0.0,0.2,,,,,True
2022-01-25,MARUTI,-1.0,0.0,0.0,-0.4,,,,,True
2022-01-25,NTPC,0.0,0.0,1.0,0.25,1.0,0.5,0.0,True,False
2022-01-25,ONGC,-1.0,0.0,0.0,-0.4,,,,,True
2022-01-25,POWERGRID,0.5,0.5,0.0,0.375,2.0,0.75,0.0,True,False
2022-01-25,RELIANCE,0.0,0.0,1.0,0.25,,,,,True
2022-01-25,SBIN,0.5,0.0,0.0,0.2,2.0,0.75,0.0,True,False
2022-01-25,TATAMOTORS,1.0,0.0,0.0,0.4,1.0,1.0,0.0,True,False
2022-01-25,TCS,0.5,0.0,0.5,0.325,,,,,True
2022-01-25,WIPRO,1.0,0.0,0.0,0.4,1.0,1.0,0.0,True,False
2022-01-25,CIPLA,1.0,1.0,0.0,0.75,1.0,1.0,0.0,True,False
2022-01-25,INFY,-1.0,0.0,0.0,-0.4,,,,,True
2022-01-25,DRREDDY,0.0,0.0,0.0,0.0,,,,,True
2022-01-25,HCLTECH,0.0,0.0,1.0,0.25,,,,,True
2022-01-25,TECHM,-1.0,0.0,0.0,-0.4,,,,,True
2022-01-25,SUNPHARMA,0.0,0.0,0.0,0.0,,,,,True
2022-01-26,ADANIGREEN,1.0,1.0,1.0,1.0,,,,,True
2022-01-26,ASIANPAINT,0.0,0.0,1.0,0.25,,,,,True
2022-01-26,AXISBANK,0.3333,0.0,0.0,0.1333,3.0,0.6667,0.0,True,False
2022-01-26,BAJAJ-AUTO,0.0,0.0,0.0,0.0,,,,,True
2022-01-26,HDFCBANK,0.3333,0.0,0.0,0.1333,3.0,0.6667,0.0,True,False
2022-01-26,HINDUNILVR,-1.0,-1.0,0.0,-0.75,,,,,True
2022-01-26,ICICIBANK,0.3333,0.0,0.0,0.1333,3.0,0.6667,0.0,True,False
2022-01-26,ITC,,,,,,,,,True
2022-01-26,KOTAKBANK,0.3333,0.0,0.0,0.1333,3.0,0.6667,0.0,True,False
2022-01-26,M&M,0.5,0.0,0.0,0.2,2.0,0.75,0.0,True,False
2022-01-26,MARUTI,0.0,0.0,0.0,0.0,1.0,0.5,0.0,True,False
2022-01-26,NTPC,0.0,0.0,1.0,0.25,,,,,True
2022-01-26,ONGC,-1.0,0.0,0.0,-0.4,,,,,True
2022-01-26,POWERGRID,0.5,0.5,0.0,0.375,,,,,True
2022-01-26,RELIANCE,0.0,0.0,1.0,0.25,,,,,True
2022-01-26,SBIN,0.3333,0.0,0.0,0.1333,3.0,0.6667,0.0,True,False
2022-01-26,TATAMOTORS,-1.0,0.0,0.0,-0.4,1.0,1.0,0.0,True,False
2022-01-26,TCS,0.5,0.0,0.5,0.325,,,,,True
2022-01-26,WIPRO,1.0,1.0,0.0,0.75,1.0,1.0,0.0,True,False
2022-01-26,CIPLA,1.0,1.0,0.0,0.75,,,,,True
2022-01-26,INFY,-1.0,0.0,0.0,-0.4,,,,,True
2022-01-26,DRREDDY,0.0,0.0,0.0,0.0,,,,,True
2022-01-26,HCLTECH,0.0,0.0,1.0,0.25,,,,,True
2022-01-26,TECHM,0.5,0.0,0.0,0.2,2.0,0.75,0.0,True,False
2022-01-26,SUNPHARMA,0.0,0.0,0.0,0.0,,,,,True
2022-01-27,ADANIGREEN,1.0,1.0,1.0,1.0,,,,,True
2022-01-27,ASIANPAINT,0.0,0.0,1.0,0.25,,,,,True
2022-01-27,AXISBANK,0.0,0.0,0.0,0.0,2.0,0.5,0.0,True,False
2022-01-27,BAJAJ-AUTO,0.0,0.0,0.0,0.0,,,,,True
2022-01-27,HDFCBANK,0.0,0.0,0.3333,0.0833,3.0,0.5,0.0,True,False
2022-01-27,HINDUNILVR,,,,,,,,,True
2022-01-27,ICICIBANK,0.0,0.0,0.0,0.0,2.0,0.5,0.0,True,False
2022-01-27,ITC,,,,,,,,,True
2022-01-27,KOTAKBANK,0.5556,0.3333,0.0,0.3389,3.0,0.6667,0.0,True,False
2022-01-27,M&M,1.0,1.0,0.0,0.75,1.0,1.0,0.0,True,False
2022-01-27,MARUTI,1.0,1.0,1.0,1.0,1.0,1.0,0.0,True,False
2022-01-27,NTPC,0.0,0.0,1.0,0.25,,,,,True
2022-01-27,ONGC,0.0,0.0,0.5,0.125,2.0,0.5,0.0,True,False
2022-01-27,POWERGRID,0.5,0.5,0.0,0.375,,,,,True
2022-01-27,RELIANCE,0.0,0.0,1.0,0.25,,,,,True
2022-01-27,SBIN,0.0,0.0,0.3333,0.0833,3.0,0.5,0.0,True,False
2022-01-27,TATAMOTORS,-1.0,0.0,0.0,-0.4,,,,,True
2022-01-27,TCS,0.0,0.0,0.0,0.0,1.0,0.5,0.0,True,False
2022-01-27,WIPRO,0.0,0.0,0.0,0.0,1.0,0.5,0.0,True,False
2022-01-27,CIPLA,1.0,1.0,0.0,0.75,,,,,True
2022-01-27,INFY,-1.0,0.0,0.0,-0.4,,,,,True
2022-01-27,DRREDDY,0.0,0.0,0.0,0.0,,,,,True
2022-01-27,HCLTECH,0.0,0.0,1.0,0.25,,,,,True
2022-01-27,TECHM,0.5,0.0,0.0,0.2,,,,,True
2022-01-27,SUNPHARMA,0.0,0.0,0.0,0.0,,,,,True
2022-01-28,ADANIGREEN,1.0,1.0,1.0,1.0,,,,,True
2022-01-28,ASIANPAINT,0.0,0.0,1.0,0.25,,,,,True
2022-01-28,AXISBANK,0.0,0.0,0.0,0.0,,,,,True
2022-01-28,BAJAJ-AUTO,0.0,0.0,0.0,0.0,,,,,True
2022-01-28,HDFCBANK,0.0,0.0,0.3333,0.0833,,,,,True
2022-01-28,HINDUNILVR,,,,,,,,,True
2022-01-28,ICICIBANK,0.0,0.0,0.0,0.0,,,,,True
2022-01-28,ITC,,,,,,,,,True
2022-01-28,KOTAKBANK,0.5556,0.3333,0.0,0.3389,,,,,True
2022-01-28,M&M,1.0,1.0,0.0,0.75,,,,,True
2022-01-28,MARUTI,1.0,1.0,1.0,1.0,,,,,True
2022-01-28,NTPC,0.0,0.0,1.0,0.25,,,,,True
2022-01-28,ONGC,0.0,0.0,0.5,0.125,,,,,True
2022-01-28,POWERGRID,0.5,0.5,0.0,0.375,,,,,True
2022-01-28,RELIANCE,,,,,,,,,True
2022-01-28,SBIN,0.0,0.0,0.3333,0.0833,,,,,True
2022-01-28,TATAMOTORS,-1.0,0.0,0.0,-0.4,,,,,True
2022-01-28,TCS,0.0,0.0,0.0,0.0,,,,,True
2022-01-28,WIPRO,0.0,0.0,0.0,0.0,,,,,True
2022-01-28,CIPLA,1.0,1.0,0.0,0.75,,,,,True
2022-01-28,INFY,,,,,,,,,True
2022-01-28,DRREDDY,,,,,,,,,True
2022-01-28,HCLTECH,,,,,,,,,True
2022-01-28,TECHM,0.5,0.0,0.0,0.2,,,,,True
2022-01-28,SUNPHARMA,0.0,0.0,0.0,0.0,,,,,True
2022-01-31,ADANIGREEN,0.0,0.0,1.0,0.25,1.0,0.5,0.0,True,False
2022-01-31,ASIANPAINT,0.0,0.0,1.0,0.25,,,,,True
2022-01-31,AXISBANK,1.0,0.0,0.0,0.4,1.0,1.0,0.0,True,False
2022-01-31,BAJAJ-AUTO,0.0,0.0,0.0,0.0,,,,,True
2022-01-31,HDFCBANK,1.0,0.0,0.0,0.4,1.0,1.0,0.0,True,False
2022-01-31,HINDUNILVR,,,,,,,,,True
2022-01-31,ICICIBANK,1.0,0.0,0.0,0.4,1.0,1.0,0.0,True,False
2022-01-31,ITC,,,,,,,,,True
2022-01-31,KOTAKBANK,1.0,0.0,0.0,0.4,1.0,1.0,0.0,True,False
2022-01-31,M&M,1.0,1.0,0.0,0.75,,,,,True
2022-01-31,MARUTI,1.0,1.0,1.0,1.0,,,,,True
2022-01-31,NTPC,0.0,0.0,1.0,0.25,,,,,True
2022-01-31,ONGC,0.0,0.0,0.5,0.125,,,,,True
2022-01-31,POWERGRID,0.5,0.5,0.0,0.375,,,,,True
2022-01-31,RELIANCE,1.0,0.0,0.0,0.4,1.0,1.0,0.0,True,False
2022-01-31,SBIN,0.1667,0.0,0.3333,0.15,3.0,0.6667,0.0,True,False
2022-01-31,TATAMOTORS,0.0,0.0,0.0,0.0,1.0,0.5,0.0,True,False
2022-01-31,TCS,0.0,0.0,0.0,0.0,,,,,True
2022-01-31,WIPRO,0.0,0.0,0.0,0.0,,,,,True
2022-01-31,CIPLA,1.0,1.0,0.0,0.75,,,,,True
2022-01-31,INFY,,,,,,,,,True
2022-01-31,DRREDDY,,,,,,,,,True
2022-01-31,HCLTECH,,,,,,,,,True
2022-01-31,TECHM,0.5,0.0,0.0,0.2,,,,,True
2022-01-31,SUNPHARMA,-1.0,0.0,0.0,-0.4,1.0,1.0,0.0,True,False
2022-02-01,ADANIGREEN,0.0,0.0,1.0,0.25,,,,,True
2022-02-01,ASIANPAINT,0.0,0.0,1.0,0.25,,,,,True
2022-02-01,AXISBANK,0.0,0.0,0.0,0.0,1.0,0.5,0.0,True,False
2022-02-01,BAJAJ-AUTO,0.0,0.0,0.0,0.0,1.0,0.5,0.0,True,False
2022-02-01,HDFCBANK,0.0,0.0,0.0,0.0,2.0,0.5,0.0,True,False
2022-02-01,HINDUNILVR,,,,,,,,,True
2022-02-01,ICICIBANK,0.0,0.0,0.0,0.0,1.0,0.5,0.0,True,False
2022-02-01,ITC,-1.0,0.0,0.0,-0.4,1.0,1.0,0.0,True,False
2022-02-01,KOTAKBANK,0.0,0.0,0.0,0.0,1.0,0.5,0.0,True,False
2022-02-01,M&M,0.0,0.0,0.5,0.125,2.0,0.5,0.0,True,False
2022-02-01,MARUTI,1.0,1.0,1.0,1.0,,,,,True
2022-02-01,NTPC,1.0,0.0,1.0,0.65,1.0,1.0,0.0,True,False
2022-02-01,ONGC,1.0,1.0,0.0,0.75,1.0,1.0,0.0,True,False
2022-02-01,POWERGRID,0.0,0.0,0.0,0.0,1.0,0.5,0.0,True,False
2022-02-01,RELIANCE,1.0,0.0,0.0,0.4,,,,,True
2022-02-01,SBIN,0.7143,0.5,0.0,0.4607,2.0,0.75,0.0,True,False
2022-02-01,TATAMOTORS,1.0,0.0,0.0,0.4,1.0,1.0,0.0,True,False
2022-02-01,TCS,1.0,1.0,0.0,0.75,1.0,1.0,0.0,True,False
2022-02-01,WIPRO,-1.0,0.0,0.0,-0.4,1.0,1.0,0.0,True,False
2022-02-01,CIPLA,1.0,1.0,0.0,0.75,,,,,True
2022-02-01,INFY,,,,,,,,,True
2022-02-01,DRREDDY,,,,,,,,,True
2022-02-01,HCLTECH,-1.0,0.0,0.0,-0.4,1.0,1.0,0.0,True,False
2022-02-01,TECHM,0.5,0.0,0.0,0.2,,,,,True
2022-02-01,SUNPHARMA,-1.0,0.0,0.0,-0.4,,,,,True
2022-02-02,ADANIGREEN,0.0,0.0,1.0,0.25,,,,,True
2022-02-02,ASIANPAINT,,,,,,,,,True
2022-02-02,AXISBANK,1.0,0.0,0.0,0.4,1.0,1.0,0.0,True,False
2022-02-02,BAJAJ-AUTO,-0.5,0.0,0.0,-0.2,2.0,0.75,0.0,True,False
2022-02-02,HDFCBANK,1.0,0.0,0.0,0.4,1.0,1.0,0.0,True,False
2022-02-02,HINDUNILVR,0.0,0.0,0.0,0.0,1.0,0.5,0.0,True,False
2022-02-02,ICICIBANK,-0.2143,0.0,0.0,-0.0857,2.0,1.0,0.5,False,False
2022-02-02,ITC,0.0,0.0,1.0,0.25,1.0,0.5,0.0,True,False
2022-02-02,KOTAKBANK,1.0,0.0,0.0,0.4,1.0,1.0,0.0,True,False
2022-02-02,M&M,0.0,0.0,0.5,0.125,,,,,True
2022-02-02,MARUTI,1.0,1.0,1.0,1.0,,,,,True
2022-02-02,NTPC,1.0,0.0,1.0,0.65,,,,,True
2022-02-02,ONGC,1.0,1.0,0.0,0.75,,,,,True
2022-02-02,POWERGRID,0.0,0.0,0.0,0.0,,,,,True
2022-02-02,RELIANCE,1.0,0.0,0.0,0.4,,,,,True
2022-02-02,SBIN,1.0,0.0,0.0,0.4,1.0,1.0,0.0,True,False
2022-02-02,TATAMOTORS,1.0,1.0,0.0,0.75,1.0,1.0,0.0,True,False
2022-02-02,TCS,1.0,1.0,1.0,1.0,1.0,1.0,0.0,True,False
2022-02-02,WIPRO,-1.0,0.0,0.0,-0.4,,,,,True
2022-02-02,CIPLA,,,,,,,,,True
2022-02-02,INFY,,,,,,,,,True
2022-02-02,DRREDDY,,,,,,,,,True
2022-02-02,HCLTECH,-1.0,0.0,0.0,-0.4,,,,,True
2022-02-02,TECHM,0.5,0.0,0.0,0.2,,,,,True
2022-02-02,SUNPHARMA,-1.0,0.0,0.0,-0.4,,,,,True
2022-02-03,ADANIGREEN,0.0,0.0,1.0,0.25,,,,,True
2022-02-03,ASIANPAINT,,,,,,,,,True
2022-02-03,AXISBANK,0.5,0.0,0.0,0.2,2.0,0.75,0.0,True,False
2022-02-03,BAJAJ-AUTO,1.0,0.0,0.0,0.4,1.0,1.0,0.0,True,False
2022-02-03,HDFCBANK,0.5,0.0,0.0,0.2,2.0,0.75,0.0,True,False
2022-02-03,HINDUNILVR,0.0,0.0,0.0,0.0,,,,,True
2022-02-03,ICICIBANK,0.5,0.0,0.0,0.2,2.0,0.75,0.0,True,False
2022-02-03,ITC,0.0,0.0,1.0,0.25,,,,,True
2022-02-03,KOTAKBANK,0.5,0.0,0.0,0.2,2.0,0.75,0.0,True,False
2022-02-03,M&M,0.0,0.0,1.0,0.25,1.0,0.5,0.0,True,False
2022-02-03,MARUTI,0.0,0.0,1.0,0.25,1.0,0.5,0.0,True,False
2022-02-03,NTPC,1.0,1.0,1.0,1.0,1.0,1.0,0.0,True,False
2022-02-03,ONGC,1.0,1.0,0.0,0.75,,,,,True
2022-02-03,POWERGRID,0.0,0.0,0.0,0.0,,,,,True
2022-02-03,RELIANCE,1.0,1.0,0.5,0.875,2.0,1.0,0.0,False,False
2022-02-03,SBIN,0.5,0.0,0.0,0.2,2.0,0.75,0.0,True,False
2022-02-03,TATAMOTORS,1.0,0.0,0.0,0.4,1.0,1.0,0.0,True,False
2022-02-03,TCS,1.0,1.0,1.0,1.0,,,,,True
2022-02-03,WIPRO,-1.0,0.0,0.0,-0.4,,,,,True
2022-02-03,CIPLA,1.0,1.0,0.0,0.75,1.0,1.0,0.0,True,False
2022-02-03,INFY,1.0,1.0,0.0,0.75,1.0,1.0,0.0,True,False
2022-02-03,DRREDDY,0.0,0.0,0.0,0.0,1.0,0.5,0.0,True,False
2022-02-03,HCLTECH,1.0,1.0,1.0,1.0,1.0,1.0,0.0,True,False
2022-02-03,TECHM,,,,,,,,,True
2022-02-03,SUNPHARMA,-1.0,0.0,0.0,-0.4,,,,,True
2022-02-04,ADANIGREEN,0.0,0.0,1.0,0.25,,,,,True
2022-02-04,ASIANPAINT,,,,,,,,,True
2022-02-04,AXISBANK,0.5,0.0,0.0,0.2,,,,,True
2022-02-04,BAJAJ-AUTO,1.0,0.0,0.0,0.4,,,,,True
2022-02-04,HDFCBANK,0.5,0.0,0.0,0.2,,,,,True
2022-02-04,HINDUNILVR,0.0,0.0,0.0,0.0,,,,,True
2022-02-04,ICICIBANK,0.5,0.0,0.0,0.2,,,,,True
2022-02-04,ITC,0.0,0.0,1.0,0.25,,,,,True
2022-02-04,KOTAKBANK,0.5,0.0,0.0,0.2,,,,,True
2022-02-04,M&M,0.0,0.0,1.0,0.25,,,,,True
2022-02-04,MARUTI,0.0,0.0,1.0,0.25,,,,,True
2022-02-04,NTPC,1.0,1.0,1.0,1.0,,,,,True
2022-02-04,ONGC,1.0,1.0,0.0,0.75,,,,,True
2022-02-04,POWERGRID,0.0,0.0,0.0,0.0,,,,,True
2022-02-04,RELIANCE,1.0,1.0,0.5,0.875,,,,,True
2022-02-04,SBIN,0.5,0.0,0.0,0.2,,,,,True
2022-02-04,TATAMOTORS,1.0,0.0,0.0,0.4,,,,,True
2022-02-04,TCS,1.0,1.0,1.0,1.0,,,,,True
2022-02-04,WIPRO,-1.0,0.0,0.0,-0.4,,,,,True
2022-02-04,CIPLA,1.0,1.0,0.0,0.75,,,,,True
2022-02-04,INFY,1.0,1.0,0.0,0.75,,,,,True
2022-02-04,DRREDDY,0.0,0.0,0.0,0.0,,,,,True
2022-02-04,HCLTECH,1.0,1.0,1.0,1.0,,,,,True
2022-02-04,TECHM,,,,,,,,,True
2022-02-04,SUNPHARMA,-1.0,0.0,0.0,-0.4,,,,,True
2022-02-07,ADANIGREEN,0.0,0.0,1.0,0.25,,,,,True
2022-02-07,ASIANPAINT,,,,,,,,,True
2022-02-07,AXISBANK,0.0,0.0,1.0,0.25,1.0,0.5,0.0,True,False
2022-02-07,BAJAJ-AUTO,1.0,0.0,0.0,0.4,,,,,True
2022-02-07,HDFCBANK,0.5,0.0,0.0,0.2,,,,,True
2022-02-07,HINDUNILVR,0.0,0.0,0.0,0.0,1.0,0.5,0.0,True,False
2022-02-07,ICICIBANK,0.5,0.0,0.0,0.2,,,,,True
2022-02-07,ITC,0.0,0.0,1.0,0.25,,,,,True
2022-02-07,KOTAKBANK,0.5,0.0,0.0,0.2,,,,,True
2022-02-07,M&M,0.0,0.0,1.0,0.25,,,,,True
2022-02-07,MARUTI,0.0,0.0,1.0,0.25,,,,,True
2022-02-07,NTPC,1.0,1.0,1.0,1.0,,,,,True
2022-02-07,ONGC,1.0,1.0,0.0,0.75,,,,,True
2022-02-07,POWERGRID,-1.0,0.0,0.0,-0.4,1.0,1.0,0.0,True,False
2022-02-07,RELIANCE,1.0,1.0,0.5,0.875,,,,,True
2022-02-07,SBIN,0.5,0.0,0.0,0.2,,,,,True
2022-02-07,TATAMOTORS,0.0,0.0,0.0,0.0,1.0,0.5,0.0,True,False
2022-02-07,TCS,0.0,0.0,0.0,0.0,1.0,0.5,0.0,True,False
2022-02-07,WIPRO,1.0,0.0,0.0,0.4,1.0,1.0,0.0,True,False
2022-02-07,CIPLA,1.0,1.0,0.0,0.75,,,,,True
2022-02-07,INFY,1.0,1.0,0.0,0.75,,,,,True
2022-02-07,DRREDDY,0.0,0.0,0.0,0.0,,,,,True
2022-02-07,HCLTECH,1.0,1.0,1.0,1.0,,,,,True
2022-02-07,TECHM,,,,,,,,,True
2022-02-07,SUNPHARMA,-1.0,0.0,0.0,-0.4,,,,,True
2022-02-08,ADANIGREEN,,,,,,,,,True
2022-02-08,ASIANPAINT,1.0,1.0,0.0,0.75,1.0,1.0,0.0,True,False
2022-02-08,AXISBANK,0.0,0.0,0.0,0.0,2.0,0.5,0.0,True,False
2022-02-08,BAJAJ-AUTO,-1.0,0.0,0.0,-0.4,1.0,1.0,0.0,True,False
2022-02-08,HDFCBANK,0.0,0.0,0.0,0.0,1.0,0.5,0.0,True,False
2022-02-08,HINDUNILVR,0.0,0.0,0.0,0.0,,,,,True
2022-02-08,ICICIBANK,0.0,0.0,0.0,0.0,1.0,0.5,0.0,True,False
2022-02-08,ITC,-1.0,0.0,0.0,-0.4,1.0,1.0,0.0,True,False
2022-02-08,KOTAKBANK,-0.7143,0.0,0.0,-0.2857,2.0,0.75,0.0,True,False
2022-02-08,M&M,-0.5,0.0,0.5,-0.075,2.0,0.75,0.0,True,False
2022-02-08,MARUTI,0.0,0.0,0.0,0.0,1.0,0.5,0.0,True,False
2022-02-08,NTPC,1.0,1.0,1.0,1.0,,,,,True
2022-02-08,ONGC,1.0,1.0,0.0,0.75,,,,,True
2022-02-08,POWERGRID,-1.0,0.0,0.0,-0.4,,,,,True
2022-02-08,RELIANCE,0.0,0.0,0.0,0.0,1.0,0.5,0.0,True,False
2022-02-08,SBIN,0.0,0.0,0.0,0.0,1.0,0.5,0.0,True,False
2022-02-08,TATAMOTORS,0.0,0.0,0.0,0.0,,,,,True
2022-02-08,TCS,0.0,0.0,0.0,0.0,,,,,True
2022-02-08,WIPRO,0.0,0.0,0.0,0.0,1.0,0.5,0.0,True,False
2022-02-08,CIPLA,1.0,1.0,0.0,0.75,,,,,True
2022-02-08,INFY,1.0,1.0,0.0,0.75,,,,,True
2022-02-08,DRREDDY,0.0,0.0,0.0,0.0,,,,,True
2022-02-08,HCLTECH,1.0,1.0,1.0,1.0,,,,,True
2022-02-08,TECHM,,,,,,,,,True
2022-02-08,SUNPHARMA,,,,,,,,,True
2022-02-09,ADANIGREEN,,,,,,,,,True
2022-02-09,ASIANPAINT,1.0,0.0,0.0,0.4,1.0,1.0,0.0,True,False
2022-02-09,AXISBANK,0.0,0.0,0.0,0.0,2.0,0.5,0.0,True,False
2022-02-09,BAJAJ-AUTO,-1.0,0.0,0.0,-0.4,,,,,True
2022-02-09,HDFCBANK,0.0,0.0,0.0,0.0,2.0,0.5,0.0,True,False
2022-02-09,HINDUNILVR,0.0,0.0,0.0,0.0,,,,,True
2022-02-09,ICICIBANK,0.0,0.0,0.0,0.0,2.0,0.5,0.0,True,False
2022-02-09,ITC,-1.0,0.0,0.0,-0.4,,,,,True
2022-02-09,KOTAKBANK,0.0,0.0,0.0,0.0,3.0,0.5,0.0,True,False
2022-02-09,M&M,0.0,0.0,0.0,0.0,1.0,0.5,0.0,True,False
2022-02-09,MARUTI,0.0,0.0,0.0,0.0,,,,,True
2022-02-09,NTPC,1.0,1.0,1.0,1.0,,,,,True
2022-02-09,ONGC,,,,,,,,,True
2022-02-09,POWERGRID,-1.0,0.0,0.0,-0.4,,,,,True
2022-02-09,RELIANCE,1.0,0.0,0.0,0.4,1.0,1.0,0.0,True,False
2022-02-09,SBIN,0.0,0.0,0.0,0.0,2.0,0.5,0.0,True,False
2022-02-09,TATAMOTORS,0.0,0.0,1.0,0.25,1.0,0.5,0.0,True,False
2022-02-09,TCS,0.0,0.0,0.0,0.0,,,,,True
2022-02-09,WIPRO,0.0,0.0,0.0,0.0,,,,,True
2022-02-09,CIPLA,1.0,1.0,0.0,0.75,,,,,True
2022-02-09,INFY,1.0,1.0,0.0,0.75,,,,,True
2022-02-09,DRREDDY,0.0,0.0,0.0,0.0,,,,,True
2022-02-09,HCLTECH,0.0,0.0,0.5,0.125,2.0,0.5,0.0,True,False
2022-02-09,TECHM,,,,,,,,,True
2022-02-09,SUNPHARMA,-1.0,0.0,0.0,-0.4,1.0,1.0,0.0,True,False
2022-02-10,ADANIGREEN,,,,,,,,,True
2022-02-10,ASIANPAINT,1.0,0.0,0.0,0.4,,,,,True
2022-02-10,AXISBANK,1.0,0.0,0.0,0.4,1.0,1.0,0.0,True,False
2022-02-10,BAJAJ-AUTO,0.0,0.0,0.0,0.0,1.0,0.5,0.0,True,False
2022-02-10,HDFCBANK,1.0,0.0,0.0,0.4,1.0,1.0,0.0,True,False
2022-02-10,HINDUNILVR,0.0,0.0,0.0,0.0,,,,,True
2022-02-10,ICICIBANK,1.0,0.0,0.0,0.4,1.0,1.0,0.0,True,False
2022-02-10,ITC,0.0,0.0,0.0,0.0,1.0,0.5,0.0,True,False
2022-02-10,KOTAKBANK,1.0,0.0,0.0,0.4,1.0,1.0,0.0,True,False
2022-02-10,M&M,0.0,0.0,0.5,0.125,2.0,0.5,0.0,True,False
2022-02-10,MARUTI,0.0,0.0,0.0,0.0,,,,,True
2022-02-10,NTPC,1.0,1.0,1.0,1.0,1.0,1.0,0.0,True,False
2022-02-10,ONGC,0.0,0.0,1.0,0.25,1.0,0.5,0.0,True,False
2022-02-10,POWERGRID,-1.0,0.0,0.0,-0.4,,,,,True
2022-02-10,RELIANCE,1.0,0.0,0.0,0.4,,,,,True
2022-02-10,SBIN,1.0,0.5,0.0,0.575,2.0,1.0,0.0,False,False
2022-02-10,TATAMOTORS,0.0,0.0,1.0,0.25,,,,,True
2022-02-10,TCS,0.0,0.0,0.0,0.0,,,,,True
2022-02-10,WIPRO,0.5,0.5,0.0,0.375,2.0,0.75,0.0,True,False
2022-02-10,CIPLA,1.0,1.0,0.0,0.75,,,,,True
2022-02-10,INFY,0.0,0.0,0.0,0.0,1.0,0.5,0.0,True,False
2022-02-10,DRREDDY,0.0,0.0,0.0,0.0,,,,,True
2022-02-10,HCLTECH,0.0,0.0,0.5,0.125,,,,,True
2022-02-10,TECHM,,,,,,,,,True
2022-02-10,SUNPHARMA,-1.0,0.0,0.0,-0.4,,,,,True
2022-02-11,ADANIGREEN,,,,,,,,,True
2022-02-11,ASIANPAINT,1.0,0.0,0.0,0.4,,,,,True
2022-02-11,AXISBANK,1.0,0.0,0.0,0.4,,,,,True
2022-02-11,BAJAJ-AUTO,0.0,0.0,0.0,0.0,,,,,True
2022-02-11,HDFCBANK,1.0,0.0,0.0,0.4,,,,,True
2022-02-11,HINDUNILVR,0.0,0.0,0.0,0.0,,,,,True
2022-02-11,ICICIBANK,1.0,0.0,0.0,0.4,,,,,True
2022-02-11,ITC,0.0,0.0,0.0,0.0,,,,,True
2022-02-11,KOTAKBANK,1.0,0.0,0.0,0.4,,,,,True
2022-02-11,M&M,0.0,0.0,0.5,0.125,,,,,True
2022-02-11,MARUTI,0.0,0.0,0.0,0.0,,,,,True
2022-02-11,NTPC,1.0,1.0,1.0,1.0,,,,,True
2022-02-11,ONGC,0.0,0.0,1.0,0.25,,,,,True
2022-02-11,POWERGRID,-1.0,0.0,0.0,-0.4,,,,,True
2022-02-11,RELIANCE,1.0,0.0,0.0,0.4,,,,,True
2022-02-11,SBIN,1.0,0.5,0.0,0.575,,,,,True
2022-02-11,TATAMOTORS,0.0,0.0,1.0,0.25,,,,,True
2022-02-11,TCS,0.0,0.0,0.0,0.0,,,,,True
2022-02-11,WIPRO,0.5,0.5,0.0,0.375,,,,,True
2022-02-11,CIPLA,,,,,,,,,True
2022-02-11,INFY,0.0,0.0,0.0,0.0,,,,,True
2022-02-11,DRREDDY,,,,,,,,,True
2022-02-11,HCLTECH,0.0,0.0,0.5,0.125,,,,,True
2022-02-11,TECHM,,,,,,,,,True
2022-02-11,SUNPHARMA,-1.0,0.0,0.0,-0.4,,,,,True
2022-02-14,ADANIGREEN,,,,,,,,,True
2022-02-14,ASIANPAINT,1.0,0.0,0.0,0.4,,,,,True
2022-02-14,AXISBANK,1.0,0.0,0.0,0.4,,,,,True
2022-02-14,BAJAJ-AUTO,-1.0,0.0,0.0,-0.4,1.0,1.0,0.0,True,False
2022-02-14,HDFCBANK,0.0,0.0,0.0,0.0,1.0,0.5,0.0,True,False
2022-02-14,HINDUNILVR,1.0,1.0,1.0,1.0,1.0,1.0,0.0,True,False
2022-02-14,ICICIBANK,1.0,0.0,0.0,0.4,,,,,True
2022-02-14,ITC,1.0,0.0,0.0,0.4,1.0,1.0,0.0,True,False
2022-02-14,KOTAKBANK,1.0,0.0,0.0,0.4,,,,,True
2022-02-14,M&M,0.0,0.0,1.0,0.25,1.0,0.5,0.0,True,False
2022-02-14,MARUTI,0.0,0.0,0.0,0.0,,,,,True
2022-02-14,NTPC,1.0,1.0,1.0,1.0,,,,,True
2022-02-14,ONGC,0.0,0.0,0.0,0.0,1.0,0.5,0.0,True,False
2022-02-14,POWERGRID,-1.0,0.0,0.0,-0.4,,,,,True
2022-02-14,RELIANCE,0.0,0.0,0.0,0.0,1.0,0.5,0.0,True,False
2022-02-14,SBIN,1.0,0.5,0.0,0.575,,,,,True
2022-02-14,TATAMOTORS,0.0,0.0,0.0,0.0,1.0,0.5,0.0,True,False
2022-02-14,TCS,-1.0,0.0,0.0,-0.4,1.0,1.0,0.0,True,False
2022-02-14,WIPRO,-1.0,0.0,0.0,-0.4,1.0,1.0,0.0,True,False
2022-02-14,CIPLA,-1.0,0.0,0.0,-0.4,1.0,1.0,0.0,True,False
2022-02-14,INFY,0.0,0.0,0.0,0.0,,,,,True
2022-02-14,DRREDDY,,,,,,,,,True
2022-02-14,HCLTECH,0.0,0.0,0.5,0.125,,,,,True
2022-02-14,TECHM,0.0,0.0,1.0,0.25,1.0,0.5,0.0,True,False
2022-02-14,SUNPHARMA,0.0,0.0,0.0,0.0,1.0,0.5,0.0,True,False
2022-02-15,ADANIGREEN,,,,,,,,,True
2022-02-15,ASIANPAINT,1.0,0.0,0.0,0.4,,,,,True
2022-02-15,AXISBANK,0.0,0.0,0.0,0.0,1.0,0.5,0.0,True,False
2022-02-15,BAJAJ-AUTO,-1.0,0.0,0.0,-0.4,,,,,True
2022-02-15,HDFCBANK,0.0,0.0,0.0,0.0,1.0,0.5,0.0,True,False
2022-02-15,HINDUNILVR,1.0,1.0,1.0,1.0,,,,,True
2022-02-15,ICICIBANK,-0.7143,0.0,0.0,-0.2857,2.0,0.75,0.0,True,False
2022-02-15,ITC,1.0,0.0,0.0,0.4,,,,,True
2022-02-15,KOTAKBANK,0.0,0.0,0.0,0.0,1.0,0.5,0.0,True,False
2022-02-15,M&M,-0.3333,0.0,0.0,-0.1333,3.0,0.6667,0.0,True,False
2022-02-15,MARUTI,1.0,1.0,0.0,0.75,1.0,1.0,0.0,True,False
2022-02-15,NTPC,0.0,0.0,1.0,0.25,1.0,0.5,0.0,True,False
2022-02-15,ONGC,0.0,0.0,0.0,0.0,,,,,True
2022-02-15,POWERGRID,,,,,,,,,True
2022-02-15,RELIANCE,0.0,0.0,0.0,0.0,,,,,True
2022-02-15,SBIN,0.0,0.0,0.0,0.0,1.0,0.5,0.0,True,False
2022-02-15,TATAMOTORS,0.0,0.0,0.0,0.0,1.0,0.5,0.0,True,False
2022-02-15,TCS,-1.0,0.0,0.0,-0.4,,,,,True
2022-02-15,WIPRO,-1.0,0.0,0.0,-0.4,,,,,True
2022-02-15,CIPLA,-1.0,0.0,0.0,-0.4,,,,,True
2022-02-15,INFY,0.0,0.0,0.0,0.0,,,,,True
2022-02-15,DRREDDY,,,,,,,,,True
2022-02-15,HCLTECH,0.0,0.0,0.5,0.125,,,,,True
2022-02-15,TECHM,0.0,0.0,0.0,0.0,2.0,0.5,0.0,True,False
2022-02-15,SUNPHARMA,0.0,0.0,0.0,0.0,,,,,True
2022-02-16,ADANIGREEN,,,,,,,,,True
2022-02-16,ASIANPAINT,1.0,0.0,0.0,0.4,,,,,True
2022-02-16,AXISBANK,1.0,0.0,0.0,0.4,1.0,1.0,0.0,True,False
2022-02-16,BAJAJ-AUTO,-1.0,0.0,0.0,-0.4,,,,,True
2022-02-16,HDFCBANK,1.0,0.0,0.0,0.4,1.0,1.0,0.0,True,False
2022-02-16,HINDUNILVR,1.0,1.0,1.0,1.0,,,,,True
2022-02-16,ICICIBANK,1.0,0.0,0.0,0.4,1.0,1.0,0.0,True,False
2022-02-16,ITC,1.0,0.0,0.0,0.4,,,,,True
2022-02-16,KOTAKBANK,1.0,0.0,0.0,0.4,1.0,1.0,0.0,True,False
2022-02-16,M&M,-0.3333,0.0,0.0,-0.1333,,,,,True
2022-02-16,MARUTI,1.0,1.0,0.0,0.75,,,,,True
2022-02-16,NTPC,0.0,0.0,1.0,0.25,,,,,True
2022-02-16,ONGC,0.0,0.0,0.0,0.0,1.0,0.5,0.0,True,False
2022-02-16,POWERGRID,,,,,,,,,True
2022-02-16,RELIANCE,-1.0,0.0,0.0,-0.4,2.0,1.0,0.0,False,False
2022-02-16,SBIN,-0.2143,0.0,0.0,-0.0857,2.0,1.0,0.5,False,False
2022-02-16,TATAMOTORS,0.0,0.0,0.0,0.0,,,,,True
2022-02-16,TCS,-1.0,0.0,0.0,-0.4,,,,,True
2022-02-16,WIPRO,-1.0,0.0,0.0,-0.4,,,,,True
2022-02-16,CIPLA,-1.0,0.0,0.0,-0.4,,,,,True
2022-02-16,INFY,0.0,0.0,1.0,0.25,1.0,0.5,0.0,True,False
2022-02-16,DRREDDY,-1.0,0.0,0.0,-0.4,1.0,1.0,0.0,True,False
2022-02-16,HCLTECH,0.0,0.0,0.5,0.125,,,,,True
2022-02-16,TECHM,0.0,0.0,0.0,0.0,,,,,True
2022-02-16,SUNPHARMA,0.0,0.0,0.0,0.0,,,,,True
2022-02-17,ADANIGREEN,,,,,,,,,True
2022-02-17,ASIANPAINT,,,,,,,,,True
2022-02-17,AXISBANK,0.0,0.0,0.5,0.125,2.0,0.5,0.0,True,False
2022-02-17,BAJAJ-AUTO,-1.0,0.0,0.0,-0.4,,,,,True
2022-02-17,HDFCBANK,0.0,0.0,0.5,0.125,2.0,0.5,0.0,True,False
2022-02-17,HINDUNILVR,1.0,1.0,1.0,1.0,,,,,True
2022-02-17,ICICIBANK,0.0,0.0,0.0,0.0,1.0,0.5,0.0,True,False
2022-02-17,ITC,1.0,0.0,0.0,0.4,,,,,True
2022-02-17,KOTAKBANK,0.0,0.0,0.0,0.0,1.0,0.5,0.0,True,False
2022-02-17,M&M,-0.3333,0.0,0.0,-0.1333,,,,,True
2022-02-17,MARUTI,-1.0,0.0,0.0,-0.4,1.0,1.0,0.0,True,False
2022-02-17,NTPC,0.0,0.0,1.0,0.25,,,,,True
2022-02-17,ONGC,0.0,0.0,0.0,0.0,,,,,True
2022-02-17,POWERGRID,0.0,0.0,0.5,0.125,2.0,0.5,0.0,True,False
2022-02-17,RELIANCE,-1.0,0.0,0.0,-0.4,,,,,True
2022-02-17,SBIN,0.0,0.0,0.0,0.0,1.0,0.5,0.0,True,False
2022-02-17,TATAMOTORS,0.0,0.0,0.0,0.0,,,,,True
2022-02-17,TCS,-1.0,0.0,0.0,-0.4,1.0,1.0,0.0,True,False
2022-02-17,WIPRO,0.0,0.0,0.0,0.0,1.0,0.5,0.0,True,False
2022-02-17,CIPLA,-1.0,0.0,0.0,-0.4,,,,,True
2022-02-17,INFY,0.0,0.0,1.0,0.25,,,,,True
2022-02-17,DRREDDY,0.0,0.0,0.0,0.0,1.0,0.5,0.0,True,False
2022-02-17,HCLTECH,,,,,,,,,True
2022-02-17,TECHM,0.0,0.0,0.0,0.0,,,,,True
2022-02-17,SUNPHARMA,0.0,0.0,0.0,0.0,2.0,0.5,0.0,True,False
2022-02-18,ADANIGREEN,,,,,,,,,True
2022-02-18,ASIANPAINT,,,,,,,,,True
2022-02-18,AXISBANK,0.0,0.0,0.5,0.125,,,,,True
2022-02-18,BAJAJ-AUTO,-1.0,0.0,0.0,-0.4,,,,,True
2022-02-18,HDFCBANK,0.0,0.0,0.5,0.125,,,,,True
2022-02-18,HINDUNILVR,1.0,1.0,1.0,1.0,,,,,True
2022-02-18,ICICIBANK,0.0,0.0,0.0,0.0,,,,,True
2022-02-18,ITC,1.0,0.0,0.0,0.4,,,,,True
2022-02-18,KOTAKBANK,0.0,0.0,0.0,0.0,,,,,True
2022-02-18,M&M,-0.3333,0.0,0.0,-0.1333,,,,,True
2022-02-18,MARUTI,-1.0,0.0,0.0,-0.4,,,,,True
2022-02-18,NTPC,0.0,0.0,1.0,0.25,,,,,True
2022-02-18,ONGC,0.0,0.0,0.0,0.0,,,,,True
2022-02-18,POWERGRID,0.0,0.0,0.5,0.125,,,,,True
2022-02-18,RELIANCE,-1.0,0.0,0.0,-0.4,,,,,True
2022-02-18,SBIN,0.0,0.0,0.0,0.0,,,,,True
2022-02-18,TATAMOTORS,0.0,0.0,0.0,0.0,,,,,True
2022-02-18,TCS,-1.0,0.0,0.0,-0.4,,,,,True
2022-02-18,WIPRO,0.0,0.0,0.0,0.0,,,,,True
2022-02-18,CIPLA,-1.0,0.0,0.0,-0.4,,,,,True
2022-02-18,INFY,0.0,0.0,1.0,0.25,,,,,True
2022-02-18,DRREDDY,0.0,0.0,0.0,0.0,,,,,True
2022-02-18,HCLTECH,,,,,,,,,True
2022-02-18,TECHM,0.0,0.0,0.0,0.0,,,,,True
2022-02-18,SUNPHARMA,0.0,0.0,0.0,0.0,,,,,True
2022-02-21,ADANIGREEN,,,,,,,,,True
2022-02-21,ASIANPAINT,,,,,,,,,True
2022-02-21,AXISBANK,0.5,0.0,0.0,0.2,2.0,0.75,0.0,True,False
2022-02-21,BAJAJ-AUTO,-1.0,0.0,0.0,-0.4,,,,,True
2022-02-21,HDFCBANK,0.5,0.0,0.0,0.2,2.0,0.75,0.0,True,False
2022-02-21,HINDUNILVR,0.0,0.0,0.0,0.0,1.0,0.5,0.0,True,False
2022-02-21,ICICIBANK,0.5,0.0,0.0,0.2,2.0,0.75,0.0,True,False
2022-02-21,ITC,1.0,0.0,0.0,0.4,,,,,True
2022-02-21,KOTAKBANK,0.5,0.0,0.0,0.2,2.0,0.75,0.0,True,False
2022-02-21,M&M,0.0,0.0,0.0,0.0,1.0,0.5,0.0,True,False
2022-02-21,MARUTI,-1.0,0.0,0.0,-0.4,,,,,True
2022-02-21,NTPC,0.0,0.0,1.0,0.25,,,,,True
2022-02-21,ONGC,0.0,0.0,0.0,0.0,,,,,True
2022-02-21,POWERGRID,0.0,0.0,0.5,0.125,,,,,True
2022-02-21,RELIANCE,-1.0,0.0,0.0,-0.4,,,,,True
2022-02-21,SBIN,0.5,0.0,0.0,0.2,2.0,0.75,0.0,True,False
2022-02-21,TATAMOTORS,0.0,0.0,0.0,0.0,,,,,True
2022-02-21,TCS,-1.0,0.0,0.0,-0.4,,,,,True
2022-02-21,WIPRO,0.0,0.0,0.0,0.0,,,,,True
2022-02-21,CIPLA,0.0,0.0,0.0,0.0,1.0,0.5,0.0,True,False
2022-02-21,INFY,0.0,0.0,1.0,0.25,,,,,True
2022-02-21,DRREDDY,0.0,0.0,0.0,0.0,,,,,True
2022-02-21,HCLTECH,,,,,,,,,True
2022-02-21,TECHM,0.0,0.0,0.0,0.0,1.0,0.5,0.0,True,False
2022-02-21,SUNPHARMA,0.0,0.0,0.0,0.0,,,,,True
2022-02-22,ADANIGREEN,-0.5,-0.5,1.0,-0.125,2.0,0.75,0.0,True,False
2022-02-22,ASIANPAINT,,,,,,,,,True
2022-02-22,AXISBANK,1.0,0.0,0.0,0.4,2.0,1.0,0.0,False,False
2022-02-22,BAJAJ-AUTO,1.0,1.0,0.0,0.75,1.0,1.0,0.0,True,False
2022-02-22,HDFCBANK,1.0,0.0,0.0,0.4,3.0,1.0,0.0,False,False
2022-02-22,HINDUNILVR,0.0,0.0,0.0,0.0,,,,,True
2022-02-22,ICICIBANK,1.0,0.0,0.0,0.4,2.0,1.0,0.0,False,False
2022-02-22,ITC,0.0,0.0,1.0,0.25,1.0,0.5,0.0,True,False
2022-02-22,KOTAKBANK,1.0,0.0,0.0,0.4,2.0,1.0,0.0,False,False
2022-02-22,M&M,0.0,0.0,0.0,0.0,1.0,0.5,0.0,True,False
2022-02-22,MARUTI,-1.0,0.0,0.0,-0.4,,,,,True
2022-02-22,NTPC,0.0,0.0,1.0,0.25,,,,,True
2022-02-22,ONGC,0.0,0.0,0.0,0.0,,,,,True
2022-02-22,POWERGRID,0.0,0.0,0.5,0.125,,,,,True
2022-02-22,RELIANCE,-1.0,0.0,0.0,-0.4,1.0,1.0,0.0,True,False
2022-02-22,SBIN,1.0,0.0,0.0,0.4,2.0,1.0,0.0,False,False
2022-02-22,TATAMOTORS,0.0,0.0,0.0,0.0,,,,,True
2022-02-22,TCS,0.0,0.0,0.0,0.0,1.0,0.5,0.0,True,False
2022-02-22,WIPRO,1.0,0.0,0.0,0.4,1.0,1.0,0.0,True,False
2022-02-22,CIPLA,0.0,0.0,0.0,0.0,,,,,True
2022-02-22,INFY,0.0,0.0,1.0,0.25,,,,,True
2022-02-22,DRREDDY,0.0,0.0,0.0,0.0,,,,,True
2022-02-22,HCLTECH,0.0,0.0,1.0,0.25,1.0,0.5,0.0,True,False
2022-02-22,TECHM,0.0,0.0,0.0,0.0,,,,,True
2022-02-22,SUNPHARMA,0.0,0.0,0.0,0.0,,,,,True
2022-02-23,ADANIGREEN,0.5,0.5,1.0,0.625,2.0,0.75,0.0,True,False
2022-02-23,ASIANPAINT,,,,,,,,,True
2022-02-23,AXISBANK,0.5,0.0,0.0,0.2,2.0,0.75,0.0,True,False
2022-02-23,BAJAJ-AUTO,1.0,1.0,0.0,0.75,,,,,True
2022-02-23,HDFCBANK,0.5,0.0,0.0,0.2,2.0,0.75,0.0,True,False
2022-02-23,HINDUNILVR,0.0,0.0,0.0,0.0,,,,,True
2022-02-23,ICICIBANK,0.5,0.0,0.0,0.2,2.0,0.75,0.0,True,False
2022-02-23,ITC,0.0,0.0,1.0,0.25,,,,,True
2022-02-23,KOTAKBANK,0.5,0.0,0.0,0.2,2.0,0.75,0.0,True,False
2022-02-23,M&M,0.0,0.0,1.0,0.25,1.0,0.5,0.0,True,False
2022-02-23,MARUTI,-1.0,0.0,0.0,-0.4,,,,,True
2022-02-23,NTPC,0.0,0.0,1.0,0.25,1.0,0.5,0.0,True,False
2022-02-23,ONGC,0.0,0.0,0.0,0.0,,,,,True
2022-02-23,POWERGRID,0.0,0.0,0.5,0.125,,,,,True
2022-02-23,RELIANCE,-1.0,0.0,0.0,-0.4,,,,,True
2022-02-23,SBIN,-0.2143,0.0,0.0,-0.0857,2.0,1.0,0.5,False,False
2022-02-23,TATAMOTORS,1.0,1.0,0.0,0.75,1.0,1.0,0.0,True,False
2022-02-23,TCS,0.0,0.0,0.0,0.0,,,,,True
2022-02-23,WIPRO,1.0,0.0,0.0,0.4,,,,,True
2022-02-23,CIPLA,0.0,0.0,0.0,0.0,,,,,True
2022-02-23,INFY,0.0,0.0,1.0,0.25,,,,,True
2022-02-23,DRREDDY,0.0,0.0,0.0,0.0,1.0,0.5,0.0,True,False
2022-02-23,HCLTECH,0.0,0.0,0.0,0.0,1.0,0.5,0.0,True,False
2022-02-23,TECHM,0.0,0.0,1.0,0.25,1.0,0.5,0.0,True,False
2022-02-23,SUNPHARMA,0.0,0.0,0.0,0.0,,,,,True
2022-02-24,ADANIGREEN,0.5,0.5,1.0,0.625,,,,,True
2022-02-24,ASIANPAINT,,,,,,,,,True
2022-02-24,AXISBANK,0.0,0.0,0.0,0.0,3.0,0.5,0.0,True,False
2022-02-24,BAJAJ-AUTO,1.0,0.0,0.0,0.4,1.0,1.0,0.0,True,False
2022-02-24,HDFCBANK,0.0,0.0,0.0,0.0,3.0,0.5,0.0,True,False
2022-02-24,HINDUNILVR,1.0,1.0,0.0,0.75,1.0,1.0,0.0,True,False
2022-02-24,ICICIBANK,0.0,0.0,0.0,0.0,3.0,0.5,0.0,True,False
2022-02-24,ITC,0.0,0.0,1.0,0.25,,,,,True
2022-02-24,KOTAKBANK,0.0,0.0,0.0,0.0,3.0,0.5,0.0,True,False
2022-02-24,M&M,0.0,0.0,0.0,0.0,1.0,0.5,0.0,True,False
2022-02-24,MARUTI,1.0,0.0,0.0,0.4,2.0,1.0,0.0,False,False
2022-02-24,NTPC,0.0,0.0,1.0,0.25,,,,,True
2022-02-24,ONGC,,,,,,,,,True
2022-02-24,POWERGRID,1.0,0.0,0.0,0.4,1.0,1.0,0.0,True,False
2022-02-24,RELIANCE,-1.0,0.0,0.0,-0.4,,,,,True
2022-02-24,SBIN,0.0,0.0,0.0,0.0,3.0,0.5,0.0,True,False
2022-02-24,TATAMOTORS,1.0,1.0,0.0,0.75,,,,,True
2022-02-24,TCS,0.0,0.0,0.0,0.0,,,,,True
2022-02-24,WIPRO,1.0,0.0,0.0,0.4,,,,,True
2022-02-24,CIPLA,0.0,0.0,0.0,0.0,,,,,True
2022-02-24,INFY,,,,,,,,,True
2022-02-24,DRREDDY,0.0,0.0,0.0,0.0,,,,,True
2022-02-24,HCLTECH,0.0,0.0,0.0,0.0,,,,,True
2022-02-24,TECHM,0.0,0.0,0.0,0.0,1.0,0.5,0.0,True,False
2022-02-24,SUNPHARMA,0.0,0.0,0.0,0.0,1.0,0.5,0.0,True,False
2022-02-25,ADANIGREEN,0.5,0.5,1.0,0.625,,,,,True
2022-02-25,ASIANPAINT,,,,,,,,,True
2022-02-25,AXISBANK,0.0,0.0,0.0,0.0,,,,,True
2022-02-25,BAJAJ-AUTO,1.0,0.0,0.0,0.4,,,,,True
2022-02-25,HDFCBANK,0.0,0.0,0.0,0.0,,,,,True
2022-02-25,HINDUNILVR,1.0,1.0,0.0,0.75,,,,,True
2022-02-25,ICICIBANK,0.0,0.0,0.0,0.0,,,,,True
2022-02-25,ITC,0.0,0.0,1.0,0.25,,,,,True
2022-02-25,KOTAKBANK,0.0,0.0,0.0,0.0,,,,,True
2022-02-25,M&M,0.0,0.0,0.0,0.0,,,,,True
2022-02-25,MARUTI,1.0,0.0,0.0,0.4,,,,,True
2022-02-25,NTPC,0.0,0.0,1.0,0.25,,,,,True
2022-02-25,ONGC,,,,,,,,,True
2022-02-25,POWERGRID,1.0,0.0,0.0,0.4,,,,,True
2022-02-25,RELIANCE,-1.0,0.0,0.0,-0.4,,,,,True
2022-02-25,SBIN,0.0,0.0,0.0,0.0,,,,,True
2022-02-25,TATAMOTORS,1.0,1.0,0.0,0.75,,,,,True
2022-02-25,TCS,0.0,0.0,0.0,0.0,,,,,True
2022-02-25,WIPRO,1.0,0.0,0.0,0.4,,,,,True
2022-02-25,CIPLA,0.0,0.0,0.0,0.0,,,,,True
2022-02-25,INFY,,,,,,,,,True
2022-02-25,DRREDDY,0.0,0.0,0.0,0.0,,,,,True
2022-02-25,HCLTECH,0.0,0.0,0.0,0.0,,,,,True
2022-02-25,TECHM,0.0,0.0,0.0,0.0,,,,,True
2022-02-25,SUNPHARMA,0.0,0.0,0.0,0.0,,,,,True
2022-02-28,ADANIGREEN,0.5,0.5,1.0,0.625,,,,,True
2022-02-28,ASIANPAINT,0.3333,0.0,0.0,0.1333,3.0,0.6667,0.0,True,False
2022-02-28,AXISBANK,1.0,0.0,0.0,0.4,1.0,1.0,0.0,True,False
2022-02-28,BAJAJ-AUTO,1.0,0.0,0.0,0.4,,,,,True
2022-02-28,HDFCBANK,0.0,0.0,0.0,0.0,,,,,True
2022-02-28,HINDUNILVR,1.0,1.0,0.0,0.75,,,,,True
2022-02-28,ICICIBANK,0.0,0.0,0.0,0.0,,,,,True
2022-02-28,ITC,0.0,0.0,1.0,0.25,2.0,0.5,0.0,True,False
2022-02-28,KOTAKBANK,0.0,0.0,0.0,0.0,,,,,True
2022-02-28,M&M,0.0,0.0,0.0,0.0,,,,,True
2022-02-28,MARUTI,1.0,0.0,0.0,0.4,,,,,True
2022-02-28,NTPC,0.0,0.0,1.0,0.25,,,,,True
2022-02-28,ONGC,,,,,,,,,True
2022-02-28,POWERGRID,1.0,0.0,0.0,0.4,,,,,True
2022-02-28,RELIANCE,-1.0,0.0,0.0,-0.4,,,,,True
2022-02-28,SBIN,1.0,1.0,0.5,0.875,2.0,1.0,0.0,False,False
2022-02-28,TATAMOTORS,1.0,1.0,0.0,0.75,,,,,True
2022-02-28,TCS,0.0,0.0,0.0,0.0,,,,,True
2022-02-28,WIPRO,1.0,0.0,0.0,0.4,,,,,True
2022-02-28,CIPLA,0.0,0.0,0.0,0.0,,,,,True
2022-02-28,INFY,0.0,0.0,1.0,0.25,1.0,0.5,0.0,True,False
2022-02-28,DRREDDY,0.0,0.0,0.0,0.0,,,,,True
2022-02-28,HCLTECH,0.0,0.0,0.0,0.0,1.0,0.5,0.0,True,False
2022-02-28,TECHM,0.0,0.0,0.0,0.0,,,,,True
2022-02-28,SUNPHARMA,0.0,0.0,0.0,0.0,,,,,True
2022-03-01,ADANIGREEN,1.0,1.0,1.0,1.0,1.0,1.0,0.0,True,False
2022-03-01,ASIANPAINT,0.3333,0.0,0.0,0.1333,,,,,True
2022-03-01,AXISBANK,1.0,0.0,0.0,0.4,,,,,True
2022-03-01,BAJAJ-AUTO,1.0,0.0,0.0,0.4,,,,,True
2022-03-01,HDFCBANK,0.0,0.0,0.0,0.0,,,,,True
2022-03-01,HINDUNILVR,1.0,1.0,0.0,0.75,,,,,True
2022-03-01,ICICIBANK,0.0,0.0,0.0,0.0,,,,,True
2022-03-01,ITC,0.0,0.0,0.0,0.0,1.0,0.5,0.0,True,False
2022-03-01,KOTAKBANK,0.0,0.0,0.0,0.0,,,,,True
2022-03-01,M&M,0.0,0.0,0.0,0.0,,,,,True
2022-03-01,MARUTI,1.0,0.0,0.0,0.4,,,,,True
2022-03-01,NTPC,0.0,0.0,1.0,0.25,,,,,True
2022-03-01,ONGC,,,,,,,,,True
2022-03-01,POWERGRID,1.0,0.0,0.0,0.4,,,,,True
2022-03-01,RELIANCE,0.5,0.0,0.0,0.2,2.0,0.75,0.0,True,False
2022-03-01,SBIN,1.0,1.0,0.5,0.875,,,,,True
2022-03-01,TATAMOTORS,0.3333,0.0,0.3333,0.2167,3.0,0.6667,0.0,True,False
2022-03-01,TCS,0.0,0.0,0.0,0.0,,,,,True
2022-03-01,WIPRO,1.0,0.0,0.0,0.4,,,,,True
2022-03-01,CIPLA,,,,,,,,,True
2022-03-01,INFY,0.0,0.0,1.0,0.25,,,,,True
2022-03-01,DRREDDY,0.0,0.0,0.0,0.0,,,,,True
2022-03-01,HCLTECH,0.0,0.0,0.0,0.0,,,,,True
2022-03-01,TECHM,0.0,0.0,0.0,0.0,,,,,True
2022-03-01,SUNPHARMA,-1.0,0.0,0.0,-0.4,1.0,1.0,0.0,True,False
2022-03-02,ADANIGREEN,1.0,1.0,1.0,1.0,,,,,True
2022-03-02,ASIANPAINT,0.3333,0.0,0.0,0.1333,,,,,True
2022-03-02,AXISBANK,1.0,0.0,0.0,0.4,,,,,True
2022-03-02,BAJAJ-AUTO,1.0,0.0,0.0,0.4,,,,,True
2022-03-02,HDFCBANK,0.0,0.0,0.0,0.0,,,,,True
2022-03-02,HINDUNILVR,1.0,1.0,0.0,0.75,,,,,True
2022-03-02,ICICIBANK,1.0,1.0,0.0,0.75,1.0,1.0,0.0,True,False
2022-03-02,ITC,0.0,0.0,1.0,0.25,1.0,0.5,0.0,True,False
2022-03-02,KOTAKBANK,0.0,0.0,0.0,0.0,,,,,True
2022-03-02,M&M,-1.0,0.0,0.0,-0.4,1.0,1.0,0.0,True,False
2022-03-02,MARUTI,1.0,0.0,0.0,0.4,,,,,True
2022-03-02,NTPC,0.0,0.0,1.0,0.25,,,,,True
2022-03-02,ONGC,,,,,,,,,True
2022-03-02,POWERGRID,1.0,0.0,0.0,0.4,,,,,True
2022-03-02,RELIANCE,0.5,0.0,0.0,0.2,,,,,True
2022-03-02,SBIN,1.0,1.0,0.5,0.875,,,,,True
2022-03-02,TATAMOTORS,0.2222,0.6667,0.3333,0.4056,3.0,1.0,0.3333,False,False
2022-03-02,TCS,,,,,,,,,True
2022-03-02,WIPRO,,,,,,,,,True
2022-03-02,CIPLA,1.0,1.0,0.0,0.75,1.0,1.0,0.0,True,False
2022-03-02,INFY,1.0,0.5,0.0,0.575,2.0,1.0,0.0,False,False
2022-03-02,DRREDDY,1.0,0.0,0.0,0.4,1.0,1.0,0.0,True,False
2022-03-02,HCLTECH,0.0,0.0,0.0,0.0,,,,,True
2022-03-02,TECHM,-1.0,0.0,0.0,-0.4,1.0,1.0,0.0,True,False
2022-03-02,SUNPHARMA,-1.0,0.0,0.0,-0.4,,,,,True
2022-03-03,ADANIGREEN,1.0,1.0,1.0,1.0,,,,,True
2022-03-03,ASIANPAINT,0.3333,0.0,0.0,0.1333,,,,,True
2022-03-03,AXISBANK,0.0,0.0,0.5,0.125,2.0,0.5,0.0,True,False
2022-03-03,BAJAJ-AUTO,1.0,0.0,0.0,0.4,,,,,True
2022-03-03,HDFCBANK,0.0,0.0,0.0,0.0,1.0,0.5,0.0,True,False
2022-03-03,HINDUNILVR,0.0,0.0,1.0,0.25,1.0,0.5,0.0,True,False
2022-03-03,ICICIBANK,0.0,0.0,0.0,0.0,1.0,0.5,0.0,True,False
2022-03-03,ITC,0.0,0.0,1.0,0.25,,,,,True
2022-03-03,KOTAKBANK,0.0,0.0,0.0,0.0,1.0,0.5,0.0,True,False
2022-03-03,M&M,-1.0,0.0,0.0,-0.4,,,,,True
2022-03-03,MARUTI,0.0,0.0,0.0,0.0,1.0,0.5,0.0,True,False
2022-03-03,NTPC,1.0,1.0,1.0,1.0,1.0,1.0,0.0,True,False
2022-03-03,ONGC,,,,,,,,,True
2022-03-03,POWERGRID,1.0,0.0,0.0,0.4,,,,,True
2022-03-03,RELIANCE,0.5,0.0,0.0,0.2,,,,,True
2022-03-03,SBIN,0.0,0.0,0.0,0.0,1.0,0.5,0.0,True,False
2022-03-03,TATAMOTORS,0.2222,0.6667,0.3333,0.4056,,,,,True
2022-03-03,TCS,1.0,0.0,0.0,0.4,1.0,1.0,0.0,True,False
2022-03-03,WIPRO,1.0,0.0,0.0,0.4,1.0,1.0,0.0,True,False
2022-03-03,CIPLA,0.0,0.0,0.0,0.0,1.0,0.5,0.0,True,False
2022-03-03,INFY,1.0,0.5,0.0,0.575,,,,,True
2022-03-03,DRREDDY,1.0,0.0,0.0,0.4,,,,,True
2022-03-03,HCLTECH,0.0,0.0,0.0,0.0,,,,,True
2022-03-03,TECHM,-1.0,0.0,0.0,-0.4,,,,,True
2022-03-03,SUNPHARMA,0.0,0.0,1.0,0.25,1.0,0.5,0.0,True,False
2022-03-04,ADANIGREEN,1.0,1.0,1.0,1.0,,,,,True
2022-03-04,ASIANPAINT,0.3333,0.0,0.0,0.1333,,,,,True
2022-03-04,AXISBANK,0.0,0.0,0.5,0.125,,,,,True
2022-03-04,BAJAJ-AUTO,,,,,,,,,True
2022-03-04,HDFCBANK,0.0,0.0,0.0,0.0,,,,,True
2022-03-04,HINDUNILVR,0.0,0.0,1.0,0.25,,,,,True
2022-03-04,ICICIBANK,0.0,0.0,0.0,0.0,,,,,True
2022-03-04,ITC,0.0,0.0,1.0,0.25,,,,,True
2022-03-04,KOTAKBANK,0.0,0.0,0.0,0.0,,,,,True
2022-03-04,M&M,-1.0,0.0,0.0,-0.4,,,,,True
2022-03-04,MARUTI,0.0,0.0,0.0,0.0,,,,,True
2022-03-04,NTPC,1.0,1.0,1.0,1.0,,,,,True
2022-03-04,ONGC,,,,,,,,,True
2022-03-04,POWERGRID,,,,,,,,,True
2022-03-04,RELIANCE,0.5,0.0,0.0,0.2,,,,,True
2022-03-04,SBIN,0.0,0.0,0.0,0.0,,,,,True
2022-03-04,TATAMOTORS,0.2222,0.6667,0.3333,0.4056,,,,,True
2022-03-04,TCS,1.0,0.0,0.0,0.4,,,,,True
2022-03-04,WIPRO,1.0,0.0,0.0,0.4,,,,,True
2022-03-04,CIPLA,0.0,0.0,0.0,0.0,,,,,True
2022-03-04,INFY,1.0,0.5,0.0,0.575,,,,,True
2022-03-04,DRREDDY,1.0,0.0,0.0,0.4,,,,,True
2022-03-04,HCLTECH,0.0,0.0,0.0,0.0,,,,,True
2022-03-04,TECHM,-1.0,0.0,0.0,-0.4,,,,,True
2022-03-04,SUNPHARMA,0.0,0.0,1.0,0.25,,,,,True
2022-03-07,ADANIGREEN,1.0,1.0,1.0,1.0,,,,,True
2022-03-07,ASIANPAINT,0.3333,0.0,0.0,0.1333,,,,,True
2022-03-07,AXISBANK,0.0,0.0,0.0,0.0,3.0,0.5,0.0,True,False
2022-03-07,BAJAJ-AUTO,1.0,0.0,0.0,0.4,1.0,1.0,0.0,True,False
2022-03-07,HDFCBANK,0.0,0.0,0.0,0.0,4.0,0.5,0.0,True,False
2022-03-07,HINDUNILVR,1.0,1.0,0.0,0.75,1.0,1.0,0.0,True,False
2022-03-07,ICICIBANK,0.0,0.0,0.0,0.0,3.0,0.5,0.0,True,False
2022-03-07,ITC,0.0,0.0,1.0,0.25,,,,,True
2022-03-07,KOTAKBANK,0.0,0.0,0.0,0.0,3.0,0.5,0.0,True,False
2022-03-07,M&M,0.0,0.0,0.5,0.125,2.0,0.5,0.0,True,False
2022-03-07,MARUTI,0.0,0.0,0.0,0.0,,,,,True
2022-03-07,NTPC,1.0,1.0,1.0,1.0,,,,,True
2022-03-07,ONGC,,,,,,,,,True
2022-03-07,POWERGRID,,,,,,,,,True
2022-03-07,RELIANCE,0.0,0.0,1.0,0.25,1.0,0.5,0.0,True,False
2022-03-07,SBIN,0.0,0.0,0.0,0.0,4.0,0.5,0.0,True,False
2022-03-07,TATAMOTORS,0.2222,0.6667,0.3333,0.4056,,,,,True
2022-03-07,TCS,1.0,0.0,0.0,0.4,,,,,True
2022-03-07,WIPRO,1.0,0.0,0.0,0.4,,,,,True
2022-03-07,CIPLA,0.0,0.0,1.0,0.25,1.0,0.5,0.0,True,False
2022-03-07,INFY,0.0,0.0,0.0,0.0,1.0,0.5,0.0,True,False
2022-03-07,DRREDDY,1.0,0.0,0.0,0.4,,,,,True
2022-03-07,HCLTECH,1.0,0.0,0.0,0.4,1.0,1.0,0.0,True,False
2022-03-07,TECHM,0.0,0.0,0.5,0.125,2.0,0.5,0.0,True,False
2022-03-07,SUNPHARMA,0.0,0.0,1.0,0.25,,,,,True
2022-03-08,ADANIGREEN,1.0,1.0,1.0,1.0,,,,,True
2022-03-08,ASIANPAINT,0.0,0.0,0.0,0.0,1.0,0.5,0.0,True,False
2022-03-08,AXISBANK,0.0,0.0,0.0,0.0,1.0,0.5,0.0,True,False
2022-03-08,BAJAJ-AUTO,1.0,0.0,0.0,0.4,,,,,True
2022-03-08,HDFCBANK,0.0,0.0,0.0,0.0,1.0,0.5,0.0,True,False
2022-03-08,HINDUNILVR,0.0,0.0,1.0,0.25,1.0,0.5,0.0,True,False
2022-03-08,ICICIBANK,0.0,0.0,0.0,0.0,1.0,0.5,0.0,True,False
2022-03-08,ITC,0.0,0.0,1.0,0.25,,,,,True
2022-03-08,KOTAKBANK,0.0,0.0,0.0,0.0,1.0,0.5,0.0,True,False
2022-03-08,M&M,0.3333,0.3333,0.3333,0.3333,3.0,0.6667,0.0,True,False
2022-03-08,MARUTI,0.0,0.0,0.0,0.0,,,,,True
2022-03-08,NTPC,1.0,1.0,1.0,1.0,,,,,True
2022-03-08,ONGC,0.0,0.0,1.0,0.25,1.0,0.5,0.0,True,False
2022-03-08,POWERGRID,,,,,,,,,True
2022-03-08,RELIANCE,0.0,0.0,1.0,0.25,,,,,True
2022-03-08,SBIN,0.0,0.0,0.0,0.0,1.0,0.5,0.0,True,False
2022-03-08,TATAMOTORS,0.0,0.0,0.0,0.0,1.0,0.5,0.0,True,False
2022-03-08,TCS,1.0,0.0,0.0,0.4,,,,,True
2022-03-08,WIPRO,1.0,0.0,0.0,0.4,,,,,True
2022-03-08,CIPLA,0.0,0.0,1.0,0.25,,,,,True
2022-03-08,INFY,0.0,0.0,0.0,0.0,,,,,True
2022-03-08,DRREDDY,0.0,0.0,1.0,0.25,1.0,0.5,0.0,True,False
2022-03-08,HCLTECH,1.0,0.0,0.0,0.4,,,,,True
2022-03-08,TECHM,0.0,0.0,0.5,0.125,,,,,True
2022-03-08,SUNPHARMA,0.0,0.0,1.0,0.25,,,,,True
2022-03-09,ADANIGREEN,,,,,,,,,True
2022-03-09,ASIANPAINT,0.0,0.0,0.0,0.0,,,,,True
2022-03-09,AXISBANK,0.0,0.0,0.0,0.0,1.0,0.5,0.0,True,False
2022-03-09,BAJAJ-AUTO,1.0,0.0,0.0,0.4,,,,,True
2022-03-09,HDFCBANK,0.0,0.0,0.0,0.0,1.0,0.5,0.0,True,False
2022-03-09,HINDUNILVR,0.0,0.0,1.0,0.25,,,,,True
2022-03-09,ICICIBANK,0.0,0.0,0.0,0.0,1.0,0.5,0.0,True,False
2022-03-09,ITC,0.0,0.0,1.0,0.25,,,,,True
2022-03-09,KOTAKBANK,0.0,0.0,0.0,0.0,1.0,0.5,0.0,True,False
2022-03-09,M&M,0.3333,0.3333,0.3333,0.3333,,,,,True
2022-03-09,MARUTI,0.0,0.0,0.0,0.0,,,,,True
2022-03-09,NTPC,0.0,0.0,1.0,0.25,1.0,0.5,0.0,True,False
2022-03-09,ONGC,0.0,0.0,1.0,0.25,,,,,True
2022-03-09,POWERGRID,,,,,,,,,True
2022-03-09,RELIANCE,0.0,0.0,1.0,0.25,,,,,True
2022-03-09,SBIN,0.0,0.0,0.0,0.0,1.0,0.5,0.0,True,False
2022-03-09,TATAMOTORS,0.0,0.0,0.0,0.0,,,,,True
2022-03-09,TCS,1.0,0.0,0.0,0.4,,,,,True
2022-03-09,WIPRO,0.0,0.0,0.0,0.0,1.0,0.5,0.0,True,False
2022-03-09,CIPLA,0.0,0.0,1.0,0.25,,,,,True
2022-03-09,INFY,1.0,0.0,0.0,0.4,1.0,1.0,0.0,True,False
2022-03-09,DRREDDY,-1.0,0.0,0.0,-0.4,1.0,1.0,0.0,True,False
2022-03-09,HCLTECH,1.0,0.0,0.0,0.4,,,,,True
2022-03-09,TECHM,0.0,0.0,0.5,0.125,,,,,True
2022-03-09,SUNPHARMA,0.0,0.0,0.0,0.0,1.0,0.5,0.0,True,False
2022-03-10,ADANIGREEN,,,,,,,,,True
2022-03-10,ASIANPAINT,0.0,0.0,0.0,0.0,,,,,True
2022-03-10,AXISBANK,0.0,0.0,0.0,0.0,2.0,0.5,0.0,True,False
2022-03-10,BAJAJ-AUTO,1.0,0.0,0.0,0.4,,,,,True
2022-03-10,HDFCBANK,0.0,0.0,0.0,0.0,2.0,0.5,0.0,True,False
2022-03-10,HINDUNILVR,0.0,0.0,1.0,0.25,,,,,True
2022-03-10,ICICIBANK,0.0,0.0,0.0,0.0,2.0,0.5,0.0,True,False
2022-03-10,ITC,0.5,0.5,1.0,0.625,2.0,0.75,0.0,True,False
2022-03-10,KOTAKBANK,0.0,0.0,0.0,0.0,3.0,0.5,0.0,True,False
2022-03-10,M&M,0.0,0.0,0.0,0.0,1.0,0.5,0.0,True,False
2022-03-10,MARUTI,0.0,0.0,0.0,0.0,,,,,True
2022-03-10,NTPC,0.0,0.0,1.0,0.25,,,,,True
2022-03-10,ONGC,0.0,0.0,1.0,0.25,,,,,True
2022-03-10,POWERGRID,0.0,0.0,1.0,0.25,1.0,0.5,0.0,True,False
2022-03-10,RELIANCE,0.0,0.0,1.0,0.25,,,,,True
2022-03-10,SBIN,0.0,0.0,0.0,0.0,2.0,0.5,0.0,True,False
2022-03-10,TATAMOTORS,-1.0,0.0,0.0,-0.4,1.0,1.0,0.0,True,False
2022-03-10,TCS,1.0,0.0,0.0,0.4,,,,,True
2022-03-10,WIPRO,0.0,0.0,1.0,0.25,1.0,0.5,0.0,True,False
2022-03-10,CIPLA,0.0,0.0,1.0,0.25,,,,,True
2022-03-10,INFY,1.0,0.0,0.0,0.4,,,,,True
2022-03-10,DRREDDY,-1.0,0.0,0.0,-0.4,,,,,True
2022-03-10,HCLTECH,1.0,0.0,0.0,0.4,,,,,True
2022-03-10,TECHM,0.0,0.0,0.5,0.125,,,,,True
2022-03-10,SUNPHARMA,0.0,0.0,0.0,0.0,,,,,True
2022-03-11,ADANIGREEN,,,,,,,,,True
2022-03-11,ASIANPAINT,0.0,0.0,0.0,0.0,,,,,True
2022-03-11,AXISBANK,0.0,0.0,0.0,0.0,,,,,True
2022-03-11,BAJAJ-AUTO,1.0,0.0,0.0,0.4,,,,,True
2022-03-11,HDFCBANK,0.0,0.0,0.0,0.0,,,,,True
2022-03-11,HINDUNILVR,0.0,0.0,1.0,0.25,,,,,True
2022-03-11,ICICIBANK,0.0,0.0,0.0,0.0,,,,,True
2022-03-11,ITC,0.5,0.5,1.0,0.625,,,,,True
2022-03-11,KOTAKBANK,0.0,0.0,0.0,0.0,,,,,True
2022-03-11,M&M,0.0,0.0,0.0,0.0,,,,,True
2022-03-11,MARUTI,,,,,,,,,True
2022-03-11,NTPC,0.0,0.0,1.0,0.25,,,,,True
2022-03-11,ONGC,0.0,0.0,1.0,0.25,,,,,True
2022-03-11,POWERGRID,0.0,0.0,1.0,0.25,,,,,True
2022-03-11,RELIANCE,0.0,0.0,1.0,0.25,,,,,True
2022-03-11,SBIN,0.0,0.0,0.0,0.0,,,,,True
2022-03-11,TATAMOTORS,-1.0,0.0,0.0,-0.4,,,,,True
2022-03-11,TCS,,,,,,,,,True
2022-03-11,WIPRO,0.0,0.0,1.0,0.25,,,,,True
2022-03-11,CIPLA,0.0,0.0,1.0,0.25,,,,,True
2022-03-11,INFY,1.0,0.0,0.0,0.4,,,,,True
2022-03-11,DRREDDY,-1.0,0.0,0.0,-0.4,,,,,True
2022-03-11,HCLTECH,1.0,0.0,0.0,0.4,,,,,True
2022-03-11,TECHM,0.0,0.0,0.5,0.125,,,,,True
2022-03-11,SUNPHARMA,0.0,0.0,0.0,0.0,,,,,True
2022-03-14,ADANIGREEN,,,,,,,,,True
2022-03-14,ASIANPAINT,0.0,0.0,0.0,0.0,,,,,True
2022-03-14,AXISBANK,0.0,0.0,0.0,0.0,,,,,True
2022-03-14,BAJAJ-AUTO,0.0,0.0,1.0,0.25,1.0,0.5,0.0,True,False
2022-03-14,HDFCBANK,1.0,0.0,0.0,0.4,1.0,1.0,0.0,True,False
2022-03-14,HINDUNILVR,0.0,0.0,1.0,0.25,,,,,True
2022-03-14,ICICIBANK,0.0,0.0,0.0,0.0,,,,,True
2022-03-14,ITC,0.5,0.5,1.0,0.625,,,,,True
2022-03-14,KOTAKBANK,0.0,0.0,0.0,0.0,,,,,True
2022-03-14,M&M,0.0,0.0,1.0,0.25,1.0,0.5,0.0,True,False
2022-03-14,MARUTI,,,,,,,,,True
2022-03-14,NTPC,0.0,0.0,1.0,0.25,,,,,True
2022-03-14,ONGC,0.0,0.0,1.0,0.25,1.0,0.5,0.0,True,False
2022-03-14,POWERGRID,0.5,0.5,0.0,0.375,2.0,0.75,0.0,True,False
2022-03-14,RELIANCE,0.0,0.0,1.0,0.25,,,,,True
2022-03-14,SBIN,0.0,0.0,0.0,0.0,,,,,True
2022-03-14,TATAMOTORS,-1.0,0.0,0.0,-0.4,,,,,True
2022-03-14,TCS,,,,,,,,,True
2022-03-14,WIPRO,0.0,0.0,1.0,0.25,,,,,True
2022-03-14,CIPLA,0.0,0.0,1.0,0.25,,,,,True
2022-03-14,INFY,0.0,0.0,1.0,0.25,1.0,0.5,0.0,True,False
2022-03-14,DRREDDY,-1.0,0.0,0.0,-0.4,,,,,True
2022-03-14,HCLTECH,1.0,0.0,0.0,0.4,,,,,True
2022-03-14,TECHM,0.0,0.0,1.0,0.25,1.0,0.5,0.0,True,False
2022-03-14,SUNPHARMA,0.0,0.0,0.0,0.0,,,,,True
2022-03-15,ADANIGREEN,,,,,,,,,True
2022-03-15,ASIANPAINT,-1.0,0.0,0.0,-0.4,1.0,1.0,0.0,True,False
2022-03-15,AXISBANK,0.5,0.0,0.0,0.2,2.0,0.75,0.0,True,False
2022-03-15,BAJAJ-AUTO,0.0,0.0,1.0,0.25,,,,,True
2022-03-15,HDFCBANK,1.0,0.0,0.0,0.4,2.0,1.0,0.0,False,False
2022-03-15,HINDUNILVR,0.0,0.0,1.0,0.25,,,,,True
2022-03-15,ICICIBANK,0.2222,0.0,0.0,0.0889,3.0,0.6667,0.0,True,False
2022-03-15,ITC,0.5,0.5,1.0,0.625,,,,,True
2022-03-15,KOTAKBANK,0.5,0.0,0.0,0.2,2.0,0.75,0.0,True,False
2022-03-15,M&M,0.0,0.0,1.0,0.25,1.0,0.5,0.0,True,False
2022-03-15,MARUTI,,,,,,,,,True
2022-03-15,NTPC,1.0,0.0,1.0,0.65,1.0,1.0,0.0,True,False
2022-03-15,ONGC,0.0,0.0,0.0,0.0,1.0,0.5,0.0,True,False
2022-03-15,POWERGRID,0.5,0.5,0.0,0.375,,,,,True
2022-03-15,RELIANCE,,,,,,,,,True
2022-03-15,SBIN,0.5,0.0,0.0,0.2,2.0,0.75,0.0,True,False
2022-03-15,TATAMOTORS,-1.0,0.0,0.0,-0.4,,,,,True
2022-03-15,TCS,0.0,0.0,0.0,0.0,1.0,0.5,0.0,True,False
2022-03-15,WIPRO,1.0,1.0,0.0,0.75,1.0,1.0,0.0,True,False
2022-03-15,CIPLA,0.0,0.0,1.0,0.25,1.0,0.5,0.0,True,False
2022-03-15,INFY,0.0,0.0,1.0,0.25,,,,,True
2022-03-15,DRREDDY,-1.0,0.0,0.0,-0.4,,,,,True
2022-03-15,HCLTECH,,,,,,,,,True
2022-03-15,TECHM,0.0,0.0,1.0,0.25,,,,,True
2022-03-15,SUNPHARMA,0.0,0.0,0.0,0.0,,,,,True
2022-03-16,ADANIGREEN,1.0,1.0,1.0,1.0,1.0,1.0,0.0,True,False
2022-03-16,ASIANPAINT,-1.0,0.0,0.0,-0.4,,,,,True
2022-03-16,AXISBANK,0.0,0.0,0.0,0.0,1.0,0.5,0.0,True,False
2022-03-16,BAJAJ-AUTO,0.0,0.0,1.0,0.25,,,,,True
2022-03-16,HDFCBANK,0.0,0.0,0.0,0.0,1.0,0.5,0.0,True,False
2022-03-16,HINDUNILVR,,,,,,,,,True
2022-03-16,ICICIBANK,0.0,0.0,0.0,0.0,1.0,0.5,0.0,True,False
2022-03-16,ITC,0.5,0.5,1.0,0.625,,,,,True
2022-03-16,KOTAKBANK,0.0,0.0,0.0,0.0,1.0,0.5,0.0,True,False
2022-03-16,M&M,1.0,0.0,0.0,0.4,1.0,1.0,0.0,True,False
2022-03-16,MARUTI,,,,,,,,,True
2022-03-16,NTPC,1.0,0.0,1.0,0.65,,,,,True
2022-03-16,ONGC,0.0,0.0,0.0,0.0,1.0,0.5,0.0,True,False
2022-03-16,POWERGRID,0.5,0.5,0.0,0.375,,,,,True
2022-03-16,RELIANCE,,,,,,,,,True
2022-03-16,SBIN,0.0,0.0,0.0,0.0,1.0,0.5,0.0,True,False
2022-03-16,TATAMOTORS,-0.5,0.0,0.5,-0.075,2.0,0.75,0.0,True,False
2022-03-16,TCS,0.0,0.0,1.0,0.25,1.0,0.5,0.0,True,False
2022-03-16,WIPRO,1.0,1.0,0.0,0.75,1.0,1.0,0.0,True,False
2022-03-16,CIPLA,0.0,0.0,1.0,0.25,,,,,True
2022-03-16,INFY,1.0,0.0,0.0,0.4,1.0,1.0,0.0,True,False
2022-03-16,DRREDDY,-1.0,0.0,0.0,-0.4,,,,,True
2022-03-16,HCLTECH,,,,,,,,,True
2022-03-16,TECHM,1.0,0.0,0.0,0.4,1.0,1.0,0.0,True,False
2022-03-16,SUNPHARMA,0.0,0.0,0.0,0.0,1.0,0.5,0.0,True,False
2022-03-17,ADANIGREEN,1.0,1.0,1.0,1.0,,,,,True
2022-03-17,ASIANPAINT,-1.0,0.0,0.0,-0.4,1.0,1.0,0.0,True,False
2022-03-17,AXISBANK,0.0,0.0,0.0,0.0,1.0,0.5,0.0,True,False
2022-03-17,BAJAJ-AUTO,1.0,1.0,0.0,0.75,1.0,1.0,0.0,True,False
2022-03-17,HDFCBANK,0.0,0.0,0.0,0.0,1.0,0.5,0.0,True,False
2022-03-17,HINDUNILVR,0.0,0.0,1.0,0.25,1.0,0.5,0.0,True,False
2022-03-17,ICICIBANK,0.0,0.0,0.0,0.0,1.0,0.5,0.0,True,False
2022-03-17,ITC,0.0,0.0,0.0,0.0,1.0,0.5,0.0,True,False
2022-03-17,KOTAKBANK,0.0,0.0,0.0,0.0,1.0,0.5,0.0,True,False
2022-03-17,M&M,-1.0,0.0,0.0,-0.4,1.0,1.0,0.0,True,False
2022-03-17,MARUTI,0.0,0.0,0.0,0.0,1.0,0.5,0.0,True,False
2022-03-17,NTPC,0.0,0.0,1.0,0.25,1.0,0.5,0.0,True,False
2022-03-17,ONGC,1.0,0.0,0.0,0.4,1.0,1.0,0.0,True,False
2022-03-17,POWERGRID,1.0,0.0,0.0,0.4,1.0,1.0,0.0,True,False
2022-03-17,RELIANCE,,,,,,,,,True
2022-03-17,SBIN,0.0,0.0,0.0,0.0,1.0,0.5,0.0,True,False
2022-03-17,TATAMOTORS,-0.5,0.0,0.5,-0.075,,,,,True
2022-03-17,TCS,0.0,0.0,1.0,0.25,,,,,True
2022-03-17,WIPRO,0.0,0.0,0.0,0.0,1.0,0.5,0.0,True,False
2022-03-17,CIPLA,1.0,1.0,0.0,0.75,1.0,1.0,0.0,True,False
2022-03-17,INFY,0.0,0.0,0.0,0.0,1.0,0.5,0.0,True,False
2022-03-17,DRREDDY,,,,,,,,,True
2022-03-17,HCLTECH,,,,,,,,,True
2022-03-17,TECHM,-1.0,0.0,0.0,-0.4,1.0,1.0,0.0,True,False
2022-03-17,SUNPHARMA,0.0,0.0,0.0,0.0,,,,,True
2022-03-18,ADANIGREEN,1.0,1.0,1.0,1.0,,,,,True
2022-03-18,ASIANPAINT,-1.0,0.0,0.0,-0.4,,,,,True
2022-03-18,AXISBANK,0.0,0.0,0.0,0.0,,,,,True
2022-03-18,BAJAJ-AUTO,1.0,1.0,0.0,0.75,,,,,True
2022-03-18,HDFCBANK,0.0,0.0,0.0,0.0,,,,,True
2022-03-18,HINDUNILVR,0.0,0.0,1.0,0.25,,,,,True
2022-03-18,ICICIBANK,0.0,0.0,0.0,0.0,,,,,True
2022-03-18,ITC,0.0,0.0,0.0,0.0,,,,,True
2022-03-18,KOTAKBANK,0.0,0.0,0.0,0.0,,,,,True
2022-03-18,M&M,-1.0,0.0,0.0,-0.4,,,,,True
2022-03-18,MARUTI,0.0,0.0,0.0,0.0,,,,,True
2022-03-18,NTPC,0.0,0.0,1.0,0.25,,,,,True
2022-03-18,ONGC,1.0,0.0,0.0,0.4,,,,,True
2022-03-18,POWERGRID,1.0,0.0,0.0,0.4,,,,,True
2022-03-18,RELIANCE,,,,,,,,,True
2022-03-18,SBIN,0.0,0.0,0.0,0.0,,,,,True
2022-03-18,TATAMOTORS,-0.5,0.0,0.5,-0.075,,,,,True
2022-03-18,TCS,0.0,0.0,1.0,0.25,,,,,True
2022-03-18,WIPRO,0.0,0.0,0.0,0.0,,,,,True
2022-03-18,CIPLA,1.0,1.0,0.0,0.75,,,,,True
2022-03-18,INFY,0.0,0.0,0.0,0.0,,,,,True
2022-03-18,DRREDDY,,,,,,,,,True
2022-03-18,HCLTECH,,,,,,,,,True
2022-03-18,TECHM,-1.0,0.0,0.0,-0.4,,,,,True
2022-03-18,SUNPHARMA,0.0,0.0,0.0,0.0,,,,,True
2022-03-21,ADANIGREEN,1.0,1.0,1.0,1.0,,,,,True
2022-03-21,ASIANPAINT,-1.0,0.0,0.0,-0.4,,,,,True
2022-03-21,AXISBANK,-0.7143,0.0,0.0,-0.2857,2.0,0.75,0.0,True,False
2022-03-21,BAJAJ-AUTO,1.0,1.0,0.0,0.75,,,,,True
2022-03-21,HDFCBANK,0.0,0.0,0.0,0.0,1.0,0.5,0.0,True,False
2022-03-21,HINDUNILVR,-0.5,-0.5,0.5,-0.25,2.0,0.75,0.0,True,False
2022-03-21,ICICIBANK,0.0,0.0,0.0,0.0,1.0,0.5,0.0,True,False
2022-03-21,ITC,0.0,0.0,0.0,0.0,,,,,True
2022-03-21,KOTAKBANK,0.0,0.0,0.0,0.0,1.0,0.5,0.0,True,False
2022-03-21,M&M,0.0,0.0,0.0,0.0,2.0,1.0,0.5,False,False
2022-03-21,MARUTI,1.0,0.0,0.0,0.4,1.0,1.0,0.0,True,False
2022-03-21,NTPC,0.0,0.0,1.0,0.25,,,,,True
2022-03-21,ONGC,1.0,0.0,0.0,0.4,,,,,True
2022-03-21,POWERGRID,1.0,0.0,0.0,0.4,,,,,True
2022-03-21,RELIANCE,,,,,,,,,True
2022-03-21,SBIN,0.0,0.0,0.0,0.0,2.0,0.5,0.0,True,False
2022-03-21,TATAMOTORS,-0.5,0.0,0.5,-0.075,,,,,True
2022-03-21,TCS,0.0,0.0,1.0,0.25,,,,,True
2022-03-21,WIPRO,0.0,0.0,0.0,0.0,,,,,True
2022-03-21,CIPLA,1.0,1.0,0.0,0.75,,,,,True
2022-03-21,INFY,1.0,1.0,0.0,0.75,2.0,1.0,0.0,False,False
2022-03-21,DRREDDY,,,,,,,,,True
2022-03-21,HCLTECH,,,,,,,,,True
2022-03-21,TECHM,-1.0,0.0,0.0,-0.4,1.0,1.0,0.0,True,False
2022-03-21,SUNPHARMA,0.0,0.0,0.0,0.0,1.0,0.5,0.0,True,False
2022-03-22,ADANIGREEN,1.0,1.0,1.0,1.0,,,,,True
2022-03-22,ASIANPAINT,1.0,0.0,0.0,0.4,1.0,1.0,0.0,True,False
2022-03-22,AXISBANK,0.2857,0.0,0.5,0.2393,2.0,0.75,0.0,True,False
2022-03-22,BAJAJ-AUTO,1.0,1.0,0.0,0.75,,,,,True
2022-03-22,HDFCBANK,1.0,0.0,0.0,0.4,1.0,1.0,0.0,True,False
2022-03-22,HINDUNILVR,-0.5,-0.5,0.5,-0.25,,,,,True
2022-03-22,ICICIBANK,1.0,0.0,0.0,0.4,1.0,1.0,0.0,True,False
2022-03-22,ITC,0.0,0.0,0.0,0.0,,,,,True
2022-03-22,KOTAKBANK,0.2857,0.0,0.0,0.1143,2.0,0.75,0.0,True,False
2022-03-22,M&M,0.5,0.5,0.0,0.375,2.0,0.75,0.0,True,False
2022-03-22,MARUTI,1.0,0.0,0.0,0.4,,,,,True
2022-03-22,NTPC,0.0,0.0,1.0,0.25,,,,,True
2022-03-22,ONGC,1.0,0.0,0.0,0.4,,,,,True
2022-03-22,POWERGRID,1.0,0.0,0.0,0.4,,,,,True
2022-03-22,RELIANCE,,,,,,,,,True
2022-03-22,SBIN,1.0,0.0,0.0,0.4,1.0,1.0,0.0,True,False
2022-03-22,TATAMOTORS,-0.5,0.0,0.5,-0.075,,,,,True
2022-03-22,TCS,1.0,0.0,0.0,0.4,1.0,1.0,0.0,True,False
2022-03-22,WIPRO,0.0,0.0,0.5,0.125,2.0,0.5,0.0,True,False
2022-03-22,CIPLA,1.0,1.0,0.0,0.75,,,,,True
2022-03-22,INFY,1.0,1.0,0.0,0.75,,,,,True
2022-03-22,DRREDDY,-1.0,0.0,0.0,-0.4,1.0,1.0,0.0,True,False
2022-03-22,HCLTECH,-1.0,0.0,0.0,-0.4,1.0,1.0,0.0,True,False
2022-03-22,TECHM,1.0,1.0,0.0,0.75,1.0,1.0,0.0,True,False
2022-03-22,SUNPHARMA,0.0,0.0,0.0,0.0,,,,,True
2022-03-23,ADANIGREEN,1.0,1.0,1.0,1.0,,,,,True
2022-03-23,ASIANPAINT,0.0,0.0,1.0,0.25,1.0,0.5,0.0,True,False
2022-03-23,AXISBANK,0.2857,0.0,0.5,0.2393,,,,,True
2022-03-23,BAJAJ-AUTO,1.0,1.0,0.0,0.75,,,,,True
2022-03-23,HDFCBANK,0.0,0.0,0.0,0.0,1.0,0.5,0.0,True,False
2022-03-23,HINDUNILVR,-0.5,-0.5,0.5,-0.25,,,,,True
2022-03-23,ICICIBANK,1.0,0.0,0.0,0.4,,,,,True
2022-03-23,ITC,0.0,0.0,0.0,0.0,,,,,True
2022-03-23,KOTAKBANK,0.0,0.0,0.0,0.0,1.0,0.5,0.0,True,False
2022-03-23,M&M,0.0,0.0,0.0,0.0,1.0,0.5,0.0,True,False
2022-03-23,MARUTI,1.0,0.0,0.0,0.4,,,,,True
2022-03-23,NTPC,0.0,0.0,1.0,0.25,1.0,0.5,0.0,True,False
2022-03-23,ONGC,1.0,0.0,0.0,0.4,,,,,True
2022-03-23,POWERGRID,0.0,0.0,0.0,0.0,1.0,0.5,0.0,True,False
2022-03-23,RELIANCE,,,,,,,,,True
2022-03-23,SBIN,1.0,0.0,0.0,0.4,,,,,True
2022-03-23,TATAMOTORS,-0.5,0.0,0.5,-0.075,,,,,True
2022-03-23,TCS,1.0,0.0,0.0,0.4,,,,,True
2022-03-23,WIPRO,0.0,0.0,0.5,0.125,,,,,True
2022-03-23,CIPLA,0.0,0.0,0.0,0.0,1.0,0.5,0.0,True,False
2022-03-23,INFY,1.0,1.0,0.0,0.75,,,,,True
2022-03-23,DRREDDY,0.0,0.0,0.0,0.0,1.0,0.5,0.0,True,False
2022-03-23,HCLTECH,-1.0,0.0,0.0,-0.4,,,,,True
2022-03-23,TECHM,1.0,1.0,0.0,0.75,,,,,True
2022-03-23,SUNPHARMA,0.0,0.0,0.0,0.0,,,,,True
2022-03-24,ADANIGREEN,,,,,,,,,True
2022-03-24,ASIANPAINT,0.0,0.0,1.0,0.25,1.0,0.5,0.0,True,False
2022-03-24,AXISBANK,1.0,0.0,0.0,0.4,1.0,1.0,0.0,True,False
2022-03-24,BAJAJ-AUTO,1.0,1.0,0.0,0.75,,,,,True
2022-03-24,HDFCBANK,1.0,0.0,0.0,0.4,1.0,1.0,0.0,True,False
2022-03-24,HINDUNILVR,-0.5,-0.5,0.5,-0.25,,,,,True
2022-03-24,ICICIBANK,1.0,0.0,0.0,0.4,1.0,1.0,0.0,True,False
2022-03-24,ITC,0.0,0.0,0.0,0.0,,,,,True
2022-03-24,KOTAKBANK,1.0,0.0,0.0,0.4,1.0,1.0,0.0,True,False
2022-03-24,M&M,0.0,0.0,0.0,0.0,,,,,True
2022-03-24,MARUTI,1.0,0.0,0.0,0.4,,,,,True
2022-03-24,NTPC,0.0,0.0,1.0,0.25,,,,,True
2022-03-24,ONGC,1.0,0.0,0.0,0.4,,,,,True
2022-03-24,POWERGRID,0.0,0.0,0.0,0.0,,,,,True
2022-03-24,RELIANCE,,,,,,,,,True
2022-03-24,SBIN,0.2857,0.0,0.5,0.2393,2.0,0.75,0.0,True,False
2022-03-24,TATAMOTORS,,,,,,,,,True
2022-03-24,TCS,1.0,0.0,0.0,0.4,,,,,True
2022-03-24,WIPRO,0.0,0.0,0.5,0.125,,,,,True
2022-03-24,CIPLA,0.0,0.0,0.0,0.0,,,,,True
2022-03-24,INFY,1.0,1.0,0.0,0.75,1.0,1.0,0.0,True,False
2022-03-24,DRREDDY,0.0,0.0,1.0,0.25,1.0,0.5,0.0,True,False
2022-03-24,HCLTECH,-1.0,0.0,0.0,-0.4,,,,,True
2022-03-24,TECHM,1.0,1.0,0.0,0.75,,,,,True
2022-03-24,SUNPHARMA,0.0,0.0,0.0,0.0,,,,,True
2022-03-25,ADANIGREEN,,,,,,,,,True
2022-03-25,ASIANPAINT,0.0,0.0,1.0,0.25,,,,,True
2022-03-25,AXISBANK,1.0,0.0,0.0,0.4,,,,,True
2022-03-25,BAJAJ-AUTO,,,,,,,,,True
2022-03-25,HDFCBANK,1.0,0.0,0.0,0.4,,,,,True
2022-03-25,HINDUNILVR,-0.5,-0.5,0.5,-0.25,,,,,True
2022-03-25,ICICIBANK,1.0,0.0,0.0,0.4,,,,,True
2022-03-25,ITC,,,,,,,,,True
2022-03-25,KOTAKBANK,1.0,0.0,0.0,0.4,,,,,True
2022-03-25,M&M,0.0,0.0,0.0,0.0,,,,,True
2022-03-25,MARUTI,1.0,0.0,0.0,0.4,,,,,True
2022-03-25,NTPC,0.0,0.0,1.0,0.25,,,,,True
2022-03-25,ONGC,,,,,,,,,True
2022-03-25,POWERGRID,0.0,0.0,0.0,0.0,,,,,True
2022-03-25,RELIANCE,,,,,,,,,True
2022-03-25,SBIN,0.2857,0.0,0.5,0.2393,,,,,True
2022-03-25,TATAMOTORS,,,,,,,,,True
2022-03-25,TCS,1.0,0.0,0.0,0.4,,,,,True
2022-03-25,WIPRO,0.0,0.0,0.5,0.125,,,,,True
2022-03-25,CIPLA,0.0,0.0,0.0,0.0,,,,,True
2022-03-25,INFY,1.0,1.0,0.0,0.75,,,,,True
2022-03-25,DRREDDY,0.0,0.0,1.0,0.25,,,,,True
2022-03-25,HCLTECH,-1.0,0.0,0.0,-0.4,,,,,True
2022-03-25,TECHM,1.0,1.0,0.0,0.75,,,,,True
2022-03-25,SUNPHARMA,0.0,0.0,0.0,0.0,,,,,True
2022-03-28,ADANIGREEN,,,,,,,,,True
2022-03-28,ASIANPAINT,0.0,0.0,1.0,0.25,,,,,True
2022-03-28,AXISBANK,0.0,0.0,0.0,0.0,1.0,0.5,0.0,True,False
2022-03-28,BAJAJ-AUTO,,,,,,,,,True
2022-03-28,HDFCBANK,1.0,0.0,0.0,0.4,,,,,True
2022-03-28,HINDUNILVR,0.0,0.0,1.0,0.25,1.0,0.5,0.0,True,False
2022-03-28,ICICIBANK,1.0,0.0,0.0,0.4,,,,,True
2022-03-28,ITC,,,,,,,,,True
2022-03-28,KOTAKBANK,1.0,0.0,0.0,0.4,,,,,True
2022-03-28,M&M,0.0,0.0,1.0,0.25,1.0,0.5,0.0,True,False
2022-03-28,MARUTI,1.0,0.0,0.0,0.4,,,,,True
2022-03-28,NTPC,0.5,0.5,1.0,0.625,2.0,0.75,0.0,True,False
2022-03-28,ONGC,,,,,,,,,True
2022-03-28,POWERGRID,0.0,0.0,0.0,0.0,,,,,True
2022-03-28,RELIANCE,,,,,,,,,True
2022-03-28,SBIN,0.2857,0.0,0.5,0.2393,,,,,True
2022-03-28,TATAMOTORS,0.0,0.0,0.0,0.0,1.0,0.5,0.0,True,False
2022-03-28,TCS,1.0,0.0,0.0,0.4,,,,,True
2022-03-28,WIPRO,0.0,0.0,0.5,0.125,,,,,True
2022-03-28,CIPLA,1.0,0.0,0.0,0.4,2.0,1.0,0.0,False,False
2022-03-28,INFY,1.0,1.0,0.0,0.75,,,,,True
2022-03-28,DRREDDY,0.0,0.0,1.0,0.25,,,,,True
2022-03-28,HCLTECH,0.0,0.0,0.0,0.0,1.0,0.5,0.0,True,False
2022-03-28,TECHM,1.0,1.0,0.0,0.75,,,,,True
2022-03-28,SUNPHARMA,0.0,0.0,0.0,0.0,,,,,True
2022-03-29,ADANIGREEN,,,,,,,,,True
2022-03-29,ASIANPAINT,0.0,0.0,1.0,0.25,,,,,True
2022-03-29,AXISBANK,-0.7143,0.0,0.0,-0.2857,2.0,0.75,0.0,True,False
2022-03-29,BAJAJ-AUTO,,,,,,,,,True
2022-03-29,HDFCBANK,0.0,0.0,0.0,0.0,1.0,0.5,0.0,True,False
2022-03-29,HINDUNILVR,0.0,0.0,1.0,0.25,,,,,True
2022-03-29,ICICIBANK,0.0,0.0,0.0,0.0,1.0,0.5,0.0,True,False
2022-03-29,ITC,,,,,,,,,True
2022-03-29,KOTAKBANK,0.0,0.0,0.0,0.0,1.0,0.5,0.0,True,False
2022-03-29,M&M,0.0,0.0,1.0,0.25,1.0,0.5,0.0,True,False
2022-03-29,MARUTI,,,,,,,,,True
2022-03-29,NTPC,0.5,0.5,1.0,0.625,,,,,True
2022-03-29,ONGC,0.5,0.5,0.5,0.5,2.0,0.75,0.0,True,False
2022-03-29,POWERGRID,0.0,0.0,0.0,0.0,,,,,True
2022-03-29,RELIANCE,0.0,0.0,1.0,0.25,1.0,0.5,0.0,True,False
2022-03-29,SBIN,0.0,0.0,0.0,0.0,1.0,0.5,0.0,True,False
2022-03-29,TATAMOTORS,0.0,0.0,0.0,0.0,,,,,True
2022-03-29,TCS,-1.0,0.0,0.0,-0.4,1.0,1.0,0.0,True,False
2022-03-29,WIPRO,0.0,0.0,0.5,0.125,,,,,True
2022-03-29,CIPLA,1.0,0.0,0.0,0.4,,,,,True
2022-03-29,INFY,1.0,1.0,0.0,0.75,,,,,True
2022-03-29,DRREDDY,0.5,0.5,0.5,0.5,2.0,0.75,0.0,True,False
2022-03-29,HCLTECH,0.0,0.0,0.0,0.0,,,,,True
2022-03-29,TECHM,1.0,1.0,0.0,0.75,,,,,True
2022-03-29,SUNPHARMA,,,,,,,,,True
2022-03-30,ADANIGREEN,1.0,1.0,1.0,1.0,1.0,1.0,0.0,True,False
2022-03-30,ASIANPAINT,0.0,0.0,1.0,0.25,,,,,True
2022-03-30,AXISBANK,1.0,0.0,0.0,0.4,1.0,1.0,0.0,True,False
2022-03-30,BAJAJ-AUTO,,,,,,,,,True
2022-03-30,HDFCBANK,1.0,0.0,0.0,0.4,1.0,1.0,0.0,True,False
2022-03-30,HINDUNILVR,0.0,0.0,1.0,0.25,,,,,True
2022-03-30,ICICIBANK,1.0,0.0,0.0,0.4,1.0,1.0,0.0,True,False
2022-03-30,ITC,,,,,,,,,True
2022-03-30,KOTAKBANK,1.0,0.0,0.0,0.4,2.0,1.0,0.0,False,False
2022-03-30,M&M,1.0,0.0,0.0,0.4,1.0,1.0,0.0,True,False
2022-03-30,MARUTI,-1.0,0.0,0.0,-0.4,1.0,1.0,0.0,True,False
2022-03-30,NTPC,0.0,0.0,1.0,0.25,2.0,0.5,0.0,True,False
2022-03-30,ONGC,0.5,0.5,0.5,0.5,,,,,True
2022-03-30,POWERGRID,0.0,0.0,0.0,0.0,,,,,True
2022-03-30,RELIANCE,0.0,0.0,1.0,0.25,1.0,0.5,0.0,True,False
2022-03-30,SBIN,1.0,0.0,0.0,0.4,1.0,1.0,0.0,True,False
2022-03-30,TATAMOTORS,0.0,0.0,0.0,0.0,,,,,True
2022-03-30,TCS,-1.0,0.0,0.0,-0.4,,,,,True
2022-03-30,WIPRO,1.0,1.0,0.0,0.75,1.0,1.0,0.0,True,False
2022-03-30,CIPLA,1.0,0.0,0.0,0.4,,,,,True
2022-03-30,INFY,1.0,1.0,0.0,0.75,,,,,True
2022-03-30,DRREDDY,0.5,0.5,0.5,0.5,,,,,True
2022-03-30,HCLTECH,0.0,0.0,0.0,0.0,1.0,0.5,0.0,True,False
2022-03-30,TECHM,,,,,,,,,True
2022-03-30,SUNPHARMA,,,,,,,,,True
2022-03-31,ADANIGREEN,1.0,1.0,1.0,1.0,,,,,True
2022-03-31,ASIANPAINT,0.0,0.0,1.0,0.25,,,,,True
2022-03-31,AXISBANK,0.3333,0.0,0.0,0.1333,3.0,0.6667,0.0,True,False
2022-03-31,BAJAJ-AUTO,0.0,0.0,0.0,0.0,1.0,0.5,0.0,True,False
2022-03-31,HDFCBANK,0.3333,0.0,0.0,0.1333,3.0,0.6667,0.0,True,False
2022-03-31,HINDUNILVR,0.0,0.0,1.0,0.25,,,,,True
2022-03-31,ICICIBANK,1.0,0.0,0.0,0.4,2.0,1.0,0.0,False,False
2022-03-31,ITC,,,,,,,,,True
2022-03-31,KOTAKBANK,0.1818,0.0,0.0,0.0727,4.0,0.625,0.0,True,False
2022-03-31,M&M,0.0,0.0,0.0,0.0,1.0,0.5,0.0,True,False
2022-03-31,MARUTI,-1.0,0.0,0.0,-0.4,,,,,True
2022-03-31,NTPC,0.0,0.0,1.0,0.25,,,,,True
2022-03-31,ONGC,0.5,0.5,0.5,0.5,,,,,True
2022-03-31,POWERGRID,,,,,,,,,True
2022-03-31,RELIANCE,0.0,0.0,1.0,0.25,,,,,True
2022-03-31,SBIN,0.3333,0.0,0.0,0.1333,3.0,0.6667,0.0,True,False
2022-03-31,TATAMOTORS,0.0,0.0,0.5,0.125,2.0,0.5,0.0,True,False
2022-03-31,TCS,1.0,0.5,0.0,0.575,2.0,1.0,0.0,False,False
2022-03-31,WIPRO,0.0,0.0,0.0,0.0,1.0,0.5,0.0,True,False
2022-03-31,CIPLA,1.0,0.0,0.0,0.4,,,,,True
2022-03-31,INFY,1.0,1.0,0.0,0.75,,,,,True
2022-03-31,DRREDDY,0.0,0.0,1.0,0.25,1.0,0.5,0.0,True,False
2022-03-31,HCLTECH,0.0,0.0,1.0,0.25,1.0,0.5,0.0,True,False
2022-03-31,TECHM,,,,,,,,,True
2022-03-31,SUNPHARMA,,,,,,,,,True
2022-04-01,ADANIGREEN,1.0,1.0,1.0,1.0,,,,,True
2022-04-01,ASIANPAINT,,,,,,,,,True
2022-04-01,AXISBANK,0.3333,0.0,0.0,0.1333,,,,,True
2022-04-01,BAJAJ-AUTO,0.0,0.0,0.0,0.0,,,,,True
2022-04-01,HDFCBANK,0.3333,0.0,0.0,0.1333,,,,,True
2022-04-01,HINDUNILVR,0.0,0.0,1.0,0.25,,,,,True
2022-04-01,ICICIBANK,1.0,0.0,0.0,0.4,,,,,True
2022-04-01,ITC,,,,,,,,,True
2022-04-01,KOTAKBANK,0.1818,0.0,0.0,0.0727,,,,,True
2022-04-01,M&M,0.0,0.0,0.0,0.0,,,,,True
2022-04-01,MARUTI,-1.0,0.0,0.0,-0.4,,,,,True
2022-04-01,NTPC,0.0,0.0,1.0,0.25,,,,,True
2022-04-01,ONGC,0.5,0.5,0.5,0.5,,,,,True
2022-04-01,POWERGRID,,,,,,,,,True
2022-04-01,RELIANCE,0.0,0.0,1.0,0.25,,,,,True
2022-04-01,SBIN,0.3333,0.0,0.0,0.1333,,,,,True
2022-04-01,TATAMOTORS,0.0,0.0,0.5,0.125,,,,,True
2022-04-01,TCS,1.0,0.5,0.0,0.575,,,,,True
2022-04-01,WIPRO,0.0,0.0,0.0,0.0,,,,,True
2022-04-01,CIPLA,1.0,0.0,0.0,0.4,,,,,True
2022-04-01,INFY,,,,,,,,,True
2022-04-01,DRREDDY,0.0,0.0,1.0,0.25,,,,,True
2022-04-01,HCLTECH,0.0,0.0,1.0,0.25,,,,,True
2022-04-01,TECHM,,,,,,,,,True
2022-04-01,SUNPHARMA,,,,,,,,,True
2022-04-04,ADANIGREEN,0.0,0.0,1.0,0.25,1.0,0.5,0.0,True,False
2022-04-04,ASIANPAINT,0.0,0.0,0.5,0.125,2.0,0.5,0.0,True,False
2022-04-04,AXISBANK,0.3333,0.0,0.0,0.1333,,,,,True
2022-04-04,BAJAJ-AUTO,0.0,0.0,0.0,0.0,,,,,True
2022-04-04,HDFCBANK,0.3333,0.0,0.0,0.1333,,,,,True
2022-04-04,HINDUNILVR,-1.0,-1.0,0.0,-0.75,1.0,1.0,0.0,True,False
2022-04-04,ICICIBANK,1.0,0.0,0.0,0.4,,,,,True
2022-04-04,ITC,-1.0,0.0,0.0,-0.4,1.0,1.0,0.0,True,False
2022-04-04,KOTAKBANK,0.1818,0.0,0.0,0.0727,,,,,True
2022-04-04,M&M,1.0,0.0,0.0,0.4,1.0,1.0,0.0,True,False
2022-04-04,MARUTI,0.0,0.0,1.0,0.25,1.0,0.5,0.0,True,False
2022-04-04,NTPC,0.0,0.0,1.0,0.25,,,,,True
2022-04-04,ONGC,0.0,0.0,1.0,0.25,1.0,0.5,0.0,True,False
2022-04-04,POWERGRID,,,,,,,,,True
2022-04-04,RELIANCE,1.0,0.0,0.0,0.4,1.0,1.0,0.0,True,False
2022-04-04,SBIN,0.3333,0.0,0.0,0.1333,,,,,True
2022-04-04,TATAMOTORS,0.0,0.0,0.5,0.125,,,,,True
2022-04-04,TCS,1.0,0.0,0.0,0.4,1.0,1.0,0.0,True,False
2022-04-04,WIPRO,0.0,0.0,0.0,0.0,,,,,True
2022-04-04,CIPLA,1.0,0.0,0.0,0.4,,,,,True
2022-04-04,INFY,,,,,,,,,True
2022-04-04,DRREDDY,0.0,0.0,1.0,0.25,,,,,True
2022-04-04,HCLTECH,1.0,0.3333,0.0,0.5167,3.0,1.0,0.0,False,False
2022-04-04,TECHM,1.0,0.0,0.0,0.4,1.0,1.0,0.0,True,False
2022-04-04,SUNPHARMA,,,,,,,,,True
2022-04-05,ADANIGREEN,0.0,0.0,1.0,0.25,,,,,True
2022-04-05,ASIANPAINT,0.0,0.0,0.5,0.125,,,,,True
2022-04-05,AXISBANK,0.0,0.0,0.0,0.0,3.0,0.5,0.0,True,False
2022-04-05,BAJAJ-AUTO,0.0,0.0,0.0,0.0,,,,,True
2022-04-05,HDFCBANK,0.4545,0.0,0.0,0.1818,4.0,0.625,0.0,True,False
2022-04-05,HINDUNILVR,-1.0,-1.0,0.0,-0.75,,,,,True
2022-04-05,ICICIBANK,0.0,0.0,0.0,0.0,4.0,0.5,0.0,True,False
2022-04-05,ITC,-1.0,0.0,0.0,-0.4,,,,,True
2022-04-05,KOTAKBANK,0.0,0.0,0.0,0.0,3.0,0.5,0.0,True,False
2022-04-05,M&M,1.0,0.0,0.0,0.4,,,,,True
2022-04-05,MARUTI,0.0,0.0,1.0,0.25,,,,,True
2022-04-05,NTPC,0.0,0.0,1.0,0.25,1.0,0.5,0.0,True,False
2022-04-05,ONGC,0.0,0.0,1.0,0.25,,,,,True
2022-04-05,POWERGRID,,,,,,,,,True
2022-04-05,RELIANCE,1.0,0.0,0.0,0.4,,,,,True
2022-04-05,SBIN,0.0,0.0,0.0,0.0,3.0,0.5,0.0,True,False
2022-04-05,TATAMOTORS,0.0,0.0,0.5,0.125,,,,,True
2022-04-05,TCS,1.0,0.0,0.0,0.4,,,,,True
2022-04-05,WIPRO,0.0,0.0,0.0,0.0,,,,,True
2022-04-05,CIPLA,0.0,0.0,0.0,0.0,1.0,0.5,0.0,True,False
2022-04-05,INFY,,,,,,,,,True
2022-04-05,DRREDDY,0.0,0.0,1.0,0.25,,,,,True
2022-04-05,HCLTECH,1.0,0.3333,0.0,0.5167,,,,,True
2022-04-05,TECHM,1.0,0.0,0.0,0.4,,,,,True
2022-04-05,SUNPHARMA,,,,,,,,,True
2022-04-06,ADANIGREEN,0.0,0.0,1.0,0.25,1.0,0.5,0.0,True,False
2022-04-06,ASIANPAINT,0.0,0.0,0.5,0.125,,,,,True
2022-04-06,AXISBANK,0.5,0.0,0.0,0.2,2.0,0.75,0.0,True,False
2022-04-06,BAJAJ-AUTO,0.0,0.0,0.0,0.0,,,,,True
2022-04-06,HDFCBANK,0.5,0.0,0.0,0.2,2.0,0.75,0.0,True,False
2022-04-06,HINDUNILVR,0.0,0.0,1.0,0.25,1.0,0.5,0.0,True,False
2022-04-06,ICICIBANK,0.5,0.0,0.0,0.2,2.0,0.75,0.0,True,False
2022-04-06,ITC,-1.0,0.0,0.0,-0.4,,,,,True
2022-04-06,KOTAKBANK,0.5,0.0,0.0,0.2,2.0,0.75,0.0,True,False
2022-04-06,M&M,1.0,0.0,0.0,0.4,,,,,True
2022-04-06,MARUTI,0.0,0.0,1.0,0.25,,,,,True
2022-04-06,NTPC,1.0,1.0,1.0,1.0,2.0,1.0,0.0,False,False
2022-04-06,ONGC,0.0,0.0,1.0,0.25,,,,,True
2022-04-06,POWERGRID,,,,,,,,,True
2022-04-06,RELIANCE,1.0,0.0,0.0,0.4,,,,,True
2022-04-06,SBIN,0.2222,0.0,0.3333,0.1722,3.0,0.6667,0.0,True,False
2022-04-06,TATAMOTORS,1.0,1.0,0.0,0.75,1.0,1.0,0.0,True,False
2022-04-06,TCS,0.0,0.0,0.0,0.0,1.0,0.5,0.0,True,False
2022-04-06,WIPRO,1.0,0.0,0.0,0.4,1.0,1.0,0.0,True,False
2022-04-06,CIPLA,0.0,0.0,0.0,0.0,,,,,True
2022-04-06,INFY,0.0,0.0,1.0,0.25,1.0,0.5,0.0,True,False
2022-04-06,DRREDDY,0.0,0.0,1.0,0.25,,,,,True
2022-04-06,HCLTECH,1.0,0.3333,0.0,0.5167,,,,,True
2022-04-06,TECHM,1.0,0.0,0.0,0.4,,,,,True
2022-04-06,SUNPHARMA,,,,,,,,,True
2022-04-07,ADANIGREEN,0.0,0.0,1.0,0.25,,,,,True
2022-04-07,ASIANPAINT,1.0,0.0,0.0,0.4,1.0,1.0,0.0,True,False
2022-04-07,AXISBANK,0.5,0.0,0.0,0.2,,,,,True
2022-04-07,BAJAJ-AUTO,0.0,0.0,0.0,0.0,,,,,True
2022-04-07,HDFCBANK,0.5,0.0,0.0,0.2,,,,,True
2022-04-07,HINDUNILVR,0.0,0.0,1.0,0.25,,,,,True
2022-04-07,ICICIBANK,0.5,0.0,0.0,0.2,,,,,True
2022-04-07,ITC,1.0,0.0,0.0,0.4,1.0,1.0,0.0,True,False
2022-04-07,KOTAKBANK,0.5,0.0,0.0,0.2,,,,,True
2022-04-07,M&M,0.0,0.0,0.0,0.0,1.0,0.5,0.0,True,False
2022-04-07,MARUTI,0.0,0.0,1.0,0.25,,,,,True
2022-04-07,NTPC,1.0,1.0,1.0,1.0,,,,,True
2022-04-07,ONGC,1.0,0.0,0.0,0.4,1.0,1.0,0.0,True,False
2022-04-07,POWERGRID,,,,,,,,,True
2022-04-07,RELIANCE,1.0,0.0,0.0,0.4,,,,,True
2022-04-07,SBIN,0.0,0.0,0.0,0.0,1.0,0.5,0.0,True,False
2022-04-07,TATAMOTORS,1.0,1.0,0.0,0.75,,,,,True
2022-04-07,TCS,0.0,0.0,0.0,0.0,,,,,True
2022-04-07,WIPRO,1.0,0.0,0.0,0.4,,,,,True
2022-04-07,CIPLA,0.0,0.0,0.0,0.0,,,,,True
2022-04-07,INFY,-1.0,0.0,0.0,-0.4,1.0,1.0,0.0,True,False
2022-04-07,DRREDDY,0.0,0.0,1.0,0.25,,,,,True
2022-04-07,HCLTECH,1.0,0.3333,0.0,0.5167,,,,,True
2022-04-07,TECHM,1.0,0.0,0.0,0.4,,,,,True
2022-04-07,SUNPHARMA,,,,,,,,,True
2022-04-08,ADANIGREEN,0.0,0.0,1.0,0.25,,,,,True
2022-04-08,ASIANPAINT,1.0,0.0,0.0,0.4,,,,,True
2022-04-08,AXISBANK,0.5,0.0,0.0,0.2,,,,,True
2022-04-08,BAJAJ-AUTO,,,,,,,,,True
2022-04-08,HDFCBANK,0.5,0.0,0.0,0.2,,,,,True
2022-04-08,HINDUNILVR,0.0,0.0,1.0,0.25,,,,,True
2022-04-08,ICICIBANK,0.5,0.0,0.0,0.2,,,,,True
2022-04-08,ITC,1.0,0.0,0.0,0.4,,,,,True
2022-04-08,KOTAKBANK,0.5,0.0,0.0,0.2,,,,,True
2022-04-08,M&M,0.0,0.0,0.0,0.0,,,,,True
2022-04-08,MARUTI,0.0,0.0,1.0,0.25,,,,,True
2022-04-08,NTPC,1.0,1.0,1.0,1.0,,,,,True
2022-04-08,ONGC,1.0,0.0,0.0,0.4,,,,,True
2022-04-08,POWERGRID,,,,,,,,,True
2022-04-08,RELIANCE,1.0,0.0,0.0,0.4,,,,,True
2022-04-08,SBIN,0.0,0.0,0.0,0.0,,,,,True
2022-04-08,TATAMOTORS,1.0,1.0,0.0,0.75,,,,,True
2022-04-08,TCS,0.0,0.0,0.0,0.0,,,,,True
2022-04-08,WIPRO,1.0,0.0,0.0,0.4,,,,,True
2022-04-08,CIPLA,0.0,0.0,0.0,0.0,,,,,True
2022-04-08,INFY,-1.0,0.0,0.0,-0.4,,,,,True
2022-04-08,DRREDDY,,,,,,,,,True
2022-04-08,HCLTECH,1.0,0.3333,0.0,0.5167,,,,,True
2022-04-08,TECHM,1.0,0.0,0.0,0.4,,,,,True
2022-04-08,SUNPHARMA,,,,,,,,,True
2022-04-11,ADANIGREEN,0.0,0.0,1.0,0.25,,,,,True
2022-04-11,ASIANPAINT,0.0,0.0,1.0,0.25,1.0,0.5,0.0,True,False
2022-04-11,AXISBANK,0.0,0.0,0.0,0.0,1.0,0.5,0.0,True,False
2022-04-11,BAJAJ-AUTO,,,,,,,,,True
2022-04-11,HDFCBANK,0.0,0.0,0.5,0.125,2.0,0.5,0.0,True,False
2022-04-11,HINDUNILVR,0.0,0.0,1.0,0.25,,,,,True
2022-04-11,ICICIBANK,0.0,0.0,0.0,0.0,1.0,0.5,0.0,True,False
2022-04-11,ITC,1.0,0.0,0.0,0.4,,,,,True
2022-04-11,KOTAKBANK,0.0,0.0,0.0,0.0,1.0,0.5,0.0,True,False
2022-04-11,M&M,0.0,0.0,0.0,0.0,,,,,True
2022-04-11,MARUTI,0.0,0.0,1.0,0.25,,,,,True
2022-04-11,NTPC,1.0,1.0,1.0,1.0,,,,,True
2022-04-11,ONGC,0.0,0.0,0.0,0.0,1.0,0.5,0.0,True,False
2022-04-11,POWERGRID,,,,,,,,,True
2022-04-11,RELIANCE,1.0,0.0,0.0,0.4,1.0,1.0,0.0,True,False
2022-04-11,SBIN,0.0,0.0,0.0,0.0,1.0,0.5,0.0,True,False
2022-04-11,TATAMOTORS,1.0,1.0,0.0,0.75,,,,,True
2022-04-11,TCS,0.0,0.0,0.0,0.0,,,,,True
2022-04-11,WIPRO,1.0,0.0,0.0,0.4,,,,,True
2022-04-11,CIPLA,0.0,0.0,0.0,0.0,,,,,True
2022-04-11,INFY,-1.0,0.0,0.0,-0.4,,,,,True
2022-04-11,DRREDDY,,,,,,,,,True
2022-04-11,HCLTECH,1.0,0.3333,0.0,0.5167,,,,,True
2022-04-11,TECHM,1.0,0.0,0.0,0.4,,,,,True
2022-04-11,SUNPHARMA,1.0,1.0,0.0,0.75,1.0,1.0,0.0,True,False
2022-04-12,ADANIGREEN,0.0,0.0,1.0,0.25,,,,,True
2022-04-12,ASIANPAINT,0.0,0.0,1.0,0.25,,,,,True
2022-04-12,AXISBANK,0.0,0.0,0.0,0.0,2.0,0.5,0.0,True,False
2022-04-12,BAJAJ-AUTO,,,,,,,,,True
2022-04-12,HDFCBANK,0.0,0.0,0.25,0.0625,4.0,0.5,0.0,True,False
2022-04-12,HINDUNILVR,1.0,1.0,0.0,0.75,1.0,1.0,0.0,True,False
2022-04-12,ICICIBANK,0.0,0.0,0.0,0.0,2.0,0.5,0.0,True,False
2022-04-12,ITC,0.0,0.0,0.0,0.0,1.0,0.5,0.0,True,False
2022-04-12,KOTAKBANK,0.0,0.0,0.0,0.0,2.0,0.5,0.0,True,False
2022-04-12,M&M,0.0,0.0,0.0,0.0,,,,,True
2022-04-12,MARUTI,,,,,,,,,True
2022-04-12,NTPC,1.0,1.0,1.0,1.0,,,,,True
2022-04-12,ONGC,0.0,0.0,0.0,0.0,,,,,True
2022-04-12,POWERGRID,,,,,,,,,True
2022-04-12,RELIANCE,1.0,0.0,0.0,0.4,,,,,True
2022-04-12,SBIN,0.0,0.0,0.0,0.0,2.0,0.5,0.0,True,False
2022-04-12,TATAMOTORS,1.0,1.0,0.0,0.75,,,,,True
2022-04-12,TCS,0.0,0.0,0.0,0.0,,,,,True
2022-04-12,WIPRO,1.0,0.0,0.0,0.4,,,,,True
2022-04-12,CIPLA,0.5,0.0,0.0,0.2,2.0,0.75,0.0,True,False
2022-04-12,INFY,1.0,1.0,0.0,0.75,1.0,1.0,0.0,True,False
2022-04-12,DRREDDY,,,,,,,,,True
2022-04-12,HCLTECH,,,,,,,,,True
2022-04-12,TECHM,,,,,,,,,True
2022-04-12,SUNPHARMA,1.0,1.0,0.0,0.75,,,,,True
2022-04-13,ADANIGREEN,0.0,0.0,1.0,0.25,,,,,True
2022-04-13,ASIANPAINT,0.0,0.0,1.0,0.25,,,,,True
2022-04-13,AXISBANK,0.0,0.0,1.0,0.25,1.0,0.5,0.0,True,False
2022-04-13,BAJAJ-AUTO,,,,,,,,,True
2022-04-13,HDFCBANK,0.0,0.0,0.25,0.0625,,,,,True
2022-04-13,HINDUNILVR,0.0,0.0,0.0,0.0,1.0,0.5,0.0,True,False
2022-04-13,ICICIBANK,0.0,0.0,0.0,0.0,,,,,True
2022-04-13,ITC,0.0,0.0,0.0,0.0,,,,,True
2022-04-13,KOTAKBANK,0.0,0.0,0.0,0.0,,,,,True
2022-04-13,M&M,1.0,1.0,0.0,0.75,1.0,1.0,0.0,True,False
2022-04-13,MARUTI,,,,,,,,,True
2022-04-13,NTPC,1.0,1.0,1.0,1.0,,,,,True
2022-04-13,ONGC,0.0,0.0,0.0,0.0,,,,,True
2022-04-13,POWERGRID,0.0,0.0,0.0,0.0,1.0,0.5,0.0,True,False
2022-04-13,RELIANCE,1.0,0.0,0.0,0.4,,,,,True
2022-04-13,SBIN,0.0,0.0,0.0,0.0,,,,,True
2022-04-13,TATAMOTORS,-1.0,0.0,0.0,-0.4,1.0,1.0,0.0,True,False
2022-04-13,TCS,0.0,0.0,1.0,0.25,1.0,0.5,0.0,True,False
2022-04-13,WIPRO,1.0,0.0,0.0,0.4,,,,,True
2022-04-13,CIPLA,-1.0,0.0,0.0,-0.4,1.0,1.0,0.0,True,False
2022-04-13,INFY,1.0,1.0,0.0,0.75,,,,,True
2022-04-13,DRREDDY,,,,,,,,,True
2022-04-13,HCLTECH,,,,,,,,,True
2022-04-13,TECHM,1.0,1.0,0.0,0.75,1.0,1.0,0.0,True,False
2022-04-13,SUNPHARMA,1.0,1.0,0.0,0.75,,,,,True
2022-04-14,ADANIGREEN,,,,,,,,,True
2022-04-14,ASIANPAINT,0.0,0.0,1.0,0.25,,,,,True
2022-04-14,AXISBANK,0.0,0.0,0.0,0.0,1.0,0.5,0.0,True,False
2022-04-14,BAJAJ-AUTO,,,,,,,,,True
2022-04-14,HDFCBANK,0.0,0.0,0.0,0.0,1.0,0.5,0.0,True,False
2022-04-14,HINDUNILVR,1.0,1.0,0.0,0.75,2.0,1.0,0.0,False,False
2022-04-14,ICICIBANK,0.0,0.0,0.0,0.0,1.0,0.5,0.0,True,False
2022-04-14,ITC,0.0,0.0,0.0,0.0,,,,,True
2022-04-14,KOTAKBANK,0.0,0.0,0.0,0.0,1.0,0.5,0.0,True,False
2022-04-14,M&M,-1.0,0.0,0.0,-0.4,1.0,1.0,0.0,True,False
2022-04-14,MARUTI,,,,,,,,,True
2022-04-14,NTPC,1.0,0.0,1.0,0.65,1.0,1.0,0.0,True,False
2022-04-14,ONGC,1.0,1.0,1.0,1.0,1.0,1.0,0.0,True,False
2022-04-14,POWERGRID,0.0,0.0,0.0,0.0,,,,,True
2022-04-14,RELIANCE,1.0,0.0,0.0,0.4,,,,,True
2022-04-14,SBIN,0.0,0.0,0.0,0.0,1.0,0.5,0.0,True,False
2022-04-14,TATAMOTORS,-1.0,0.0,0.0,-0.4,,,,,True
2022-04-14,TCS,0.0,0.0,1.0,0.25,,,,,True
2022-04-14,WIPRO,,,,,,,,,True
2022-04-14,CIPLA,-1.0,0.0,0.0,-0.4,,,,,True
2022-04-14,INFY,1.0,1.0,0.0,0.75,,,,,True
2022-04-14,DRREDDY,0.0,0.0,0.0,0.0,1.0,0.5,0.0,True,False
2022-04-14,HCLTECH,,,,,,,,,True
2022-04-14,TECHM,-1.0,0.0,0.0,-0.4,1.0,1.0,0.0,True,False
2022-04-14,SUNPHARMA,1.0,1.0,0.0,0.75,,,,,True
2022-04-15,ADANIGREEN,,,,,,,,,True
2022-04-15,ASIANPAINT,0.0,0.0,1.0,0.25,,,,,True
2022-04-15,AXISBANK,0.0,0.0,0.0,0.0,,,,,True
2022-04-15,BAJAJ-AUTO,,,,,,,,,True
2022-04-15,HDFCBANK,0.0,0.0,0.0,0.0,,,,,True
2022-04-15,HINDUNILVR,1.0,1.0,0.0,0.75,,,,,True
2022-04-15,ICICIBANK,0.0,0.0,0.0,0.0,,,,,True
2022-04-15,ITC,0.0,0.0,0.0,0.0,,,,,True
2022-04-15,KOTAKBANK,0.0,0.0,0.0,0.0,,,,,True
2022-04-15,M&M,-1.0,0.0,0.0,-0.4,,,,,True
2022-04-15,MARUTI,,,,,,,,,True
2022-04-15,NTPC,1.0,0.0,1.0,0.65,,,,,True
2022-04-15,ONGC,1.0,1.0,1.0,1.0,,,,,True
2022-04-15,POWERGRID,0.0,0.0,0.0,0.0,,,,,True
2022-04-15,RELIANCE,1.0,0.0,0.0,0.4,,,,,True
2022-04-15,SBIN,0.0,0.0,0.0,0.0,,,,,True
2022-04-15,TATAMOTORS,-1.0,0.0,0.0,-0.4,,,,,True
2022-04-15,TCS,0.0,0.0,1.0,0.25,,,,,True
2022-04-15,WIPRO,,,,,,,,,True
2022-04-15,CIPLA,-1.0,0.0,0.0,-0.4,,,,,True
2022-04-15,INFY,1.0,1.0,0.0,0.75,,,,,True
2022-04-15,DRREDDY,0.0,0.0,0.0,0.0,,,,,True
2022-04-15,HCLTECH,,,,,,,,,True
2022-04-15,TECHM,-1.0,0.0,0.0,-0.4,,,,,True
2022-04-15,SUNPHARMA,1.0,1.0,0.0,0.75,,,,,True
2022-04-18,ADANIGREEN,-1.0,-1.0,1.0,-0.5,1.0,1.0,0.0,True,False
2022-04-18,ASIANPAINT,0.0,0.0,1.0,0.25,,,,,True
2022-04-18,AXISBANK,0.2222,0.0,0.3333,0.1722,3.0,0.6667,0.0,True,False
2022-04-18,BAJAJ-AUTO,,,,,,,,,True
2022-04-18,HDFCBANK,0.5,0.0,0.0,0.2,2.0,0.75,0.0,True,False
2022-04-18,HINDUNILVR,1.0,1.0,0.0,0.75,,,,,True
2022-04-18,ICICIBANK,0.5,0.0,0.0,0.2,2.0,0.75,0.0,True,False
2022-04-18,ITC,0.0,0.0,0.0,0.0,,,,,True
2022-04-18,KOTAKBANK,0.5,0.0,0.0,0.2,2.0,0.75,0.0,True,False
2022-04-18,M&M,0.0,0.0,0.0,0.0,2.0,0.5,0.0,True,False
2022-04-18,MARUTI,,,,,,,,,True
2022-04-18,NTPC,1.0,0.0,1.0,0.65,,,,,True
2022-04-18,ONGC,1.0,1.0,1.0,1.0,,,,,True
2022-04-18,POWERGRID,0.5,0.5,0.0,0.375,2.0,0.75,0.0,True,False
2022-04-18,RELIANCE,1.0,0.0,0.0,0.4,,,,,True
2022-04-18,SBIN,0.5,0.0,0.0,0.2,2.0,0.75,0.0,True,False
2022-04-18,TATAMOTORS,0.0,0.0,0.0,0.0,1.0,0.5,0.0,True,False
2022-04-18,TCS,0.0,0.0,1.0,0.25,,,,,True
2022-04-18,WIPRO,,,,,,,,,True
2022-04-18,CIPLA,-1.0,0.0,0.0,-0.4,,,,,True
2022-04-18,INFY,1.0,1.0,0.0,0.75,,,,,True
2022-04-18,DRREDDY,0.0,0.0,0.0,0.0,,,,,True
2022-04-18,HCLTECH,,,,,,,,,True
2022-04-18,TECHM,0.0,0.0,0.0,0.0,1.0,0.5,0.0,True,False
2022-04-18,SUNPHARMA,1.0,1.0,0.0,0.75,,,,,True
2022-04-19,ADANIGREEN,-1.0,-1.0,1.0,-0.5,,,,,True
2022-04-19,ASIANPAINT,,,,,,,,,True
2022-04-19,AXISBANK,0.0,0.0,0.0,0.0,1.0,0.5,0.0,True,False
2022-04-19,BAJAJ-AUTO,,,,,,,,,True
2022-04-19,HDFCBANK,0.5,0.0,0.0,0.2,,,,,True
2022-04-19,HINDUNILVR,1.0,1.0,0.0,0.75,,,,,True
2022-04-19,ICICIBANK,0.5,0.0,0.0,0.2,,,,,True
2022-04-19,ITC,0.0,0.0,0.0,0.0,,,,,True
2022-04-19,KOTAKBANK,0.5,0.0,0.0,0.2,,,,,True
2022-04-19,M&M,0.0,0.0,0.0,0.0,,,,,True
2022-04-19,MARUTI,1.0,0.5,0.0,0.575,2.0,1.0,0.0,False,False
2022-04-19,NTPC,1.0,0.0,1.0,0.65,,,,,True
2022-04-19,ONGC,1.0,1.0,1.0,1.0,,,,,True
2022-04-19,POWERGRID,0.5,0.5,0.0,0.375,,,,,True
2022-04-19,RELIANCE,1.0,1.0,0.0,0.75,1.0,1.0,0.0,True,False
2022-04-19,SBIN,0.5,0.0,0.0,0.2,,,,,True
2022-04-19,TATAMOTORS,0.0,0.0,1.0,0.25,1.0,0.5,0.0,True,False
2022-04-19,TCS,0.0,0.0,1.0,0.25,,,,,True
2022-04-19,WIPRO,,,,,,,,,True
2022-04-19,CIPLA,-1.0,0.0,0.0,-0.4,,,,,True
2022-04-19,INFY,1.0,1.0,0.0,0.75,,,,,True
2022-04-19,DRREDDY,0.0,0.0,0.0,0.0,,,,,True
2022-04-19,HCLTECH,,,,,,,,,True
2022-04-19,TECHM,0.0,0.0,0.0,0.0,,,,,True
2022-04-19,SUNPHARMA,,,,,,,,,True
2022-04-20,ADANIGREEN,-1.0,-1.0,1.0,-0.5,,,,,True
2022-04-20,ASIANPAINT,,,,,,,,,True
2022-04-20,AXISBANK,0.0,0.0,0.0,0.0,,,,,True
2022-04-20,BAJAJ-AUTO,,,,,,,,,True
2022-04-20,HDFCBANK,0.0,0.0,0.0,0.0,1.0,0.5,0.0,True,False
2022-04-20,HINDUNILVR,1.0,1.0,0.0,0.75,,,,,True
2022-04-20,ICICIBANK,0.5,0.0,0.0,0.2,,,,,True
2022-04-20,ITC,,,,,,,,,True
2022-04-20,KOTAKBANK,0.5,0.0,0.0,0.2,,,,,True
2022-04-20,M&M,0.0,0.0,0.0,0.0,1.0,0.5,0.0,True,False
2022-04-20,MARUTI,1.0,0.5,0.0,0.575,,,,,True
2022-04-20,NTPC,1.0,1.0,1.0,1.0,1.0,1.0,0.0,True,False
2022-04-20,ONGC,1.0,1.0,1.0,1.0,,,,,True
2022-04-20,POWERGRID,0.5,0.5,0.0,0.375,,,,,True
2022-04-20,RELIANCE,1.0,1.0,0.0,0.75,,,,,True
2022-04-20,SBIN,0.5,0.0,0.0,0.2,,,,,True
2022-04-20,TATAMOTORS,0.0,0.0,1.0,0.25,,,,,True
2022-04-20,TCS,0.0,0.0,1.0,0.25,,,,,True
2022-04-20,WIPRO,,,,,,,,,True
2022-04-20,CIPLA,-1.0,0.0,0.0,-0.4,,,,,True
2022-04-20,INFY,,,,,,,,,True
2022-04-20,DRREDDY,0.0,0.0,0.0,0.0,,,,,True
2022-04-20,HCLTECH,,,,,,,,,True
2022-04-20,TECHM,0.0,0.0,0.0,0.0,1.0,0.5,0.0,True,False
2022-04-20,SUNPHARMA,,,,,,,,,True
2022-04-21,ADANIGREEN,-1.0,-1.0,1.0,-0.5,,,,,True
2022-04-21,ASIANPAINT,,,,,,,,,True
2022-04-21,AXISBANK,0.0,0.0,1.0,0.25,1.0,0.5,0.0,True,False
2022-04-21,BAJAJ-AUTO,,,,,,,,,True
2022-04-21,HDFCBANK,0.0,0.0,0.0,0.0,,,,,True
2022-04-21,HINDUNILVR,1.0,1.0,0.0,0.75,,,,,True
2022-04-21,ICICIBANK,0.5,0.0,0.0,0.2,,,,,True
2022-04-21,ITC,,,,,,,,,True
2022-04-21,KOTAKBANK,1.0,0.0,0.0,0.4,1.0,1.0,0.0,True,False
2022-04-21,M&M,-0.0,0.0,0.0,-0.0,2.0,1.0,0.5,False,False
2022-04-21,MARUTI,1.0,0.5,0.0,0.575,,,,,True
2022-04-21,NTPC,1.0,1.0,1.0,1.0,,,,,True
2022-04-21,ONGC,1.0,1.0,1.0,1.0,,,,,True
2022-04-21,POWERGRID,0.5,0.5,0.0,0.375,,,,,True
2022-04-21,RELIANCE,1.0,1.0,0.0,0.75,,,,,True
2022-04-21,SBIN,0.5,0.0,0.0,0.2,,,,,True
2022-04-21,TATAMOTORS,0.0,0.0,0.0,0.0,1.0,0.5,0.0,True,False
2022-04-21,TCS,,,,,,,,,True
2022-04-21,WIPRO,0.0,0.0,1.0,0.25,1.0,0.5,0.0,True,False
2022-04-21,CIPLA,,,,,,,,,True
2022-04-21,INFY,,,,,,,,,True
2022-04-21,DRREDDY,0.0,0.0,1.0,0.25,1.0,0.5,0.0,True,False
2022-04-21,HCLTECH,,,,,,,,,True
2022-04-21,TECHM,-1.0,0.0,0.0,-0.4,1.0,1.0,0.0,True,False
2022-04-21,SUNPHARMA,,,,,,,,,True
2022-04-22,ADANIGREEN,-1.0,-1.0,1.0,-0.5,,,,,True
2022-04-22,ASIANPAINT,,,,,,,,,True
2022-04-22,AXISBANK,0.0,0.0,1.0,0.25,,,,,True
2022-04-22,BAJAJ-AUTO,,,,,,,,,True
2022-04-22,HDFCBANK,0.0,0.0,0.0,0.0,,,,,True
2022-04-22,HINDUNILVR,,,,,,,,,True
2022-04-22,ICICIBANK,0.5,0.0,0.0,0.2,,,,,True
2022-04-22,ITC,,,,,,,,,True
2022-04-22,KOTAKBANK,1.0,0.0,0.0,0.4,,,,,True
2022-04-22,M&M,-0.0,0.0,0.0,-0.0,,,,,True
2022-04-22,MARUTI,1.0,0.5,0.0,0.575,,,,,True
2022-04-22,NTPC,1.0,1.0,1.0,1.0,,,,,True
2022-04-22,ONGC,,,,,,,,,True
2022-04-22,POWERGRID,0.5,0.5,0.0,0.375,,,,,True
2022-04-22,RELIANCE,1.0,1.0,0.0,0.75,,,,,True
2022-04-22,SBIN,0.5,0.0,0.0,0.2,,,,,True
2022-04-22,TATAMOTORS,0.0,0.0,0.0,0.0,,,,,True
2022-04-22,TCS,,,,,,,,,True
2022-04-22,WIPRO,0.0,0.0,1.0,0.25,,,,,True
2022-04-22,CIPLA,,,,,,,,,True
2022-04-22,INFY,,,,,,,,,True
2022-04-22,DRREDDY,0.0,0.0,1.0,0.25,,,,,True
2022-04-22,HCLTECH,,,,,,,,,True
2022-04-22,TECHM,-1.0,0.0,0.0,-0.4,,,,,True
2022-04-22,SUNPHARMA,,,,,,,,,True
2022-04-25,ADANIGREEN,-1.0,-1.0,1.0,-0.5,,,,,True
2022-04-25,ASIANPAINT,0.0,0.0,0.0,0.0,1.0,0.5,0.0,True,False
2022-04-25,AXISBANK,1.0,0.5,0.0,0.575,2.0,1.0,0.0,False,False
2022-04-25,BAJAJ-AUTO,,,,,,,,,True
2022-04-25,HDFCBANK,0.3333,0.0,0.0,0.1333,3.0,0.6667,0.0,True,False
2022-04-25,HINDUNILVR,,,,,,,,,True
2022-04-25,ICICIBANK,0.3333,0.0,0.0,0.1333,3.0,0.6667,0.0,True,False
2022-04-25,ITC,0.0,0.0,1.0,0.25,1.0,0.5,0.0,True,False
2022-04-25,KOTAKBANK,0.3333,0.0,0.0,0.1333,3.0,0.6667,0.0,True,False
2022-04-25,M&M,-0.0,0.0,0.0,-0.0,,,,,True
2022-04-25,MARUTI,1.0,0.5,0.0,0.575,,,,,True
2022-04-25,NTPC,1.0,1.0,1.0,1.0,1.0,1.0,0.0,True,False
2022-04-25,ONGC,,,,,,,,,True
2022-04-25,POWERGRID,0.5,0.5,0.0,0.375,,,,,True
2022-04-25,RELIANCE,1.0,1.0,0.0,0.75,,,,,True
2022-04-25,SBIN,0.3333,0.0,0.0,0.1333,3.0,0.6667,0.0,True,False
2022-04-25,TATAMOTORS,0.0,0.0,0.0,0.0,,,,,True
2022-04-25,TCS,0.0,0.0,1.0,0.25,1.0,0.5,0.0,True,False
2022-04-25,WIPRO,0.0,0.0,0.0,0.0,1.0,0.5,0.0,True,False
2022-04-25,CIPLA,0.0,0.0,1.0,0.25,1.0,0.5,0.0,True,False
2022-04-25,INFY,,,,,,,,,True
2022-04-25,DRREDDY,0.0,0.0,1.0,0.25,,,,,True
2022-04-25,HCLTECH,,,,,,,,,True
2022-04-25,TECHM,-1.0,0.0,0.0,-0.4,,,,,True
2022-04-25,SUNPHARMA,,,,,,,,,True
2022-04-26,ADANIGREEN,,,,,,,,,True
2022-04-26,ASIANPAINT,0.0,0.0,0.0,0.0,,,,,True
2022-04-26,AXISBANK,0.5,0.0,0.0,0.2,2.0,0.75,0.0,True,False
2022-04-26,BAJAJ-AUTO,-0.5,0.0,0.5,-0.075,2.0,0.75,0.0,True,False
2022-04-26,HDFCBANK,0.5,0.0,0.0,0.2,2.0,0.75,0.0,True,False
2022-04-26,HINDUNILVR,,,,,,,,,True
2022-04-26,ICICIBANK,1.0,0.0,0.0,0.4,2.0,1.0,0.0,False,False
2022-04-26,ITC,0.0,0.0,1.0,0.25,,,,,True
2022-04-26,KOTAKBANK,1.0,0.5,0.0,0.575,2.0,1.0,0.0,False,False
2022-04-26,M&M,0.5,0.5,0.5,0.5,2.0,0.75,0.0,True,False
2022-04-26,MARUTI,1.0,0.5,0.0,0.575,,,,,True
2022-04-26,NTPC,1.0,1.0,1.0,1.0,,,,,True
2022-04-26,ONGC,,,,,,,,,True
2022-04-26,POWERGRID,0.0,0.0,0.0,0.0,1.0,0.5,0.0,True,False
2022-04-26,RELIANCE,0.0,0.0,0.0,0.0,1.0,0.5,0.0,True,False
2022-04-26,SBIN,0.5,0.0,0.0,0.2,2.0,0.75,0.0,True,False
2022-04-26,TATAMOTORS,0.0,0.0,0.0,0.0,,,,,True
2022-04-26,TCS,0.0,0.0,1.0,0.25,,,,,True
2022-04-26,WIPRO,0.0,0.0,0.0,0.0,,,,,True
2022-04-26,CIPLA,0.0,0.0,1.0,0.25,,,,,True
2022-04-26,INFY,,,,,,,,,True
2022-04-26,DRREDDY,0.0,0.0,1.0,0.25,,,,,True
2022-04-26,HCLTECH,0.0,0.0,0.0,0.0,1.0,0.5,0.0,True,False
2022-04-26,TECHM,-1.0,0.0,0.0,-0.4,,,,,True
2022-04-26,SUNPHARMA,,,,,,,,,True
2022-04-27,ADANIGREEN,,,,,,,,,True
2022-04-27,ASIANPAINT,0.0,0.0,0.0,0.0,,,,,True
2022-04-27,AXISBANK,-0.5556,0.0,0.0,-0.2222,3.0,0.6667,0.0,True,False
2022-04-27,BAJAJ-AUTO,1.0,0.0,0.0,0.4,2.0,1.0,0.0,False,False
2022-04-27,HDFCBANK,0.0,0.0,0.0,0.0,2.0,0.5,0.0,True,False
2022-04-27,HINDUNILVR,,,,,,,,,True
2022-04-27,ICICIBANK,0.0,0.0,0.0,0.0,2.0,0.5,0.0,True,False
2022-04-27,ITC,0.0,0.0,1.0,0.25,,,,,True
2022-04-27,KOTAKBANK,0.5556,0.0,0.0,0.2222,3.0,0.6667,0.0,True,False
2022-04-27,M&M,1.0,0.0,0.0,0.4,1.0,1.0,0.0,True,False
2022-04-27,MARUTI,,,,,,,,,True
2022-04-27,NTPC,0.0,0.0,1.0,0.25,2.0,0.5,0.0,True,False
2022-04-27,ONGC,,,,,,,,,True
2022-04-27,POWERGRID,0.0,0.0,0.0,0.0,,,,,True
2022-04-27,RELIANCE,0.0,0.0,0.0,0.0,,,,,True
2022-04-27,SBIN,0.0,0.0,0.0,0.0,2.0,0.5,0.0,True,False
2022-04-27,TATAMOTORS,0.0,0.0,0.0,0.0,,,,,True
2022-04-27,TCS,0.0,0.0,1.0,0.25,,,,,True
2022-04-27,WIPRO,1.0,1.0,0.0,0.75,1.0,1.0,0.0,True,False
2022-04-27,CIPLA,0.0,0.0,1.0,0.25,,,,,True
2022-04-27,INFY,,,,,,,,,True
2022-04-27,DRREDDY,0.0,0.0,1.0,0.25,1.0,0.5,0.0,True,False
2022-04-27,HCLTECH,0.0,0.0,0.0,0.0,,,,,True
2022-04-27,TECHM,-1.0,0.0,0.0,-0.4,,,,,True
2022-04-27,SUNPHARMA,0.0,0.0,0.0,0.0,1.0,0.5,0.0,True,False
2022-04-28,ADANIGREEN,,,,,,,,,True
2022-04-28,ASIANPAINT,0.0,0.0,0.0,0.0,,,,,True
2022-04-28,AXISBANK,0.0,0.0,0.0,0.0,1.0,0.5,0.0,True,False
2022-04-28,BAJAJ-AUTO,1.0,0.0,0.0,0.4,,,,,True
2022-04-28,HDFCBANK,1.0,1.0,0.0,0.75,1.0,1.0,0.0,True,False
2022-04-28,HINDUNILVR,0.0,0.0,0.0,0.0,1.0,0.5,0.0,True,False
2022-04-28,ICICIBANK,0.0,0.0,0.0,0.0,,,,,True
2022-04-28,ITC,0.0,0.0,1.0,0.25,,,,,True
2022-04-28,KOTAKBANK,-1.0,0.0,0.0,-0.4,1.0,1.0,0.0,True,False
2022-04-28,M&M,-1.0,0.0,0.0,-0.4,1.0,1.0,0.0,True,False
2022-04-28,MARUTI,,,,,,,,,True
2022-04-28,NTPC,0.0,0.0,1.0,0.25,,,,,True
2022-04-28,ONGC,,,,,,,,,True
2022-04-28,POWERGRID,0.0,0.0,0.0,0.0,,,,,True
2022-04-28,RELIANCE,0.0,0.0,0.0,0.0,,,,,True
2022-04-28,SBIN,0.0,0.0,0.0,0.0,,,,,True
2022-04-28,TATAMOTORS,0.0,0.0,0.0,0.0,,,,,True
2022-04-28,TCS,0.0,0.0,1.0,0.25,,,,,True
2022-04-28,WIPRO,1.0,1.0,0.0,0.75,,,,,True
2022-04-28,CIPLA,1.0,1.0,0.0,0.75,1.0,1.0,0.0,True,False
2022-04-28,INFY,,,,,,,,,True
2022-04-28,DRREDDY,0.0,0.0,0.0,0.0,1.0,0.5,0.0,True,False
2022-04-28,HCLTECH,0.0,0.0,0.0,0.0,,,,,True
2022-04-28,TECHM,-1.0,0.0,0.0,-0.4,,,,,True
2022-04-28,SUNPHARMA,0.0,0.0,0.0,0.0,,,,,True
2022-04-29,ADANIGREEN,,,,,,,,,True
2022-04-29,ASIANPAINT,0.0,0.0,0.0,0.0,,,,,True
2022-04-29,AXISBANK,0.0,0.0,0.0,0.0,,,,,True
2022-04-29,BAJAJ-AUTO,1.0,0.0,0.0,0.4,,,,,True
2022-04-29,HDFCBANK,1.0,1.0,0.0,0.75,,,,,True
2022-04-29,HINDUNILVR,0.0,0.0,0.0,0.0,,,,,True
2022-04-29,ICICIBANK,0.0,0.0,0.0,0.0,,,,,True
2022-04-29,ITC,0.0,0.0,1.0,0.25,,,,,True
2022-04-29,KOTAKBANK,-1.0,0.0,0.0,-0.4,,,,,True
2022-04-29,M&M,-1.0,0.0,0.0,-0.4,,,,,True
2022-04-29,MARUTI,,,,,,,,,True
2022-04-29,NTPC,0.0,0.0,1.0,0.25,,,,,True
2022-04-29,ONGC,,,,,,,,,True
2022-04-29,POWERGRID,0.0,0.0,0.0,0.0,,,,,True
2022-04-29,RELIANCE,0.0,0.0,0.0,0.0,,,,,True
2022-04-29,SBIN,0.0,0.0,0.0,0.0,,,,,True
2022-04-29,TATAMOTORS,,,,,,,,,True
2022-04-29,TCS,0.0,0.0,1.0,0.25,,,,,True
2022-04-29,WIPRO,1.0,1.0,0.0,0.75,,,,,True
2022-04-29,CIPLA,1.0,1.0,0.0,0.75,,,,,True
2022-04-29,INFY,,,,,,,,,True
2022-04-29,DRREDDY,0.0,0.0,0.0,0.0,,,,,True
2022-04-29,HCLTECH,0.0,0.0,0.0,0.0,,,,,True
2022-04-29,TECHM,,,,,,,,,True
2022-04-29,SUNPHARMA,0.0,0.0,0.0,0.0,,,,,True
2022-05-02,ADANIGREEN,,,,,,,,,True
2022-05-02,ASIANPAINT,1.0,0.0,0.0,0.4,1.0,1.0,0.0,True,False
2022-05-02,AXISBANK,0.0,0.0,0.0,0.0,1.0,0.5,0.0,True,False
2022-05-02,BAJAJ-AUTO,1.0,0.0,0.0,0.4,,,,,True
2022-05-02,HDFCBANK,0.0,0.0,0.0,0.0,1.0,0.5,0.0,True,False
2022-05-02,HINDUNILVR,1.0,1.0,0.0,0.75,1.0,1.0,0.0,True,False
2022-05-02,ICICIBANK,-0.7143,0.0,0.0,-0.2857,2.0,0.75,0.0,True,False
2022-05-02,ITC,0.0,0.0,1.0,0.25,,,,,True
2022-05-02,KOTAKBANK,-0.7143,0.0,0.0,-0.2857,2.0,0.75,0.0,True,False
2022-05-02,M&M,-1.0,0.0,0.0,-0.4,1.0,1.0,0.0,True,False
2022-05-02,MARUTI,,,,,,,,,True
2022-05-02,NTPC,0.0,0.0,1.0,0.25,,,,,True
2022-05-02,ONGC,,,,,,,,,True
2022-05-02,POWERGRID,0.0,0.0,0.0,0.0,,,,,True
2022-05-02,RELIANCE,0.0,0.0,0.0,0.0,,,,,True
2022-05-02,SBIN,-0.7143,0.0,0.0,-0.2857,2.0,0.75,0.0,True,False
2022-05-02,TATAMOTORS,-1.0,0.0,0.0,-0.4,1.0,1.0,0.0,True,False
2022-05-02,TCS,0.0,0.0,1.0,0.25,,,,,True
2022-05-02,WIPRO,1.0,1.0,0.0,0.75,,,,,True
2022-05-02,CIPLA,1.0,1.0,0.0,0.75,1.0,1.0,0.0,True,False
2022-05-02,INFY,1.0,1.0,0.0,0.75,1.0,1.0,0.0,True,False
2022-05-02,DRREDDY,0.0,0.0,0.0,0.0,,,,,True
2022-05-02,HCLTECH,-1.0,0.0,0.0,-0.4,1.0,1.0,0.0,True,False
2022-05-02,TECHM,,,,,,,,,True
2022-05-02,SUNPHARMA,0.0,0.0,0.0,0.0,,,,,True
2022-05-03,ADANIGREEN,0.0,0.0,1.0,0.25,1.0,0.5,0.0,True,False
2022-05-03,ASIANPAINT,1.0,0.0,0.0,0.4,,,,,True
2022-05-03,AXISBANK,0.0,0.0,0.0,0.0,2.0,0.5,0.0,True,False
2022-05-03,BAJAJ-AUTO,1.0,0.0,0.0,0.4,,,,,True
2022-05-03,HDFCBANK,0.0,0.0,0.0,0.0,2.0,0.5,0.0,True,False
2022-05-03,HINDUNILVR,1.0,1.0,0.0,0.75,,,,,True
2022-05-03,ICICIBANK,0.0,0.0,0.0,0.0,2.0,0.5,0.0,True,False
2022-05-03,ITC,1.0,0.0,0.0,0.4,1.0,1.0,0.0,True,False
2022-05-03,KOTAKBANK,0.0,0.0,0.3333,0.0833,3.0,0.5,0.0,True,False
2022-05-03,M&M,0.0,0.0,1.0,0.25,1.0,0.5,0.0,True,False
2022-05-03,MARUTI,-1.0,0.0,0.0,-0.4,1.0,1.0,0.0,True,False
2022-05-03,NTPC,0.0,0.0,1.0,0.25,,,,,True
2022-05-03,ONGC,,,,,,,,,True
2022-05-03,POWERGRID,0.0,0.0,0.0,0.0,,,,,True
2022-05-03,RELIANCE,1.0,1.0,0.0,0.75,1.0,1.0,0.0,True,False
2022-05-03,SBIN,0.5556,0.0,0.0,0.2222,3.0,0.6667,0.0,True,False
2022-05-03,TATAMOTORS,-1.0,0.0,0.0,-0.4,,,,,True
2022-05-03,TCS,1.0,0.0,0.0,0.4,1.0,1.0,0.0,True,False
2022-05-03,WIPRO,1.0,1.0,0.0,0.75,,,,,True
2022-05-03,CIPLA,1.0,1.0,0.0,0.75,,,,,True
2022-05-03,INFY,1.0,1.0,0.0,0.75,,,,,True
2022-05-03,DRREDDY,0.0,0.0,0.0,0.0,,,,,True
2022-05-03,HCLTECH,-1.0,0.0,0.0,-0.4,,,,,True
2022-05-03,TECHM,,,,,,,,,True
2022-05-03,SUNPHARMA,0.0,0.0,1.0,0.25,1.0,0.5,0.0,True,False
2022-05-04,ADANIGREEN,0.0,0.0,1.0,0.25,,,,,True
2022-05-04,ASIANPAINT,0.0,0.0,1.0,0.25,1.0,0.5,0.0,True,False
2022-05-04,AXISBANK,0.0,0.0,0.0,0.0,,,,,True
2022-05-04,BAJAJ-AUTO,1.0,0.0,0.0,0.4,,,,,True
2022-05-04,HDFCBANK,0.0,0.0,0.0,0.0,1.0,0.5,0.0,True,False
2022-05-04,HINDUNILVR,1.0,1.0,0.0,0.75,,,,,True
2022-05-04,ICICIBANK,0.0,0.0,0.0,0.0,,,,,True
2022-05-04,ITC,1.0,0.0,0.0,0.4,,,,,True
2022-05-04,KOTAKBANK,0.0,0.0,0.3333,0.0833,,,,,True
2022-05-04,M&M,0.0,0.0,0.0,0.0,1.0,0.5,0.0,True,False
2022-05-04,MARUTI,-1.0,0.0,0.0,-0.4,,,,,True
2022-05-04,NTPC,0.0,0.0,1.0,0.25,,,,,True
2022-05-04,ONGC,,,,,,,,,True
2022-05-04,POWERGRID,,,,,,,,,True
2022-05-04,RELIANCE,1.0,1.0,0.0,0.75,,,,,True
2022-05-04,SBIN,0.5556,0.0,0.0,0.2222,,,,,True
2022-05-04,TATAMOTORS,-1.0,0.0,0.0,-0.4,,,,,True
2022-05-04,TCS,1.0,0.0,0.0,0.4,,,,,True
2022-05-04,WIPRO,1.0,1.0,0.0,0.75,,,,,True
2022-05-04,CIPLA,1.0,1.0,0.0,0.75,,,,,True
2022-05-04,INFY,1.0,1.0,0.0,0.75,,,,,True
2022-05-04,DRREDDY,0.0,0.0,0.0,0.0,,,,,True
2022-05-04,HCLTECH,-1.0,0.0,0.0,-0.4,,,,,True
2022-05-04,TECHM,,,,,,,,,True
2022-05-04,SUNPHARMA,0.0,0.0,1.0,0.25,,,,,True
2022-05-05,ADANIGREEN,0.0,0.0,1.0,0.25,,,,,True
2022-05-05,ASIANPAINT,0.0,0.0,1.0,0.25,,,,,True
2022-05-05,AXISBANK,0.0,0.0,0.0,0.0,1.0,0.5,0.0,True,False
2022-05-05,BAJAJ-AUTO,0.0,0.0,1.0,0.25,1.0,0.5,0.0,True,False
2022-05-05,HDFCBANK,0.0,0.0,0.0,0.0,1.0,0.5,0.0,True,False
2022-05-05,HINDUNILVR,0.0,0.0,0.5,0.125,2.0,0.5,0.0,True,False
2022-05-05,ICICIBANK,0.0,0.0,0.0,0.0,1.0,0.5,0.0,True,False
2022-05-05,ITC,1.0,0.0,0.0,0.4,,,,,True
2022-05-05,KOTAKBANK,0.0,0.0,0.0,0.0,1.0,0.5,0.0,True,False
2022-05-05,M&M,0.0,0.0,0.0,0.0,,,,,True
2022-05-05,MARUTI,0.0,0.0,0.0,0.0,1.0,0.5,0.0,True,False
2022-05-05,NTPC,,,,,,,,,True
2022-05-05,ONGC,,,,,,,,,True
2022-05-05,POWERGRID,,,,,,,,,True
2022-05-05,RELIANCE,1.0,1.0,0.0,0.75,,,,,True
2022-05-05,SBIN,0.0,0.0,0.0,0.0,2.0,0.5,0.0,True,False
2022-05-05,TATAMOTORS,-1.0,0.0,0.0,-0.4,,,,,True
2022-05-05,TCS,0.0,0.0,0.0,0.0,1.0,0.5,0.0,True,False
2022-05-05,WIPRO,,,,,,,,,True
2022-05-05,CIPLA,1.0,1.0,0.0,0.75,,,,,True
2022-05-05,INFY,0.0,0.0,0.5,0.125,2.0,0.5,0.0,True,False
2022-05-05,DRREDDY,1.0,1.0,0.0,0.75,1.0,1.0,0.0,True,False
2022-05-05,HCLTECH,-1.0,0.0,0.0,-0.4,1.0,1.0,0.0,True,False
2022-05-05,TECHM,,,,,,,,,True
2022-05-05,SUNPHARMA,0.0,0.0,1.0,0.25,,,,,True
2022-05-06,ADANIGREEN,0.0,0.0,1.0,0.25,,,,,True
2022-05-06,ASIANPAINT,0.0,0.0,1.0,0.25,,,,,True
2022-05-06,AXISBANK,0.0,0.0,0.0,0.0,,,,,True
2022-05-06,BAJAJ-AUTO,0.0,0.0,1.0,0.25,,,,,True
2022-05-06,HDFCBANK,0.0,0.0,0.0,0.0,,,,,True
2022-05-06,HINDUNILVR,0.0,0.0,0.5,0.125,,,,,True
2022-05-06,ICICIBANK,0.0,0.0,0.0,0.0,,,,,True
2022-05-06,ITC,1.0,0.0,0.0,0.4,,,,,True
2022-05-06,KOTAKBANK,0.0,0.0,0.0,0.0,,,,,True
2022-05-06,M&M,0.0,0.0,0.0,0.0,,,,,True
2022-05-06,MARUTI,0.0,0.0,0.0,0.0,,,,,True
2022-05-06,NTPC,,,,,,,,,True
2022-05-06,ONGC,,,,,,,,,True
2022-05-06,POWERGRID,,,,,,,,,True
2022-05-06,RELIANCE,1.0,1.0,0.0,0.75,,,,,True
2022-05-06,SBIN,0.0,0.0,0.0,0.0,,,,,True
2022-05-06,TATAMOTORS,-1.0,0.0,0.0,-0.4,,,,,True
2022-05-06,TCS,0.0,0.0,0.0,0.0,,,,,True
2022-05-06,WIPRO,,,,,,,,,True
2022-05-06,CIPLA,1.0,1.0,0.0,0.75,,,,,True
2022-05-06,INFY,0.0,0.0,0.5,0.125,,,,,True
2022-05-06,DRREDDY,1.0,1.0,0.0,0.75,,,,,True
2022-05-06,HCLTECH,-1.0,0.0,0.0,-0.4,,,,,True
2022-05-06,TECHM,,,,,,,,,True
2022-05-06,SUNPHARMA,0.0,0.0,1.0,0.25,,,,,True
2022-05-09,ADANIGREEN,0.0,0.0,1.0,0.25,,,,,True
2022-05-09,ASIANPAINT,-1.0,0.0,0.0,-0.4,1.0,1.0,0.0,True,False
2022-05-09,AXISBANK,0.0,0.0,0.0,0.0,1.0,0.5,0.0,True,False
2022-05-09,BAJAJ-AUTO,0.0,0.0,1.0,0.25,1.0,0.5,0.0,True,False
2022-05-09,HDFCBANK,0.0,0.0,0.0,0.0,1.0,0.5,0.0,True,False
2022-05-09,HINDUNILVR,0.0,0.0,0.5,0.125,,,,,True
2022-05-09,ICICIBANK,0.0,0.0,0.0,0.0,1.0,0.5,0.0,True,False
2022-05-09,ITC,1.0,0.0,0.0,0.4,,,,,True
2022-05-09,KOTAKBANK,0.0,0.0,0.0,0.0,1.0,0.5,0.0,True,False
2022-05-09,M&M,0.0,0.0,0.0,0.0,,,,,True
2022-05-09,MARUTI,0.0,0.0,0.0,0.0,1.0,0.5,0.0,True,False
2022-05-09,NTPC,,,,,,,,,True
2022-05-09,ONGC,,,,,,,,,True
2022-05-09,POWERGRID,-1.0,0.0,0.0,-0.4,1.0,1.0,0.0,True,False
2022-05-09,RELIANCE,1.0,1.0,0.0,0.75,,,,,True
2022-05-09,SBIN,0.0,0.0,0.0,0.0,1.0,0.5,0.0,True,False
2022-05-09,TATAMOTORS,-1.0,0.0,0.0,-0.4,,,,,True
2022-05-09,TCS,0.0,0.0,0.0,0.0,,,,,True
2022-05-09,WIPRO,,,,,,,,,True
2022-05-09,CIPLA,1.0,1.0,0.0,0.75,,,,,True
2022-05-09,INFY,0.0,0.0,0.5,0.125,,,,,True
2022-05-09,DRREDDY,1.0,0.5,0.0,0.575,2.0,1.0,0.0,False,False
2022-05-09,HCLTECH,-1.0,0.0,0.0,-0.4,,,,,True
2022-05-09,TECHM,,,,,,,,,True
2022-05-09,SUNPHARMA,0.0,0.0,1.0,0.25,,,,,True
2022-05-10,ADANIGREEN,0.0,0.0,1.0,0.25,,,,,True
2022-05-10,ASIANPAINT,-1.0,0.0,0.0,-0.4,,,,,True
2022-05-10,AXISBANK,0.0,0.0,0.0,0.0,,,,,True
2022-05-10,BAJAJ-AUTO,0.0,0.0,1.0,0.25,,,,,True
2022-05-10,HDFCBANK,0.0,0.0,0.0,0.0,,,,,True
2022-05-10,HINDUNILVR,0.0,0.0,0.5,0.125,,,,,True
2022-05-10,ICICIBANK,0.0,0.0,0.0,0.0,,,,,True
2022-05-10,ITC,1.0,0.0,0.0,0.4,,,,,True
2022-05-10,KOTAKBANK,0.0,0.0,0.0,0.0,,,,,True
2022-05-10,M&M,0.0,0.0,0.0,0.0,,,,,True
2022-05-10,MARUTI,0.0,0.0,0.0,0.0,,,,,True
2022-05-10,NTPC,0.0,0.0,1.0,0.25,1.0,0.5,0.0,True,False
2022-05-10,ONGC,,,,,,,,,True
2022-05-10,POWERGRID,1.0,1.0,0.0,0.75,1.0,1.0,0.0,True,False
2022-05-10,RELIANCE,1.0,1.0,0.0,0.75,,,,,True
2022-05-10,SBIN,0.0,0.0,0.0,0.0,,,,,True
2022-05-10,TATAMOTORS,1.0,1.0,0.0,0.75,1.0,1.0,0.0,True,False
2022-05-10,TCS,0.0,0.0,0.0,0.0,,,,,True
2022-05-10,WIPRO,,,,,,,,,True
2022-05-10,CIPLA,0.0,0.0,0.0,0.0,1.0,0.5,0.0,True,False
2022-05-10,INFY,0.0,0.0,0.5,0.125,,,,,True
2022-05-10,DRREDDY,1.0,0.5,0.0,0.575,,,,,True
2022-05-10,HCLTECH,-1.0,0.0,0.0,-0.4,,,,,True
2022-05-10,TECHM,,,,,,,,,True
2022-05-10,SUNPHARMA,0.0,0.0,1.0,0.25,,,,,True
2022-05-11,ADANIGREEN,1.0,1.0,1.0,1.0,1.0,1.0,0.0,True,False
2022-05-11,ASIANPAINT,-1.0,0.0,0.0,-0.4,,,,,True
2022-05-11,AXISBANK,0.0,0.0,0.0,0.0,,,,,True
2022-05-11,BAJAJ-AUTO,0.0,0.0,1.0,0.25,,,,,True
2022-05-11,HDFCBANK,0.0,0.0,0.0,0.0,,,,,True
2022-05-11,HINDUNILVR,0.0,0.0,0.5,0.125,,,,,True
2022-05-11,ICICIBANK,0.0,0.0,0.0,0.0,,,,,True
2022-05-11,ITC,,,,,,,,,True
2022-05-11,KOTAKBANK,0.0,0.0,0.0,0.0,1.0,0.5,0.0,True,False
2022-05-11,M&M,0.0,0.0,0.0,0.0,1.0,0.5,0.0,True,False
2022-05-11,MARUTI,0.0,0.0,0.0,0.0,,,,,True
2022-05-11,NTPC,1.0,0.0,1.0,0.65,1.0,1.0,0.0,True,False
2022-05-11,ONGC,1.0,0.0,0.0,0.4,1.0,1.0,0.0,True,False
2022-05-11,POWERGRID,1.0,1.0,0.0,0.75,,,,,True
2022-05-11,RELIANCE,,,,,,,,,True
2022-05-11,SBIN,0.0,0.0,0.0,0.0,,,,,True
2022-05-11,TATAMOTORS,1.0,1.0,0.0,0.75,,,,,True
2022-05-11,TCS,0.0,0.0,0.0,0.0,,,,,True
2022-05-11,WIPRO,,,,,,,,,True
2022-05-11,CIPLA,0.0,0.0,1.0,0.25,1.0,0.5,0.0,True,False
2022-05-11,INFY,0.0,0.0,0.5,0.125,,,,,True
2022-05-11,DRREDDY,1.0,0.0,0.0,0.4,1.0,1.0,0.0,True,False
2022-05-11,HCLTECH,-1.0,0.0,0.0,-0.4,,,,,True
2022-05-11,TECHM,,,,,,,,,True
2022-05-11,SUNPHARMA,,,,,,,,,True
2022-05-12,ADANIGREEN,1.0,1.0,1.0,1.0,,,,,True
2022-05-12,ASIANPAINT,-1.0,0.0,0.0,-0.4,,,,,True
2022-05-12,AXISBANK,0.0,0.0,0.0,0.0,,,,,True
2022-05-12,BAJAJ-AUTO,0.0,0.0,1.0,0.25,,,,,True
2022-05-12,HDFCBANK,0.0,0.0,0.0,0.0,,,,,True
2022-05-12,HINDUNILVR,0.0,0.0,0.5,0.125,,,,,True
2022-05-12,ICICIBANK,0.0,0.0,0.0,0.0,,,,,True
2022-05-12,ITC,,,,,,,,,True
2022-05-12,KOTAKBANK,0.0,0.0,0.0,0.0,1.0,0.5,0.0,True,False
2022-05-12,M&M,0.0,0.0,0.0,0.0,2.0,0.5,0.0,True,False
2022-05-12,MARUTI,0.0,0.0,0.0,0.0,,,,,True
2022-05-12,NTPC,1.0,0.0,1.0,0.65,,,,,True
2022-05-12,ONGC,1.0,0.0,0.0,0.4,,,,,True
2022-05-12,POWERGRID,0.0,0.0,0.0,0.0,1.0,0.5,0.0,True,False
2022-05-12,RELIANCE,,,,,,,,,True
2022-05-12,SBIN,0.0,0.0,0.0,0.0,,,,,True
2022-05-12,TATAMOTORS,1.0,1.0,0.0,0.75,,,,,True
2022-05-12,TCS,0.0,0.0,0.0,0.0,,,,,True
2022-05-12,WIPRO,,,,,,,,,True
2022-05-12,CIPLA,0.0,0.0,0.0,0.0,1.0,0.5,0.0,True,False
2022-05-12,INFY,0.0,0.0,0.5,0.125,,,,,True
2022-05-12,DRREDDY,1.0,0.0,0.0,0.4,,,,,True
2022-05-12,HCLTECH,-1.0,0.0,0.0,-0.4,,,,,True
2022-05-12,TECHM,0.0,0.0,0.0,0.0,1.0,0.5,0.0,True,False
2022-05-12,SUNPHARMA,,,,,,,,,True
2022-05-13,ADANIGREEN,1.0,1.0,1.0,1.0,,,,,True
2022-05-13,ASIANPAINT,-1.0,0.0,0.0,-0.4,,,,,True
2022-05-13,AXISBANK,0.0,0.0,0.0,0.0,,,,,True
2022-05-13,BAJAJ-AUTO,0.0,0.0,1.0,0.25,,,,,True
2022-05-13,HDFCBANK,0.0,0.0,0.0,0.0,,,,,True
2022-05-13,HINDUNILVR,,,,,,,,,True
2022-05-13,ICICIBANK,0.0,0.0,0.0,0.0,,,,,True
2022-05-13,ITC,,,,,,,,,True
2022-05-13,KOTAKBANK,0.0,0.0,0.0,0.0,,,,,True
2022-05-13,M&M,0.0,0.0,0.0,0.0,,,,,True
2022-05-13,MARUTI,0.0,0.0,0.0,0.0,,,,,True
2022-05-13,NTPC,1.0,0.0,1.0,0.65,,,,,True
2022-05-13,ONGC,1.0,0.0,0.0,0.4,,,,,True
2022-05-13,POWERGRID,0.0,0.0,0.0,0.0,,,,,True
2022-05-13,RELIANCE,,,,,,,,,True
2022-05-13,SBIN,0.0,0.0,0.0,0.0,,,,,True
2022-05-13,TATAMOTORS,1.0,1.0,0.0,0.75,,,,,True
2022-05-13,TCS,,,,,,,,,True
2022-05-13,WIPRO,,,,,,,,,True
2022-05-13,CIPLA,0.0,0.0,0.0,0.0,,,,,True
2022-05-13,INFY,,,,,,,,,True
2022-05-13,DRREDDY,1.0,0.0,0.0,0.4,,,,,True
2022-05-13,HCLTECH,,,,,,,,,True
2022-05-13,TECHM,0.0,0.0,0.0,0.0,,,,,True
2022-05-13,SUNPHARMA,,,,,,,,,True
2022-05-16,ADANIGREEN,1.0,1.0,1.0,1.0,,,,,True
2022-05-16,ASIANPAINT,-1.0,0.0,0.0,-0.4,,,,,True
2022-05-16,AXISBANK,0.0,0.0,0.0,0.0,,,,,True
2022-05-16,BAJAJ-AUTO,0.0,0.0,1.0,0.25,,,,,True
2022-05-16,HDFCBANK,0.0,0.0,1.0,0.25,1.0,0.5,0.0,True,False
2022-05-16,HINDUNILVR,,,,,,,,,True
2022-05-16,ICICIBANK,0.0,0.0,0.0,0.0,,,,,True
2022-05-16,ITC,,,,,,,,,True
2022-05-16,KOTAKBANK,0.0,0.0,0.0,0.0,,,,,True
2022-05-16,M&M,1.0,0.0,0.0,0.4,1.0,1.0,0.0,True,False
2022-05-16,MARUTI,0.0,0.0,0.0,0.0,,,,,True
2022-05-16,NTPC,1.0,0.0,1.0,0.65,,,,,True
2022-05-16,ONGC,1.0,0.0,0.0,0.4,,,,,True
2022-05-16,POWERGRID,0.0,0.0,0.0,0.0,,,,,True
2022-05-16,RELIANCE,,,,,,,,,True
2022-05-16,SBIN,0.0,0.0,0.0,0.0,1.0,0.5,0.0,True,False
2022-05-16,TATAMOTORS,1.0,1.0,0.0,0.75,,,,,True
2022-05-16,TCS,,,,,,,,,True
2022-05-16,WIPRO,,,,,,,,,True
2022-05-16,CIPLA,0.0,0.0,0.0,0.0,,,,,True
2022-05-16,INFY,0.0,0.0,1.0,0.25,1.0,0.5,0.0,True,False
2022-05-16,DRREDDY,1.0,0.0,0.0,0.4,,,,,True
2022-05-16,HCLTECH,,,,,,,,,True
2022-05-16,TECHM,1.0,0.0,0.0,0.4,1.0,1.0,0.0,True,False
2022-05-16,SUNPHARMA,,,,,,,,,True
2022-05-17,ADANIGREEN,1.0,1.0,1.0,1.0,,,,,True
2022-05-17,ASIANPAINT,,,,,,,,,True
2022-05-17,AXISBANK,,,,,,,,,True
2022-05-17,BAJAJ-AUTO,,,,,,,,,True
2022-05-17,HDFCBANK,0.0,0.0,1.0,0.25,,,,,True
2022-05-17,HINDUNILVR,0.0,0.0,0.0,0.0,1.0,0.5,0.0,True,False
2022-05-17,ICICIBANK,,,,,,,,,True
2022-05-17,ITC,,,,,,,,,True
2022-05-17,KOTAKBANK,0.0,0.0,0.0,0.0,,,,,True
2022-05-17,M&M,1.0,0.0,0.0,0.4,,,,,True
2022-05-17,MARUTI,,,,,,,,,True
2022-05-17,NTPC,1.0,0.0,1.0,0.65,,,,,True
2022-05-17,ONGC,0.0,0.0,1.0,0.25,1.0,0.5,0.0,True,False
2022-05-17,POWERGRID,-1.0,0.0,0.0,-0.4,1.0,1.0,0.0,True,False
2022-05-17,RELIANCE,,,,,,,,,True
2022-05-17,SBIN,0.0,0.0,0.0,0.0,,,,,True
2022-05-17,TATAMOTORS,1.0,1.0,0.0,0.75,,,,,True
2022-05-17,TCS,1.0,1.0,0.0,0.75,1.0,1.0,0.0,True,False
2022-05-17,WIPRO,,,,,,,,,True
2022-05-17,CIPLA,0.0,0.0,1.0,0.25,1.0,0.5,0.0,True,False
2022-05-17,INFY,0.0,0.0,1.0,0.25,,,,,True
2022-05-17,DRREDDY,1.0,0.0,0.0,0.4,,,,,True
2022-05-17,HCLTECH,,,,,,,,,True
2022-05-17,TECHM,1.0,0.0,0.0,0.4,,,,,True
2022-05-17,SUNPHARMA,0.0,0.0,0.0,0.0,2.0,0.5,0.0,True,False
2022-05-18,ADANIGREEN,1.0,1.0,1.0,1.0,,,,,True
2022-05-18,ASIANPAINT,,,,,,,,,True
2022-05-18,AXISBANK,1.0,0.0,0.0,0.4,1.0,1.0,0.0,True,False
2022-05-18,BAJAJ-AUTO,,,,,,,,,True
2022-05-18,HDFCBANK,0.0,0.0,1.0,0.25,,,,,True
2022-05-18,HINDUNILVR,-1.0,-1.0,0.0,-0.75,1.0,1.0,0.0,True,False
2022-05-18,ICICIBANK,,,,,,,,,True
2022-05-18,ITC,,,,,,,,,True
2022-05-18,KOTAKBANK,0.0,0.0,0.0,0.0,,,,,True
2022-05-18,M&M,0.0,0.0,0.0,0.0,1.0,0.5,0.0,True,False
2022-05-18,MARUTI,,,,,,,,,True
2022-05-18,NTPC,1.0,0.0,1.0,0.65,,,,,True
2022-05-18,ONGC,0.0,0.0,1.0,0.25,,,,,True
2022-05-18,POWERGRID,-1.0,0.0,0.0,-0.4,,,,,True
2022-05-18,RELIANCE,,,,,,,,,True
2022-05-18,SBIN,0.0,0.0,0.0,0.0,,,,,True
2022-05-18,TATAMOTORS,,,,,,,,,True
2022-05-18,TCS,1.0,1.0,0.0,0.75,,,,,True
2022-05-18,WIPRO,,,,,,,,,True
2022-05-18,CIPLA,0.0,0.0,1.0,0.25,,,,,True
2022-05-18,INFY,1.0,1.0,0.0,0.75,1.0,1.0,0.0,True,False
2022-05-18,DRREDDY,1.0,0.0,0.0,0.4,,,,,True
2022-05-18,HCLTECH,0.0,0.0,0.0,0.0,1.0,0.5,0.0,True,False
2022-05-18,TECHM,0.0,0.0,0.0,0.0,1.0,0.5,0.0,True,False
2022-05-18,SUNPHARMA,0.0,0.0,0.0,0.0,,,,,True
2022-05-19,ADANIGREEN,,,,,,,,,True
2022-05-19,ASIANPAINT,,,,,,,,,True
2022-05-19,AXISBANK,1.0,0.0,0.0,0.4,,,,,True
2022-05-19,BAJAJ-AUTO,1.0,0.0,0.0,0.4,1.0,1.0,0.0,True,False
2022-05-19,HDFCBANK,0.0,0.0,1.0,0.25,1.0,0.5,0.0,True,False
2022-05-19,HINDUNILVR,-1.0,-1.0,0.0,-0.75,,,,,True
2022-05-19,ICICIBANK,1.0,0.0,0.0,0.4,1.0,1.0,0.0,True,False
2022-05-19,ITC,,,,,,,,,True
2022-05-19,KOTAKBANK,0.0,0.0,0.0,0.0,,,,,True
2022-05-19,M&M,-1.0,0.0,0.0,-0.4,1.0,1.0,0.0,True,False
2022-05-19,MARUTI,,,,,,,,,True
2022-05-19,NTPC,,,,,,,,,True
2022-05-19,ONGC,0.0,0.0,1.0,0.25,,,,,True
2022-05-19,POWERGRID,-1.0,0.0,0.0,-0.4,,,,,True
2022-05-19,RELIANCE,,,,,,,,,True
2022-05-19,SBIN,0.0,0.0,0.0,0.0,,,,,True
2022-05-19,TATAMOTORS,,,,,,,,,True
2022-05-19,TCS,0.0,0.0,1.0,0.25,1.0,0.5,0.0,True,False
2022-05-19,WIPRO,,,,,,,,,True
2022-05-19,CIPLA,0.0,0.0,1.0,0.25,,,,,True
2022-05-19,INFY,1.0,1.0,0.0,0.75,,,,,True
2022-05-19,DRREDDY,0.0,0.0,0.0,0.0,1.0,0.5,0.0,True,False
2022-05-19,HCLTECH,0.0,0.0,0.0,0.0,,,,,True
2022-05-19,TECHM,-1.0,0.0,0.0,-0.4,1.0,1.0,0.0,True,False
2022-05-19,SUNPHARMA,0.0,0.0,0.0,0.0,,,,,True
2022-05-20,ADANIGREEN,,,,,,,,,True
2022-05-20,ASIANPAINT,,,,,,,,,True
2022-05-20,AXISBANK,1.0,0.0,0.0,0.4,,,,,True
2022-05-20,BAJAJ-AUTO,1.0,0.0,0.0,0.4,,,,,True
2022-05-20,HDFCBANK,0.0,0.0,1.0,0.25,,,,,True
2022-05-20,HINDUNILVR,-1.0,-1.0,0.0,-0.75,,,,,True
2022-05-20,ICICIBANK,1.0,0.0,0.0,0.4,,,,,True
2022-05-20,ITC,,,,,,,,,True
2022-05-20,KOTAKBANK,,,,,,,,,True
2022-05-20,M&M,-1.0,0.0,0.0,-0.4,,,,,True
2022-05-20,MARUTI,,,,,,,,,True
2022-05-20,NTPC,,,,,,,,,True
2022-05-20,ONGC,0.0,0.0,1.0,0.25,,,,,True
2022-05-20,POWERGRID,-1.0,0.0,0.0,-0.4,,,,,True
2022-05-20,RELIANCE,,,,,,,,,True
2022-05-20,SBIN,0.0,0.0,0.0,0.0,,,,,True
2022-05-20,TATAMOTORS,,,,,,,,,True
2022-05-20,TCS,0.0,0.0,1.0,0.25,,,,,True
2022-05-20,WIPRO,,,,,,,,,True
2022-05-20,CIPLA,0.0,0.0,1.0,0.25,,,,,True
2022-05-20,INFY,1.0,1.0,0.0,0.75,,,,,True
2022-05-20,DRREDDY,0.0,0.0,0.0,0.0,,,,,True
2022-05-20,HCLTECH,0.0,0.0,0.0,0.0,,,,,True
2022-05-20,TECHM,-1.0,0.0,0.0,-0.4,,,,,True
2022-05-20,SUNPHARMA,0.0,0.0,0.0,0.0,,,,,True
2022-05-23,ADANIGREEN,,,,,,,,,True
2022-05-23,ASIANPAINT,,,,,,,,,True
2022-05-23,AXISBANK,1.0,0.0,0.0,0.4,,,,,True
2022-05-23,BAJAJ-AUTO,1.0,0.0,0.0,0.4,,,,,True
2022-05-23,HDFCBANK,0.0,0.0,1.0,0.25,,,,,True
2022-05-23,HINDUNILVR,-1.0,-1.0,0.0,-0.75,,,,,True
2022-05-23,ICICIBANK,1.0,0.0,0.0,0.4,,,,,True
2022-05-23,ITC,0.0,0.0,1.0,0.25,1.0,0.5,0.0,True,False
2022-05-23,KOTAKBANK,0.0,0.0,1.0,0.25,1.0,0.5,0.0,True,False
2022-05-23,M&M,0.0,0.0,0.5,0.125,2.0,0.5,0.0,True,False
2022-05-23,MARUTI,,,,,,,,,True
2022-05-23,NTPC,,,,,,,,,True
2022-05-23,ONGC,0.0,0.0,1.0,0.25,,,,,True
2022-05-23,POWERGRID,-1.0,0.0,0.0,-0.4,,,,,True
2022-05-23,RELIANCE,,,,,,,,,True
2022-05-23,SBIN,0.0,0.0,0.0,0.0,,,,,True
2022-05-23,TATAMOTORS,,,,,,,,,True
2022-05-23,TCS,0.0,0.0,1.0,0.25,,,,,True
2022-05-23,WIPRO,,,,,,,,,True
2022-05-23,CIPLA,0.0,0.0,1.0,0.25,,,,,True
2022-05-23,INFY,1.0,1.0,0.0,0.75,1.0,1.0,0.0,True,False
2022-05-23,DRREDDY,0.0,0.0,0.0,0.0,,,,,True
2022-05-23,HCLTECH,0.0,0.0,0.0,0.0,,,,,True
2022-05-23,TECHM,0.0,0.0,0.0,0.0,1.0,0.5,0.0,True,False
2022-05-23,SUNPHARMA,0.0,0.0,0.0,0.0,,,,,True
2022-05-24,ADANIGREEN,,,,,,,,,True
2022-05-24,ASIANPAINT,,,,,,,,,True
2022-05-24,AXISBANK,0.0,0.0,0.5,0.125,2.0,0.5,0.0,True,False
2022-05-24,BAJAJ-AUTO,1.0,0.0,0.0,0.4,,,,,True
2022-05-24,HDFCBANK,0.0,0.0,0.0,0.0,1.0,0.5,0.0,True,False
2022-05-24,HINDUNILVR,-1.0,-1.0,0.0,-0.75,,,,,True
2022-05-24,ICICIBANK,0.0,0.0,0.0,0.0,1.0,0.5,0.0,True,False
2022-05-24,ITC,1.0,0.0,0.0,0.4,1.0,1.0,0.0,True,False
2022-05-24,KOTAKBANK,0.0,0.0,0.0,0.0,1.0,0.5,0.0,True,False
2022-05-24,M&M,0.0,0.0,0.5,0.125,,,,,True
2022-05-24,MARUTI,,,,,,,,,True
2022-05-24,NTPC,,,,,,,,,True
2022-05-24,ONGC,0.0,0.0,1.0,0.25,,,,,True
2022-05-24,POWERGRID,-1.0,0.0,0.0,-0.4,,,,,True
2022-05-24,RELIANCE,,,,,,,,,True
2022-05-24,SBIN,0.0,0.0,0.0,0.0,1.0,0.5,0.0,True,False
2022-05-24,TATAMOTORS,,,,,,,,,True
2022-05-24,TCS,1.0,1.0,0.0,0.75,1.0,1.0,0.0,True,False
2022-05-24,WIPRO,,,,,,,,,True
2022-05-24,CIPLA,0.0,0.0,1.0,0.25,,,,,True
2022-05-24,INFY,1.0,1.0,0.0,0.75,,,,,True
2022-05-24,DRREDDY,0.0,0.0,0.0,0.0,,,,,True
2022-05-24,HCLTECH,0.0,0.0,0.0,0.0,,,,,True
2022-05-24,TECHM,0.0,0.0,0.0,0.0,,,,,True
2022-05-24,SUNPHARMA,0.0,0.0,0.0,0.0,,,,,True
2022-05-25,ADANIGREEN,,,,,,,,,True
2022-05-25,ASIANPAINT,,,,,,,,,True
2022-05-25,AXISBANK,0.0,0.0,0.5,0.125,,,,,True
2022-05-25,BAJAJ-AUTO,1.0,0.0,0.0,0.4,,,,,True
2022-05-25,HDFCBANK,1.0,1.0,0.0,0.75,1.0,1.0,0.0,True,False
2022-05-25,HINDUNILVR,-1.0,-1.0,0.0,-0.75,,,,,True
2022-05-25,ICICIBANK,0.0,0.0,0.0,0.0,,,,,True
2022-05-25,ITC,0.0,0.0,1.0,0.25,1.0,0.5,0.0,True,False
2022-05-25,KOTAKBANK,0.0,0.0,0.0,0.0,,,,,True
2022-05-25,M&M,1.0,0.0,0.0,0.4,1.0,1.0,0.0,True,False
2022-05-25,MARUTI,1.0,1.0,0.0,0.75,1.0,1.0,0.0,True,False
2022-05-25,NTPC,,,,,,,,,True
2022-05-25,ONGC,,,,,,,,,True
2022-05-25,POWERGRID,,,,,,,,,True
2022-05-25,RELIANCE,,,,,,,,,True
2022-05-25,SBIN,0.0,0.0,0.0,0.0,,,,,True
2022-05-25,TATAMOTORS,1.0,1.0,0.0,0.75,1.0,1.0,0.0,True,False
2022-05-25,TCS,1.0,1.0,0.0,0.75,,,,,True
2022-05-25,WIPRO,0.5,0.0,0.5,0.325,2.0,0.75,0.0,True,False
2022-05-25,CIPLA,,,,,,,,,True
2022-05-25,INFY,1.0,1.0,0.0,0.75,,,,,True
2022-05-25,DRREDDY,0.0,0.0,0.0,0.0,1.0,0.5,0.0,True,False
2022-05-25,HCLTECH,0.0,0.0,0.0,0.0,,,,,True
2022-05-25,TECHM,0.0,0.0,0.0,0.0,,,,,True
2022-05-25,SUNPHARMA,,,,,,,,,True
2022-05-26,ADANIGREEN,,,,,,,,,True
2022-05-26,ASIANPAINT,,,,,,,,,True
2022-05-26,AXISBANK,0.0,0.0,0.5,0.125,,,,,True
2022-05-26,BAJAJ-AUTO,1.0,0.0,0.0,0.4,,,,,True
2022-05-26,HDFCBANK,0.0,0.0,0.0,0.0,1.0,0.5,0.0,True,False
2022-05-26,HINDUNILVR,,,,,,,,,True
2022-05-26,ICICIBANK,0.0,0.0,0.0,0.0,1.0,0.5,0.0,True,False
2022-05-26,ITC,0.0,0.0,1.0,0.25,,,,,True
2022-05-26,KOTAKBANK,0.0,0.0,0.0,0.0,,,,,True
2022-05-26,M&M,1.0,0.0,0.0,0.4,,,,,True
2022-05-26,MARUTI,1.0,1.0,0.0,0.75,1.0,1.0,0.0,True,False
2022-05-26,NTPC,,,,,,,,,True
2022-05-26,ONGC,,,,,,,,,True
2022-05-26,POWERGRID,,,,,,,,,True
2022-05-26,RELIANCE,,,,,,,,,True
2022-05-26,SBIN,1.0,1.0,0.0,0.75,1.0,1.0,0.0,True,False
2022-05-26,TATAMOTORS,1.0,1.0,0.0,0.75,,,,,True
2022-05-26,TCS,1.0,1.0,0.0,0.75,,,,,True
2022-05-26,WIPRO,0.5,0.0,0.5,0.325,,,,,True
2022-05-26,CIPLA,,,,,,,,,True
2022-05-26,INFY,1.0,1.0,0.0,0.75,,,,,True
2022-05-26,DRREDDY,0.0,0.0,0.0,0.0,,,,,True
2022-05-26,HCLTECH,,,,,,,,,True
2022-05-26,TECHM,0.0,0.0,0.0,0.0,,,,,True
2022-05-26,SUNPHARMA,0.0,0.0,1.0,0.25,1.0,0.5,0.0,True,False
2022-05-27,ADANIGREEN,,,,,,,,,True
2022-05-27,ASIANPAINT,,,,,,,,,True
2022-05-27,AXISBANK,0.0,0.0,0.5,0.125,,,,,True
2022-05-27,BAJAJ-AUTO,,,,,,,,,True
2022-05-27,HDFCBANK,0.0,0.0,0.0,0.0,,,,,True
2022-05-27,HINDUNILVR,,,,,,,,,True
2022-05-27,ICICIBANK,0.0,0.0,0.0,0.0,,,,,True
2022-05-27,ITC,0.0,0.0,1.0,0.25,,,,,True
2022-05-27,KOTAKBANK,0.0,0.0,0.0,0.0,,,,,True
2022-05-27,M&M,1.0,0.0,0.0,0.4,,,,,True
2022-05-27,MARUTI,1.0,1.0,0.0,0.75,,,,,True
2022-05-27,NTPC,,,,,,,,,True
2022-05-27,ONGC,,,,,,,,,True
2022-05-27,POWERGRID,,,,,,,,,True
2022-05-27,RELIANCE,,,,,,,,,True
2022-05-27,SBIN,1.0,1.0,0.0,0.75,,,,,True
2022-05-27,TATAMOTORS,1.0,1.0,0.0,0.75,,,,,True
2022-05-27,TCS,1.0,1.0,0.0,0.75,,,,,True
2022-05-27,WIPRO,0.5,0.0,0.5,0.325,,,,,True
2022-05-27,CIPLA,,,,,,,,,True
2022-05-27,INFY,1.0,1.0,0.0,0.75,,,,,True
2022-05-27,DRREDDY,0.0,0.0,0.0,0.0,,,,,True
2022-05-27,HCLTECH,,,,,,,,,True
2022-05-27,TECHM,0.0,0.0,0.0,0.0,,,,,True
2022-05-27,SUNPHARMA,0.0,0.0,1.0,0.25,,,,,True
2022-05-30,ADANIGREEN,,,,,,,,,True
2022-05-30,ASIANPAINT,,,,,,,,,True
2022-05-30,AXISBANK,0.0,0.0,0.5,0.125,2.0,0.5,0.0,True,False
2022-05-30,BAJAJ-AUTO,,,,,,,,,True
2022-05-30,HDFCBANK,0.0,0.0,0.0,0.0,1.0,0.5,0.0,True,False
2022-05-30,HINDUNILVR,,,,,,,,,True
2022-05-30,ICICIBANK,0.0,0.0,0.0,0.0,1.0,0.5,0.0,True,False
2022-05-30,ITC,0.0,0.0,1.0,0.25,,,,,True
2022-05-30,KOTAKBANK,0.0,0.0,0.0,0.0,1.0,0.5,0.0,True,False
2022-05-30,M&M,1.0,0.0,0.0,0.4,,,,,True
2022-05-30,MARUTI,1.0,1.0,0.0,0.75,,,,,True
2022-05-30,NTPC,,,,,,,,,True
2022-05-30,ONGC,,,,,,,,,True
2022-05-30,POWERGRID,,,,,,,,,True
2022-05-30,RELIANCE,,,,,,,,,True
2022-05-30,SBIN,0.0,0.0,0.0,0.0,1.0,0.5,0.0,True,False
2022-05-30,TATAMOTORS,0.0,0.0,1.0,0.25,1.0,0.5,0.0,True,False
2022-05-30,TCS,1.0,1.0,0.0,0.75,,,,,True
2022-05-30,WIPRO,1.0,0.0,0.0,0.4,1.0,1.0,0.0,True,False
2022-05-30,CIPLA,,,,,,,,,True
2022-05-30,INFY,1.0,1.0,0.0,0.75,,,,,True
2022-05-30,DRREDDY,0.0,0.0,0.0,0.0,,,,,True
2022-05-30,HCLTECH,,,,,,,,,True
2022-05-30,TECHM,0.0,0.0,0.0,0.0,,,,,True
2022-05-30,SUNPHARMA,0.0,0.0,1.0,0.25,,,,,True
2022-05-31,ADANIGREEN,,,,,,,,,True
2022-05-31,ASIANPAINT,0.0,0.0,1.0,0.25,1.0,0.5,0.0,True,False
2022-05-31,AXISBANK,0.7143,0.5,0.0,0.4607,2.0,0.75,0.0,True,False
2022-05-31,BAJAJ-AUTO,,,,,,,,,True
2022-05-31,HDFCBANK,0.0,0.0,0.0,0.0,1.0,0.5,0.0,True,False
2022-05-31,HINDUNILVR,,,,,,,,,True
2022-05-31,ICICIBANK,0.0,0.0,0.0,0.0,1.0,0.5,0.0,True,False
2022-05-31,ITC,0.0,0.0,1.0,0.25,,,,,True
2022-05-31,KOTAKBANK,0.0,0.0,0.0,0.0,2.0,0.5,0.0,True,False
2022-05-31,M&M,0.0,0.0,0.0,0.0,1.0,0.5,0.0,True,False
2022-05-31,MARUTI,1.0,1.0,0.0,0.75,,,,,True
2022-05-31,NTPC,,,,,,,,,True
2022-05-31,ONGC,,,,,,,,,True
2022-05-31,POWERGRID,1.0,0.0,0.0,0.4,1.0,1.0,0.0,True,False
2022-05-31,RELIANCE,,,,,,,,,True
2022-05-31,SBIN,0.0,0.0,0.0,0.0,1.0,0.5,0.0,True,False
2022-05-31,TATAMOTORS,0.0,0.0,1.0,0.25,,,,,True
2022-05-31,TCS,1.0,1.0,0.0,0.75,,,,,True
2022-05-31,WIPRO,1.0,0.0,0.0,0.4,,,,,True
2022-05-31,CIPLA,0.0,0.0,1.0,0.25,1.0,0.5,0.0,True,False
2022-05-31,INFY,1.0,0.0,0.0,0.4,1.0,1.0,0.0,True,False
2022-05-31,DRREDDY,0.0,0.0,0.0,0.0,,,,,True
2022-05-31,HCLTECH,,,,,,,,,True
2022-05-31,TECHM,,,,,,,,,True
2022-05-31,SUNPHARMA,0.0,0.0,1.0,0.25,1.0,0.5,0.0,True,False
2022-06-01,ADANIGREEN,1.0,1.0,1.0,1.0,1.0,1.0,0.0,True,False
2022-06-01,ASIANPAINT,0.0,0.0,1.0,0.25,,,,,True
2022-06-01,AXISBANK,1.0,0.0,0.0,0.4,1.0,1.0,0.0,True,False
2022-06-01,BAJAJ-AUTO,,,,,,,,,True
2022-06-01,HDFCBANK,1.0,0.0,0.0,0.4,2.0,1.0,0.0,False,False
2022-06-01,HINDUNILVR,,,,,,,,,True
2022-06-01,ICICIBANK,1.0,0.0,0.0,0.4,1.0,1.0,0.0,True,False
2022-06-01,ITC,0.0,0.0,1.0,0.25,1.0,0.5,0.0,True,False
2022-06-01,KOTAKBANK,1.0,0.0,0.0,0.4,1.0,1.0,0.0,True,False
2022-06-01,M&M,0.0,0.0,0.0,0.0,,,,,True
2022-06-01,MARUTI,0.0,0.0,0.0,0.0,1.0,0.5,0.0,True,False
2022-06-01,NTPC,,,,,,,,,True
2022-06-01,ONGC,1.0,0.0,0.0,0.4,1.0,1.0,0.0,True,False
2022-06-01,POWERGRID,1.0,0.0,0.0,0.4,,,,,True
2022-06-01,RELIANCE,,,,,,,,,True
2022-06-01,SBIN,1.0,0.0,0.0,0.4,1.0,1.0,0.0,True,False
2022-06-01,TATAMOTORS,0.0,0.0,1.0,0.25,,,,,True
2022-06-01,TCS,,,,,,,,,True
2022-06-01,WIPRO,1.0,0.0,0.0,0.4,,,,,True
2022-06-01,CIPLA,0.0,0.0,0.0,0.0,1.0,0.5,0.0,True,False
2022-06-01,INFY,1.0,0.0,0.0,0.4,,,,,True
2022-06-01,DRREDDY,0.0,0.0,0.0,0.0,,,,,True
2022-06-01,HCLTECH,0.0,0.0,1.0,0.25,1.0,0.5,0.0,True,False
2022-06-01,TECHM,,,,,,,,,True
2022-06-01,SUNPHARMA,0.0,0.0,1.0,0.25,,,,,True
2022-06-02,ADANIGREEN,1.0,1.0,1.0,1.0,,,,,True
2022-06-02,ASIANPAINT,1.0,0.0,0.0,0.4,1.0,1.0,0.0,True,False
2022-06-02,AXISBANK,0.0,0.0,0.0,0.0,1.0,0.5,0.0,True,False
2022-06-02,BAJAJ-AUTO,,,,,,,,,True
2022-06-02,HDFCBANK,0.0,0.0,0.0,0.0,1.0,0.5,0.0,True,False
2022-06-02,HINDUNILVR,,,,,,,,,True
2022-06-02,ICICIBANK,0.0,0.0,0.0,0.0,1.0,0.5,0.0,True,False
2022-06-02,ITC,0.0,0.0,1.0,0.25,,,,,True
2022-06-02,KOTAKBANK,0.0,0.0,0.0,0.0,1.0,0.5,0.0,True,False
2022-06-02,M&M,0.0,0.0,0.0,0.0,,,,,True
2022-06-02,MARUTI,0.0,0.0,1.0,0.25,2.0,0.5,0.0,True,False
2022-06-02,NTPC,,,,,,,,,True
2022-06-02,ONGC,1.0,0.0,0.0,0.4,,,,,True
2022-06-02,POWERGRID,1.0,0.0,0.0,0.4,,,,,True
2022-06-02,RELIANCE,,,,,,,,,True
2022-06-02,SBIN,0.7143,0.5,0.0,0.4607,2.0,0.75,0.0,True,False
2022-06-02,TATAMOTORS,0.0,0.0,1.0,0.25,,,,,True
2022-06-02,TCS,,,,,,,,,True
2022-06-02,WIPRO,0.0,0.0,0.0,0.0,1.0,0.5,0.0,True,False
2022-06-02,CIPLA,0.0,0.0,0.0,0.0,,,,,True
2022-06-02,INFY,1.0,0.0,0.0,0.4,,,,,True
2022-06-02,DRREDDY,,,,,,,,,True
2022-06-02,HCLTECH,0.0,0.0,1.0,0.25,,,,,True
2022-06-02,TECHM,,,,,,,,,True
2022-06-02,SUNPHARMA,0.0,0.0,1.0,0.25,,,,,True
2022-06-03,ADANIGREEN,1.0,1.0,1.0,1.0,,,,,True
2022-06-03,ASIANPAINT,1.0,0.0,0.0,0.4,,,,,True
2022-06-03,AXISBANK,0.0,0.0,0.0,0.0,,,,,True
2022-06-03,BAJAJ-AUTO,,,,,,,,,True
2022-06-03,HDFCBANK,0.0,0.0,0.0,0.0,,,,,True
2022-06-03,HINDUNILVR,,,,,,,,,True
2022-06-03,ICICIBANK,0.0,0.0,0.0,0.0,,,,,True
2022-06-03,ITC,0.0,0.0,1.0,0.25,,,,,True
2022-06-03,KOTAKBANK,0.0,0.0,0.0,0.0,,,,,True
2022-06-03,M&M,0.0,0.0,0.0,0.0,,,,,True
2022-06-03,MARUTI,0.0,0.0,1.0,0.25,,,,,True
2022-06-03,NTPC,,,,,,,,,True
2022-06-03,ONGC,1.0,0.0,0.0,0.4,,,,,True
2022-06-03,POWERGRID,1.0,0.0,0.0,0.4,,,,,True
2022-06-03,RELIANCE,,,,,,,,,True
2022-06-03,SBIN,0.7143,0.5,0.0,0.4607,,,,,True
2022-06-03,TATAMOTORS,0.0,0.0,1.0,0.25,,,,,True
2022-06-03,TCS,,,,,,,,,True
2022-06-03,WIPRO,0.0,0.0,0.0,0.0,,,,,True
2022-06-03,CIPLA,0.0,0.0,0.0,0.0,,,,,True
2022-06-03,INFY,1.0,0.0,0.0,0.4,,,,,True
2022-06-03,DRREDDY,,,,,,,,,True
2022-06-03,HCLTECH,0.0,0.0,1.0,0.25,,,,,True
2022-06-03,TECHM,,,,,,,,,True
2022-06-03,SUNPHARMA,0.0,0.0,1.0,0.25,,,,,True
2022-06-06,ADANIGREEN,1.0,1.0,1.0,1.0,,,,,True
2022-06-06,ASIANPAINT,1.0,0.0,0.0,0.4,,,,,True
2022-06-06,AXISBANK,0.0,0.0,0.0,0.0,,,,,True
2022-06-06,BAJAJ-AUTO,0.0,0.0,0.0,0.0,1.0,0.5,0.0,True,False
2022-06-06,HDFCBANK,0.0,0.0,0.0,0.0,,,,,True
2022-06-06,HINDUNILVR,,,,,,,,,True
2022-06-06,ICICIBANK,0.0,0.0,0.0,0.0,,,,,True
2022-06-06,ITC,0.0,0.0,1.0,0.25,,,,,True
2022-06-06,KOTAKBANK,0.0,0.0,0.0,0.0,,,,,True
2022-06-06,M&M,0.0,0.0,0.0,0.0,,,,,True
2022-06-06,MARUTI,0.0,0.0,1.0,0.25,,,,,True
2022-06-06,NTPC,1.0,1.0,1.0,1.0,1.0,1.0,0.0,True,False
2022-06-06,ONGC,1.0,0.0,0.0,0.4,,,,,True
2022-06-06,POWERGRID,1.0,0.0,0.0,0.4,,,,,True
2022-06-06,RELIANCE,,,,,,,,,True
2022-06-06,SBIN,-1.0,0.0,0.0,-0.4,1.0,1.0,0.0,True,False
2022-06-06,TATAMOTORS,0.0,0.0,1.0,0.25,,,,,True
2022-06-06,TCS,0.0,0.0,1.0,0.25,1.0,0.5,0.0,True,False
2022-06-06,WIPRO,0.0,0.0,0.0,0.0,,,,,True
2022-06-06,CIPLA,0.0,0.0,0.0,0.0,,,,,True
2022-06-06,INFY,1.0,0.0,0.0,0.4,,,,,True
2022-06-06,DRREDDY,,,,,,,,,True
2022-06-06,HCLTECH,0.0,0.0,1.0,0.25,,,,,True
2022-06-06,TECHM,,,,,,,,,True
2022-06-06,SUNPHARMA,0.0,0.0,1.0,0.25,,,,,True
2022-06-07,ADANIGREEN,1.0,1.0,1.0,1.0,,,,,True
2022-06-07,ASIANPAINT,1.0,0.0,0.0,0.4,1.0,1.0,0.0,True,False
2022-06-07,AXISBANK,1.0,0.0,0.0,0.4,1.0,1.0,0.0,True,False
2022-06-07,BAJAJ-AUTO,0.0,0.0,0.0,0.0,,,,,True
2022-06-07,HDFCBANK,1.0,0.0,0.0,0.4,1.0,1.0,0.0,True,False
2022-06-07,HINDUNILVR,,,,,,,,,True
2022-06-07,ICICIBANK,0.0,0.0,0.0,0.0,,,,,True
2022-06-07,ITC,0.0,0.0,1.0,0.25,,,,,True
2022-06-07,KOTAKBANK,0.0,0.0,0.0,0.0,,,,,True
2022-06-07,M&M,0.0,0.0,0.0,0.0,,,,,True
2022-06-07,MARUTI,0.0,0.0,1.0,0.25,,,,,True
2022-06-07,NTPC,1.0,1.0,1.0,1.0,,,,,True
2022-06-07,ONGC,1.0,1.0,0.0,0.75,1.0,1.0,0.0,True,False
2022-06-07,POWERGRID,1.0,0.0,0.0,0.4,,,,,True
2022-06-07,RELIANCE,,,,,,,,,True
2022-06-07,SBIN,-1.0,0.0,0.0,-0.4,,,,,True
2022-06-07,TATAMOTORS,,,,,,,,,True
2022-06-07,TCS,0.0,0.0,1.0,0.25,,,,,True
2022-06-07,WIPRO,0.0,0.0,0.0,0.0,,,,,True
2022-06-07,CIPLA,0.0,0.0,0.0,0.0,,,,,True
2022-06-07,INFY,1.0,0.0,0.0,0.4,,,,,True
2022-06-07,DRREDDY,,,,,,,,,True
2022-06-07,HCLTECH,0.0,0.0,1.0,0.25,,,,,True
2022-06-07,TECHM,,,,,,,,,True
2022-06-07,SUNPHARMA,0.0,0.0,1.0,0.25,,,,,True
2022-06-08,ADANIGREEN,1.0,1.0,1.0,1.0,,,,,True
2022-06-08,ASIANPAINT,1.0,0.0,0.0,0.4,,,,,True
2022-06-08,AXISBANK,1.0,0.0,0.0,0.4,,,,,True
2022-06-08,BAJAJ-AUTO,0.0,0.0,0.0,0.0,,,,,True
2022-06-08,HDFCBANK,1.0,0.0,0.0,0.4,,,,,True
2022-06-08,HINDUNILVR,,,,,,,,,True
2022-06-08,ICICIBANK,0.0,0.0,0.0,0.0,,,,,True
2022-06-08,ITC,0.0,0.0,0.0,0.0,1.0,0.5,0.0,True,False
2022-06-08,KOTAKBANK,0.0,0.0,0.0,0.0,,,,,True
2022-06-08,M&M,0.0,0.0,0.5,0.125,2.0,0.5,0.0,True,False
2022-06-08,MARUTI,0.0,0.0,1.0,0.25,,,,,True
2022-06-08,NTPC,1.0,0.0,1.0,0.65,1.0,1.0,0.0,True,False
2022-06-08,ONGC,1.0,1.0,0.0,0.75,,,,,True
2022-06-08,POWERGRID,-1.0,0.0,0.0,-0.4,1.0,1.0,0.0,True,False
2022-06-08,RELIANCE,,,,,,,,,True
2022-06-08,SBIN,-1.0,0.0,0.0,-0.4,,,,,True
2022-06-08,TATAMOTORS,-0.5,0.0,0.0,-0.2,2.0,0.75,0.0,True,False
2022-06-08,TCS,0.0,0.0,1.0,0.25,,,,,True
2022-06-08,WIPRO,0.0,0.0,0.0,0.0,1.0,0.5,0.0,True,False
2022-06-08,CIPLA,0.0,0.0,0.0,0.0,,,,,True
2022-06-08,INFY,1.0,1.0,0.0,0.75,1.0,1.0,0.0,True,False
2022-06-08,DRREDDY,0.2222,0.6667,0.0,0.3222,3.0,1.0,0.3333,False,False
2022-06-08,HCLTECH,0.0,0.0,1.0,0.25,,,,,True
2022-06-08,TECHM,0.0,0.0,0.5,0.125,2.0,0.5,0.0,True,False
2022-06-08,SUNPHARMA,,,,,,,,,True
2022-06-09,ADANIGREEN,0.0,0.0,1.0,0.25,1.0,0.5,0.0,True,False
2022-06-09,ASIANPAINT,1.0,0.0,0.0,0.4,,,,,True
2022-06-09,AXISBANK,1.0,1.0,0.0,0.75,1.0,1.0,0.0,True,False
2022-06-09,BAJAJ-AUTO,0.0,0.0,0.0,0.0,1.0,0.5,0.0,True,False
2022-06-09,HDFCBANK,1.0,0.0,0.0,0.4,,,,,True
2022-06-09,HINDUNILVR,,,,,,,,,True
2022-06-09,ICICIBANK,0.0,0.0,0.0,0.0,,,,,True
2022-06-09,ITC,0.0,0.0,0.0,0.0,,,,,True
2022-06-09,KOTAKBANK,0.0,0.0,0.0,0.0,,,,,True
2022-06-09,M&M,0.0,0.0,1.0,0.25,1.0,0.5,0.0,True,False
2022-06-09,MARUTI,0.0,0.0,1.0,0.25,,,,,True
2022-06-09,NTPC,1.0,0.0,1.0,0.65,,,,,True
2022-06-09,ONGC,1.0,1.0,0.0,0.75,,,,,True
2022-06-09,POWERGRID,-1.0,0.0,0.0,-0.4,,,,,True
2022-06-09,RELIANCE,,,,,,,,,True
2022-06-09,SBIN,-1.0,0.0,0.0,-0.4,,,,,True
2022-06-09,TATAMOTORS,-0.5,0.0,0.0,-0.2,,,,,True
2022-06-09,TCS,0.0,0.0,1.0,0.25,1.0,0.5,0.0,True,False
2022-06-09,WIPRO,0.0,0.0,0.0,0.0,,,,,True
2022-06-09,CIPLA,,,,,,,,,True
2022-06-09,INFY,1.0,0.0,0.0,0.4,1.0,1.0,0.0,True,False
2022-06-09,DRREDDY,0.2222,0.6667,0.0,0.3222,,,,,True
2022-06-09,HCLTECH,0.0,0.0,1.0,0.25,1.0,0.5,0.0,True,False
2022-06-09,TECHM,0.0,0.0,1.0,0.25,1.0,0.5,0.0,True,False
2022-06-09,SUNPHARMA,,,,,,,,,True
2022-06-10,ADANIGREEN,0.0,0.0,1.0,0.25,,,,,True
2022-06-10,ASIANPAINT,1.0,0.0,0.0,0.4,,,,,True
2022-06-10,AXISBANK,1.0,1.0,0.0,0.75,,,,,True
2022-06-10,BAJAJ-AUTO,0.0,0.0,0.0,0.0,,,,,True
2022-06-10,HDFCBANK,1.0,0.0,0.0,0.4,,,,,True
2022-06-10,HINDUNILVR,,,,,,,,,True
2022-06-10,ICICIBANK,,,,,,,,,True
2022-06-10,ITC,0.0,0.0,0.0,0.0,,,,,True
2022-06-10,KOTAKBANK,,,,,,,,,True
2022-06-10,M&M,0.0,0.0,1.0,0.25,,,,,True
2022-06-10,MARUTI,,,,,,,,,True
2022-06-10,NTPC,1.0,0.0,1.0,0.65,,,,,True
2022-06-10,ONGC,1.0,1.0,0.0,0.75,,,,,True
2022-06-10,POWERGRID,-1.0,0.0,0.0,-0.4,,,,,True
2022-06-10,RELIANCE,,,,,,,,,True
2022-06-10,SBIN,-1.0,0.0,0.0,-0.4,,,,,True
2022-06-10,TATAMOTORS,-0.5,0.0,0.0,-0.2,,,,,True
2022-06-10,TCS,0.0,0.0,1.0,0.25,,,,,True
2022-06-10,WIPRO,0.0,0.0,0.0,0.0,,,,,True
2022-06-10,CIPLA,,,,,,,,,True
2022-06-10,INFY,1.0,0.0,0.0,0.4,,,,,True
2022-06-10,DRREDDY,0.2222,0.6667,0.0,0.3222,,,,,True
2022-06-10,HCLTECH,0.0,0.0,1.0,0.25,,,,,True
2022-06-10,TECHM,0.0,0.0,1.0,0.25,,,,,True
2022-06-10,SUNPHARMA,,,,,,,,,True
2022-06-13,ADANIGREEN,0.0,0.0,1.0,0.25,,,,,True
2022-06-13,ASIANPAINT,1.0,0.0,0.0,0.4,,,,,True
2022-06-13,AXISBANK,0.0,0.0,0.0,0.0,1.0,0.5,0.0,True,False
2022-06-13,BAJAJ-AUTO,0.0,0.0,0.0,0.0,,,,,True
2022-06-13,HDFCBANK,0.0,0.0,0.0,0.0,1.0,0.5,0.0,True,False
2022-06-13,HINDUNILVR,,,,,,,,,True
2022-06-13,ICICIBANK,-0.4167,0.0,0.0,-0.1667,3.0,0.6667,0.0,True,False
2022-06-13,ITC,0.0,0.0,0.0,0.0,,,,,True
2022-06-13,KOTAKBANK,0.0,0.0,0.0,0.0,1.0,0.5,0.0,True,False
2022-06-13,M&M,0.0,0.0,1.0,0.25,,,,,True
2022-06-13,MARUTI,,,,,,,,,True
2022-06-13,NTPC,0.0,0.0,1.0,0.25,1.0,0.5,0.0,True,False
2022-06-13,ONGC,1.0,1.0,0.0,0.75,,,,,True
2022-06-13,POWERGRID,-1.0,0.0,0.0,-0.4,,,,,True
2022-06-13,RELIANCE,,,,,,,,,True
2022-06-13,SBIN,0.0,0.0,0.0,0.0,1.0,0.5,0.0,True,False
2022-06-13,TATAMOTORS,-0.5,0.0,0.0,-0.2,,,,,True
2022-06-13,TCS,0.0,0.0,1.0,0.25,,,,,True
2022-06-13,WIPRO,0.0,0.0,0.0,0.0,,,,,True
2022-06-13,CIPLA,,,,,,,,,True
2022-06-13,INFY,1.0,1.0,0.0,0.75,1.0,1.0,0.0,True,False
2022-06-13,DRREDDY,0.2222,0.6667,0.0,0.3222,,,,,True
2022-06-13,HCLTECH,0.0,0.0,1.0,0.25,,,,,True
2022-06-13,TECHM,0.0,0.0,1.0,0.25,,,,,True
2022-06-13,SUNPHARMA,,,,,,,,,True
2022-06-14,ADANIGREEN,0.0,0.0,1.0,0.25,,,,,True
2022-06-14,ASIANPAINT,1.0,0.0,0.0,0.4,,,,,True
2022-06-14,AXISBANK,0.0,0.0,0.0,0.0,,,,,True
2022-06-14,BAJAJ-AUTO,0.0,0.0,0.0,0.0,,,,,True
2022-06-14,HDFCBANK,0.0,0.0,0.0,0.0,,,,,True
2022-06-14,HINDUNILVR,-1.0,-1.0,0.0,-0.75,1.0,1.0,0.0,True,False
2022-06-14,ICICIBANK,-0.4167,0.0,0.0,-0.1667,,,,,True
2022-06-14,ITC,0.0,0.0,0.0,0.0,,,,,True
2022-06-14,KOTAKBANK,0.0,0.0,0.0,0.0,,,,,True
2022-06-14,M&M,0.0,0.0,1.0,0.25,1.0,0.5,0.0,True,False
2022-06-14,MARUTI,,,,,,,,,True
2022-06-14,NTPC,0.0,0.0,1.0,0.25,,,,,True
2022-06-14,ONGC,1.0,1.0,0.0,0.75,,,,,True
2022-06-14,POWERGRID,-1.0,0.0,0.0,-0.4,,,,,True
2022-06-14,RELIANCE,,,,,,,,,True
2022-06-14,SBIN,0.0,0.0,0.0,0.0,,,,,True
2022-06-14,TATAMOTORS,0.0,0.0,0.0,0.0,1.0,0.5,0.0,True,False
2022-06-14,TCS,0.0,0.0,1.0,0.25,,,,,True
2022-06-14,WIPRO,0.0,0.0,0.0,0.0,,,,,True
2022-06-14,CIPLA,,,,,,,,,True
2022-06-14,INFY,1.0,1.0,0.0,0.75,,,,,True
2022-06-14,DRREDDY,0.2222,0.6667,0.0,0.3222,,,,,True
2022-06-14,HCLTECH,0.0,0.0,1.0,0.25,,,,,True
2022-06-14,TECHM,0.0,0.0,1.0,0.25,1.0,0.5,0.0,True,False
2022-06-14,SUNPHARMA,,,,,,,,,True
2022-06-15,ADANIGREEN,0.0,0.0,1.0,0.25,1.0,0.5,0.0,True,False
2022-06-15,ASIANPAINT,,,,,,,,,True
2022-06-15,AXISBANK,0.0,0.0,0.0,0.0,,,,,True
2022-06-15,BAJAJ-AUTO,0.0,0.0,0.0,0.0,,,,,True
2022-06-15,HDFCBANK,0.0,0.0,0.0,0.0,,,,,True
2022-06-15,HINDUNILVR,1.0,1.0,0.0,0.75,1.0,1.0,0.0,True,False
2022-06-15,ICICIBANK,-0.4167,0.0,0.0,-0.1667,,,,,True
2022-06-15,ITC,0.0,0.0,0.0,0.0,,,,,True
2022-06-15,KOTAKBANK,0.0,0.0,0.0,0.0,,,,,True
2022-06-15,M&M,0.0,0.0,1.0,0.25,,,,,True
2022-06-15,MARUTI,,,,,,,,,True
2022-06-15,NTPC,0.0,0.0,1.0,0.25,,,,,True
2022-06-15,ONGC,,,,,,,,,True
2022-06-15,POWERGRID,-1.0,0.0,0.0,-0.4,,,,,True
2022-06-15,RELIANCE,,,,,,,,,True
2022-06-15,SBIN,1.0,1.0,0.0,0.75,1.0,1.0,0.0,True,False
2022-06-15,TATAMOTORS,0.0,0.0,0.0,0.0,,,,,True
2022-06-15,TCS,0.0,0.0,1.0,0.25,,,,,True
2022-06-15,WIPRO,0.0,0.0,0.0,0.0,,,,,True
2022-06-15,CIPLA,,,,,,,,,True
2022-06-15,INFY,1.0,1.0,0.0,0.75,,,,,True
2022-06-15,DRREDDY,0.2222,0.6667,0.0,0.3222,,,,,True
2022-06-15,HCLTECH,-1.0,0.0,0.0,-0.4,1.0,1.0,0.0,True,False
2022-06-15,TECHM,0.0,0.0,1.0,0.25,,,,,True
2022-06-15,SUNPHARMA,1.0,0.0,0.0,0.4,1.0,1.0,0.0,True,False
2022-06-16,ADANIGREEN,1.0,1.0,1.0,1.0,1.0,1.0,0.0,True,False
2022-06-16,ASIANPAINT,0.0,0.0,1.0,0.25,1.0,0.5,0.0,True,False
2022-06-16,AXISBANK,1.0,0.0,0.0,0.4,1.0,1.0,0.0,True,False
2022-06-16,BAJAJ-AUTO,0.0,0.0,0.0,0.0,,,,,True
2022-06-16,HDFCBANK,0.0,0.0,0.0,0.0,,,,,True
2022-06-16,HINDUNILVR,1.0,1.0,0.0,0.75,,,,,True
2022-06-16,ICICIBANK,-0.4167,0.0,0.0,-0.1667,,,,,True
2022-06-16,ITC,1.0,0.0,0.0,0.4,1.0,1.0,0.0,True,False
2022-06-16,KOTAKBANK,1.0,0.0,0.0,0.4,1.0,1.0,0.0,True,False
2022-06-16,M&M,1.0,0.0,0.0,0.4,1.0,1.0,0.0,True,False
2022-06-16,MARUTI,,,,,,,,,True
2022-06-16,NTPC,-1.0,0.0,1.0,-0.15,1.0,1.0,0.0,True,False
2022-06-16,ONGC,,,,,,,,,True
2022-06-16,POWERGRID,,,,,,,,,True
2022-06-16,RELIANCE,,,,,,,,,True
2022-06-16,SBIN,1.0,1.0,0.0,0.75,,,,,True
2022-06-16,TATAMOTORS,0.0,0.0,0.0,0.0,,,,,True
2022-06-16,TCS,0.0,0.0,1.0,0.25,,,,,True
2022-06-16,WIPRO,,,,,,,,,True
2022-06-16,CIPLA,1.0,0.0,0.0,0.4,1.0,1.0,0.0,True,False
2022-06-16,INFY,0.0,0.0,0.0,0.0,1.0,0.5,0.0,True,False
2022-06-16,DRREDDY,,,,,,,,,True
2022-06-16,HCLTECH,-1.0,0.0,0.0,-0.4,,,,,True
2022-06-16,TECHM,0.0,0.0,1.0,0.25,,,,,True
2022-06-16,SUNPHARMA,0.0,0.0,1.0,0.25,1.0,0.5,0.0,True,False
2022-06-17,ADANIGREEN,1.0,1.0,1.0,1.0,,,,,True
2022-06-17,ASIANPAINT,0.0,0.0,1.0,0.25,,,,,True
2022-06-17,AXISBANK,1.0,0.0,0.0,0.4,,,,,True
2022-06-17,BAJAJ-AUTO,,,,,,,,,True
2022-06-17,HDFCBANK,0.0,0.0,0.0,0.0,,,,,True
2022-06-17,HINDUNILVR,1.0,1.0,0.0,0.75,,,,,True
2022-06-17,ICICIBANK,-0.4167,0.0,0.0,-0.1667,,,,,True
2022-06-17,ITC,1.0,0.0,0.0,0.4,,,,,True
2022-06-17,KOTAKBANK,1.0,0.0,0.0,0.4,,,,,True
2022-06-17,M&M,1.0,0.0,0.0,0.4,,,,,True
2022-06-17,MARUTI,,,,,,,,,True
2022-06-17,NTPC,-1.0,0.0,1.0,-0.15,,,,,True
2022-06-17,ONGC,,,,,,,,,True
2022-06-17,POWERGRID,,,,,,,,,True
2022-06-17,RELIANCE,,,,,,,,,True
2022-06-17,SBIN,1.0,1.0,0.0,0.75,,,,,True
2022-06-17,TATAMOTORS,0.0,0.0,0.0,0.0,,,,,True
2022-06-17,TCS,,,,,,,,,True
2022-06-17,WIPRO,,,,,,,,,True
2022-06-17,CIPLA,1.0,0.0,0.0,0.4,,,,,True
2022-06-17,INFY,0.0,0.0,0.0,0.0,,,,,True
2022-06-17,DRREDDY,,,,,,,,,True
2022-06-17,HCLTECH,-1.0,0.0,0.0,-0.4,,,,,True
2022-06-17,TECHM,0.0,0.0,1.0,0.25,,,,,True
2022-06-17,SUNPHARMA,0.0,0.0,1.0,0.25,,,,,True
2022-06-20,ADANIGREEN,1.0,1.0,1.0,1.0,,,,,True
2022-06-20,ASIANPAINT,0.0,0.0,1.0,0.25,,,,,True
2022-06-20,AXISBANK,0.0,0.0,0.0,0.0,1.0,0.5,0.0,True,False
2022-06-20,BAJAJ-AUTO,,,,,,,,,True
2022-06-20,HDFCBANK,0.0,0.0,0.0,0.0,1.0,0.5,0.0,True,False
2022-06-20,HINDUNILVR,1.0,1.0,0.0,0.75,,,,,True
2022-06-20,ICICIBANK,-0.7143,0.0,0.0,-0.2857,2.0,0.75,0.0,True,False
2022-06-20,ITC,1.0,0.0,0.0,0.4,,,,,True
2022-06-20,KOTAKBANK,0.0,0.0,0.0,0.0,1.0,0.5,0.0,True,False
2022-06-20,M&M,0.0,0.0,1.0,0.25,1.0,0.5,0.0,True,False
2022-06-20,MARUTI,,,,,,,,,True
2022-06-20,NTPC,1.0,0.0,1.0,0.65,1.0,1.0,0.0,True,False
2022-06-20,ONGC,,,,,,,,,True
2022-06-20,POWERGRID,,,,,,,,,True
2022-06-20,RELIANCE,,,,,,,,,True
2022-06-20,SBIN,0.0,0.0,0.0,0.0,1.0,0.5,0.0,True,False
2022-06-20,TATAMOTORS,0.0,0.0,0.0,0.0,,,,,True
2022-06-20,TCS,,,,,,,,,True
2022-06-20,WIPRO,,,,,,,,,True
2022-06-20,CIPLA,1.0,0.0,0.0,0.4,,,,,True
2022-06-20,INFY,0.0,0.0,0.0,0.0,,,,,True
2022-06-20,DRREDDY,,,,,,,,,True
2022-06-20,HCLTECH,-1.0,0.0,0.0,-0.4,,,,,True
2022-06-20,TECHM,0.0,0.0,1.0,0.25,1.0,0.5,0.0,True,False
2022-06-20,SUNPHARMA,0.0,0.0,1.0,0.25,,,,,True
2022-06-21,ADANIGREEN,0.0,0.0,1.0,0.25,1.0,0.5,0.0,True,False
2022-06-21,ASIANPAINT,0.0,0.0,1.0,0.25,,,,,True
2022-06-21,AXISBANK,0.0,0.0,0.0,0.0,,,,,True
2022-06-21,BAJAJ-AUTO,1.0,1.0,0.0,0.75,1.0,1.0,0.0,True,False
2022-06-21,HDFCBANK,0.0,0.0,0.0,0.0,,,,,True
2022-06-21,HINDUNILVR,1.0,1.0,0.0,0.75,,,,,True
2022-06-21,ICICIBANK,-0.7143,0.0,0.0,-0.2857,,,,,True
2022-06-21,ITC,1.0,0.0,0.0,0.4,,,,,True
2022-06-21,KOTAKBANK,0.0,0.0,0.0,0.0,,,,,True
2022-06-21,M&M,0.0,0.0,1.0,0.25,,,,,True
2022-06-21,MARUTI,1.0,0.0,0.0,0.4,1.0,1.0,0.0,True,False
2022-06-21,NTPC,1.0,0.0,1.0,0.65,,,,,True
2022-06-21,ONGC,,,,,,,,,True
2022-06-21,POWERGRID,,,,,,,,,True
2022-06-21,RELIANCE,,,,,,,,,True
2022-06-21,SBIN,0.0,0.0,0.0,0.0,,,,,True
2022-06-21,TATAMOTORS,0.0,0.0,0.0,0.0,,,,,True
2022-06-21,TCS,,,,,,,,,True
2022-06-21,WIPRO,,,,,,,,,True
2022-06-21,CIPLA,1.0,0.0,0.0,0.4,,,,,True
2022-06-21,INFY,0.0,0.0,0.0,0.0,,,,,True
2022-06-21,DRREDDY,1.0,1.0,0.0,0.75,1.0,1.0,0.0,True,False
2022-06-21,HCLTECH,0.5,0.5,0.5,0.5,2.0,0.75,0.0,True,False
2022-06-21,TECHM,0.0,0.0,1.0,0.25,,,,,True
2022-06-21,SUNPHARMA,0.0,0.0,1.0,0.25,,,,,True
2022-06-22,ADANIGREEN,0.0,0.0,1.0,0.25,,,,,True
2022-06-22,ASIANPAINT,0.0,0.0,1.0,0.25,,,,,True
2022-06-22,AXISBANK,0.7143,0.5,0.0,0.4607,2.0,0.75,0.0,True,False
2022-06-22,BAJAJ-AUTO,0.0,0.0,0.0,0.0,1.0,0.5,0.0,True,False
2022-06-22,HDFCBANK,0.0,0.0,0.0,0.0,2.0,0.5,0.0,True,False
2022-06-22,HINDUNILVR,1.0,1.0,0.0,0.75,,,,,True
2022-06-22,ICICIBANK,0.0,0.0,0.0,0.0,1.0,0.5,0.0,True,False
2022-06-22,ITC,0.0,0.0,0.0,0.0,1.0,0.5,0.0,True,False
2022-06-22,KOTAKBANK,0.0,0.0,0.0,0.0,1.0,0.5,0.0,True,False
2022-06-22,M&M,0.0,0.0,1.0,0.25,,,,,True
2022-06-22,MARUTI,1.0,0.0,0.0,0.4,,,,,True
2022-06-22,NTPC,1.0,0.0,1.0,0.65,,,,,True
2022-06-22,ONGC,0.0,0.0,1.0,0.25,1.0,0.5,0.0,True,False
2022-06-22,POWERGRID,,,,,,,,,True
2022-06-22,RELIANCE,,,,,,,,,True
2022-06-22,SBIN,0.0,0.0,0.0,0.0,1.0,0.5,0.0,True,False
2022-06-22,TATAMOTORS,,,,,,,,,True
2022-06-22,TCS,,,,,,,,,True
2022-06-22,WIPRO,,,,,,,,,True
2022-06-22,CIPLA,1.0,0.0,0.0,0.4,,,,,True
2022-06-22,INFY,0.0,0.0,0.0,0.0,,,,,True
2022-06-22,DRREDDY,1.0,1.0,0.0,0.75,,,,,True
2022-06-22,HCLTECH,0.5,0.5,0.5,0.5,,,,,True
2022-06-22,TECHM,0.0,0.0,1.0,0.25,,,,,True
2022-06-22,SUNPHARMA,1.0,1.0,0.0,0.75,1.0,1.0,0.0,True,False
2022-06-23,ADANIGREEN,0.0,0.0,1.0,0.25,,,,,True
2022-06-23,ASIANPAINT,0.0,0.0,1.0,0.25,,,,,True
2022-06-23,AXISBANK,0.7143,0.5,0.0,0.4607,,,,,True
2022-06-23,BAJAJ-AUTO,0.0,0.0,0.0,0.0,,,,,True
2022-06-23,HDFCBANK,0.0,0.0,0.0,0.0,,,,,True
2022-06-23,HINDUNILVR,,,,,,,,,True
2022-06-23,ICICIBANK,0.0,0.0,0.0,0.0,,,,,True
2022-06-23,ITC,0.0,0.0,0.0,0.0,,,,,True
2022-06-23,KOTAKBANK,0.0,0.0,0.0,0.0,,,,,True
2022-06-23,M&M,0.0,0.0,1.0,0.25,,,,,True
2022-06-23,MARUTI,0.0,0.0,0.0,0.0,1.0,0.5,0.0,True,False
2022-06-23,NTPC,1.0,0.0,1.0,0.65,,,,,True
2022-06-23,ONGC,0.0,0.0,1.0,0.25,,,,,True
2022-06-23,POWERGRID,,,,,,,,,True
2022-06-23,RELIANCE,,,,,,,,,True
2022-06-23,SBIN,0.0,0.0,0.0,0.0,,,,,True
2022-06-23,TATAMOTORS,1.0,0.0,0.0,0.4,1.0,1.0,0.0,True,False
2022-06-23,TCS,,,,,,,,,True
2022-06-23,WIPRO,,,,,,,,,True
2022-06-23,CIPLA,1.0,0.0,0.0,0.4,,,,,True
2022-06-23,INFY,0.0,0.0,0.0,0.0,,,,,True
2022-06-23,DRREDDY,0.0,0.0,1.0,0.25,1.0,0.5,0.0,True,False
2022-06-23,HCLTECH,0.5,0.5,0.5,0.5,,,,,True
2022-06-23,TECHM,0.0,0.0,1.0,0.25,,,,,True
2022-06-23,SUNPHARMA,1.0,1.0,0.0,0.75,,,,,True
2022-06-24,ADANIGREEN,0.0,0.0,1.0,0.25,,,,,True
2022-06-24,ASIANPAINT,,,,,,,,,True
2022-06-24,AXISBANK,0.7143,0.5,0.0,0.4607,,,,,True
2022-06-24,BAJAJ-AUTO,0.0,0.0,0.0,0.0,,,,,True
2022-06-24,HDFCBANK,0.0,0.0,0.0,0.0,,,,,True
2022-06-24,HINDUNILVR,,,,,,,,,True
2022-06-24,ICICIBANK,0.0,0.0,0.0,0.0,,,,,True
2022-06-24,ITC,0.0,0.0,0.0,0.0,,,,,True
2022-06-24,KOTAKBANK,0.0,0.0,0.0,0.0,,,,,True
2022-06-24,M&M,0.0,0.0,1.0,0.25,,,,,True
2022-06-24,MARUTI,0.0,0.0,0.0,0.0,,,,,True
2022-06-24,NTPC,1.0,0.0,1.0,0.65,,,,,True
2022-06-24,ONGC,0.0,0.0,1.0,0.25,,,,,True
2022-06-24,POWERGRID,,,,,,,,,True
2022-06-24,RELIANCE,,,,,,,,,True
2022-06-24,SBIN,0.0,0.0,0.0,0.0,,,,,True
2022-06-24,TATAMOTORS,1.0,0.0,0.0,0.4,,,,,True
2022-06-24,TCS,,,,,,,,,True
2022-06-24,WIPRO,,,,,,,,,True
2022-06-24,CIPLA,,,,,,,,,True
2022-06-24,INFY,,,,,,,,,True
2022-06-24,DRREDDY,0.0,0.0,1.0,0.25,,,,,True
2022-06-24,HCLTECH,0.5,0.5,0.5,0.5,,,,,True
2022-06-24,TECHM,0.0,0.0,1.0,0.25,,,,,True
2022-06-24,SUNPHARMA,1.0,1.0,0.0,0.75,,,,,True
2022-06-27,ADANIGREEN,0.0,0.0,1.0,0.25,,,,,True
2022-06-27,ASIANPAINT,,,,,,,,,True
2022-06-27,AXISBANK,0.7143,0.5,0.0,0.4607,,,,,True
2022-06-27,BAJAJ-AUTO,0.0,0.0,0.0,0.0,,,,,True
2022-06-27,HDFCBANK,1.0,0.0,0.0,0.4,1.0,1.0,0.0,True,False
2022-06-27,HINDUNILVR,,,,,,,,,True
2022-06-27,ICICIBANK,0.0,0.0,0.0,0.0,,,,,True
2022-06-27,ITC,0.0,0.0,0.0,0.0,,,,,True
2022-06-27,KOTAKBANK,0.0,0.0,0.0,0.0,,,,,True
2022-06-27,M&M,0.0,0.0,1.0,0.25,,,,,True
2022-06-27,MARUTI,0.0,0.0,0.0,0.0,,,,,True
2022-06-27,NTPC,1.0,0.0,1.0,0.65,,,,,True
2022-06-27,ONGC,0.0,0.0,1.0,0.25,,,,,True
2022-06-27,POWERGRID,,,,,,,,,True
2022-06-27,RELIANCE,,,,,,,,,True
2022-06-27,SBIN,1.0,0.0,0.0,0.4,1.0,1.0,0.0,True,False
2022-06-27,TATAMOTORS,0.0,0.0,1.0,0.25,1.0,0.5,0.0,True,False
2022-06-27,TCS,,,,,,,,,True
2022-06-27,WIPRO,,,,,,,,,True
2022-06-27,CIPLA,,,,,,,,,True
2022-06-27,INFY,,,,,,,,,True
2022-06-27,DRREDDY,0.0,0.0,1.0,0.25,,,,,True
2022-06-27,HCLTECH,0.5,0.5,0.5,0.5,,,,,True
2022-06-27,TECHM,0.0,0.0,1.0,0.25,,,,,True
2022-06-27,SUNPHARMA,1.0,0.0,0.0,0.4,1.0,1.0,0.0,True,False
2022-06-28,ADANIGREEN,0.0,0.0,1.0,0.25,,,,,True
2022-06-28,ASIANPAINT,,,,,,,,,True
2022-06-28,AXISBANK,0.7143,0.5,0.0,0.4607,,,,,True
2022-06-28,BAJAJ-AUTO,0.0,0.0,0.0,0.0,,,,,True
2022-06-28,HDFCBANK,1.0,0.0,0.0,0.4,,,,,True
2022-06-28,HINDUNILVR,,,,,,,,,True
2022-06-28,ICICIBANK,0.0,0.0,0.0,0.0,,,,,True
2022-06-28,ITC,0.0,0.0,0.0,0.0,,,,,True
2022-06-28,KOTAKBANK,0.0,0.0,1.0,0.25,1.0,0.5,0.0,True,False
2022-06-28,M&M,0.0,0.0,1.0,0.25,1.0,0.5,0.0,True,False
2022-06-28,MARUTI,0.0,0.0,0.0,0.0,,,,,True
2022-06-28,NTPC,,,,,,,,,True
2022-06-28,ONGC,1.0,0.0,0.0,0.4,1.0,1.0,0.0,True,False
2022-06-28,POWERGRID,,,,,,,,,True
2022-06-28,RELIANCE,1.0,0.6667,0.0,0.6333,3.0,1.0,0.0,False,False
2022-06-28,SBIN,1.0,0.0,0.0,0.4,,,,,True
2022-06-28,TATAMOTORS,0.0,0.0,1.0,0.25,,,,,True
2022-06-28,TCS,0.0,0.0,0.0,0.0,1.0,0.5,0.0,True,False
2022-06-28,WIPRO,,,,,,,,,True
2022-06-28,CIPLA,,,,,,,,,True
2022-06-28,INFY,0.0,0.0,0.0,0.0,1.0,0.5,0.0,True,False
2022-06-28,DRREDDY,0.0,0.0,1.0,0.25,,,,,True
2022-06-28,HCLTECH,0.5,0.5,0.5,0.5,,,,,True
2022-06-28,TECHM,,,,,,,,,True
2022-06-28,SUNPHARMA,1.0,0.0,0.0,0.4,,,,,True
2022-06-29,ADANIGREEN,,,,,,,,,True
2022-06-29,ASIANPAINT,,,,,,,,,True
2022-06-29,AXISBANK,0.0,0.0,0.0,0.0,2.0,0.5,0.0,True,False
2022-06-29,BAJAJ-AUTO,0.0,0.0,0.0,0.0,,,,,True
2022-06-29,HDFCBANK,0.0,0.0,0.0,0.0,2.0,0.5,0.0,True,False
2022-06-29,HINDUNILVR,,,,,,,,,True
2022-06-29,ICICIBANK,0.0,0.0,0.0,0.0,2.0,0.5,0.0,True,False
2022-06-29,ITC,0.0,0.0,0.0,0.0,,,,,True
2022-06-29,KOTAKBANK,0.0,0.0,0.0,0.0,2.0,0.5,0.0,True,False
2022-06-29,M&M,0.0,0.0,0.6667,0.1667,3.0,0.5,0.0,True,False
2022-06-29,MARUTI,0.0,0.0,0.0,0.0,,,,,True
2022-06-29,NTPC,,,,,,,,,True
2022-06-29,ONGC,-1.0,0.0,0.0,-0.4,1.0,1.0,0.0,True,False
2022-06-29,POWERGRID,,,,,,,,,True
2022-06-29,RELIANCE,0.0,0.0,1.0,0.25,1.0,0.5,0.0,True,False
2022-06-29,SBIN,0.0,0.0,0.0,0.0,2.0,0.5,0.0,True,False
2022-06-29,TATAMOTORS,0.0,0.0,1.0,0.25,,,,,True
2022-06-29,TCS,0.0,0.0,0.0,0.0,,,,,True
2022-06-29,WIPRO,,,,,,,,,True
2022-06-29,CIPLA,,,,,,,,,True
2022-06-29,INFY,0.0,0.0,1.0,0.25,1.0,0.5,0.0,True,False
2022-06-29,DRREDDY,1.0,0.0,0.0,0.4,1.0,1.0,0.0,True,False
2022-06-29,HCLTECH,1.0,0.0,0.0,0.4,1.0,1.0,0.0,True,False
2022-06-29,TECHM,0.0,0.0,1.0,0.25,1.0,0.5,0.0,True,False
2022-06-29,SUNPHARMA,1.0,0.0,0.0,0.4,,,,,True
2022-06-30,ADANIGREEN,,,,,,,,,True
2022-06-30,ASIANPAINT,,,,,,,,,True
2022-06-30,AXISBANK,0.0,0.0,0.0,0.0,,,,,True
2022-06-30,BAJAJ-AUTO,,,,,,,,,True
2022-06-30,HDFCBANK,0.0,0.0,0.0,0.0,1.0,0.5,0.0,True,False
2022-06-30,HINDUNILVR,1.0,1.0,0.0,0.75,1.0,1.0,0.0,True,False
2022-06-30,ICICIBANK,0.0,0.0,0.0,0.0,,,,,True
2022-06-30,ITC,1.0,0.0,0.0,0.4,1.0,1.0,0.0,True,False
2022-06-30,KOTAKBANK,0.0,0.0,0.0,0.0,,,,,True
2022-06-30,M&M,0.0,0.0,0.6667,0.1667,,,,,True
2022-06-30,MARUTI,0.0,0.0,0.0,0.0,,,,,True
2022-06-30,NTPC,,,,,,,,,True
2022-06-30,ONGC,-1.0,0.0,0.0,-0.4,,,,,True
2022-06-30,POWERGRID,1.0,1.0,0.0,0.75,1.0,1.0,0.0,True,False
2022-06-30,RELIANCE,0.0,0.0,1.0,0.25,,,,,True
2022-06-30,SBIN,0.0,0.0,0.0,0.0,,,,,True
2022-06-30,TATAMOTORS,0.0,0.0,1.0,0.25,,,,,True
2022-06-30,TCS,1.0,1.0,0.0,0.75,1.0,1.0,0.0,True,False
2022-06-30,WIPRO,0.0,0.0,0.5,0.125,2.0,0.5,0.0,True,False
2022-06-30,CIPLA,,,,,,,,,True
2022-06-30,INFY,0.0,0.0,1.0,0.25,,,,,True
2022-06-30,DRREDDY,0.0,0.0,1.0,0.25,1.0,0.5,0.0,True,False
2022-06-30,HCLTECH,1.0,0.0,0.0,0.4,,,,,True
2022-06-30,TECHM,0.0,0.0,1.0,0.25,,,,,True
2022-06-30,SUNPHARMA,1.0,0.0,0.0,0.4,,,,,True
2022-07-01,ADANIGREEN,,,,,,,,,True
2022-07-01,ASIANPAINT,,,,,,,,,True
2022-07-01,AXISBANK,0.0,0.0,0.0,0.0,,,,,True
2022-07-01,BAJAJ-AUTO,,,,,,,,,True
2022-07-01,HDFCBANK,0.0,0.0,0.0,0.0,,,,,True
2022-07-01,HINDUNILVR,1.0,1.0,0.0,0.75,,,,,True
2022-07-01,ICICIBANK,0.0,0.0,0.0,0.0,,,,,True
2022-07-01,ITC,1.0,0.0,0.0,0.4,,,,,True
2022-07-01,KOTAKBANK,0.0,0.0,0.0,0.0,,,,,True
2022-07-01,M&M,0.0,0.0,0.6667,0.1667,,,,,True
2022-07-01,MARUTI,,,,,,,,,True
2022-07-01,NTPC,,,,,,,,,True
2022-07-01,ONGC,-1.0,0.0,0.0,-0.4,,,,,True
2022-07-01,POWERGRID,1.0,1.0,0.0,0.75,,,,,True
2022-07-01,RELIANCE,0.0,0.0,1.0,0.25,,,,,True
2022-07-01,SBIN,0.0,0.0,0.0,0.0,,,,,True
2022-07-01,TATAMOTORS,0.0,0.0,1.0,0.25,,,,,True
2022-07-01,TCS,1.0,1.0,0.0,0.75,,,,,True
2022-07-01,WIPRO,0.0,0.0,0.5,0.125,,,,,True
2022-07-01,CIPLA,,,,,,,,,True
2022-07-01,INFY,0.0,0.0,1.0,0.25,,,,,True
2022-07-01,DRREDDY,0.0,0.0,1.0,0.25,,,,,True
2022-07-01,HCLTECH,1.0,0.0,0.0,0.4,,,,,True
2022-07-01,TECHM,0.0,0.0,1.0,0.25,,,,,True
2022-07-01,SUNPHARMA,1.0,0.0,0.0,0.4,,,,,True
2022-07-04,ADANIGREEN,,,,,,,,,True
2022-07-04,ASIANPAINT,,,,,,,,,True
2022-07-04,AXISBANK,0.0,0.0,0.0,0.0,,,,,True
2022-07-04,BAJAJ-AUTO,,,,,,,,,True
2022-07-04,HDFCBANK,0.0,0.0,0.0,0.0,,,,,True
2022-07-04,HINDUNILVR,1.0,1.0,0.0,0.75,,,,,True
2022-07-04,ICICIBANK,0.0,0.0,0.0,0.0,,,,,True
2022-07-04,ITC,1.0,0.0,0.0,0.4,,,,,True
2022-07-04,KOTAKBANK,0.0,0.0,0.0,0.0,,,,,True
2022-07-04,M&M,1.0,0.0,0.0,0.4,1.0,1.0,0.0,True,False
2022-07-04,MARUTI,,,,,,,,,True
2022-07-04,NTPC,,,,,,,,,True
2022-07-04,ONGC,-1.0,0.0,0.0,-0.4,,,,,True
2022-07-04,POWERGRID,1.0,1.0,0.0,0.75,,,,,True
2022-07-04,RELIANCE,-1.0,0.0,0.0,-0.4,1.0,1.0,0.0,True,False
2022-07-04,SBIN,0.0,0.0,0.0,0.0,,,,,True
2022-07-04,TATAMOTORS,0.0,0.0,1.0,0.25,,,,,True
2022-07-04,TCS,1.0,1.0,0.0,0.75,,,,,True
2022-07-04,WIPRO,0.0,0.0,0.5,0.125,,,,,True
2022-07-04,CIPLA,,,,,,,,,True
2022-07-04,INFY,0.0,0.0,1.0,0.25,,,,,True
2022-07-04,DRREDDY,0.0,0.0,1.0,0.25,,,,,True
2022-07-04,HCLTECH,1.0,0.0,0.0,0.4,,,,,True
2022-07-04,TECHM,0.0,0.0,1.0,0.25,,,,,True
2022-07-04,SUNPHARMA,1.0,0.0,0.0,0.4,,,,,True
2022-07-05,ADANIGREEN,,,,,,,,,True
2022-07-05,ASIANPAINT,,,,,,,,,True
2022-07-05,AXISBANK,0.0,0.0,0.0,0.0,,,,,True
2022-07-05,BAJAJ-AUTO,,,,,,,,,True
2022-07-05,HDFCBANK,0.0,0.0,0.0,0.0,,,,,True
2022-07-05,HINDUNILVR,0.0,0.0,0.0,0.0,1.0,0.5,0.0,True,False
2022-07-05,ICICIBANK,0.0,0.0,0.0,0.0,,,,,True
2022-07-05,ITC,1.0,0.0,0.0,0.4,,,,,True
2022-07-05,KOTAKBANK,0.0,0.0,0.0,0.0,,,,,True
2022-07-05,M&M,1.0,0.0,0.0,0.4,,,,,True
2022-07-05,MARUTI,,,,,,,,,True
2022-07-05,NTPC,1.0,1.0,1.0,1.0,1.0,1.0,0.0,True,False
2022-07-05,ONGC,-1.0,0.0,0.0,-0.4,,,,,True
2022-07-05,POWERGRID,1.0,1.0,0.0,0.75,,,,,True
2022-07-05,RELIANCE,0.5,0.0,0.0,0.2,2.0,0.75,0.0,True,False
2022-07-05,SBIN,0.0,0.0,0.0,0.0,,,,,True
2022-07-05,TATAMOTORS,,,,,,,,,True
2022-07-05,TCS,1.0,1.0,0.0,0.75,,,,,True
2022-07-05,WIPRO,1.0,1.0,0.0,0.75,1.0,1.0,0.0,True,False
2022-07-05,CIPLA,,,,,,,,,True
2022-07-05,INFY,0.0,0.0,1.0,0.25,,,,,True
2022-07-05,DRREDDY,0.0,0.0,1.0,0.25,,,,,True
2022-07-05,HCLTECH,1.0,0.0,0.0,0.4,,,,,True
2022-07-05,TECHM,0.0,0.0,1.0,0.25,,,,,True
2022-07-05,SUNPHARMA,0.0,0.0,1.0,0.25,1.0,0.5,0.0,True,False
2022-07-06,ADANIGREEN,,,,,,,,,True
2022-07-06,ASIANPAINT,,,,,,,,,True
2022-07-06,AXISBANK,0.0,0.0,0.0,0.0,,,,,True
2022-07-06,BAJAJ-AUTO,,,,,,,,,True
2022-07-06,HDFCBANK,0.0,0.0,0.0,0.0,,,,,True
2022-07-06,HINDUNILVR,0.0,0.0,0.0,0.0,,,,,True
2022-07-06,ICICIBANK,1.0,1.0,0.0,0.75,1.0,1.0,0.0,True,False
2022-07-06,ITC,1.0,0.0,0.0,0.4,,,,,True
2022-07-06,KOTAKBANK,0.0,0.0,0.0,0.0,,,,,True
2022-07-06,M&M,1.0,0.0,0.0,0.4,,,,,True
2022-07-06,MARUTI,,,,,,,,,True
2022-07-06,NTPC,1.0,1.0,1.0,1.0,,,,,True
2022-07-06,ONGC,-1.0,0.0,0.0,-0.4,,,,,True
2022-07-06,POWERGRID,1.0,1.0,0.0,0.75,,,,,True
2022-07-06,RELIANCE,0.5,0.0,0.0,0.2,,,,,True
2022-07-06,SBIN,0.0,0.0,0.0,0.0,,,,,True
2022-07-06,TATAMOTORS,,,,,,,,,True
2022-07-06,TCS,-1.0,0.0,0.0,-0.4,1.0,1.0,0.0,True,False
2022-07-06,WIPRO,1.0,1.0,0.0,0.75,,,,,True
2022-07-06,CIPLA,,,,,,,,,True
2022-07-06,INFY,0.0,0.0,1.0,0.25,,,,,True
2022-07-06,DRREDDY,1.0,1.0,0.0,0.75,1.0,1.0,0.0,True,False
2022-07-06,HCLTECH,1.0,0.0,0.0,0.4,,,,,True
2022-07-06,TECHM,0.0,0.0,1.0,0.25,,,,,True
2022-07-06,SUNPHARMA,0.0,0.0,1.0,0.25,,,,,True
2022-07-07,ADANIGREEN,,,,,,,,,True
2022-07-07,ASIANPAINT,1.0,0.0,0.0,0.4,1.0,1.0,0.0,True,False
2022-07-07,AXISBANK,,,,,,,,,True
2022-07-07,BAJAJ-AUTO,,,,,,,,,True
2022-07-07,HDFCBANK,0.0,0.0,0.0,0.0,,,,,True
2022-07-07,HINDUNILVR,0.0,0.0,1.0,0.25,1.0,0.5,0.0,True,False
2022-07-07,ICICIBANK,1.0,1.0,0.0,0.75,,,,,True
2022-07-07,ITC,1.0,0.0,0.0,0.4,,,,,True
2022-07-07,KOTAKBANK,,,,,,,,,True
2022-07-07,M&M,1.0,1.0,0.0,0.75,1.0,1.0,0.0,True,False
2022-07-07,MARUTI,,,,,,,,,True
2022-07-07,NTPC,1.0,1.0,1.0,1.0,,,,,True
2022-07-07,ONGC,,,,,,,,,True
2022-07-07,POWERGRID,1.0,1.0,0.0,0.75,,,,,True
2022-07-07,RELIANCE,1.0,1.0,0.0,0.75,1.0,1.0,0.0,True,False
2022-07-07,SBIN,,,,,,,,,True
2022-07-07,TATAMOTORS,,,,,,,,,True
2022-07-07,TCS,1.0,1.0,0.0,0.75,1.0,1.0,0.0,True,False
2022-07-07,WIPRO,1.0,1.0,0.0,0.75,,,,,True
2022-07-07,CIPLA,,,,,,,,,True
2022-07-07,INFY,,,,,,,,,True
2022-07-07,DRREDDY,1.0,1.0,0.0,0.75,,,,,True
2022-07-07,HCLTECH,,,,,,,,,True
2022-07-07,TECHM,,,,,,,,,True
2022-07-07,SUNPHARMA,0.0,0.0,1.0,0.25,,,,,True
2022-07-08,ADANIGREEN,,,,,,,,,True
2022-07-08,ASIANPAINT,1.0,0.0,0.0,0.4,,,,,True
2022-07-08,AXISBANK,,,,,,,,,True
2022-07-08,BAJAJ-AUTO,,,,,,,,,True
2022-07-08,HDFCBANK,,,,,,,,,True
2022-07-08,HINDUNILVR,0.0,0.0,1.0,0.25,,,,,True
2022-07-08,ICICIBANK,1.0,1.0,0.0,0.75,,,,,True
2022-07-08,ITC,,,,,,,,,True
2022-07-08,KOTAKBANK,,,,,,,,,True
2022-07-08,M&M,1.0,1.0,0.0,0.75,,,,,True
2022-07-08,MARUTI,,,,,,,,,True
2022-07-08,NTPC,1.0,1.0,1.0,1.0,,,,,True
2022-07-08,ONGC,,,,,,,,,True
2022-07-08,POWERGRID,,,,,,,,,True
2022-07-08,RELIANCE,1.0,1.0,0.0,0.75,,,,,True
2022-07-08,SBIN,,,,,,,,,True
2022-07-08,TATAMOTORS,,,,,,,,,True
2022-07-08,TCS,1.0,1.0,0.0,0.75,,,,,True
2022-07-08,WIPRO,1.0,1.0,0.0,0.75,,,,,True
2022-07-08,CIPLA,,,,,,,,,True
2022-07-08,INFY,,,,,,,,,True
2022-07-08,DRREDDY,1.0,1.0,0.0,0.75,,,,,True
2022-07-08,HCLTECH,,,,,,,,,True
2022-07-08,TECHM,,,,,,,,,True
2022-07-08,SUNPHARMA,0.0,0.0,1.0,0.25,,,,,True
2022-07-11,ADANIGREEN,,,,,,,,,True
2022-07-11,ASIANPAINT,1.0,0.0,0.0,0.4,,,,,True
2022-07-11,AXISBANK,0.0,0.0,0.0,0.0,2.0,0.5,0.0,True,False
2022-07-11,BAJAJ-AUTO,,,,,,,,,True
2022-07-11,HDFCBANK,0.0,0.0,0.0,0.0,2.0,0.5,0.0,True,False
2022-07-11,HINDUNILVR,0.0,0.0,1.0,0.25,,,,,True
2022-07-11,ICICIBANK,0.0,0.0,0.0,0.0,2.0,0.5,0.0,True,False
2022-07-11,ITC,,,,,,,,,True
2022-07-11,KOTAKBANK,0.0,0.0,0.3333,0.0833,3.0,0.5,0.0,True,False
2022-07-11,M&M,0.0,0.0,1.0,0.25,1.0,0.5,0.0,True,False
2022-07-11,MARUTI,,,,,,,,,True
2022-07-11,NTPC,1.0,1.0,1.0,1.0,,,,,True
2022-07-11,ONGC,,,,,,,,,True
2022-07-11,POWERGRID,0.0,0.0,1.0,0.25,1.0,0.5,0.0,True,False
2022-07-11,RELIANCE,0.0,0.0,1.0,0.25,1.0,0.5,0.0,True,False
2022-07-11,SBIN,0.0,0.0,0.0,0.0,2.0,0.5,0.0,True,False
2022-07-11,TATAMOTORS,,,,,,,,,True
2022-07-11,TCS,1.0,1.0,0.0,0.75,,,,,True
2022-07-11,WIPRO,1.0,1.0,0.0,0.75,,,,,True
2022-07-11,CIPLA,,,,,,,,,True
2022-07-11,INFY,0.0,0.0,0.0,0.0,1.0,0.5,0.0,True,False
2022-07-11,DRREDDY,-1.0,0.0,0.0,-0.4,1.0,1.0,0.0,True,False
2022-07-11,HCLTECH,0.3333,0.3333,0.0,0.25,3.0,0.6667,0.0,True,False
2022-07-11,TECHM,,,,,,,,,True
2022-07-11,SUNPHARMA,0.0,0.0,1.0,0.25,,,,,True
2022-07-12,ADANIGREEN,,,,,,,,,True
2022-07-12,ASIANPAINT,1.0,0.0,0.0,0.4,,,,,True
2022-07-12,AXISBANK,0.0,0.0,0.0,0.0,,,,,True
2022-07-12,BAJAJ-AUTO,,,,,,,,,True
2022-07-12,HDFCBANK,1.0,1.0,0.0,0.75,1.0,1.0,0.0,True,False
2022-07-12,HINDUNILVR,0.0,0.0,1.0,0.25,1.0,0.5,0.0,True,False
2022-07-12,ICICIBANK,-1.0,0.0,0.0,-0.4,1.0,1.0,0.0,True,False
2022-07-12,ITC,,,,,,,,,True
2022-07-12,KOTAKBANK,0.0,0.0,0.3333,0.0833,,,,,True
2022-07-12,M&M,0.0,0.0,1.0,0.25,,,,,True
2022-07-12,MARUTI,,,,,,,,,True
2022-07-12,NTPC,1.0,1.0,1.0,1.0,,,,,True
2022-07-12,ONGC,,,,,,,,,True
2022-07-12,POWERGRID,0.0,0.0,0.0,0.0,1.0,0.5,0.0,True,False
2022-07-12,RELIANCE,0.0,0.0,1.0,0.25,,,,,True
2022-07-12,SBIN,0.0,0.0,1.0,0.25,1.0,0.5,0.0,True,False
2022-07-12,TATAMOTORS,,,,,,,,,True
2022-07-12,TCS,1.0,1.0,0.0,0.75,,,,,True
2022-07-12,WIPRO,1.0,1.0,0.0,0.75,,,,,True
2022-07-12,CIPLA,,,,,,,,,True
2022-07-12,INFY,0.0,0.0,0.0,0.0,,,,,True
2022-07-12,DRREDDY,-1.0,0.0,0.0,-0.4,,,,,True
2022-07-12,HCLTECH,1.0,1.0,0.0,0.75,1.0,1.0,0.0,True,False
2022-07-12,TECHM,,,,,,,,,True
2022-07-12,SUNPHARMA,0.0,0.0,1.0,0.25,,,,,True
2022-07-13,ADANIGREEN,,,,,,,,,True
2022-07-13,ASIANPAINT,1.0,1.0,0.0,0.75,1.0,1.0,0.0,True,False
2022-07-13,AXISBANK,0.0,0.0,0.0,0.0,2.0,0.5,0.0,True,False
2022-07-13,BAJAJ-AUTO,,,,,,,,,True
2022-07-13,HDFCBANK,0.0,0.0,0.0,0.0,2.0,0.5,0.0,True,False
2022-07-13,HINDUNILVR,0.0,0.0,1.0,0.25,,,,,True
2022-07-13,ICICIBANK,0.0,0.0,0.0,0.0,2.0,0.5,0.0,True,False
2022-07-13,ITC,1.0,0.0,0.0,0.4,1.0,1.0,0.0,True,False
2022-07-13,KOTAKBANK,0.0,0.0,0.0,0.0,2.0,0.5,0.0,True,False
2022-07-13,M&M,0.0,0.0,1.0,0.25,,,,,True
2022-07-13,MARUTI,,,,,,,,,True
2022-07-13,NTPC,,,,,,,,,True
2022-07-13,ONGC,,,,,,,,,True
2022-07-13,POWERGRID,0.0,0.0,0.0,0.0,,,,,True
2022-07-13,RELIANCE,0.0,0.0,1.0,0.25,,,,,True
2022-07-13,SBIN,0.0,0.0,0.3333,0.0833,3.0,0.5,0.0,True,False
2022-07-13,TATAMOTORS,,,,,,,,,True
2022-07-13,TCS,1.0,1.0,0.0,0.75,,,,,True
2022-07-13,WIPRO,,,,,,,,,True
2022-07-13,CIPLA,,,,,,,,,True
2022-07-13,INFY,0.0,0.0,0.0,0.0,,,,,True
2022-07-13,DRREDDY,-1.0,0.0,0.0,-0.4,,,,,True
2022-07-13,HCLTECH,1.0,1.0,0.0,0.75,,,,,True
2022-07-13,TECHM,,,,,,,,,True
2022-07-13,SUNPHARMA,,,,,,,,,True
2022-07-14,ADANIGREEN,,,,,,,,,True
2022-07-14,ASIANPAINT,1.0,1.0,0.0,0.75,1.0,1.0,0.0,True,False
2022-07-14,AXISBANK,0.0,0.0,0.0,0.0,1.0,0.5,0.0,True,False
2022-07-14,BAJAJ-AUTO,,,,,,,,,True
2022-07-14,HDFCBANK,0.0,0.0,0.0,0.0,1.0,0.5,0.0,True,False
2022-07-14,HINDUNILVR,0.0,0.0,1.0,0.25,,,,,True
2022-07-14,ICICIBANK,0.0,0.0,0.0,0.0,1.0,0.5,0.0,True,False
2022-07-14,ITC,1.0,0.0,0.0,0.4,,,,,True
2022-07-14,KOTAKBANK,0.0,0.0,0.0,0.0,1.0,0.5,0.0,True,False
2022-07-14,M&M,0.25,0.25,0.5,0.3125,4.0,0.625,0.0,True,False
2022-07-14,MARUTI,,,,,,,,,True
2022-07-14,NTPC,,,,,,,,,True
2022-07-14,ONGC,,,,,,,,,True
2022-07-14,POWERGRID,0.0,0.0,0.0,0.0,,,,,True
2022-07-14,RELIANCE,0.0,0.0,1.0,0.25,,,,,True
2022-07-14,SBIN,0.0,0.0,0.0,0.0,1.0,0.5,0.0,True,False
2022-07-14,TATAMOTORS,,,,,,,,,True
2022-07-14,TCS,1.0,1.0,0.0,0.75,,,,,True
2022-07-14,WIPRO,1.0,1.0,0.0,0.75,1.0,1.0,0.0,True,False
2022-07-14,CIPLA,1.0,0.0,0.0,0.4,1.0,1.0,0.0,True,False
2022-07-14,INFY,1.0,1.0,0.0,0.75,1.0,1.0,0.0,True,False
2022-07-14,DRREDDY,-1.0,0.0,0.0,-0.4,,,,,True
2022-07-14,HCLTECH,1.0,1.0,0.0,0.75,,,,,True
2022-07-14,TECHM,1.0,1.0,0.0,0.75,1.0,1.0,0.0,True,False
2022-07-14,SUNPHARMA,,,,,,,,,True
2022-07-15,ADANIGREEN,,,,,,,,,True
2022-07-15,ASIANPAINT,1.0,1.0,0.0,0.75,,,,,True
2022-07-15,AXISBANK,0.0,0.0,0.0,0.0,,,,,True
2022-07-15,BAJAJ-AUTO,,,,,,,,,True
2022-07-15,HDFCBANK,0.0,0.0,0.0,0.0,,,,,True
2022-07-15,HINDUNILVR,0.0,0.0,1.0,0.25,,,,,True
2022-07-15,ICICIBANK,0.0,0.0,0.0,0.0,,,,,True
2022-07-15,ITC,1.0,0.0,0.0,0.4,,,,,True
2022-07-15,KOTAKBANK,0.0,0.0,0.0,0.0,,,,,True
2022-07-15,M&M,0.25,0.25,0.5,0.3125,,,,,True
2022-07-15,MARUTI,,,,,,,,,True
2022-07-15,NTPC,,,,,,,,,True
2022-07-15,ONGC,,,,,,,,,True
2022-07-15,POWERGRID,0.0,0.0,0.0,0.0,,,,,True
2022-07-15,RELIANCE,0.0,0.0,1.0,0.25,,,,,True
2022-07-15,SBIN,0.0,0.0,0.0,0.0,,,,,True
2022-07-15,TATAMOTORS,,,,,,,,,True
2022-07-15,TCS,,,,,,,,,True
2022-07-15,WIPRO,1.0,1.0,0.0,0.75,,,,,True
2022-07-15,CIPLA,1.0,0.0,0.0,0.4,,,,,True
2022-07-15,INFY,1.0,1.0,0.0,0.75,,,,,True
2022-07-15,DRREDDY,-1.0,0.0,0.0,-0.4,,,,,True
2022-07-15,HCLTECH,1.0,1.0,0.0,0.75,,,,,True
2022-07-15,TECHM,1.0,1.0,0.0,0.75,,,,,True
2022-07-15,SUNPHARMA,,,,,,,,,True
2022-07-18,ADANIGREEN,,,,,,,,,True
2022-07-18,ASIANPAINT,1.0,1.0,0.0,0.75,,,,,True
2022-07-18,AXISBANK,0.0,0.0,0.0,0.0,1.0,0.5,0.0,True,False
2022-07-18,BAJAJ-AUTO,0.0,0.0,0.0,0.0,1.0,0.5,0.0,True,False
2022-07-18,HDFCBANK,0.7143,0.5,0.0,0.4607,2.0,0.75,0.0,True,False
2022-07-18,HINDUNILVR,0.0,0.0,1.0,0.25,,,,,True
2022-07-18,ICICIBANK,0.0,0.0,0.0,0.0,1.0,0.5,0.0,True,False
2022-07-18,ITC,1.0,0.0,0.0,0.4,,,,,True
2022-07-18,KOTAKBANK,0.0,0.0,0.0,0.0,1.0,0.5,0.0,True,False
2022-07-18,M&M,0.0,0.0,1.0,0.25,1.0,0.5,0.0,True,False
2022-07-18,MARUTI,,,,,,,,,True
2022-07-18,NTPC,,,,,,,,,True
2022-07-18,ONGC,,,,,,,,,True
2022-07-18,POWERGRID,0.0,0.0,0.0,0.0,,,,,True
2022-07-18,RELIANCE,-1.0,0.0,0.0,-0.4,1.0,1.0,0.0,True,False
2022-07-18,SBIN,0.7143,0.5,0.0,0.4607,2.0,0.75,0.0,True,False
2022-07-18,TATAMOTORS,,,,,,,,,True
2022-07-18,TCS,0.0,0.0,0.0,0.0,1.0,0.5,0.0,True,False
2022-07-18,WIPRO,1.0,1.0,0.0,0.75,,,,,True
2022-07-18,CIPLA,1.0,0.0,0.0,0.4,,,,,True
2022-07-18,INFY,1.0,1.0,0.0,0.75,,,,,True
2022-07-18,DRREDDY,0.0,0.0,1.0,0.25,1.0,0.5,0.0,True,False
2022-07-18,HCLTECH,1.0,1.0,0.0,0.75,,,,,True
2022-07-18,TECHM,1.0,1.0,0.0,0.75,,,,,True
2022-07-18,SUNPHARMA,,,,,,,,,True
2022-07-19,ADANIGREEN,0.0,0.0,1.0,0.25,1.0,0.5,0.0,True,False
2022-07-19,ASIANPAINT,1.0,1.0,0.0,0.75,,,,,True
2022-07-19,AXISBANK,0.0,0.0,0.0,0.0,,,,,True
2022-07-19,BAJAJ-AUTO,0.0,0.0,0.0,0.0,,,,,True
2022-07-19,HDFCBANK,0.7143,0.5,0.0,0.4607,,,,,True
2022-07-19,HINDUNILVR,0.0,0.0,1.0,0.25,,,,,True
2022-07-19,ICICIBANK,0.0,0.0,0.0,0.0,,,,,True
2022-07-19,ITC,1.0,0.0,0.0,0.4,,,,,True
2022-07-19,KOTAKBANK,-1.0,0.0,0.0,-0.4,1.0,1.0,0.0,True,False
2022-07-19,M&M,-1.0,0.0,0.0,-0.4,1.0,1.0,0.0,True,False
2022-07-19,MARUTI,0.0,0.0,1.0,0.25,1.0,0.5,0.0,True,False
2022-07-19,NTPC,-1.0,0.0,1.0,-0.15,1.0,1.0,0.0,True,False
2022-07-19,ONGC,,,,,,,,,True
2022-07-19,POWERGRID,0.0,0.0,0.0,0.0,,,,,True
2022-07-19,RELIANCE,-1.0,0.0,0.0,-0.4,,,,,True
2022-07-19,SBIN,0.7143,0.5,0.0,0.4607,,,,,True
2022-07-19,TATAMOTORS,,,,,,,,,True
2022-07-19,TCS,0.0,0.0,0.0,0.0,,,,,True
2022-07-19,WIPRO,1.0,1.0,0.0,0.75,,,,,True
2022-07-19,CIPLA,1.0,0.0,0.0,0.4,,,,,True
2022-07-19,INFY,1.0,1.0,0.0,0.75,,,,,True
2022-07-19,DRREDDY,0.0,0.0,1.0,0.25,,,,,True
2022-07-19,HCLTECH,1.0,1.0,0.0,0.75,,,,,True
2022-07-19,TECHM,1.0,1.0,0.0,0.75,,,,,True
2022-07-19,SUNPHARMA,-1.0,0.0,0.0,-0.4,1.0,1.0,0.0,True,False
2022-07-20,ADANIGREEN,0.0,0.0,1.0,0.25,,,,,True
2022-07-20,ASIANPAINT,1.0,1.0,0.0,0.75,,,,,True
2022-07-20,AXISBANK,0.0,0.0,0.0,0.0,1.0,0.5,0.0,True,False
2022-07-20,BAJAJ-AUTO,0.0,0.0,0.0,0.0,,,,,True
2022-07-20,HDFCBANK,0.0,0.0,0.0,0.0,1.0,0.5,0.0,True,False
2022-07-20,HINDUNILVR,,,,,,,,,True
2022-07-20,ICICIBANK,0.7143,0.5,0.0,0.4607,2.0,0.75,0.0,True,False
2022-07-20,ITC,1.0,0.0,0.0,0.4,,,,,True
2022-07-20,KOTAKBANK,0.0,0.0,0.0,0.0,1.0,0.5,0.0,True,False
2022-07-20,M&M,1.0,1.0,0.0,0.75,1.0,1.0,0.0,True,False
2022-07-20,MARUTI,0.0,0.0,1.0,0.25,,,,,True
2022-07-20,NTPC,1.0,1.0,1.0,1.0,1.0,1.0,0.0,True,False
2022-07-20,ONGC,,,,,,,,,True
2022-07-20,POWERGRID,0.0,0.0,1.0,0.25,1.0,0.5,0.0,True,False
2022-07-20,RELIANCE,-1.0,0.0,0.0,-0.4,,,,,True
2022-07-20,SBIN,0.0,0.0,0.0,0.0,1.0,0.5,0.0,True,False
2022-07-20,TATAMOTORS,,,,,,,,,True
2022-07-20,TCS,0.0,0.0,0.0,0.0,,,,,True
2022-07-20,WIPRO,1.0,1.0,0.0,0.75,,,,,True
2022-07-20,CIPLA,1.0,0.0,0.0,0.4,,,,,True
2022-07-20,INFY,-0.5,0.0,0.0,-0.2,2.0,0.75,0.0,True,False
2022-07-20,DRREDDY,0.0,0.0,1.0,0.25,,,,,True
2022-07-20,HCLTECH,,,,,,,,,True
2022-07-20,TECHM,1.0,1.0,0.0,0.75,,,,,True
2022-07-20,SUNPHARMA,-1.0,0.0,0.0,-0.4,,,,,True
2022-07-21,ADANIGREEN,0.0,0.0,1.0,0.25,1.0,0.5,0.0,True,False
2022-07-21,ASIANPAINT,1.0,1.0,0.0,0.75,,,,,True
2022-07-21,AXISBANK,0.0,0.0,0.0,0.0,2.0,0.5,0.0,True,False
2022-07-21,BAJAJ-AUTO,0.0,0.0,0.0,0.0,,,,,True
2022-07-21,HDFCBANK,0.0,0.0,0.3333,0.0833,3.0,0.5,0.0,True,False
2022-07-21,HINDUNILVR,-1.0,-1.0,0.0,-0.75,1.0,1.0,0.0,True,False
2022-07-21,ICICIBANK,0.0,0.0,0.0,0.0,2.0,0.5,0.0,True,False
2022-07-21,ITC,,,,,,,,,True
2022-07-21,KOTAKBANK,0.0,0.0,0.0,0.0,2.0,0.5,0.0,True,False
2022-07-21,M&M,-1.0,0.0,0.0,-0.4,1.0,1.0,0.0,True,False
2022-07-21,MARUTI,0.0,0.0,1.0,0.25,,,,,True
2022-07-21,NTPC,1.0,1.0,1.0,1.0,1.0,1.0,0.0,True,False
2022-07-21,ONGC,,,,,,,,,True
2022-07-21,POWERGRID,0.0,0.0,1.0,0.25,,,,,True
2022-07-21,RELIANCE,-1.0,0.0,0.0,-0.4,,,,,True
2022-07-21,SBIN,0.0,0.0,0.0,0.0,2.0,0.5,0.0,True,False
2022-07-21,TATAMOTORS,,,,,,,,,True
2022-07-21,TCS,0.0,0.0,0.0,0.0,,,,,True
2022-07-21,WIPRO,0.0,0.0,0.0,0.0,1.0,0.5,0.0,True,False
2022-07-21,CIPLA,0.0,0.0,0.0,0.0,1.0,0.5,0.0,True,False
2022-07-21,INFY,1.0,1.0,0.0,0.75,1.0,1.0,0.0,True,False
2022-07-21,DRREDDY,0.0,0.0,1.0,0.25,,,,,True
2022-07-21,HCLTECH,,,,,,,,,True
2022-07-21,TECHM,1.0,1.0,0.0,0.75,,,,,True
2022-07-21,SUNPHARMA,1.0,0.0,0.0,0.4,1.0,1.0,0.0,True,False
2022-07-22,ADANIGREEN,0.0,0.0,1.0,0.25,,,,,True
2022-07-22,ASIANPAINT,,,,,,,,,True
2022-07-22,AXISBANK,0.0,0.0,0.0,0.0,,,,,True
2022-07-22,BAJAJ-AUTO,0.0,0.0,0.0,0.0,,,,,True
2022-07-22,HDFCBANK,0.0,0.0,0.3333,0.0833,,,,,True
2022-07-22,HINDUNILVR,-1.0,-1.0,0.0,-0.75,,,,,True
2022-07-22,ICICIBANK,0.0,0.0,0.0,0.0,,,,,True
2022-07-22,ITC,,,,,,,,,True
2022-07-22,KOTAKBANK,0.0,0.0,0.0,0.0,,,,,True
2022-07-22,M&M,-1.0,0.0,0.0,-0.4,,,,,True
2022-07-22,MARUTI,0.0,0.0,1.0,0.25,,,,,True
2022-07-22,NTPC,1.0,1.0,1.0,1.0,,,,,True
2022-07-22,ONGC,,,,,,,,,True
2022-07-22,POWERGRID,0.0,0.0,1.0,0.25,,,,,True
2022-07-22,RELIANCE,-1.0,0.0,0.0,-0.4,,,,,True
2022-07-22,SBIN,0.0,0.0,0.0,0.0,,,,,True
2022-07-22,TATAMOTORS,,,,,,,,,True
2022-07-22,TCS,0.0,0.0,0.0,0.0,,,,,True
2022-07-22,WIPRO,0.0,0.0,0.0,0.0,,,,,True
2022-07-22,CIPLA,0.0,0.0,0.0,0.0,,,,,True
2022-07-22,INFY,1.0,1.0,0.0,0.75,,,,,True
2022-07-22,DRREDDY,0.0,0.0,1.0,0.25,,,,,True
2022-07-22,HCLTECH,,,,,,,,,True
2022-07-22,TECHM,,,,,,,,,True
2022-07-22,SUNPHARMA,1.0,0.0,0.0,0.4,,,,,True
2022-07-25,ADANIGREEN,0.0,0.0,1.0,0.25,,,,,True
2022-07-25,ASIANPAINT,,,,,,,,,True
2022-07-25,AXISBANK,0.0,0.0,0.0,0.0,2.0,0.5,0.0,True,False
2022-07-25,BAJAJ-AUTO,0.0,0.0,0.0,0.0,,,,,True
2022-07-25,HDFCBANK,0.0,0.0,0.0,0.0,2.0,0.5,0.0,True,False
2022-07-25,HINDUNILVR,-1.0,-1.0,0.0,-0.75,,,,,True
2022-07-25,ICICIBANK,0.0,0.0,0.0,0.0,2.0,0.5,0.0,True,False
2022-07-25,ITC,,,,,,,,,True
2022-07-25,KOTAKBANK,0.0,0.0,0.0,0.0,2.0,0.5,0.0,True,False
2022-07-25,M&M,-1.0,0.0,0.0,-0.4,,,,,True
2022-07-25,MARUTI,0.0,0.0,1.0,0.25,,,,,True
2022-07-25,NTPC,0.5,0.0,1.0,0.45,2.0,0.75,0.0,True,False
2022-07-25,ONGC,,,,,,,,,True
2022-07-25,POWERGRID,0.0,0.0,0.0,0.0,1.0,0.5,0.0,True,False
2022-07-25,RELIANCE,1.0,1.0,0.0,0.75,1.0,1.0,0.0,True,False
2022-07-25,SBIN,0.5556,0.0,0.0,0.2222,3.0,0.6667,0.0,True,False
2022-07-25,TATAMOTORS,-0.5,0.0,0.5,-0.075,2.0,0.75,0.0,True,False
2022-07-25,TCS,0.0,0.0,0.0,0.0,,,,,True
2022-07-25,WIPRO,0.0,0.0,0.0,0.0,,,,,True
2022-07-25,CIPLA,0.0,0.0,0.0,0.0,,,,,True
2022-07-25,INFY,1.0,0.0,0.0,0.4,1.0,1.0,0.0,True,False
2022-07-25,DRREDDY,0.0,0.0,0.5,0.125,2.0,0.5,0.0,True,False
2022-07-25,HCLTECH,,,,,,,,,True
2022-07-25,TECHM,,,,,,,,,True
2022-07-25,SUNPHARMA,1.0,0.0,0.0,0.4,,,,,True
2022-07-26,ADANIGREEN,0.0,0.0,1.0,0.25,,,,,True
2022-07-26,ASIANPAINT,,,,,,,,,True
2022-07-26,AXISBANK,1.0,1.0,0.0,0.75,1.0,1.0,0.0,True,False
2022-07-26,BAJAJ-AUTO,,,,,,,,,True
2022-07-26,HDFCBANK,0.0,0.0,0.0,0.0,,,,,True
2022-07-26,HINDUNILVR,-1.0,-1.0,0.0,-0.75,,,,,True
2022-07-26,ICICIBANK,0.0,0.0,0.0,0.0,,,,,True
2022-07-26,ITC,0.0,0.0,0.0,0.0,1.0,0.5,0.0,True,False
2022-07-26,KOTAKBANK,0.0,0.0,0.0,0.0,,,,,True
2022-07-26,M&M,-1.0,0.0,0.0,-0.4,,,,,True
2022-07-26,MARUTI,1.0,1.0,0.0,0.75,1.0,1.0,0.0,True,False
2022-07-26,NTPC,0.0,0.0,1.0,0.25,1.0,0.5,0.0,True,False
2022-07-26,ONGC,1.0,0.0,0.0,0.4,1.0,1.0,0.0,True,False
2022-07-26,POWERGRID,0.0,0.0,0.0,0.0,,,,,True
2022-07-26,RELIANCE,1.0,1.0,0.0,0.75,,,,,True
2022-07-26,SBIN,0.5556,0.0,0.0,0.2222,,,,,True
2022-07-26,TATAMOTORS,1.0,1.0,0.0,0.75,1.0,1.0,0.0,True,False
2022-07-26,TCS,,,,,,,,,True
2022-07-26,WIPRO,0.0,0.0,0.0,0.0,,,,,True
2022-07-26,CIPLA,0.0,0.0,0.0,0.0,,,,,True
2022-07-26,INFY,1.0,0.0,0.0,0.4,,,,,True
2022-07-26,DRREDDY,0.0,0.0,0.5,0.125,,,,,True
2022-07-26,HCLTECH,,,,,,,,,True
2022-07-26,TECHM,,,,,,,,,True
2022-07-26,SUNPHARMA,1.0,0.0,0.0,0.4,,,,,True
2022-07-27,ADANIGREEN,0.0,0.0,1.0,0.25,,,,,True
2022-07-27,ASIANPAINT,,,,,,,,,True
2022-07-27,AXISBANK,1.0,0.0,0.0,0.4,1.0,1.0,0.0,True,False
2022-07-27,BAJAJ-AUTO,,,,,,,,,True
2022-07-27,HDFCBANK,1.0,0.0,0.0,0.4,1.0,1.0,0.0,True,False
2022-07-27,HINDUNILVR,-1.0,-1.0,0.0,-0.75,,,,,True
2022-07-27,ICICIBANK,1.0,0.3333,0.0,0.5167,3.0,1.0,0.0,False,False
2022-07-27,ITC,0.0,0.0,0.0,0.0,,,,,True
2022-07-27,KOTAKBANK,1.0,0.0,0.0,0.4,1.0,1.0,0.0,True,False
2022-07-27,M&M,1.0,0.5,0.0,0.575,2.0,1.0,0.0,False,False
2022-07-27,MARUTI,1.0,1.0,0.0,0.75,,,,,True
2022-07-27,NTPC,0.0,0.0,1.0,0.25,,,,,True
2022-07-27,ONGC,1.0,0.0,0.0,0.4,,,,,True
2022-07-27,POWERGRID,0.0,0.0,0.0,0.0,,,,,True
2022-07-27,RELIANCE,1.0,1.0,0.0,0.75,,,,,True
2022-07-27,SBIN,1.0,0.0,0.0,0.4,1.0,1.0,0.0,True,False
2022-07-27,TATAMOTORS,1.0,1.0,0.0,0.75,,,,,True
2022-07-27,TCS,,,,,,,,,True
2022-07-27,WIPRO,0.0,0.0,0.0,0.0,,,,,True
2022-07-27,CIPLA,1.0,0.5,0.0,0.575,2.0,1.0,0.0,False,False
2022-07-27,INFY,1.0,0.0,0.0,0.4,,,,,True
2022-07-27,DRREDDY,0.0,0.0,0.5,0.125,,,,,True
2022-07-27,HCLTECH,,,,,,,,,True
2022-07-27,TECHM,1.0,0.0,0.0,0.4,1.0,1.0,0.0,True,False
2022-07-27,SUNPHARMA,1.0,0.0,0.0,0.4,,,,,True
2022-07-28,ADANIGREEN,0.0,0.0,1.0,0.25,,,,,True
2022-07-28,ASIANPAINT,,,,,,,,,True
2022-07-28,AXISBANK,1.0,0.0,0.0,0.4,,,,,True
2022-07-28,BAJAJ-AUTO,1.0,0.0,0.0,0.4,1.0,1.0,0.0,True,False
2022-07-28,HDFCBANK,1.0,0.0,0.0,0.4,,,,,True
2022-07-28,HINDUNILVR,-1.0,-1.0,0.0,-0.75,,,,,True
2022-07-28,ICICIBANK,1.0,0.3333,0.0,0.5167,,,,,True
2022-07-28,ITC,0.0,0.0,0.0,0.0,,,,,True
2022-07-28,KOTAKBANK,1.0,0.0,0.0,0.4,,,,,True
2022-07-28,M&M,0.0,0.0,1.0,0.25,2.0,0.5,0.0,True,False
2022-07-28,MARUTI,1.0,1.0,0.0,0.75,,,,,True
2022-07-28,NTPC,0.0,0.0,1.0,0.25,,,,,True
2022-07-28,ONGC,1.0,0.0,0.0,0.4,,,,,True
2022-07-28,POWERGRID,0.0,0.0,0.0,0.0,,,,,True
2022-07-28,RELIANCE,1.0,1.0,0.0,0.75,,,,,True
2022-07-28,SBIN,1.0,0.0,0.0,0.4,,,,,True
2022-07-28,TATAMOTORS,1.0,1.0,0.0,0.75,,,,,True
2022-07-28,TCS,,,,,,,,,True
2022-07-28,WIPRO,0.0,0.0,0.0,0.0,,,,,True
2022-07-28,CIPLA,1.0,0.5,0.0,0.575,,,,,True
2022-07-28,INFY,1.0,0.0,0.0,0.4,,,,,True
2022-07-28,DRREDDY,1.0,0.5,0.0,0.575,2.0,1.0,0.0,False,False
2022-07-28,HCLTECH,,,,,,,,,True
2022-07-28,TECHM,0.0,0.0,1.0,0.25,1.0,0.5,0.0,True,False
2022-07-28,SUNPHARMA,1.0,0.0,0.0,0.4,1.0,1.0,0.0,True,False
2022-07-29,ADANIGREEN,,,,,,,,,True
2022-07-29,ASIANPAINT,,,,,,,,,True
2022-07-29,AXISBANK,1.0,0.0,0.0,0.4,,,,,True
2022-07-29,BAJAJ-AUTO,1.0,0.0,0.0,0.4,,,,,True
2022-07-29,HDFCBANK,1.0,0.0,0.0,0.4,,,,,True
2022-07-29,HINDUNILVR,,,,,,,,,True
2022-07-29,ICICIBANK,1.0,0.3333,0.0,0.5167,,,,,True
2022-07-29,ITC,0.0,0.0,0.0,0.0,,,,,True
2022-07-29,KOTAKBANK,1.0,0.0,0.0,0.4,,,,,True
2022-07-29,M&M,0.0,0.0,1.0,0.25,,,,,True
2022-07-29,MARUTI,1.0,1.0,0.0,0.75,,,,,True
2022-07-29,NTPC,0.0,0.0,1.0,0.25,,,,,True
2022-07-29,ONGC,1.0,0.0,0.0,0.4,,,,,True
2022-07-29,POWERGRID,0.0,0.0,0.0,0.0,,,,,True
2022-07-29,RELIANCE,1.0,1.0,0.0,0.75,,,,,True
2022-07-29,SBIN,1.0,0.0,0.0,0.4,,,,,True
2022-07-29,TATAMOTORS,1.0,1.0,0.0,0.75,,,,,True
2022-07-29,TCS,,,,,,,,,True
2022-07-29,WIPRO,,,,,,,,,True
2022-07-29,CIPLA,1.0,0.5,0.0,0.575,,,,,True
2022-07-29,INFY,1.0,0.0,0.0,0.4,,,,,True
2022-07-29,DRREDDY,1.0,0.5,0.0,0.575,,,,,True
2022-07-29,HCLTECH,,,,,,,,,True
2022-07-29,TECHM,0.0,0.0,1.0,0.25,,,,,True
2022-07-29,SUNPHARMA,1.0,0.0,0.0,0.4,,,,,True
2022-08-01,ADANIGREEN,,,,,,,,,True
2022-08-01,ASIANPAINT,,,,,,,,,True
2022-08-01,AXISBANK,1.0,0.0,0.0,0.4,,,,,True
2022-08-01,BAJAJ-AUTO,1.0,0.0,0.0,0.4,,,,,True
2022-08-01,HDFCBANK,1.0,0.0,0.0,0.4,,,,,True
2022-08-01,HINDUNILVR,0.0,0.0,0.0,0.0,1.0,0.5,0.0,True,False
2022-08-01,ICICIBANK,1.0,0.3333,0.0,0.5167,,,,,True
2022-08-01,ITC,0.0,0.0,0.0,0.0,,,,,True
2022-08-01,KOTAKBANK,1.0,0.0,0.0,0.4,,,,,True
2022-08-01,M&M,0.0,0.0,1.0,0.25,,,,,True
2022-08-01,MARUTI,1.0,0.0,0.0,0.4,1.0,1.0,0.0,True,False
2022-08-01,NTPC,0.0,0.0,1.0,0.25,,,,,True
2022-08-01,ONGC,1.0,0.0,0.0,0.4,,,,,True
2022-08-01,POWERGRID,0.0,0.0,0.0,0.0,,,,,True
2022-08-01,RELIANCE,0.0,0.0,0.0,0.0,1.0,0.5,0.0,True,False
2022-08-01,SBIN,1.0,0.0,0.0,0.4,,,,,True
2022-08-01,TATAMOTORS,0.5,0.0,0.5,0.325,2.0,0.75,0.0,True,False
2022-08-01,TCS,,,,,,,,,True
2022-08-01,WIPRO,1.0,0.0,0.0,0.4,1.0,1.0,0.0,True,False
2022-08-01,CIPLA,1.0,0.5,0.0,0.575,,,,,True
2022-08-01,INFY,1.0,0.0,0.0,0.4,,,,,True
2022-08-01,DRREDDY,1.0,0.5,0.0,0.575,,,,,True
2022-08-01,HCLTECH,,,,,,,,,True
2022-08-01,TECHM,0.0,0.0,1.0,0.25,,,,,True
2022-08-01,SUNPHARMA,-1.0,0.0,0.0,-0.4,1.0,1.0,0.0,True,False
2022-08-02,ADANIGREEN,,,,,,,,,True
2022-08-02,ASIANPAINT,1.0,0.0,0.0,0.4,1.0,1.0,0.0,True,False
2022-08-02,AXISBANK,1.0,0.0,0.0,0.4,,,,,True
2022-08-02,BAJAJ-AUTO,1.0,0.0,0.0,0.4,,,,,True
2022-08-02,HDFCBANK,1.0,0.0,0.0,0.4,,,,,True
2022-08-02,HINDUNILVR,0.0,0.0,0.0,0.0,,,,,True
2022-08-02,ICICIBANK,1.0,0.0,0.0,0.4,1.0,1.0,0.0,True,False
2022-08-02,ITC,0.0,0.0,0.0,0.0,,,,,True
2022-08-02,KOTAKBANK,1.0,0.0,0.0,0.4,,,,,True
2022-08-02,M&M,0.0,0.0,1.0,0.25,,,,,True
2022-08-02,MARUTI,1.0,0.0,0.0,0.4,,,,,True
2022-08-02,NTPC,0.0,0.0,1.0,0.25,,,,,True
2022-08-02,ONGC,1.0,0.0,0.0,0.4,,,,,True
2022-08-02,POWERGRID,-1.0,0.0,0.0,-0.4,1.0,1.0,0.0,True,False
2022-08-02,RELIANCE,0.0,0.0,0.0,0.0,,,,,True
2022-08-02,SBIN,1.0,0.0,0.0,0.4,,,,,True
2022-08-02,TATAMOTORS,0.5,0.0,0.5,0.325,,,,,True
2022-08-02,TCS,,,,,,,,,True
2022-08-02,WIPRO,1.0,0.0,0.0,0.4,,,,,True
2022-08-02,CIPLA,1.0,0.5,0.0,0.575,,,,,True
2022-08-02,INFY,,,,,,,,,True
2022-08-02,DRREDDY,1.0,1.0,0.0,0.75,1.0,1.0,0.0,True,False
2022-08-02,HCLTECH,,,,,,,,,True
2022-08-02,TECHM,0.0,0.0,1.0,0.25,,,,,True
2022-08-02,SUNPHARMA,-1.0,0.0,0.0,-0.4,,,,,True
2022-08-03,ADANIGREEN,,,,,,,,,True
2022-08-03,ASIANPAINT,1.0,0.0,0.0,0.4,,,,,True
2022-08-03,AXISBANK,0.0,0.0,1.0,0.25,1.0,0.5,0.0,True,False
2022-08-03,BAJAJ-AUTO,1.0,0.0,0.0,0.4,,,,,True
2022-08-03,HDFCBANK,1.0,0.0,0.0,0.4,,,,,True
2022-08-03,HINDUNILVR,0.0,0.0,0.0,0.0,,,,,True
2022-08-03,ICICIBANK,0.0,0.0,0.0,0.0,1.0,0.5,0.0,True,False
2022-08-03,ITC,,,,,,,,,True
2022-08-03,KOTAKBANK,1.0,0.0,0.0,0.4,,,,,True
2022-08-03,M&M,1.0,0.0,0.0,0.4,1.0,1.0,0.0,True,False
2022-08-03,MARUTI,0.0,0.0,1.0,0.25,1.0,0.5,0.0,True,False
2022-08-03,NTPC,,,,,,,,,True
2022-08-03,ONGC,,,,,,,,,True
2022-08-03,POWERGRID,-1.0,0.0,0.0,-0.4,,,,,True
2022-08-03,RELIANCE,0.0,0.0,0.0,0.0,,,,,True
2022-08-03,SBIN,1.0,0.0,0.0,0.4,,,,,True
2022-08-03,TATAMOTORS,0.5,0.0,0.5,0.325,,,,,True
2022-08-03,TCS,,,,,,,,,True
2022-08-03,WIPRO,1.0,0.0,0.0,0.4,,,,,True
2022-08-03,CIPLA,1.0,0.5,0.0,0.575,,,,,True
2022-08-03,INFY,,,,,,,,,True
2022-08-03,DRREDDY,1.0,1.0,0.0,0.75,,,,,True
2022-08-03,HCLTECH,,,,,,,,,True
2022-08-03,TECHM,0.0,0.0,1.0,0.25,,,,,True
2022-08-03,SUNPHARMA,-1.0,0.0,0.0,-0.4,,,,,True
2022-08-04,ADANIGREEN,,,,,,,,,True
2022-08-04,ASIANPAINT,1.0,0.0,0.0,0.4,,,,,True
2022-08-04,AXISBANK,-0.5556,0.0,0.0,-0.2222,3.0,0.6667,0.0,True,False
2022-08-04,BAJAJ-AUTO,1.0,0.0,0.0,0.4,,,,,True
2022-08-04,HDFCBANK,0.0,0.0,0.0,0.0,2.0,0.5,0.0,True,False
2022-08-04,HINDUNILVR,0.0,0.0,0.0,0.0,,,,,True
2022-08-04,ICICIBANK,0.5556,0.3333,0.0,0.3389,3.0,0.6667,0.0,True,False
2022-08-04,ITC,,,,,,,,,True
2022-08-04,KOTAKBANK,0.0,0.0,0.0,0.0,2.0,0.5,0.0,True,False
2022-08-04,M&M,1.0,0.0,0.0,0.4,1.0,1.0,0.0,True,False
2022-08-04,MARUTI,0.0,0.0,1.0,0.25,,,,,True
2022-08-04,NTPC,0.0,0.0,1.0,0.25,1.0,0.5,0.0,True,False
2022-08-04,ONGC,,,,,,,,,True
2022-08-04,POWERGRID,-1.0,0.0,0.0,-0.4,,,,,True
2022-08-04,RELIANCE,0.0,0.0,1.0,0.25,1.0,0.5,0.0,True,False
2022-08-04,SBIN,0.0,0.0,0.0,0.0,2.0,0.5,0.0,True,False
2022-08-04,TATAMOTORS,0.5,0.0,0.5,0.325,,,,,True
2022-08-04,TCS,1.0,1.0,0.0,0.75,1.0,1.0,0.0,True,False
2022-08-04,WIPRO,1.0,0.0,0.0,0.4,,,,,True
2022-08-04,CIPLA,,,,,,,,,True
2022-08-04,INFY,,,,,,,,,True
2022-08-04,DRREDDY,1.0,1.0,0.0,0.75,,,,,True
2022-08-04,HCLTECH,,,,,,,,,True
2022-08-04,TECHM,0.0,0.0,1.0,0.25,,,,,True
2022-08-04,SUNPHARMA,-1.0,0.0,0.0,-0.4,,,,,True
2022-08-05,ADANIGREEN,,,,,,,,,True
2022-08-05,ASIANPAINT,1.0,0.0,0.0,0.4,,,,,True
2022-08-05,AXISBANK,-0.5556,0.0,0.0,-0.2222,,,,,True
2022-08-05,BAJAJ-AUTO,,,,,,,,,True
2022-08-05,HDFCBANK,0.0,0.0,0.0,0.0,,,,,True
2022-08-05,HINDUNILVR,0.0,0.0,0.0,0.0,,,,,True
2022-08-05,ICICIBANK,0.5556,0.3333,0.0,0.3389,,,,,True
2022-08-05,ITC,,,,,,,,,True
2022-08-05,KOTAKBANK,0.0,0.0,0.0,0.0,,,,,True
2022-08-05,M&M,1.0,0.0,0.0,0.4,,,,,True
2022-08-05,MARUTI,0.0,0.0,1.0,0.25,,,,,True
2022-08-05,NTPC,0.0,0.0,1.0,0.25,,,,,True
2022-08-05,ONGC,,,,,,,,,True
2022-08-05,POWERGRID,-1.0,0.0,0.0,-0.4,,,,,True
2022-08-05,RELIANCE,0.0,0.0,1.0,0.25,,,,,True
2022-08-05,SBIN,0.0,0.0,0.0,0.0,,,,,True
2022-08-05,TATAMOTORS,0.5,0.0,0.5,0.325,,,,,True
2022-08-05,TCS,1.0,1.0,0.0,0.75,,,,,True
2022-08-05,WIPRO,1.0,0.0,0.0,0.4,,,,,True
2022-08-05,CIPLA,,,,,,,,,True
2022-08-05,INFY,,,,,,,,,True
2022-08-05,DRREDDY,1.0,1.0,0.0,0.75,,,,,True
2022-08-05,HCLTECH,,,,,,,,,True
2022-08-05,TECHM,,,,,,,,,True
2022-08-05,SUNPHARMA,-1.0,0.0,0.0,-0.4,,,,,True
2022-08-08,ADANIGREEN,0.0,0.0,1.0,0.25,1.0,0.5,0.0,True,False
2022-08-08,ASIANPAINT,1.0,0.0,0.0,0.4,,,,,True
2022-08-08,AXISBANK,-0.5556,0.0,0.0,-0.2222,,,,,True
2022-08-08,BAJAJ-AUTO,,,,,,,,,True
2022-08-08,HDFCBANK,0.0,0.0,0.0,0.0,,,,,True
2022-08-08,HINDUNILVR,0.0,0.0,0.0,0.0,,,,,True
2022-08-08,ICICIBANK,0.5556,0.3333,0.0,0.3389,,,,,True
2022-08-08,ITC,,,,,,,,,True
2022-08-08,KOTAKBANK,0.0,0.0,0.0,0.0,,,,,True
2022-08-08,M&M,1.0,0.0,0.0,0.4,,,,,True
2022-08-08,MARUTI,0.0,0.0,1.0,0.25,,,,,True
2022-08-08,NTPC,0.0,0.0,1.0,0.25,,,,,True
2022-08-08,ONGC,,,,,,,,,True
2022-08-08,POWERGRID,-1.0,0.0,0.0,-0.4,,,,,True
2022-08-08,RELIANCE,0.0,0.0,1.0,0.25,,,,,True
2022-08-08,SBIN,0.0,0.0,0.0,0.0,,,,,True
2022-08-08,TATAMOTORS,0.5,0.0,0.5,0.325,,,,,True
2022-08-08,TCS,0.0,0.0,1.0,0.25,1.0,0.5,0.0,True,False
2022-08-08,WIPRO,1.0,0.0,0.0,0.4,,,,,True
2022-08-08,CIPLA,0.0,0.0,1.0,0.25,1.0,0.5,0.0,True,False
2022-08-08,INFY,,,,,,,,,True
2022-08-08,DRREDDY,1.0,1.0,0.0,0.75,,,,,True
2022-08-08,HCLTECH,,,,,,,,,True
2022-08-08,TECHM,,,,,,,,,True
2022-08-08,SUNPHARMA,1.0,1.0,0.0,0.75,1.0,1.0,0.0,True,False
2022-08-09,ADANIGREEN,0.0,0.0,1.0,0.25,,,,,True
2022-08-09,ASIANPAINT,1.0,0.0,0.0,0.4,,,,,True
2022-08-09,AXISBANK,-0.5556,0.0,0.0,-0.2222,,,,,True
2022-08-09,BAJAJ-AUTO,,,,,,,,,True
2022-08-09,HDFCBANK,0.0,0.0,1.0,0.25,1.0,0.5,0.0,True,False
2022-08-09,HINDUNILVR,0.5,0.5,0.0,0.375,2.0,0.75,0.0,True,False
2022-08-09,ICICIBANK,0.5556,0.3333,0.0,0.3389,,,,,True
2022-08-09,ITC,,,,,,,,,True
2022-08-09,KOTAKBANK,0.0,0.0,0.0,0.0,,,,,True
2022-08-09,M&M,-1.0,0.0,0.0,-0.4,1.0,1.0,0.0,True,False
2022-08-09,MARUTI,0.0,0.0,1.0,0.25,,,,,True
2022-08-09,NTPC,0.0,0.0,1.0,0.25,,,,,True
2022-08-09,ONGC,,,,,,,,,True
2022-08-09,POWERGRID,0.0,0.0,0.0,0.0,1.0,0.5,0.0,True,False
2022-08-09,RELIANCE,0.0,0.0,1.0,0.25,,,,,True
2022-08-09,SBIN,0.0,0.0,0.0,0.0,,,,,True
2022-08-09,TATAMOTORS,,,,,,,,,True
2022-08-09,TCS,1.0,0.0,0.0,0.4,1.0,1.0,0.0,True,False
2022-08-09,WIPRO,1.0,1.0,0.0,0.75,1.0,1.0,0.0,True,False
2022-08-09,CIPLA,0.0,0.0,1.0,0.25,,,,,True
2022-08-09,INFY,,,,,,,,,True
2022-08-09,DRREDDY,1.0,1.0,0.0,0.75,,,,,True
2022-08-09,HCLTECH,,,,,,,,,True
2022-08-09,TECHM,,,,,,,,,True
2022-08-09,SUNPHARMA,0.0,0.0,1.0,0.25,1.0,0.5,0.0,True,False
2022-08-10,ADANIGREEN,0.0,0.0,1.0,0.25,,,,,True
2022-08-10,ASIANPAINT,,,,,,,,,True
2022-08-10,AXISBANK,-0.5556,0.0,0.0,-0.2222,,,,,True
2022-08-10,BAJAJ-AUTO,,,,,,,,,True
2022-08-10,HDFCBANK,0.0,0.0,1.0,0.25,,,,,True
2022-08-10,HINDUNILVR,0.5,0.5,0.0,0.375,,,,,True
2022-08-10,ICICIBANK,0.5556,0.3333,0.0,0.3389,,,,,True
2022-08-10,ITC,1.0,0.0,0.0,0.4,1.0,1.0,0.0,True,False
2022-08-10,KOTAKBANK,0.0,0.0,0.0,0.0,,,,,True
2022-08-10,M&M,-1.0,0.0,0.0,-0.4,,,,,True
2022-08-10,MARUTI,0.0,0.0,1.0,0.25,,,,,True
2022-08-10,NTPC,0.0,0.0,1.0,0.25,,,,,True
2022-08-10,ONGC,,,,,,,,,True
2022-08-10,POWERGRID,-1.0,0.0,0.0,-0.4,1.0,1.0,0.0,True,False
2022-08-10,RELIANCE,0.0,0.0,0.0,0.0,1.0,0.5,0.0,True,False
2022-08-10,SBIN,0.0,0.0,0.0,0.0,,,,,True
2022-08-10,TATAMOTORS,0.0,0.0,0.0,0.0,1.0,0.5,0.0,True,False
2022-08-10,TCS,1.0,0.0,0.0,0.4,,,,,True
2022-08-10,WIPRO,-0.5,0.0,0.5,-0.075,2.0,0.75,0.0,True,False
2022-08-10,CIPLA,1.0,0.0,0.0,0.4,1.0,1.0,0.0,True,False
2022-08-10,INFY,,,,,,,,,True
2022-08-10,DRREDDY,,,,,,,,,True
2022-08-10,HCLTECH,,,,,,,,,True
2022-08-10,TECHM,,,,,,,,,True
2022-08-10,SUNPHARMA,0.0,0.0,1.0,0.25,,,,,True
2022-08-11,ADANIGREEN,-1.0,-1.0,1.0,-0.5,1.0,1.0,0.0,True,False
2022-08-11,ASIANPAINT,,,,,,,,,True
2022-08-11,AXISBANK,0.0,0.0,0.0,0.0,1.0,0.5,0.0,True,False
2022-08-11,BAJAJ-AUTO,,,,,,,,,True
2022-08-11,HDFCBANK,0.7143,0.0,0.0,0.2857,2.0,0.75,0.0,True,False
2022-08-11,HINDUNILVR,0.5,0.5,0.0,0.375,,,,,True
2022-08-11,ICICIBANK,0.0,0.0,0.5,0.125,2.0,0.5,0.0,True,False
2022-08-11,ITC,1.0,0.0,0.0,0.4,,,,,True
2022-08-11,KOTAKBANK,0.0,0.0,0.0,0.0,1.0,0.5,0.0,True,False
2022-08-11,M&M,-1.0,0.0,0.0,-0.4,,,,,True
2022-08-11,MARUTI,,,,,,,,,True
2022-08-11,NTPC,0.0,0.0,1.0,0.25,,,,,True
2022-08-11,ONGC,,,,,,,,,True
2022-08-11,POWERGRID,-1.0,0.0,0.0,-0.4,,,,,True
2022-08-11,RELIANCE,0.0,0.0,0.0,0.0,,,,,True
2022-08-11,SBIN,0.0,0.0,0.5,0.125,2.0,0.5,0.0,True,False
2022-08-11,TATAMOTORS,0.0,0.0,0.0,0.0,,,,,True
2022-08-11,TCS,1.0,0.0,0.0,0.4,,,,,True
2022-08-11,WIPRO,-0.5,0.0,0.5,-0.075,,,,,True
2022-08-11,CIPLA,1.0,0.0,0.0,0.4,,,,,True
2022-08-11,INFY,,,,,,,,,True
2022-08-11,DRREDDY,,,,,,,,,True
2022-08-11,HCLTECH,,,,,,,,,True
2022-08-11,TECHM,,,,,,,,,True
2022-08-11,SUNPHARMA,0.0,0.0,1.0,0.25,,,,,True
2022-08-12,ADANIGREEN,-1.0,-1.0,1.0,-0.5,,,,,True
2022-08-12,ASIANPAINT,,,,,,,,,True
2022-08-12,AXISBANK,0.0,0.0,0.0,0.0,,,,,True
2022-08-12,BAJAJ-AUTO,,,,,,,,,True
2022-08-12,HDFCBANK,0.7143,0.0,0.0,0.2857,,,,,True
2022-08-12,HINDUNILVR,0.5,0.5,0.0,0.375,,,,,True
2022-08-12,ICICIBANK,0.0,0.0,0.5,0.125,,,,,True
2022-08-12,ITC,1.0,0.0,0.0,0.4,,,,,True
2022-08-12,KOTAKBANK,0.0,0.0,0.0,0.0,,,,,True
2022-08-12,M&M,-1.0,0.0,0.0,-0.4,,,,,True
2022-08-12,MARUTI,,,,,,,,,True
2022-08-12,NTPC,,,,,,,,,True
2022-08-12,ONGC,,,,,,,,,True
2022-08-12,POWERGRID,-1.0,0.0,0.0,-0.4,,,,,True
2022-08-12,RELIANCE,0.0,0.0,0.0,0.0,,,,,True
2022-08-12,SBIN,0.0,0.0,0.5,0.125,,,,,True
2022-08-12,TATAMOTORS,0.0,0.0,0.0,0.0,,,,,True
2022-08-12,TCS,1.0,0.0,0.0,0.4,,,,,True
2022-08-12,WIPRO,-0.5,0.0,0.5,-0.075,,,,,True
2022-08-12,CIPLA,1.0,0.0,0.0,0.4,,,,,True
2022-08-12,INFY,,,,,,,,,True
2022-08-12,DRREDDY,,,,,,,,,True
2022-08-12,HCLTECH,,,,,,,,,True
2022-08-12,TECHM,,,,,,,,,True
2022-08-12,SUNPHARMA,0.0,0.0,1.0,0.25,,,,,True
2022-08-15,ADANIGREEN,-1.0,-1.0,1.0,-0.5,,,,,True
2022-08-15,ASIANPAINT,,,,,,,,,True
2022-08-15,AXISBANK,0.0,0.0,0.0,0.0,,,,,True
2022-08-15,BAJAJ-AUTO,,,,,,,,,True
2022-08-15,HDFCBANK,0.7143,0.0,0.0,0.2857,,,,,True
2022-08-15,HINDUNILVR,0.5,0.5,0.0,0.375,,,,,True
2022-08-15,ICICIBANK,0.0,0.0,0.5,0.125,,,,,True
2022-08-15,ITC,1.0,0.0,0.0,0.4,,,,,True
2022-08-15,KOTAKBANK,0.0,0.0,0.0,0.0,,,,,True
2022-08-15,M&M,-1.0,0.0,0.0,-0.4,,,,,True
2022-08-15,MARUTI,,,,,,,,,True
2022-08-15,NTPC,,,,,,,,,True
2022-08-15,ONGC,,,,,,,,,True
2022-08-15,POWERGRID,-1.0,0.0,0.0,-0.4,,,,,True
2022-08-15,RELIANCE,0.0,0.0,0.0,0.0,,,,,True
2022-08-15,SBIN,0.0,0.0,0.5,0.125,,,,,True
2022-08-15,TATAMOTORS,0.0,0.0,0.0,0.0,,,,,True
2022-08-15,TCS,1.0,0.0,0.0,0.4,,,,,True
2022-08-15,WIPRO,-0.5,0.0,0.5,-0.075,,,,,True
2022-08-15,CIPLA,0.0,0.0,0.0,0.0,1.0,0.5,0.0,True,False
2022-08-15,INFY,,,,,,,,,True
2022-08-15,DRREDDY,,,,,,,,,True
2022-08-15,HCLTECH,,,,,,,,,True
2022-08-15,TECHM,,,,,,,,,True
2022-08-15,SUNPHARMA,0.0,0.0,1.0,0.25,,,,,True
2022-08-16,ADANIGREEN,0.0,0.0,1.0,0.25,1.0,0.5,0.0,True,False
2022-08-16,ASIANPAINT,,,,,,,,,True
2022-08-16,AXISBANK,0.0,0.0,0.5,0.125,2.0,0.5,0.0,True,False
2022-08-16,BAJAJ-AUTO,,,,,,,,,True
2022-08-16,HDFCBANK,0.7143,0.5,0.0,0.4607,2.0,0.75,0.0,True,False
2022-08-16,HINDUNILVR,0.5,0.5,0.0,0.375,,,,,True
2022-08-16,ICICIBANK,0.0,0.0,0.0,0.0,1.0,0.5,0.0,True,False
2022-08-16,ITC,1.0,0.0,0.0,0.4,,,,,True
2022-08-16,KOTAKBANK,0.7143,0.5,0.0,0.4607,2.0,0.75,0.0,True,False
2022-08-16,M&M,0.5,0.5,0.5,0.5,2.0,0.75,0.0,True,False
2022-08-16,MARUTI,,,,,,,,,True
2022-08-16,NTPC,0.0,0.0,1.0,0.25,1.0,0.5,0.0,True,False
2022-08-16,ONGC,,,,,,,,,True
2022-08-16,POWERGRID,-1.0,0.0,0.0,-0.4,,,,,True
2022-08-16,RELIANCE,0.0,0.0,0.0,0.0,,,,,True
2022-08-16,SBIN,0.0,0.0,0.0,0.0,1.0,0.5,0.0,True,False
2022-08-16,TATAMOTORS,0.0,0.0,0.0,0.0,,,,,True
2022-08-16,TCS,1.0,0.0,0.0,0.4,,,,,True
2022-08-16,WIPRO,-0.5,0.0,0.5,-0.075,,,,,True
2022-08-16,CIPLA,0.0,0.0,0.0,0.0,,,,,True
2022-08-16,INFY,,,,,,,,,True
2022-08-16,DRREDDY,,,,,,,,,True
2022-08-16,HCLTECH,,,,,,,,,True
2022-08-16,TECHM,,,,,,,,,True
2022-08-16,SUNPHARMA,0.0,0.0,1.0,0.25,,,,,True
2022-08-17,ADANIGREEN,0.0,0.0,1.0,0.25,1.0,0.5,0.0,True,False
2022-08-17,ASIANPAINT,,,,,,,,,True
2022-08-17,AXISBANK,0.0,0.0,0.0,0.0,1.0,0.5,0.0,True,False
2022-08-17,BAJAJ-AUTO,-1.0,0.0,0.0,-0.4,1.0,1.0,0.0,True,False
2022-08-17,HDFCBANK,0.0,0.0,0.0,0.0,1.0,0.5,0.0,True,False
2022-08-17,HINDUNILVR,,,,,,,,,True
2022-08-17,ICICIBANK,0.0,0.0,0.0,0.0,1.0,0.5,0.0,True,False
2022-08-17,ITC,1.0,0.0,0.0,0.4,,,,,True
2022-08-17,KOTAKBANK,0.0,0.0,0.0,0.0,1.0,0.5,0.0,True,False
2022-08-17,M&M,0.5,0.5,0.5,0.5,,,,,True
2022-08-17,MARUTI,,,,,,,,,True
2022-08-17,NTPC,0.0,0.0,1.0,0.25,,,,,True
2022-08-17,ONGC,,,,,,,,,True
2022-08-17,POWERGRID,-1.0,0.0,0.0,-0.4,,,,,True
2022-08-17,RELIANCE,0.0,0.0,0.0,0.0,,,,,True
2022-08-17,SBIN,-0.7143,0.0,0.0,-0.2857,2.0,0.75,0.0,True,False
2022-08-17,TATAMOTORS,0.0,0.0,1.0,0.25,1.0,0.5,0.0,True,False
2022-08-17,TCS,,,,,,,,,True
2022-08-17,WIPRO,-0.5,0.0,0.5,-0.075,,,,,True
2022-08-17,CIPLA,0.0,0.0,0.0,0.0,,,,,True
2022-08-17,INFY,,,,,,,,,True
2022-08-17,DRREDDY,,,,,,,,,True
2022-08-17,HCLTECH,,,,,,,,,True
2022-08-17,TECHM,,,,,,,,,True
2022-08-17,SUNPHARMA,,,,,,,,,True
2022-08-18,ADANIGREEN,1.0,1.0,1.0,1.0,1.0,1.0,0.0,True,False
2022-08-18,ASIANPAINT,,,,,,,,,True
2022-08-18,AXISBANK,0.0,0.0,1.0,0.25,1.0,0.5,0.0,True,False
2022-08-18,BAJAJ-AUTO,0.0,0.0,0.0,0.0,1.0,0.5,0.0,True,False
2022-08-18,HDFCBANK,0.0,0.0,0.0,0.0,,,,,True
2022-08-18,HINDUNILVR,0.0,0.0,1.0,0.25,1.0,0.5,0.0,True,False
2022-08-18,ICICIBANK,1.0,0.0,0.0,0.4,1.0,1.0,0.0,True,False
2022-08-18,ITC,,,,,,,,,True
2022-08-18,KOTAKBANK,0.0,0.0,0.0,0.0,,,,,True
2022-08-18,M&M,0.0,0.0,1.0,0.25,1.0,0.5,0.0,True,False
2022-08-18,MARUTI,,,,,,,,,True
2022-08-18,NTPC,0.0,0.0,1.0,0.25,,,,,True
2022-08-18,ONGC,1.0,0.0,0.0,0.4,1.0,1.0,0.0,True,False
2022-08-18,POWERGRID,,,,,,,,,True
2022-08-18,RELIANCE,,,,,,,,,True
2022-08-18,SBIN,-0.7143,0.0,0.0,-0.2857,,,,,True
2022-08-18,TATAMOTORS,0.0,0.0,1.0,0.25,,,,,True
2022-08-18,TCS,,,,,,,,,True
2022-08-18,WIPRO,,,,,,,,,True
2022-08-18,CIPLA,0.0,0.0,0.0,0.0,,,,,True
2022-08-18,INFY,,,,,,,,,True
2022-08-18,DRREDDY,,,,,,,,,True
2022-08-18,HCLTECH,,,,,,,,,True
2022-08-18,TECHM,0.0,0.0,1.0,0.25,1.0,0.5,0.0,True,False
2022-08-18,SUNPHARMA,,,,,,,,,True
2022-08-19,ADANIGREEN,1.0,1.0,1.0,1.0,,,,,True
2022-08-19,ASIANPAINT,,,,,,,,,True
2022-08-19,AXISBANK,0.0,0.0,1.0,0.25,,,,,True
2022-08-19,BAJAJ-AUTO,0.0,0.0,0.0,0.0,,,,,True
2022-08-19,HDFCBANK,0.0,0.0,0.0,0.0,,,,,True
2022-08-19,HINDUNILVR,0.0,0.0,1.0,0.25,,,,,True
2022-08-19,ICICIBANK,1.0,0.0,0.0,0.4,,,,,True
2022-08-19,ITC,,,,,,,,,True
2022-08-19,KOTAKBANK,0.0,0.0,0.0,0.0,,,,,True
2022-08-19,M&M,0.0,0.0,1.0,0.25,,,,,True
2022-08-19,MARUTI,,,,,,,,,True
2022-08-19,NTPC,0.0,0.0,1.0,0.25,,,,,True
2022-08-19,ONGC,1.0,0.0,0.0,0.4,,,,,True
2022-08-19,POWERGRID,,,,,,,,,True
2022-08-19,RELIANCE,,,,,,,,,True
2022-08-19,SBIN,-0.7143,0.0,0.0,-0.2857,,,,,True
2022-08-19,TATAMOTORS,0.0,0.0,1.0,0.25,,,,,True
2022-08-19,TCS,,,,,,,,,True
2022-08-19,WIPRO,,,,,,,,,True
2022-08-19,CIPLA,0.0,0.0,0.0,0.0,,,,,True
2022-08-19,INFY,,,,,,,,,True
2022-08-19,DRREDDY,,,,,,,,,True
2022-08-19,HCLTECH,,,,,,,,,True
2022-08-19,TECHM,0.0,0.0,1.0,0.25,,,,,True
2022-08-19,SUNPHARMA,,,,,,,,,True
2022-08-22,ADANIGREEN,1.0,1.0,1.0,1.0,,,,,True
2022-08-22,ASIANPAINT,,,,,,,,,True
2022-08-22,AXISBANK,0.0,0.0,1.0,0.25,,,,,True
2022-08-22,BAJAJ-AUTO,0.0,0.0,0.0,0.0,,,,,True
2022-08-22,HDFCBANK,0.0,0.0,0.0,0.0,,,,,True
2022-08-22,HINDUNILVR,0.0,0.0,1.0,0.25,,,,,True
2022-08-22,ICICIBANK,1.0,0.0,0.0,0.4,,,,,True
2022-08-22,ITC,,,,,,,,,True
2022-08-22,KOTAKBANK,0.0,0.0,0.0,0.0,,,,,True
2022-08-22,M&M,0.0,0.0,1.0,0.25,,,,,True
2022-08-22,MARUTI,0.0,0.0,1.0,0.25,1.0,0.5,0.0,True,False
2022-08-22,NTPC,0.0,0.0,1.0,0.25,,,,,True
2022-08-22,ONGC,1.0,0.0,0.0,0.4,,,,,True
2022-08-22,POWERGRID,-1.0,0.0,0.0,-0.4,1.0,1.0,0.0,True,False
2022-08-22,RELIANCE,,,,,,,,,True
2022-08-22,SBIN,-0.7143,0.0,0.0,-0.2857,,,,,True
2022-08-22,TATAMOTORS,0.0,0.0,1.0,0.25,,,,,True
2022-08-22,TCS,,,,,,,,,True
2022-08-22,WIPRO,0.0,0.0,1.0,0.25,1.0,0.5,0.0,True,False
2022-08-22,CIPLA,0.0,0.0,0.0,0.0,,,,,True
2022-08-22,INFY,,,,,,,,,True
2022-08-22,DRREDDY,,,,,,,,,True
2022-08-22,HCLTECH,1.0,1.0,0.0,0.75,1.0,1.0,0.0,True,False
2022-08-22,TECHM,0.0,0.0,1.0,0.25,,,,,True
2022-08-22,SUNPHARMA,,,,,,,,,True
2022-08-23,ADANIGREEN,1.0,1.0,1.0,1.0,,,,,True
2022-08-23,ASIANPAINT,,,,,,,,,True
2022-08-23,AXISBANK,0.0,0.0,1.0,0.25,,,,,True
2022-08-23,BAJAJ-AUTO,0.0,0.0,0.0,0.0,,,,,True
2022-08-23,HDFCBANK,0.0,0.0,0.0,0.0,,,,,True
2022-08-23,HINDUNILVR,0.0,0.0,1.0,0.25,1.0,0.5,0.0,True,False
2022-08-23,ICICIBANK,1.0,0.0,0.0,0.4,,,,,True
2022-08-23,ITC,,,,,,,,,True
2022-08-23,KOTAKBANK,0.0,0.0,0.0,0.0,,,,,True
2022-08-23,M&M,0.0,0.0,1.0,0.25,,,,,True
2022-08-23,MARUTI,0.0,0.0,1.0,0.25,,,,,True
2022-08-23,NTPC,0.0,0.0,1.0,0.25,,,,,True
2022-08-23,ONGC,1.0,0.0,0.0,0.4,,,,,True
2022-08-23,POWERGRID,-1.0,0.0,0.0,-0.4,,,,,True
2022-08-23,RELIANCE,,,,,,,,,True
2022-08-23,SBIN,-0.7143,0.0,0.0,-0.2857,,,,,True
2022-08-23,TATAMOTORS,0.0,0.0,1.0,0.25,1.0,0.5,0.0,True,False
2022-08-23,TCS,,,,,,,,,True
2022-08-23,WIPRO,0.0,0.0,1.0,0.25,,,,,True
2022-08-23,CIPLA,,,,,,,,,True
2022-08-23,INFY,,,,,,,,,True
2022-08-23,DRREDDY,,,,,,,,,True
2022-08-23,HCLTECH,1.0,1.0,0.0,0.75,,,,,True
2022-08-23,TECHM,0.0,0.0,1.0,0.25,,,,,True
2022-08-23,SUNPHARMA,,,,,,,,,True
2022-08-24,ADANIGREEN,1.0,1.0,1.0,1.0,,,,,True
2022-08-24,ASIANPAINT,,,,,,,,,True
2022-08-24,AXISBANK,0.0,0.0,0.0,0.0,1.0,0.5,0.0,True,False
2022-08-24,BAJAJ-AUTO,-1.0,0.0,0.0,-0.4,1.0,1.0,0.0,True,False
2022-08-24,HDFCBANK,0.0,0.0,0.5,0.125,2.0,0.5,0.0,True,False
2022-08-24,HINDUNILVR,0.0,0.0,1.0,0.25,,,,,True
2022-08-24,ICICIBANK,0.0,0.0,0.0,0.0,1.0,0.5,0.0,True,False
2022-08-24,ITC,,,,,,,,,True
2022-08-24,KOTAKBANK,0.0,0.0,0.0,0.0,1.0,0.5,0.0,True,False
2022-08-24,M&M,0.0,0.0,1.0,0.25,,,,,True
2022-08-24,MARUTI,0.0,0.0,1.0,0.25,,,,,True
2022-08-24,NTPC,,,,,,,,,True
2022-08-24,ONGC,1.0,0.0,0.0,0.4,,,,,True
2022-08-24,POWERGRID,-1.0,0.0,0.0,-0.4,,,,,True
2022-08-24,RELIANCE,,,,,,,,,True
2022-08-24,SBIN,0.4167,0.0,0.3333,0.25,3.0,0.6667,0.0,True,False
2022-08-24,TATAMOTORS,0.0,0.0,1.0,0.25,,,,,True
2022-08-24,TCS,,,,,,,,,True
2022-08-24,WIPRO,-1.0,0.0,0.0,-0.4,1.0,1.0,0.0,True,False
2022-08-24,CIPLA,,,,,,,,,True
2022-08-24,INFY,,,,,,,,,True
2022-08-24,DRREDDY,0.0,0.0,0.0,0.0,1.0,0.5,0.0,True,False
2022-08-24,HCLTECH,1.0,1.0,0.0,0.75,,,,,True
2022-08-24,TECHM,0.0,0.0,1.0,0.25,,,,,True
2022-08-24,SUNPHARMA,-1.0,0.0,0.0,-0.4,1.0,1.0,0.0,True,False
2022-08-25,ADANIGREEN,1.0,1.0,1.0,1.0,,,,,True
2022-08-25,ASIANPAINT,,,,,,,,,True
2022-08-25,AXISBANK,0.0,0.0,0.0,0.0,,,,,True
2022-08-25,BAJAJ-AUTO,-1.0,0.0,0.0,-0.4,,,,,True
2022-08-25,HDFCBANK,0.0,0.0,0.5,0.125,,,,,True
2022-08-25,HINDUNILVR,0.0,0.0,1.0,0.25,,,,,True
2022-08-25,ICICIBANK,0.0,0.0,0.0,0.0,,,,,True
2022-08-25,ITC,1.0,1.0,0.0,0.75,1.0,1.0,0.0,True,False
2022-08-25,KOTAKBANK,0.0,0.0,0.0,0.0,,,,,True
2022-08-25,M&M,1.0,0.0,0.0,0.4,1.0,1.0,0.0,True,False
2022-08-25,MARUTI,0.0,0.0,1.0,0.25,1.0,0.5,0.0,True,False
2022-08-25,NTPC,0.0,0.0,1.0,0.25,1.0,0.5,0.0,True,False
2022-08-25,ONGC,1.0,0.0,0.0,0.4,,,,,True
2022-08-25,POWERGRID,-1.0,0.0,0.0,-0.4,,,,,True
2022-08-25,RELIANCE,0.0,0.0,0.0,0.0,1.0,0.5,0.0,True,False
2022-08-25,SBIN,0.4167,0.0,0.3333,0.25,,,,,True
2022-08-25,TATAMOTORS,0.0,0.0,1.0,0.25,,,,,True
2022-08-25,TCS,,,,,,,,,True
2022-08-25,WIPRO,-1.0,0.0,0.0,-0.4,,,,,True
2022-08-25,CIPLA,,,,,,,,,True
2022-08-25,INFY,,,,,,,,,True
2022-08-25,DRREDDY,0.0,0.0,0.0,0.0,,,,,True
2022-08-25,HCLTECH,1.0,1.0,0.0,0.75,,,,,True
2022-08-25,TECHM,1.0,0.0,0.0,0.4,1.0,1.0,0.0,True,False
2022-08-25,SUNPHARMA,-1.0,0.0,0.0,-0.4,,,,,True
2022-08-26,ADANIGREEN,,,,,,,,,True
2022-08-26,ASIANPAINT,,,,,,,,,True
2022-08-26,AXISBANK,0.0,0.0,0.0,0.0,,,,,True
2022-08-26,BAJAJ-AUTO,-1.0,0.0,0.0,-0.4,,,,,True
2022-08-26,HDFCBANK,0.0,0.0,0.5,0.125,,,,,True
2022-08-26,HINDUNILVR,0.0,0.0,1.0,0.25,,,,,True
2022-08-26,ICICIBANK,0.0,0.0,0.0,0.0,,,,,True
2022-08-26,ITC,1.0,1.0,0.0,0.75,,,,,True
2022-08-26,KOTAKBANK,0.0,0.0,0.0,0.0,,,,,True
2022-08-26,M&M,1.0,0.0,0.0,0.4,,,,,True
2022-08-26,MARUTI,0.0,0.0,1.0,0.25,,,,,True
2022-08-26,NTPC,0.0,0.0,1.0,0.25,,,,,True
2022-08-26,ONGC,,,,,,,,,True
2022-08-26,POWERGRID,-1.0,0.0,0.0,-0.4,,,,,True
2022-08-26,RELIANCE,0.0,0.0,0.0,0.0,,,,,True
2022-08-26,SBIN,0.4167,0.0,0.3333,0.25,,,,,True
2022-08-26,TATAMOTORS,0.0,0.0,1.0,0.25,,,,,True
2022-08-26,TCS,,,,,,,,,True
2022-08-26,WIPRO,-1.0,0.0,0.0,-0.4,,,,,True
2022-08-26,CIPLA,,,,,,,,,True
2022-08-26,INFY,,,,,,,,,True
2022-08-26,DRREDDY,0.0,0.0,0.0,0.0,,,,,True
2022-08-26,HCLTECH,1.0,1.0,0.0,0.75,,,,,True
2022-08-26,TECHM,1.0,0.0,0.0,0.4,,,,,True
2022-08-26,SUNPHARMA,-1.0,0.0,0.0,-0.4,,,,,True
2022-08-29,ADANIGREEN,-1.0,-1.0,1.0,-0.5,1.0,1.0,0.0,True,False
2022-08-29,ASIANPAINT,,,,,,,,,True
2022-08-29,AXISBANK,0.0,0.0,0.0,0.0,1.0,0.5,0.0,True,False
2022-08-29,BAJAJ-AUTO,0.0,0.0,0.0,0.0,1.0,0.5,0.0,True,False
2022-08-29,HDFCBANK,0.0,0.0,0.0,0.0,1.0,0.5,0.0,True,False
2022-08-29,HINDUNILVR,0.0,0.0,1.0,0.25,,,,,True
2022-08-29,ICICIBANK,0.0,0.0,0.0,0.0,1.0,0.5,0.0,True,False
2022-08-29,ITC,1.0,1.0,0.0,0.75,,,,,True
2022-08-29,KOTAKBANK,0.0,0.0,0.0,0.0,1.0,0.5,0.0,True,False
2022-08-29,M&M,1.0,0.5,0.0,0.575,2.0,1.0,0.0,False,False
2022-08-29,MARUTI,1.0,0.0,0.0,0.4,1.0,1.0,0.0,True,False
2022-08-29,NTPC,0.0,0.0,1.0,0.25,,,,,True
2022-08-29,ONGC,,,,,,,,,True
2022-08-29,POWERGRID,-1.0,0.0,0.0,-0.4,,,,,True
2022-08-29,RELIANCE,0.0,0.0,0.0,0.0,,,,,True
2022-08-29,SBIN,0.0,0.0,0.0,0.0,1.0,0.5,0.0,True,False
2022-08-29,TATAMOTORS,0.0,0.0,1.0,0.25,,,,,True
2022-08-29,TCS,,,,,,,,,True
2022-08-29,WIPRO,-1.0,0.0,0.0,-0.4,,,,,True
2022-08-29,CIPLA,,,,,,,,,True
2022-08-29,INFY,,,,,,,,,True
2022-08-29,DRREDDY,0.0,0.0,0.0,0.0,,,,,True
2022-08-29,HCLTECH,1.0,1.0,0.0,0.75,,,,,True
2022-08-29,TECHM,1.0,1.0,0.0,0.75,1.0,1.0,0.0,True,False
2022-08-29,SUNPHARMA,-1.0,0.0,0.0,-0.4,,,,,True
2022-08-30,ADANIGREEN,-1.0,-1.0,1.0,-0.5,,,,,True
2022-08-30,ASIANPAINT,,,,,,,,,True
2022-08-30,AXISBANK,0.0,0.0,0.0,0.0,,,,,True
2022-08-30,BAJAJ-AUTO,-1.0,0.0,0.0,-0.4,1.0,1.0,0.0,True,False
2022-08-30,HDFCBANK,0.0,0.0,0.0,0.0,,,,,True
2022-08-30,HINDUNILVR,0.5,0.5,0.0,0.375,2.0,0.75,0.0,True,False
2022-08-30,ICICIBANK,0.0,0.0,0.0,0.0,,,,,True
2022-08-30,ITC,1.0,1.0,0.0,0.75,,,,,True
2022-08-30,KOTAKBANK,0.0,0.0,0.0,0.0,,,,,True
2022-08-30,M&M,1.0,0.5,0.0,0.575,,,,,True
2022-08-30,MARUTI,1.0,0.0,0.0,0.4,,,,,True
2022-08-30,NTPC,-1.0,0.0,1.0,-0.15,2.0,1.0,0.0,False,False
2022-08-30,ONGC,,,,,,,,,True
2022-08-30,POWERGRID,,,,,,,,,True
2022-08-30,RELIANCE,0.0,0.0,0.0,0.0,,,,,True
2022-08-30,SBIN,0.0,0.0,0.0,0.0,,,,,True
2022-08-30,TATAMOTORS,0.0,0.0,1.0,0.25,1.0,0.5,0.0,True,False
2022-08-30,TCS,,,,,,,,,True
2022-08-30,WIPRO,-1.0,0.0,0.0,-0.4,,,,,True
2022-08-30,CIPLA,,,,,,,,,True
2022-08-30,INFY,,,,,,,,,True
2022-08-30,DRREDDY,0.0,0.0,0.0,0.0,,,,,True
2022-08-30,HCLTECH,,,,,,,,,True
2022-08-30,TECHM,1.0,1.0,0.0,0.75,,,,,True
2022-08-30,SUNPHARMA,-1.0,0.0,0.0,-0.4,1.0,1.0,0.0,True,False
2022-08-31,ADANIGREEN,-1.0,-1.0,1.0,-0.5,,,,,True
2022-08-31,ASIANPAINT,,,,,,,,,True
2022-08-31,AXISBANK,0.0,0.0,0.0,0.0,,,,,True
2022-08-31,BAJAJ-AUTO,-1.0,0.0,0.0,-0.4,,,,,True
2022-08-31,HDFCBANK,0.0,0.0,0.0,0.0,,,,,True
2022-08-31,HINDUNILVR,0.5,0.5,0.0,0.375,,,,,True
2022-08-31,ICICIBANK,0.0,0.0,0.0,0.0,,,,,True
2022-08-31,ITC,1.0,1.0,0.0,0.75,,,,,True
2022-08-31,KOTAKBANK,0.0,0.0,0.0,0.0,,,,,True
2022-08-31,M&M,1.0,0.5,0.0,0.575,,,,,True
2022-08-31,MARUTI,1.0,0.0,0.0,0.4,,,,,True
2022-08-31,NTPC,0.0,0.0,1.0,0.25,1.0,0.5,0.0,True,False
2022-08-31,ONGC,,,,,,,,,True
2022-08-31,POWERGRID,,,,,,,,,True
2022-08-31,RELIANCE,0.0,0.0,0.0,0.0,,,,,True
2022-08-31,SBIN,0.0,0.0,0.0,0.0,,,,,True
2022-08-31,TATAMOTORS,0.0,0.0,1.0,0.25,,,,,True
2022-08-31,TCS,,,,,,,,,True
2022-08-31,WIPRO,1.0,0.0,0.0,0.4,1.0,1.0,0.0,True,False
2022-08-31,CIPLA,,,,,,,,,True
2022-08-31,INFY,,,,,,,,,True
2022-08-31,DRREDDY,1.0,0.0,0.0,0.4,1.0,1.0,0.0,True,False
2022-08-31,HCLTECH,,,,,,,,,True
2022-08-31,TECHM,1.0,1.0,0.0,0.75,,,,,True
2022-08-31,SUNPHARMA,-1.0,0.0,0.0,-0.4,,,,,True
2022-09-01,ADANIGREEN,-1.0,-1.0,1.0,-0.5,,,,,True
2022-09-01,ASIANPAINT,,,,,,,,,True
2022-09-01,AXISBANK,0.0,0.0,0.0,0.0,,,,,True
2022-09-01,BAJAJ-AUTO,-1.0,0.0,0.0,-0.4,,,,,True
2022-09-01,HDFCBANK,0.0,0.0,0.0,0.0,,,,,True
2022-09-01,HINDUNILVR,0.5,0.5,0.0,0.375,,,,,True
2022-09-01,ICICIBANK,1.0,1.0,0.0,0.75,1.0,1.0,0.0,True,False
2022-09-01,ITC,1.0,1.0,0.0,0.75,,,,,True
2022-09-01,KOTAKBANK,0.0,0.0,0.0,0.0,,,,,True
2022-09-01,M&M,0.0,0.0,0.0,0.0,1.0,0.5,0.0,True,False
2022-09-01,MARUTI,1.0,0.0,0.0,0.4,,,,,True
2022-09-01,NTPC,0.0,0.0,1.0,0.25,,,,,True
2022-09-01,ONGC,,,,,,,,,True
2022-09-01,POWERGRID,,,,,,,,,True
2022-09-01,RELIANCE,0.0,0.0,0.0,0.0,,,,,True
2022-09-01,SBIN,1.0,1.0,0.0,0.75,1.0,1.0,0.0,True,False
2022-09-01,TATAMOTORS,0.0,0.0,1.0,0.25,,,,,True
2022-09-01,TCS,,,,,,,,,True
2022-09-01,WIPRO,1.0,0.0,0.0,0.4,,,,,True
2022-09-01,CIPLA,,,,,,,,,True
2022-09-01,INFY,-1.0,0.0,0.0,-0.4,1.0,1.0,0.0,True,False
2022-09-01,DRREDDY,1.0,0.0,0.0,0.4,,,,,True
2022-09-01,HCLTECH,,,,,,,,,True
2022-09-01,TECHM,1.0,1.0,0.0,0.75,,,,,True
2022-09-01,SUNPHARMA,-1.0,0.0,0.0,-0.4,,,,,True
2022-09-02,ADANIGREEN,-1.0,-1.0,1.0,-0.5,,,,,True
2022-09-02,ASIANPAINT,,,,,,,,,True
2022-09-02,AXISBANK,0.0,0.0,0.0,0.0,,,,,True
2022-09-02,BAJAJ-AUTO,-1.0,0.0,0.0,-0.4,,,,,True
2022-09-02,HDFCBANK,0.0,0.0,0.0,0.0,,,,,True
2022-09-02,HINDUNILVR,0.5,0.5,0.0,0.375,,,,,True
2022-09-02,ICICIBANK,1.0,1.0,0.0,0.75,,,,,True
2022-09-02,ITC,,,,,,,,,True
2022-09-02,KOTAKBANK,0.0,0.0,0.0,0.0,,,,,True
2022-09-02,M&M,0.0,0.0,0.0,0.0,,,,,True
2022-09-02,MARUTI,1.0,0.0,0.0,0.4,,,,,True
2022-09-02,NTPC,0.0,0.0,1.0,0.25,,,,,True
2022-09-02,ONGC,,,,,,,,,True
2022-09-02,POWERGRID,,,,,,,,,True
2022-09-02,RELIANCE,,,,,,,,,True
2022-09-02,SBIN,1.0,1.0,0.0,0.75,,,,,True
2022-09-02,TATAMOTORS,0.0,0.0,1.0,0.25,,,,,True
2022-09-02,TCS,,,,,,,,,True
2022-09-02,WIPRO,1.0,0.0,0.0,0.4,,,,,True
2022-09-02,CIPLA,,,,,,,,,True
2022-09-02,INFY,-1.0,0.0,0.0,-0.4,,,,,True
2022-09-02,DRREDDY,1.0,0.0,0.0,0.4,,,,,True
2022-09-02,HCLTECH,,,,,,,,,True
2022-09-02,TECHM,1.0,1.0,0.0,0.75,,,,,True
2022-09-02,SUNPHARMA,-1.0,0.0,0.0,-0.4,,,,,True
2022-09-05,ADANIGREEN,-1.0,-1.0,1.0,-0.5,,,,,True
2022-09-05,ASIANPAINT,,,,,,,,,True
2022-09-05,AXISBANK,1.0,0.0,0.0,0.4,1.0,1.0,0.0,True,False
2022-09-05,BAJAJ-AUTO,-0.5,0.0,0.0,-0.2,2.0,0.75,0.0,True,False
2022-09-05,HDFCBANK,1.0,0.0,0.0,0.4,1.0,1.0,0.0,True,False
2022-09-05,HINDUNILVR,0.5,0.5,0.0,0.375,,,,,True
2022-09-05,ICICIBANK,1.0,0.0,0.0,0.4,1.0,1.0,0.0,True,False
2022-09-05,ITC,,,,,,,,,True
2022-09-05,KOTAKBANK,1.0,0.5,0.0,0.575,2.0,1.0,0.0,False,False
2022-09-05,M&M,1.0,0.5,0.0,0.575,2.0,1.0,0.0,False,False
2022-09-05,MARUTI,1.0,0.0,0.0,0.4,,,,,True
2022-09-05,NTPC,0.0,0.0,1.0,0.25,,,,,True
2022-09-05,ONGC,1.0,0.0,0.0,0.4,1.0,1.0,0.0,True,False
2022-09-05,POWERGRID,,,,,,,,,True
2022-09-05,RELIANCE,,,,,,,,,True
2022-09-05,SBIN,0.2857,0.0,0.0,0.1143,2.0,0.75,0.0,True,False
2022-09-05,TATAMOTORS,0.0,0.0,1.0,0.25,,,,,True
2022-09-05,TCS,,,,,,,,,True
2022-09-05,WIPRO,0.0,0.0,1.0,0.25,2.0,0.5,0.0,True,False
2022-09-05,CIPLA,,,,,,,,,True
2022-09-05,INFY,-1.0,0.0,0.0,-0.4,,,,,True
2022-09-05,DRREDDY,1.0,0.0,0.0,0.4,,,,,True
2022-09-05,HCLTECH,-1.0,0.0,0.0,-0.4,1.0,1.0,0.0,True,False
2022-09-05,TECHM,1.0,1.0,0.0,0.75,,,,,True
2022-09-05,SUNPHARMA,-1.0,0.0,0.0,-0.4,,,,,True
2022-09-06,ADANIGREEN,,,,,,,,,True
2022-09-06,ASIANPAINT,,,,,,,,,True
2022-09-06,AXISBANK,1.0,0.0,0.0,0.4,,,,,True
2022-09-06,BAJAJ-AUTO,-0.5,0.0,0.0,-0.2,,,,,True
2022-09-06,HDFCBANK,1.0,0.0,0.0,0.4,,,,,True
2022-09-06,HINDUNILVR,0.5,0.5,0.0,0.375,,,,,True
2022-09-06,ICICIBANK,1.0,0.0,0.0,0.4,,,,,True
2022-09-06,ITC,1.0,0.0,0.0,0.4,1.0,1.0,0.0,True,False
2022-09-06,KOTAKBANK,1.0,0.5,0.0,0.575,,,,,True
2022-09-06,M&M,1.0,0.5,0.0,0.575,,,,,True
2022-09-06,MARUTI,,,,,,,,,True
2022-09-06,NTPC,0.0,0.0,1.0,0.25,1.0,0.5,0.0,True,False
2022-09-06,ONGC,0.0,0.0,1.0,0.25,1.0,0.5,0.0,True,False
2022-09-06,POWERGRID,,,,,,,,,True
2022-09-06,RELIANCE,,,,,,,,,True
2022-09-06,SBIN,0.2857,0.0,0.0,0.1143,,,,,True
2022-09-06,TATAMOTORS,0.0,0.0,1.0,0.25,,,,,True
2022-09-06,TCS,,,,,,,,,True
2022-09-06,WIPRO,0.0,0.0,1.0,0.25,,,,,True
2022-09-06,CIPLA,,,,,,,,,True
2022-09-06,INFY,-1.0,0.0,0.0,-0.4,,,,,True
2022-09-06,DRREDDY,1.0,0.0,0.0,0.4,,,,,True
2022-09-06,HCLTECH,-1.0,0.0,0.0,-0.4,,,,,True
2022-09-06,TECHM,,,,,,,,,True
2022-09-06,SUNPHARMA,-1.0,0.0,0.0,-0.4,,,,,True
2022-09-07,ADANIGREEN,,,,,,,,,True
2022-09-07,ASIANPAINT,1.0,1.0,0.0,0.75,1.0,1.0,0.0,True,False
2022-09-07,AXISBANK,1.0,0.0,0.0,0.4,,,,,True
2022-09-07,BAJAJ-AUTO,-0.5,0.0,0.0,-0.2,,,,,True
2022-09-07,HDFCBANK,1.0,0.0,0.0,0.4,,,,,True
2022-09-07,HINDUNILVR,,,,,,,,,True
2022-09-07,ICICIBANK,1.0,0.0,0.0,0.4,,,,,True
2022-09-07,ITC,1.0,0.0,0.0,0.4,,,,,True
2022-09-07,KOTAKBANK,1.0,0.5,0.0,0.575,,,,,True
2022-09-07,M&M,1.0,0.5,0.0,0.575,,,,,True
2022-09-07,MARUTI,,,,,,,,,True
2022-09-07,NTPC,0.0,0.0,1.0,0.25,,,,,True
2022-09-07,ONGC,0.0,0.0,1.0,0.25,,,,,True
2022-09-07,POWERGRID,,,,,,,,,True
2022-09-07,RELIANCE,,,,,,,,,True
2022-09-07,SBIN,0.2857,0.0,0.0,0.1143,,,,,True
2022-09-07,TATAMOTORS,,,,,,,,,True
2022-09-07,TCS,0.0,0.0,1.0,0.25,1.0,0.5,0.0,True,False
2022-09-07,WIPRO,0.0,0.0,1.0,0.25,,,,,True
2022-09-07,CIPLA,-1.0,0.0,0.0,-0.4,1.0,1.0,0.0,True,False
2022-09-07,INFY,0.0,0.0,0.0,0.0,1.0,0.5,0.0,True,False
2022-09-07,DRREDDY,1.0,0.0,0.0,0.4,,,,,True
2022-09-07,HCLTECH,0.0,0.0,1.0,0.25,1.0,0.5,0.0,True,False
2022-09-07,TECHM,,,,,,,,,True
2022-09-07,SUNPHARMA,1.0,1.0,0.0,0.75,1.0,1.0,0.0,True,False
2022-09-08,ADANIGREEN,0.0,0.0,1.0,0.25,1.0,0.5,0.0,True,False
2022-09-08,ASIANPAINT,1.0,1.0,0.0,0.75,,,,,True
2022-09-08,AXISBANK,1.0,0.0,0.0,0.4,,,,,True
2022-09-08,BAJAJ-AUTO,-0.5,0.0,0.0,-0.2,,,,,True
2022-09-08,HDFCBANK,1.0,0.0,0.0,0.4,,,,,True
2022-09-08,HINDUNILVR,,,,,,,,,True
2022-09-08,ICICIBANK,0.0,0.0,0.0,0.0,1.0,0.5,0.0,True,False
2022-09-08,ITC,0.0,0.0,1.0,0.25,1.0,0.5,0.0,True,False
2022-09-08,KOTAKBANK,1.0,0.5,0.0,0.575,,,,,True
2022-09-08,M&M,1.0,0.0,0.0,0.4,1.0,1.0,0.0,True,False
2022-09-08,MARUTI,1.0,1.0,0.0,0.75,1.0,1.0,0.0,True,False
2022-09-08,NTPC,0.0,0.0,1.0,0.25,,,,,True
2022-09-08,ONGC,0.0,0.0,1.0,0.25,,,,,True
2022-09-08,POWERGRID,,,,,,,,,True
2022-09-08,RELIANCE,1.0,1.0,0.0,0.75,1.0,1.0,0.0,True,False
2022-09-08,SBIN,0.2857,0.0,0.0,0.1143,,,,,True
2022-09-08,TATAMOTORS,,,,,,,,,True
2022-09-08,TCS,0.0,0.0,1.0,0.25,,,,,True
2022-09-08,WIPRO,0.0,0.0,1.0,0.25,,,,,True
2022-09-08,CIPLA,-1.0,0.0,0.0,-0.4,,,,,True
2022-09-08,INFY,0.0,0.0,0.0,0.0,,,,,True
2022-09-08,DRREDDY,,,,,,,,,True
2022-09-08,HCLTECH,0.0,0.0,1.0,0.25,,,,,True
2022-09-08,TECHM,1.0,0.0,0.0,0.4,1.0,1.0,0.0,True,False
2022-09-08,SUNPHARMA,1.0,1.0,0.0,0.75,,,,,True
2022-09-09,ADANIGREEN,0.0,0.0,1.0,0.25,,,,,True
2022-09-09,ASIANPAINT,1.0,1.0,0.0,0.75,,,,,True
2022-09-09,AXISBANK,1.0,0.0,0.0,0.4,,,,,True
2022-09-09,BAJAJ-AUTO,-0.5,0.0,0.0,-0.2,,,,,True
2022-09-09,HDFCBANK,1.0,0.0,0.0,0.4,,,,,True
2022-09-09,HINDUNILVR,,,,,,,,,True
2022-09-09,ICICIBANK,0.0,0.0,0.0,0.0,,,,,True
2022-09-09,ITC,0.0,0.0,1.0,0.25,,,,,True
2022-09-09,KOTAKBANK,1.0,0.5,0.0,0.575,,,,,True
2022-09-09,M&M,1.0,0.0,0.0,0.4,,,,,True
2022-09-09,MARUTI,1.0,1.0,0.0,0.75,,,,,True
2022-09-09,NTPC,0.0,0.0,1.0,0.25,,,,,True
2022-09-09,ONGC,0.0,0.0,1.0,0.25,,,,,True
2022-09-09,POWERGRID,,,,,,,,,True
2022-09-09,RELIANCE,1.0,1.0,0.0,0.75,,,,,True
2022-09-09,SBIN,0.2857,0.0,0.0,0.1143,,,,,True
2022-09-09,TATAMOTORS,,,,,,,,,True
2022-09-09,TCS,0.0,0.0,1.0,0.25,,,,,True
2022-09-09,WIPRO,0.0,0.0,1.0,0.25,,,,,True
2022-09-09,CIPLA,-1.0,0.0,0.0,-0.4,,,,,True
2022-09-09,INFY,0.0,0.0,0.0,0.0,,,,,True
2022-09-09,DRREDDY,,,,,,,,,True
2022-09-09,HCLTECH,0.0,0.0,1.0,0.25,,,,,True
2022-09-09,TECHM,1.0,0.0,0.0,0.4,,,,,True
2022-09-09,SUNPHARMA,1.0,1.0,0.0,0.75,,,,,True
2022-09-12,ADANIGREEN,0.0,0.0,1.0,0.25,,,,,True
2022-09-12,ASIANPAINT,1.0,1.0,0.0,0.75,,,,,True
2022-09-12,AXISBANK,1.0,0.0,0.0,0.4,,,,,True
2022-09-12,BAJAJ-AUTO,-0.5,0.0,0.0,-0.2,,,,,True
2022-09-12,HDFCBANK,1.0,0.0,0.0,0.4,,,,,True
2022-09-12,HINDUNILVR,,,,,,,,,True
2022-09-12,ICICIBANK,1.0,1.0,0.0,0.75,1.0,1.0,0.0,True,False
2022-09-12,ITC,0.0,0.0,0.0,0.0,1.0,0.5,0.0,True,False
2022-09-12,KOTAKBANK,1.0,0.5,0.0,0.575,,,,,True
2022-09-12,M&M,1.0,0.0,0.0,0.4,,,,,True
2022-09-12,MARUTI,0.0,0.0,0.0,0.0,1.0,0.5,0.0,True,False
2022-09-12,NTPC,0.0,0.0,1.0,0.25,,,,,True
2022-09-12,ONGC,0.0,0.0,1.0,0.25,,,,,True
2022-09-12,POWERGRID,,,,,,,,,True
2022-09-12,RELIANCE,1.0,1.0,0.0,0.75,,,,,True
2022-09-12,SBIN,0.2857,0.0,0.0,0.1143,,,,,True
2022-09-12,TATAMOTORS,,,,,,,,,True
2022-09-12,TCS,1.0,0.0,0.0,0.4,1.0,1.0,0.0,True,False
2022-09-12,WIPRO,1.0,1.0,0.0,0.75,1.0,1.0,0.0,True,False
2022-09-12,CIPLA,-1.0,0.0,0.0,-0.4,,,,,True
2022-09-12,INFY,0.0,0.0,0.0,0.0,,,,,True
2022-09-12,DRREDDY,,,,,,,,,True
2022-09-12,HCLTECH,0.0,0.0,1.0,0.25,,,,,True
2022-09-12,TECHM,1.0,0.0,0.0,0.4,,,,,True
2022-09-12,SUNPHARMA,1.0,1.0,0.0,0.75,,,,,True
2022-09-13,ADANIGREEN,0.0,0.0,1.0,0.25,2.0,0.5,0.0,True,False
2022-09-13,ASIANPAINT,1.0,1.0,0.0,0.75,,,,,True
2022-09-13,AXISBANK,0.0,0.0,0.0,0.0,1.0,0.5,0.0,True,False
2022-09-13,BAJAJ-AUTO,,,,,,,,,True
2022-09-13,HDFCBANK,0.0,0.0,0.0,0.0,1.0,0.5,0.0,True,False
2022-09-13,HINDUNILVR,,,,,,,,,True
2022-09-13,ICICIBANK,0.0,0.0,0.0,0.0,1.0,0.5,0.0,True,False
2022-09-13,ITC,0.0,0.0,0.0,0.0,,,,,True
2022-09-13,KOTAKBANK,0.0,0.0,0.0,0.0,1.0,0.5,0.0,True,False
2022-09-13,M&M,1.0,0.0,0.0,0.4,,,,,True
2022-09-13,MARUTI,0.0,0.0,0.0,0.0,,,,,True
2022-09-13,NTPC,0.0,0.0,1.0,0.25,,,,,True
2022-09-13,ONGC,0.0,0.0,1.0,0.25,,,,,True
2022-09-13,POWERGRID,,,,,,,,,True
2022-09-13,RELIANCE,1.0,1.0,0.0,0.75,,,,,True
2022-09-13,SBIN,0.7143,0.5,0.0,0.4607,2.0,0.75,0.0,True,False
2022-09-13,TATAMOTORS,,,,,,,,,True
2022-09-13,TCS,1.0,0.0,0.0,0.4,,,,,True
2022-09-13,WIPRO,1.0,1.0,0.0,0.75,,,,,True
2022-09-13,CIPLA,-1.0,0.0,0.0,-0.4,,,,,True
2022-09-13,INFY,1.0,1.0,0.0,0.75,1.0,1.0,0.0,True,False
2022-09-13,DRREDDY,,,,,,,,,True
2022-09-13,HCLTECH,0.0,0.0,1.0,0.25,1.0,0.5,0.0,True,False
2022-09-13,TECHM,1.0,0.0,0.0,0.4,,,,,True
2022-09-13,SUNPHARMA,1.0,1.0,0.0,0.75,,,,,True
2022-09-14,ADANIGREEN,0.0,0.0,1.0,0.25,,,,,True
2022-09-14,ASIANPAINT,1.0,1.0,0.0,0.75,,,,,True
2022-09-14,AXISBANK,0.5556,0.0,0.0,0.2222,3.0,0.6667,0.0,True,False
2022-09-14,BAJAJ-AUTO,,,,,,,,,True
2022-09-14,HDFCBANK,0.0,0.0,0.0,0.0,2.0,0.5,0.0,True,False
2022-09-14,HINDUNILVR,,,,,,,,,True
2022-09-14,ICICIBANK,0.0,0.0,0.0,0.0,2.0,0.5,0.0,True,False
2022-09-14,ITC,0.0,0.0,0.0,0.0,,,,,True
2022-09-14,KOTAKBANK,0.0,0.0,0.0,0.0,2.0,0.5,0.0,True,False
2022-09-14,M&M,1.0,0.0,0.0,0.4,,,,,True
2022-09-14,MARUTI,0.0,0.0,0.0,0.0,,,,,True
2022-09-14,NTPC,,,,,,,,,True
2022-09-14,ONGC,,,,,,,,,True
2022-09-14,POWERGRID,0.0,0.0,1.0,0.25,1.0,0.5,0.0,True,False
2022-09-14,RELIANCE,0.0,0.0,0.5,0.125,2.0,0.5,0.0,True,False
2022-09-14,SBIN,0.5556,0.0,0.0,0.2222,3.0,0.6667,0.0,True,False
2022-09-14,TATAMOTORS,,,,,,,,,True
2022-09-14,TCS,1.0,0.0,0.0,0.4,,,,,True
2022-09-14,WIPRO,1.0,1.0,0.0,0.75,,,,,True
2022-09-14,CIPLA,-1.0,0.0,0.0,-0.4,,,,,True
2022-09-14,INFY,1.0,1.0,0.0,0.75,,,,,True
2022-09-14,DRREDDY,,,,,,,,,True
2022-09-14,HCLTECH,0.0,0.0,1.0,0.25,,,,,True
2022-09-14,TECHM,1.0,0.0,0.0,0.4,,,,,True
2022-09-14,SUNPHARMA,0.0,0.0,0.0,0.0,1.0,0.5,0.0,True,False
2022-09-15,ADANIGREEN,0.0,0.0,1.0,0.25,,,,,True
2022-09-15,ASIANPAINT,-1.0,0.0,0.0,-0.4,1.0,1.0,0.0,True,False
2022-09-15,AXISBANK,0.0,0.0,0.0,0.0,2.0,0.5,0.0,True,False
2022-09-15,BAJAJ-AUTO,1.0,0.0,0.0,0.4,1.0,1.0,0.0,True,False
2022-09-15,HDFCBANK,0.0,0.0,0.0,0.0,1.0,0.5,0.0,True,False
2022-09-15,HINDUNILVR,,,,,,,,,True
2022-09-15,ICICIBANK,0.0,0.0,0.0,0.0,1.0,0.5,0.0,True,False
2022-09-15,ITC,1.0,0.0,0.0,0.4,1.0,1.0,0.0,True,False
2022-09-15,KOTAKBANK,0.0,0.0,0.0,0.0,1.0,0.5,0.0,True,False
2022-09-15,M&M,1.0,0.0,0.0,0.4,,,,,True
2022-09-15,MARUTI,0.0,0.0,0.0,0.0,,,,,True
2022-09-15,NTPC,,,,,,,,,True
2022-09-15,ONGC,,,,,,,,,True
2022-09-15,POWERGRID,0.0,0.0,1.0,0.25,,,,,True
2022-09-15,RELIANCE,0.0,0.0,0.5,0.125,,,,,True
2022-09-15,SBIN,0.0,0.0,0.0,0.0,1.0,0.5,0.0,True,False
2022-09-15,TATAMOTORS,,,,,,,,,True
2022-09-15,TCS,1.0,0.0,0.0,0.4,,,,,True
2022-09-15,WIPRO,1.0,1.0,0.0,0.75,,,,,True
2022-09-15,CIPLA,,,,,,,,,True
2022-09-15,INFY,0.0,0.0,0.0,0.0,1.0,0.5,0.0,True,False
2022-09-15,DRREDDY,1.0,1.0,0.0,0.75,1.0,1.0,0.0,True,False
2022-09-15,HCLTECH,0.0,0.0,0.0,0.0,1.0,0.5,0.0,True,False
2022-09-15,TECHM,1.0,0.0,0.0,0.4,,,,,True
2022-09-15,SUNPHARMA,0.0,0.0,0.0,0.0,,,,,True
2022-09-16,ADANIGREEN,0.0,0.0,1.0,0.25,,,,,True
2022-09-16,ASIANPAINT,-1.0,0.0,0.0,-0.4,,,,,True
2022-09-16,AXISBANK,0.0,0.0,0.0,0.0,,,,,True
2022-09-16,BAJAJ-AUTO,1.0,0.0,0.0,0.4,,,,,True
2022-09-16,HDFCBANK,0.0,0.0,0.0,0.0,,,,,True
2022-09-16,HINDUNILVR,,,,,,,,,True
2022-09-16,ICICIBANK,0.0,0.0,0.0,0.0,,,,,True
2022-09-16,ITC,1.0,0.0,0.0,0.4,,,,,True
2022-09-16,KOTAKBANK,0.0,0.0,0.0,0.0,,,,,True
2022-09-16,M&M,,,,,,,,,True
2022-09-16,MARUTI,0.0,0.0,0.0,0.0,,,,,True
2022-09-16,NTPC,,,,,,,,,True
2022-09-16,ONGC,,,,,,,,,True
2022-09-16,POWERGRID,0.0,0.0,1.0,0.25,,,,,True
2022-09-16,RELIANCE,0.0,0.0,0.5,0.125,,,,,True
2022-09-16,SBIN,0.0,0.0,0.0,0.0,,,,,True
2022-09-16,TATAMOTORS,,,,,,,,,True
2022-09-16,TCS,1.0,0.0,0.0,0.4,,,,,True
2022-09-16,WIPRO,1.0,1.0,0.0,0.75,,,,,True
2022-09-16,CIPLA,,,,,,,,,True
2022-09-16,INFY,0.0,0.0,0.0,0.0,,,,,True
2022-09-16,DRREDDY,1.0,1.0,0.0,0.75,,,,,True
2022-09-16,HCLTECH,0.0,0.0,0.0,0.0,,,,,True
2022-09-16,TECHM,,,,,,,,,True
2022-09-16,SUNPHARMA,0.0,0.0,0.0,0.0,,,,,True
2022-09-19,ADANIGREEN,0.0,0.0,1.0,0.25,,,,,True
2022-09-19,ASIANPAINT,-1.0,0.0,0.0,-0.4,,,,,True
2022-09-19,AXISBANK,0.0,0.0,0.0,0.0,,,,,True
2022-09-19,BAJAJ-AUTO,1.0,0.0,0.0,0.4,,,,,True
2022-09-19,HDFCBANK,0.0,0.0,0.0,0.0,,,,,True
2022-09-19,HINDUNILVR,,,,,,,,,True
2022-09-19,ICICIBANK,0.0,0.0,0.0,0.0,,,,,True
2022-09-19,ITC,1.0,0.0,0.0,0.4,,,,,True
2022-09-19,KOTAKBANK,0.0,0.0,0.0,0.0,,,,,True
2022-09-19,M&M,,,,,,,,,True
2022-09-19,MARUTI,0.0,0.0,0.0,0.0,,,,,True
2022-09-19,NTPC,0.0,0.0,1.0,0.25,1.0,0.5,0.0,True,False
2022-09-19,ONGC,,,,,,,,,True
2022-09-19,POWERGRID,0.0,0.0,1.0,0.25,,,,,True
2022-09-19,RELIANCE,0.0,0.0,0.5,0.125,,,,,True
2022-09-19,SBIN,-1.0,0.0,0.0,-0.4,1.0,1.0,0.0,True,False
2022-09-19,TATAMOTORS,,,,,,,,,True
2022-09-19,TCS,1.0,0.0,0.0,0.4,,,,,True
2022-09-19,WIPRO,1.0,1.0,0.0,0.75,,,,,True
2022-09-19,CIPLA,-1.0,0.0,0.0,-0.4,1.0,1.0,0.0,True,False
2022-09-19,INFY,0.0,0.0,0.0,0.0,,,,,True
2022-09-19,DRREDDY,1.0,1.0,0.0,0.75,,,,,True
2022-09-19,HCLTECH,0.0,0.0,0.0,0.0,,,,,True
2022-09-19,TECHM,,,,,,,,,True
2022-09-19,SUNPHARMA,0.0,0.0,1.0,0.25,1.0,0.5,0.0,True,False
2022-09-20,ADANIGREEN,1.0,1.0,1.0,1.0,1.0,1.0,0.0,True,False
2022-09-20,ASIANPAINT,1.0,0.0,0.0,0.4,1.0,1.0,0.0,True,False
2022-09-20,AXISBANK,0.0,0.0,0.0,0.0,1.0,0.5,0.0,True,False
2022-09-20,BAJAJ-AUTO,1.0,0.0,0.0,0.4,,,,,True
2022-09-20,HDFCBANK,0.0,0.0,0.0,0.0,1.0,0.5,0.0,True,False
2022-09-20,HINDUNILVR,1.0,1.0,0.0,0.75,1.0,1.0,0.0,True,False
2022-09-20,ICICIBANK,0.0,0.0,0.6667,0.1667,3.0,0.5,0.0,True,False
2022-09-20,ITC,1.0,0.0,0.0,0.4,,,,,True
2022-09-20,KOTAKBANK,0.0,0.0,0.0,0.0,1.0,0.5,0.0,True,False
2022-09-20,M&M,0.0,0.0,0.0,0.0,1.0,0.5,0.0,True,False
2022-09-20,MARUTI,0.5,0.5,0.5,0.5,2.0,0.75,0.0,True,False
2022-09-20,NTPC,0.0,0.0,1.0,0.25,,,,,True
2022-09-20,ONGC,0.0,0.0,1.0,0.25,1.0,0.5,0.0,True,False
2022-09-20,POWERGRID,0.0,0.0,1.0,0.25,,,,,True
2022-09-20,RELIANCE,1.0,1.0,0.0,0.75,1.0,1.0,0.0,True,False
2022-09-20,SBIN,0.0,0.0,0.0,0.0,1.0,0.5,0.0,True,False
2022-09-20,TATAMOTORS,0.0,0.0,0.0,0.0,1.0,0.5,0.0,True,False
2022-09-20,TCS,,,,,,,,,True
2022-09-20,WIPRO,0.0,0.0,0.0,0.0,1.0,0.5,0.0,True,False
2022-09-20,CIPLA,-1.0,0.0,0.0,-0.4,1.0,1.0,0.0,True,False
2022-09-20,INFY,0.0,0.0,0.0,0.0,,,,,True
2022-09-20,DRREDDY,1.0,1.0,0.0,0.75,,,,,True
2022-09-20,HCLTECH,0.0,0.0,0.0,0.0,,,,,True
2022-09-20,TECHM,0.0,0.0,0.0,0.0,1.0,0.5,0.0,True,False
2022-09-20,SUNPHARMA,-1.0,0.0,0.0,-0.4,1.0,1.0,0.0,True,False
2022-09-21,ADANIGREEN,1.0,1.0,1.0,1.0,,,,,True
2022-09-21,ASIANPAINT,1.0,0.0,0.0,0.4,,,,,True
2022-09-21,AXISBANK,0.0,0.0,0.0,0.0,,,,,True
2022-09-21,BAJAJ-AUTO,1.0,0.0,0.0,0.4,,,,,True
2022-09-21,HDFCBANK,0.0,0.0,0.0,0.0,,,,,True
2022-09-21,HINDUNILVR,1.0,1.0,0.0,0.75,,,,,True
2022-09-21,ICICIBANK,0.0,0.0,0.6667,0.1667,,,,,True
2022-09-21,ITC,0.5,0.0,0.5,0.325,2.0,0.75,0.0,True,False
2022-09-21,KOTAKBANK,0.0,0.0,1.0,0.25,1.0,0.5,0.0,True,False
2022-09-21,M&M,0.5,0.5,0.5,0.5,2.0,0.75,0.0,True,False
2022-09-21,MARUTI,0.5,0.5,0.5,0.5,,,,,True
2022-09-21,NTPC,0.0,0.0,1.0,0.25,,,,,True
2022-09-21,ONGC,0.0,0.0,1.0,0.25,1.0,0.5,0.0,True,False
2022-09-21,POWERGRID,0.0,0.0,1.0,0.25,,,,,True
2022-09-21,RELIANCE,0.0,0.0,1.0,0.25,1.0,0.5,0.0,True,False
2022-09-21,SBIN,0.0,0.0,0.0,0.0,,,,,True
2022-09-21,TATAMOTORS,0.0,0.0,0.0,0.0,,,,,True
2022-09-21,TCS,,,,,,,,,True
2022-09-21,WIPRO,0.0,0.0,0.0,0.0,,,,,True
2022-09-21,CIPLA,-1.0,0.0,0.0,-0.4,,,,,True
2022-09-21,INFY,0.0,0.0,0.0,0.0,,,,,True
2022-09-21,DRREDDY,1.0,1.0,0.0,0.75,,,,,True
2022-09-21,HCLTECH,1.0,1.0,0.0,0.75,1.0,1.0,0.0,True,False
2022-09-21,TECHM,0.0,0.0,0.0,0.0,,,,,True
2022-09-21,SUNPHARMA,-1.0,0.0,0.0,-0.4,,,,,True
2022-09-22,ADANIGREEN,0.0,0.0,1.0,0.25,1.0,0.5,0.0,True,False
2022-09-22,ASIANPAINT,-1.0,0.0,0.0,-0.4,1.0,1.0,0.0,True,False
2022-09-22,AXISBANK,1.0,0.0,0.0,0.4,1.0,1.0,0.0,True,False
2022-09-22,BAJAJ-AUTO,1.0,0.0,0.0,0.4,1.0,1.0,0.0,True,False
2022-09-22,HDFCBANK,0.0,0.0,0.0,0.0,,,,,True
2022-09-22,HINDUNILVR,1.0,1.0,0.0,0.75,1.0,1.0,0.0,True,False
2022-09-22,ICICIBANK,0.0,0.0,0.0,0.0,1.0,0.5,0.0,True,False
2022-09-22,ITC,0.5,0.0,0.5,0.325,,,,,True
2022-09-22,KOTAKBANK,1.0,0.0,0.0,0.4,1.0,1.0,0.0,True,False
2022-09-22,M&M,1.0,0.0,0.0,0.4,1.0,1.0,0.0,True,False
2022-09-22,MARUTI,0.5,0.5,0.5,0.5,,,,,True
2022-09-22,NTPC,0.0,0.0,1.0,0.25,,,,,True
2022-09-22,ONGC,0.0,0.0,1.0,0.25,,,,,True
2022-09-22,POWERGRID,,,,,,,,,True
2022-09-22,RELIANCE,0.0,0.0,1.0,0.25,,,,,True
2022-09-22,SBIN,1.0,0.0,0.0,0.4,1.0,1.0,0.0,True,False
2022-09-22,TATAMOTORS,0.0,0.0,0.0,0.0,,,,,True
2022-09-22,TCS,,,,,,,,,True
2022-09-22,WIPRO,0.0,0.0,0.0,0.0,,,,,True
2022-09-22,CIPLA,-1.0,0.0,0.0,-0.4,,,,,True
2022-09-22,INFY,1.0,1.0,0.0,0.75,1.0,1.0,0.0,True,False
2022-09-22,DRREDDY,1.0,1.0,0.0,0.75,,,,,True
2022-09-22,HCLTECH,1.0,1.0,0.0,0.75,,,,,True
2022-09-22,TECHM,0.0,0.0,0.0,0.0,,,,,True
2022-09-22,SUNPHARMA,0.0,0.0,1.0,0.25,1.0,0.5,0.0,True,False
2022-09-23,ADANIGREEN,0.0,0.0,1.0,0.25,,,,,True
2022-09-23,ASIANPAINT,-1.0,0.0,0.0,-0.4,,,,,True
2022-09-23,AXISBANK,1.0,0.0,0.0,0.4,,,,,True
2022-09-23,BAJAJ-AUTO,1.0,0.0,0.0,0.4,,,,,True
2022-09-23,HDFCBANK,0.0,0.0,0.0,0.0,,,,,True
2022-09-23,HINDUNILVR,1.0,1.0,0.0,0.75,,,,,True
2022-09-23,ICICIBANK,0.0,0.0,0.0,0.0,,,,,True
2022-09-23,ITC,0.5,0.0,0.5,0.325,,,,,True
2022-09-23,KOTAKBANK,1.0,0.0,0.0,0.4,,,,,True
2022-09-23,M&M,1.0,0.0,0.0,0.4,,,,,True
2022-09-23,MARUTI,0.5,0.5,0.5,0.5,,,,,True
2022-09-23,NTPC,0.0,0.0,1.0,0.25,,,,,True
2022-09-23,ONGC,0.0,0.0,1.0,0.25,,,,,True
2022-09-23,POWERGRID,,,,,,,,,True
2022-09-23,RELIANCE,0.0,0.0,1.0,0.25,,,,,True
2022-09-23,SBIN,1.0,0.0,0.0,0.4,,,,,True
2022-09-23,TATAMOTORS,0.0,0.0,0.0,0.0,,,,,True
2022-09-23,TCS,,,,,,,,,True
2022-09-23,WIPRO,0.0,0.0,0.0,0.0,,,,,True
2022-09-23,CIPLA,-1.0,0.0,0.0,-0.4,,,,,True
2022-09-23,INFY,1.0,1.0,0.0,0.75,,,,,True
2022-09-23,DRREDDY,,,,,,,,,True
2022-09-23,HCLTECH,1.0,1.0,0.0,0.75,,,,,True
2022-09-23,TECHM,0.0,0.0,0.0,0.0,,,,,True
2022-09-23,SUNPHARMA,0.0,0.0,1.0,0.25,,,,,True
2022-09-26,ADANIGREEN,0.0,0.0,1.0,0.25,,,,,True
2022-09-26,ASIANPAINT,-1.0,0.0,0.0,-0.4,,,,,True
2022-09-26,AXISBANK,1.0,0.0,0.0,0.4,,,,,True
2022-09-26,BAJAJ-AUTO,1.0,0.0,0.0,0.4,,,,,True
2022-09-26,HDFCBANK,0.0,0.0,0.0,0.0,,,,,True
2022-09-26,HINDUNILVR,1.0,1.0,0.0,0.75,,,,,True
2022-09-26,ICICIBANK,0.0,0.0,0.0,0.0,,,,,True
2022-09-26,ITC,0.5,0.0,0.5,0.325,,,,,True
2022-09-26,KOTAKBANK,1.0,0.0,0.0,0.4,,,,,True
2022-09-26,M&M,0.0,0.0,0.5,0.125,2.0,0.5,0.0,True,False
2022-09-26,MARUTI,1.0,0.0,0.0,0.4,1.0,1.0,0.0,True,False
2022-09-26,NTPC,0.0,0.0,1.0,0.25,,,,,True
2022-09-26,ONGC,0.0,0.0,1.0,0.25,,,,,True
2022-09-26,POWERGRID,,,,,,,,,True
2022-09-26,RELIANCE,0.0,0.0,1.0,0.25,,,,,True
2022-09-26,SBIN,1.0,0.0,0.0,0.4,,,,,True
2022-09-26,TATAMOTORS,0.0,0.0,0.0,0.0,,,,,True
2022-09-26,TCS,0.0,0.0,1.0,0.25,1.0,0.5,0.0,True,False
2022-09-26,WIPRO,0.0,0.0,0.0,0.0,,,,,True
2022-09-26,CIPLA,-1.0,0.0,0.0,-0.4,,,,,True
2022-09-26,INFY,1.0,1.0,0.0,0.75,,,,,True
2022-09-26,DRREDDY,,,,,,,,,True
2022-09-26,HCLTECH,1.0,1.0,0.0,0.75,,,,,True
2022-09-26,TECHM,0.0,0.0,0.5,0.125,2.0,0.5,0.0,True,False
2022-09-26,SUNPHARMA,0.0,0.0,1.0,0.25,,,,,True
2022-09-27,ADANIGREEN,0.0,0.0,1.0,0.25,,,,,True
2022-09-27,ASIANPAINT,1.0,1.0,0.0,0.75,1.0,1.0,0.0,True,False
2022-09-27,AXISBANK,1.0,1.0,0.0,0.75,1.0,1.0,0.0,True,False
2022-09-27,BAJAJ-AUTO,1.0,0.0,0.0,0.4,,,,,True
2022-09-27,HDFCBANK,1.0,0.0,0.0,0.4,1.0,1.0,0.0,True,False
2022-09-27,HINDUNILVR,1.0,1.0,0.0,0.75,,,,,True
2022-09-27,ICICIBANK,0.0,0.0,1.0,0.25,1.0,0.5,0.0,True,False
2022-09-27,ITC,0.0,0.0,0.0,0.0,1.0,0.5,0.0,True,False
2022-09-27,KOTAKBANK,1.0,1.0,0.0,0.75,1.0,1.0,0.0,True,False
2022-09-27,M&M,1.0,1.0,0.0,0.75,2.0,1.0,0.0,False,False
2022-09-27,MARUTI,1.0,0.0,0.0,0.4,,,,,True
2022-09-27,NTPC,0.0,0.0,1.0,0.25,1.0,0.5,0.0,True,False
2022-09-27,ONGC,0.0,0.0,0.0,0.0,1.0,0.5,0.0,True,False
2022-09-27,POWERGRID,,,,,,,,,True
2022-09-27,RELIANCE,0.0,0.0,1.0,0.25,,,,,True
2022-09-27,SBIN,1.0,0.0,0.0,0.4,,,,,True
2022-09-27,TATAMOTORS,0.0,0.0,0.0,0.0,,,,,True
2022-09-27,TCS,0.0,0.0,1.0,0.25,,,,,True
2022-09-27,WIPRO,0.0,0.0,0.0,0.0,,,,,True
2022-09-27,CIPLA,-1.0,0.0,0.0,-0.4,,,,,True
2022-09-27,INFY,1.0,1.0,0.0,0.75,,,,,True
2022-09-27,DRREDDY,,,,,,,,,True
2022-09-27,HCLTECH,1.0,1.0,0.0,0.75,,,,,True
2022-09-27,TECHM,0.0,0.0,0.5,0.125,,,,,True
2022-09-27,SUNPHARMA,0.0,0.0,0.0,0.0,1.0,0.5,0.0,True,False
2022-09-28,ADANIGREEN,0.0,0.0,1.0,0.25,,,,,True
2022-09-28,ASIANPAINT,1.0,1.0,0.0,0.75,,,,,True
2022-09-28,AXISBANK,0.0,0.0,0.0,0.0,2.0,0.5,0.0,True,False
2022-09-28,BAJAJ-AUTO,1.0,0.0,0.0,0.4,,,,,True
2022-09-28,HDFCBANK,0.0,0.0,0.0,0.0,2.0,0.5,0.0,True,False
2022-09-28,HINDUNILVR,1.0,1.0,0.0,0.75,,,,,True
2022-09-28,ICICIBANK,0.0,0.0,0.0,0.0,2.0,0.5,0.0,True,False
2022-09-28,ITC,1.0,1.0,0.0,0.75,1.0,1.0,0.0,True,False
2022-09-28,KOTAKBANK,0.0,0.0,0.0,0.0,2.0,0.5,0.0,True,False
2022-09-28,M&M,1.0,1.0,0.0,0.75,,,,,True
2022-09-28,MARUTI,1.0,0.0,0.0,0.4,,,,,True
2022-09-28,NTPC,-1.0,0.0,1.0,-0.15,1.0,1.0,0.0,True,False
2022-09-28,ONGC,0.0,0.0,0.0,0.0,,,,,True
2022-09-28,POWERGRID,,,,,,,,,True
2022-09-28,RELIANCE,0.0,0.0,1.0,0.25,,,,,True
2022-09-28,SBIN,0.0,0.0,0.0,0.0,2.0,0.5,0.0,True,False
2022-09-28,TATAMOTORS,,,,,,,,,True
2022-09-28,TCS,0.0,0.0,1.0,0.25,,,,,True
2022-09-28,WIPRO,,,,,,,,,True
2022-09-28,CIPLA,,,,,,,,,True
2022-09-28,INFY,1.0,1.0,0.0,0.75,,,,,True
2022-09-28,DRREDDY,,,,,,,,,True
2022-09-28,HCLTECH,1.0,1.0,0.0,0.75,,,,,True
2022-09-28,TECHM,0.0,0.0,0.5,0.125,,,,,True
2022-09-28,SUNPHARMA,0.5,0.5,0.5,0.5,2.0,0.75,0.0,True,False
2022-09-29,ADANIGREEN,0.0,0.0,1.0,0.25,2.0,0.5,0.0,True,False
2022-09-29,ASIANPAINT,1.0,1.0,0.0,0.75,,,,,True
2022-09-29,AXISBANK,0.0,0.0,0.0,0.0,,,,,True
2022-09-29,BAJAJ-AUTO,1.0,0.0,0.0,0.4,,,,,True
2022-09-29,HDFCBANK,-1.0,0.0,0.0,-0.4,1.0,1.0,0.0,True,False
2022-09-29,HINDUNILVR,1.0,1.0,0.0,0.75,,,,,True
2022-09-29,ICICIBANK,0.0,0.0,0.0,0.0,,,,,True
2022-09-29,ITC,1.0,1.0,0.0,0.75,,,,,True
2022-09-29,KOTAKBANK,0.0,0.0,1.0,0.25,1.0,0.5,0.0,True,False
2022-09-29,M&M,0.0,0.0,1.0,0.25,1.0,0.5,0.0,True,False
2022-09-29,MARUTI,1.0,0.0,0.0,0.4,,,,,True
2022-09-29,NTPC,-1.0,0.0,1.0,-0.15,,,,,True
2022-09-29,ONGC,0.0,0.0,0.0,0.0,,,,,True
2022-09-29,POWERGRID,,,,,,,,,True
2022-09-29,RELIANCE,,,,,,,,,True
2022-09-29,SBIN,0.0,0.0,0.0,0.0,,,,,True
2022-09-29,TATAMOTORS,,,,,,,,,True
2022-09-29,TCS,1.0,1.0,0.0,0.75,1.0,1.0,0.0,True,False
2022-09-29,WIPRO,,,,,,,,,True
2022-09-29,CIPLA,,,,,,,,,True
2022-09-29,INFY,1.0,1.0,0.0,0.75,,,,,True
2022-09-29,DRREDDY,,,,,,,,,True
2022-09-29,HCLTECH,,,,,,,,,True
2022-09-29,TECHM,0.0,0.0,0.5,0.125,,,,,True
2022-09-29,SUNPHARMA,0.5,0.5,0.5,0.5,,,,,True
2022-09-30,ADANIGREEN,0.0,0.0,1.0,0.25,,,,,True
2022-09-30,ASIANPAINT,1.0,1.0,0.0,0.75,,,,,True
2022-09-30,AXISBANK,0.0,0.0,0.0,0.0,,,,,True
2022-09-30,BAJAJ-AUTO,,,,,,,,,True
2022-09-30,HDFCBANK,-1.0,0.0,0.0,-0.4,,,,,True
2022-09-30,HINDUNILVR,,,,,,,,,True
2022-09-30,ICICIBANK,0.0,0.0,0.0,0.0,,,,,True
2022-09-30,ITC,1.0,1.0,0.0,0.75,,,,,True
2022-09-30,KOTAKBANK,0.0,0.0,1.0,0.25,,,,,True
2022-09-30,M&M,0.0,0.0,1.0,0.25,,,,,True
2022-09-30,MARUTI,1.0,0.0,0.0,0.4,,,,,True
2022-09-30,NTPC,-1.0,0.0,1.0,-0.15,,,,,True
2022-09-30,ONGC,0.0,0.0,0.0,0.0,,,,,True
2022-09-30,POWERGRID,,,,,,,,,True
2022-09-30,RELIANCE,,,,,,,,,True
2022-09-30,SBIN,0.0,0.0,0.0,0.0,,,,,True
2022-09-30,TATAMOTORS,,,,,,,,,True
2022-09-30,TCS,1.0,1.0,0.0,0.75,,,,,True
2022-09-30,WIPRO,,,,,,,,,True
2022-09-30,CIPLA,,,,,,,,,True
2022-09-30,INFY,,,,,,,,,True
2022-09-30,DRREDDY,,,,,,,,,True
2022-09-30,HCLTECH,,,,,,,,,True
2022-09-30,TECHM,0.0,0.0,0.5,0.125,,,,,True
2022-09-30,SUNPHARMA,0.5,0.5,0.5,0.5,,,,,True
2022-10-03,ADANIGREEN,0.0,0.0,1.0,0.25,1.0,0.5,0.0,True,False
2022-10-03,ASIANPAINT,1.0,1.0,0.0,0.75,,,,,True
2022-10-03,AXISBANK,0.0,0.0,0.0,0.0,2.0,0.5,0.0,True,False
2022-10-03,BAJAJ-AUTO,,,,,,,,,True
2022-10-03,HDFCBANK,0.0,0.0,0.0,0.0,2.0,0.5,0.0,True,False
2022-10-03,HINDUNILVR,,,,,,,,,True
2022-10-03,ICICIBANK,-0.5556,0.0,0.0,-0.2222,3.0,0.6667,0.0,True,False
2022-10-03,ITC,1.0,1.0,0.0,0.75,,,,,True
2022-10-03,KOTAKBANK,0.5556,0.3333,0.0,0.3389,3.0,0.6667,0.0,True,False
2022-10-03,M&M,1.0,1.0,0.0,0.75,1.0,1.0,0.0,True,False
2022-10-03,MARUTI,1.0,0.0,0.0,0.4,,,,,True
2022-10-03,NTPC,-1.0,0.0,1.0,-0.15,,,,,True
2022-10-03,ONGC,0.0,0.0,0.0,0.0,,,,,True
2022-10-03,POWERGRID,,,,,,,,,True
2022-10-03,RELIANCE,,,,,,,,,True
2022-10-03,SBIN,0.0,0.0,0.0,0.0,3.0,0.5,0.0,True,False
2022-10-03,TATAMOTORS,,,,,,,,,True
2022-10-03,TCS,1.0,1.0,0.0,0.75,,,,,True
2022-10-03,WIPRO,,,,,,,,,True
2022-10-03,CIPLA,,,,,,,,,True
2022-10-03,INFY,,,,,,,,,True
2022-10-03,DRREDDY,,,,,,,,,True
2022-10-03,HCLTECH,,,,,,,,,True
2022-10-03,TECHM,0.0,0.0,0.5,0.125,,,,,True
2022-10-03,SUNPHARMA,0.5,0.5,0.5,0.5,,,,,True
2022-10-04,ADANIGREEN,0.0,0.0,1.0,0.25,,,,,True
2022-10-04,ASIANPAINT,1.0,1.0,0.0,0.75,,,,,True
2022-10-04,AXISBANK,0.0,0.0,0.0,0.0,2.0,0.5,0.0,True,False
2022-10-04,BAJAJ-AUTO,,,,,,,,,True
2022-10-04,HDFCBANK,0.0,0.0,0.0,0.0,2.0,0.5,0.0,True,False
2022-10-04,HINDUNILVR,,,,,,,,,True
2022-10-04,ICICIBANK,0.0,0.0,0.0,0.0,1.0,0.5,0.0,True,False
2022-10-04,ITC,0.0,0.0,0.0,0.0,1.0,0.5,0.0,True,False
2022-10-04,KOTAKBANK,0.0,0.0,0.0,0.0,1.0,0.5,0.0,True,False
2022-10-04,M&M,1.0,1.0,0.0,0.75,,,,,True
2022-10-04,MARUTI,,,,,,,,,True
2022-10-04,NTPC,1.0,0.0,1.0,0.65,1.0,1.0,0.0,True,False
2022-10-04,ONGC,0.0,0.0,1.0,0.25,1.0,0.5,0.0,True,False
2022-10-04,POWERGRID,,,,,,,,,True
2022-10-04,RELIANCE,1.0,1.0,0.0,0.75,1.0,1.0,0.0,True,False
2022-10-04,SBIN,0.0,0.0,0.5,0.125,2.0,0.5,0.0,True,False
2022-10-04,TATAMOTORS,,,,,,,,,True
2022-10-04,TCS,1.0,1.0,0.0,0.75,,,,,True
2022-10-04,WIPRO,,,,,,,,,True
2022-10-04,CIPLA,1.0,0.0,0.0,0.4,1.0,1.0,0.0,True,False
2022-10-04,INFY,,,,,,,,,True
2022-10-04,DRREDDY,,,,,,,,,True
2022-10-04,HCLTECH,,,,,,,,,True
2022-10-04,TECHM,,,,,,,,,True
2022-10-04,SUNPHARMA,0.5,0.5,0.5,0.5,,,,,True
2022-10-05,ADANIGREEN,0.0,0.0,1.0,0.25,,,,,True
2022-10-05,ASIANPAINT,,,,,,,,,True
2022-10-05,AXISBANK,0.0,0.0,0.0,0.0,1.0,0.5,0.0,True,False
2022-10-05,BAJAJ-AUTO,,,,,,,,,True
2022-10-05,HDFCBANK,0.0,0.0,0.0,0.0,1.0,0.5,0.0,True,False
2022-10-05,HINDUNILVR,,,,,,,,,True
2022-10-05,ICICIBANK,0.0,0.0,0.0,0.0,1.0,0.5,0.0,True,False
2022-10-05,ITC,0.0,0.0,0.0,0.0,,,,,True
2022-10-05,KOTAKBANK,0.0,0.0,0.0,0.0,1.0,0.5,0.0,True,False
2022-10-05,M&M,1.0,1.0,0.0,0.75,,,,,True
2022-10-05,MARUTI,,,,,,,,,True
2022-10-05,NTPC,0.0,0.0,1.0,0.25,1.0,0.5,0.0,True,False
2022-10-05,ONGC,0.0,0.0,1.0,0.25,,,,,True
2022-10-05,POWERGRID,-1.0,0.0,0.0,-0.4,1.0,1.0,0.0,True,False
2022-10-05,RELIANCE,1.0,1.0,0.0,0.75,,,,,True
2022-10-05,SBIN,0.0,0.0,0.0,0.0,2.0,0.5,0.0,True,False
2022-10-05,TATAMOTORS,,,,,,,,,True
2022-10-05,TCS,1.0,1.0,0.0,0.75,,,,,True
2022-10-05,WIPRO,,,,,,,,,True
2022-10-05,CIPLA,1.0,0.0,0.0,0.4,,,,,True
2022-10-05,INFY,,,,,,,,,True
2022-10-05,DRREDDY,,,,,,,,,True
2022-10-05,HCLTECH,,,,,,,,,True
2022-10-05,TECHM,,,,,,,,,True
2022-10-05,SUNPHARMA,0.5,0.5,0.5,0.5,,,,,True
2022-10-06,ADANIGREEN,0.0,0.0,1.0,0.25,,,,,True
2022-10-06,ASIANPAINT,,,,,,,,,True
2022-10-06,AXISBANK,0.0,0.0,0.0,0.0,,,,,True
2022-10-06,BAJAJ-AUTO,,,,,,,,,True
2022-10-06,HDFCBANK,0.0,0.0,0.0,0.0,,,,,True
2022-10-06,HINDUNILVR,,,,,,,,,True
2022-10-06,ICICIBANK,0.0,0.0,0.0,0.0,,,,,True
2022-10-06,ITC,0.0,0.0,0.0,0.0,,,,,True
2022-10-06,KOTAKBANK,0.0,0.0,0.0,0.0,,,,,True
2022-10-06,M&M,1.0,1.0,0.0,0.75,,,,,True
2022-10-06,MARUTI,0.0,0.0,1.0,0.25,1.0,0.5,0.0,True,False
2022-10-06,NTPC,0.0,0.0,1.0,0.25,,,,,True
2022-10-06,ONGC,0.0,0.0,1.0,0.25,,,,,True
2022-10-06,POWERGRID,-1.0,0.0,0.0,-0.4,,,,,True
2022-10-06,RELIANCE,1.0,1.0,0.0,0.75,,,,,True
2022-10-06,SBIN,0.0,0.0,0.0,0.0,,,,,True
2022-10-06,TATAMOTORS,,,,,,,,,True
2022-10-06,TCS,1.0,1.0,0.0,0.75,,,,,True
2022-10-06,WIPRO,,,,,,,,,True
2022-10-06,CIPLA,1.0,0.0,0.0,0.4,,,,,True
2022-10-06,INFY,,,,,,,,,True
2022-10-06,DRREDDY,,,,,,,,,True
2022-10-06,HCLTECH,,,,,,,,,True
2022-10-06,TECHM,,,,,,,,,True
2022-10-06,SUNPHARMA,,,,,,,,,True
2022-10-07,ADANIGREEN,0.0,0.0,1.0,0.25,,,,,True
2022-10-07,ASIANPAINT,,,,,,,,,True
2022-10-07,AXISBANK,0.0,0.0,0.0,0.0,,,,,True
2022-10-07,BAJAJ-AUTO,,,,,,,,,True
2022-10-07,HDFCBANK,0.0,0.0,0.0,0.0,,,,,True
2022-10-07,HINDUNILVR,,,,,,,,,True
2022-10-07,ICICIBANK,0.0,0.0,0.0,0.0,,,,,True
2022-10-07,ITC,0.0,0.0,0.0,0.0,,,,,True
2022-10-07,KOTAKBANK,0.0,0.0,0.0,0.0,,,,,True
2022-10-07,M&M,1.0,1.0,0.0,0.75,,,,,True
2022-10-07,MARUTI,0.0,0.0,1.0,0.25,,,,,True
2022-10-07,NTPC,0.0,0.0,1.0,0.25,,,,,True
2022-10-07,ONGC,0.0,0.0,1.0,0.25,,,,,True
2022-10-07,POWERGRID,-1.0,0.0,0.0,-0.4,,,,,True
2022-10-07,RELIANCE,1.0,1.0,0.0,0.75,,,,,True
2022-10-07,SBIN,0.0,0.0,0.0,0.0,,,,,True
2022-10-07,TATAMOTORS,,,,,,,,,True
2022-10-07,TCS,,,,,,,,,True
2022-10-07,WIPRO,,,,,,,,,True
2022-10-07,CIPLA,1.0,0.0,0.0,0.4,,,,,True
2022-10-07,INFY,,,,,,,,,True
2022-10-07,DRREDDY,,,,,,,,,True
2022-10-07,HCLTECH,,,,,,,,,True
2022-10-07,TECHM,,,,,,,,,True
2022-10-07,SUNPHARMA,,,,,,,,,True
2022-10-10,ADANIGREEN,0.0,0.0,1.0,0.25,,,,,True
2022-10-10,ASIANPAINT,0.0,0.0,1.0,0.25,1.0,0.5,0.0,True,False
2022-10-10,AXISBANK,1.0,0.0,0.0,0.4,1.0,1.0,0.0,True,False
2022-10-10,BAJAJ-AUTO,,,,,,,,,True
2022-10-10,HDFCBANK,0.0,0.0,0.0,0.0,,,,,True
2022-10-10,HINDUNILVR,,,,,,,,,True
2022-10-10,ICICIBANK,0.0,0.0,1.0,0.25,1.0,0.5,0.0,True,False
2022-10-10,ITC,0.0,0.0,1.0,0.25,1.0,0.5,0.0,True,False
2022-10-10,KOTAKBANK,0.0,0.0,1.0,0.25,1.0,0.5,0.0,True,False
2022-10-10,M&M,0.0,0.0,1.0,0.25,1.0,0.5,0.0,True,False
2022-10-10,MARUTI,0.0,0.0,1.0,0.25,,,,,True
2022-10-10,NTPC,0.0,0.0,1.0,0.25,,,,,True
2022-10-10,ONGC,0.0,0.0,1.0,0.25,,,,,True
2022-10-10,POWERGRID,-1.0,0.0,0.0,-0.4,,,,,True
2022-10-10,RELIANCE,1.0,1.0,0.0,0.75,,,,,True
2022-10-10,SBIN,0.0,0.0,0.0,0.0,,,,,True
2022-10-10,TATAMOTORS,,,,,,,,,True
2022-10-10,TCS,,,,,,,,,True
2022-10-10,WIPRO,,,,,,,,,True
2022-10-10,CIPLA,1.0,0.0,0.0,0.4,,,,,True
2022-10-10,INFY,,,,,,,,,True
2022-10-10,DRREDDY,0.0,0.0,1.0,0.25,1.0,0.5,0.0,True,False
2022-10-10,HCLTECH,,,,,,,,,True
2022-10-10,TECHM,,,,,,,,,True
2022-10-10,SUNPHARMA,,,,,,,,,True
2022-10-11,ADANIGREEN,,,,,,,,,True
2022-10-11,ASIANPAINT,0.0,0.0,1.0,0.25,,,,,True
2022-10-11,AXISBANK,1.0,0.0,0.0,0.4,,,,,True
2022-10-11,BAJAJ-AUTO,,,,,,,,,True
2022-10-11,HDFCBANK,0.0,0.0,0.0,0.0,,,,,True
2022-10-11,HINDUNILVR,,,,,,,,,True
2022-10-11,ICICIBANK,0.0,0.0,1.0,0.25,,,,,True
2022-10-11,ITC,0.0,0.0,1.0,0.25,,,,,True
2022-10-11,KOTAKBANK,0.0,0.0,1.0,0.25,,,,,True
2022-10-11,M&M,0.0,0.0,1.0,0.25,,,,,True
2022-10-11,MARUTI,0.0,0.0,1.0,0.25,,,,,True
2022-10-11,NTPC,0.0,0.0,1.0,0.25,,,,,True
2022-10-11,ONGC,0.0,0.0,1.0,0.25,,,,,True
2022-10-11,POWERGRID,-1.0,0.0,0.0,-0.4,,,,,True
2022-10-11,RELIANCE,1.0,1.0,0.0,0.75,,,,,True
2022-10-11,SBIN,0.0,0.0,0.0,0.0,,,,,True
2022-10-11,TATAMOTORS,,,,,,,,,True
2022-10-11,TCS,,,,,,,,,True
2022-10-11,WIPRO,,,,,,,,,True
2022-10-11,CIPLA,1.0,0.0,0.0,0.4,,,,,True
2022-10-11,INFY,,,,,,,,,True
2022-10-11,DRREDDY,0.0,0.0,1.0,0.25,,,,,True
2022-10-11,HCLTECH,,,,,,,,,True
2022-10-11,TECHM,,,,,,,,,True
2022-10-11,SUNPHARMA,,,,,,,,,True
2022-10-12,ADANIGREEN,1.0,1.0,1.0,1.0,1.0,1.0,0.0,True,False
2022-10-12,ASIANPAINT,0.0,0.0,1.0,0.25,,,,,True
2022-10-12,AXISBANK,0.0,0.0,0.0,0.0,1.0,0.5,0.0,True,False
2022-10-12,BAJAJ-AUTO,,,,,,,,,True
2022-10-12,HDFCBANK,0.0,0.0,0.0,0.0,1.0,0.5,0.0,True,False
2022-10-12,HINDUNILVR,0.5,0.5,0.5,0.5,2.0,0.75,0.0,True,False
2022-10-12,ICICIBANK,0.0,0.0,0.0,0.0,1.0,0.5,0.0,True,False
2022-10-12,ITC,0.0,0.0,1.0,0.25,,,,,True
2022-10-12,KOTAKBANK,0.0,0.0,0.0,0.0,1.0,0.5,0.0,True,False
2022-10-12,M&M,0.0,0.0,1.0,0.25,,,,,True
2022-10-12,MARUTI,0.0,0.0,1.0,0.25,,,,,True
2022-10-12,NTPC,0.0,0.0,1.0,0.25,,,,,True
2022-10-12,ONGC,,,,,,,,,True
2022-10-12,POWERGRID,-1.0,0.0,0.0,-0.4,,,,,True
2022-10-12,RELIANCE,,,,,,,,,True
2022-10-12,SBIN,0.0,0.0,0.0,0.0,1.0,0.5,0.0,True,False
2022-10-12,TATAMOTORS,,,,,,,,,True
2022-10-12,TCS,,,,,,,,,True
2022-10-12,WIPRO,,,,,,,,,True
2022-10-12,CIPLA,,,,,,,,,True
2022-10-12,INFY,,,,,,,,,True
2022-10-12,DRREDDY,0.0,0.0,1.0,0.25,,,,,True
2022-10-12,HCLTECH,,,,,,,,,True
2022-10-12,TECHM,,,,,,,,,True
2022-10-12,SUNPHARMA,,,,,,,,,True
2022-10-13,ADANIGREEN,1.0,1.0,1.0,1.0,,,,,True
2022-10-13,ASIANPAINT,0.0,0.0,1.0,0.25,,,,,True
2022-10-13,AXISBANK,0.0,0.0,0.0,0.0,,,,,True
2022-10-13,BAJAJ-AUTO,,,,,,,,,True
2022-10-13,HDFCBANK,0.0,0.0,0.0,0.0,,,,,True
2022-10-13,HINDUNILVR,0.5,0.5,0.5,0.5,,,,,True
2022-10-13,ICICIBANK,0.0,0.0,0.0,0.0,,,,,True
2022-10-13,ITC,0.0,0.0,1.0,0.25,,,,,True
2022-10-13,KOTAKBANK,0.0,0.0,0.0,0.0,,,,,True
2022-10-13,M&M,0.0,0.0,1.0,0.25,,,,,True
2022-10-13,MARUTI,0.0,0.0,1.0,0.25,,,,,True
2022-10-13,NTPC,,,,,,,,,True
2022-10-13,ONGC,,,,,,,,,True
2022-10-13,POWERGRID,,,,,,,,,True
2022-10-13,RELIANCE,,,,,,,,,True
2022-10-13,SBIN,0.0,0.0,0.0,0.0,,,,,True
2022-10-13,TATAMOTORS,,,,,,,,,True
2022-10-13,TCS,1.0,0.0,0.0,0.4,1.0,1.0,0.0,True,False
2022-10-13,WIPRO,1.0,0.0,0.0,0.4,1.0,1.0,0.0,True,False
2022-10-13,CIPLA,,,,,,,,,True
2022-10-13,INFY,,,,,,,,,True
2022-10-13,DRREDDY,0.0,0.0,1.0,0.25,,,,,True
2022-10-13,HCLTECH,,,,,,,,,True
2022-10-13,TECHM,,,,,,,,,True
2022-10-13,SUNPHARMA,,,,,,,,,True
2022-10-14,ADANIGREEN,1.0,1.0,1.0,1.0,,,,,True
2022-10-14,ASIANPAINT,0.0,0.0,1.0,0.25,,,,,True
2022-10-14,AXISBANK,0.0,0.0,0.0,0.0,,,,,True
2022-10-14,BAJAJ-AUTO,,,,,,,,,True
2022-10-14,HDFCBANK,0.0,0.0,0.0,0.0,,,,,True
2022-10-14,HINDUNILVR,0.5,0.5,0.5,0.5,,,,,True
2022-10-14,ICICIBANK,0.0,0.0,0.0,0.0,,,,,True
2022-10-14,ITC,0.0,0.0,1.0,0.25,,,,,True
2022-10-14,KOTAKBANK,0.0,0.0,0.0,0.0,,,,,True
2022-10-14,M&M,0.0,0.0,1.0,0.25,,,,,True
2022-10-14,MARUTI,,,,,,,,,True
2022-10-14,NTPC,,,,,,,,,True
2022-10-14,ONGC,,,,,,,,,True
2022-10-14,POWERGRID,,,,,,,,,True
2022-10-14,RELIANCE,,,,,,,,,True
2022-10-14,SBIN,0.0,0.0,0.0,0.0,,,,,True
2022-10-14,TATAMOTORS,,,,,,,,,True
2022-10-14,TCS,1.0,0.0,0.0,0.4,,,,,True
2022-10-14,WIPRO,1.0,0.0,0.0,0.4,,,,,True
2022-10-14,CIPLA,,,,,,,,,True
2022-10-14,INFY,,,,,,,,,True
2022-10-14,DRREDDY,0.0,0.0,1.0,0.25,,,,,True
2022-10-14,HCLTECH,,,,,,,,,True
2022-10-14,TECHM,,,,,,,,,True
2022-10-14,SUNPHARMA,,,,,,,,,True
2022-10-17,ADANIGREEN,1.0,1.0,1.0,1.0,,,,,True
2022-10-17,ASIANPAINT,0.0,0.0,0.0,0.0,1.0,0.5,0.0,True,False
2022-10-17,AXISBANK,0.0,0.0,0.0,0.0,,,,,True
2022-10-17,BAJAJ-AUTO,-1.0,0.0,0.0,-0.4,1.0,1.0,0.0,True,False
2022-10-17,HDFCBANK,1.0,1.0,0.0,0.75,1.0,1.0,0.0,True,False
2022-10-17,HINDUNILVR,0.5,0.5,0.5,0.5,,,,,True
2022-10-17,ICICIBANK,0.0,0.0,0.0,0.0,,,,,True
2022-10-17,ITC,0.0,0.0,1.0,0.25,,,,,True
2022-10-17,KOTAKBANK,0.0,0.0,0.0,0.0,,,,,True
2022-10-17,M&M,0.0,0.0,1.0,0.25,,,,,True
2022-10-17,MARUTI,,,,,,,,,True
2022-10-17,NTPC,1.0,0.0,1.0,0.65,1.0,1.0,0.0,True,False
2022-10-17,ONGC,,,,,,,,,True
2022-10-17,POWERGRID,,,,,,,,,True
2022-10-17,RELIANCE,,,,,,,,,True
2022-10-17,SBIN,0.0,0.0,0.0,0.0,,,,,True
2022-10-17,TATAMOTORS,,,,,,,,,True
2022-10-17,TCS,1.0,0.0,0.0,0.4,,,,,True
2022-10-17,WIPRO,0.0,0.0,0.0,0.0,1.0,0.5,0.0,True,False
2022-10-17,CIPLA,,,,,,,,,True
2022-10-17,INFY,,,,,,,,,True
2022-10-17,DRREDDY,0.0,0.0,1.0,0.25,,,,,True
2022-10-17,HCLTECH,,,,,,,,,True
2022-10-17,TECHM,,,,,,,,,True
2022-10-17,SUNPHARMA,,,,,,,,,True
2022-10-18,ADANIGREEN,1.0,1.0,1.0,1.0,,,,,True
2022-10-18,ASIANPAINT,1.0,0.0,0.0,0.4,1.0,1.0,0.0,True,False
2022-10-18,AXISBANK,0.0,0.0,1.0,0.25,1.0,0.5,0.0,True,False
2022-10-18,BAJAJ-AUTO,1.0,1.0,0.0,0.75,1.0,1.0,0.0,True,False
2022-10-18,HDFCBANK,1.0,1.0,0.0,0.75,1.0,1.0,0.0,True,False
2022-10-18,HINDUNILVR,0.5,0.5,0.5,0.5,,,,,True
2022-10-18,ICICIBANK,0.0,0.0,0.0,0.0,,,,,True
2022-10-18,ITC,1.0,1.0,0.0,0.75,1.0,1.0,0.0,True,False
2022-10-18,KOTAKBANK,0.0,0.0,0.0,0.0,,,,,True
2022-10-18,M&M,,,,,,,,,True
2022-10-18,MARUTI,,,,,,,,,True
2022-10-18,NTPC,1.0,0.0,1.0,0.65,,,,,True
2022-10-18,ONGC,,,,,,,,,True
2022-10-18,POWERGRID,0.0,0.0,1.0,0.25,1.0,0.5,0.0,True,False
2022-10-18,RELIANCE,,,,,,,,,True
2022-10-18,SBIN,0.0,0.0,0.0,0.0,,,,,True
2022-10-18,TATAMOTORS,,,,,,,,,True
2022-10-18,TCS,1.0,0.0,0.0,0.4,,,,,True
2022-10-18,WIPRO,0.0,0.0,0.0,0.0,,,,,True
2022-10-18,CIPLA,,,,,,,,,True
2022-10-18,INFY,,,,,,,,,True
2022-10-18,DRREDDY,0.0,0.0,0.0,0.0,1.0,0.5,0.0,True,False
2022-10-18,HCLTECH,0.0,0.0,0.0,0.0,1.0,0.5,0.0,True,False
2022-10-18,TECHM,,,,,,,,,True
2022-10-18,SUNPHARMA,,,,,,,,,True
2022-10-19,ADANIGREEN,1.0,1.0,1.0,1.0,,,,,True
2022-10-19,ASIANPAINT,0.0,0.0,1.0,0.25,1.0,0.5,0.0,True,False
2022-10-19,AXISBANK,0.0,0.0,1.0,0.25,,,,,True
2022-10-19,BAJAJ-AUTO,0.0,0.0,1.0,0.25,1.0,0.5,0.0,True,False
2022-10-19,HDFCBANK,1.0,1.0,0.0,0.75,1.0,1.0,0.0,True,False
2022-10-19,HINDUNILVR,0.5,0.5,0.5,0.5,,,,,True
2022-10-19,ICICIBANK,0.0,0.0,0.0,0.0,,,,,True
2022-10-19,ITC,1.0,1.0,0.0,0.75,,,,,True
2022-10-19,KOTAKBANK,0.0,0.0,0.0,0.0,,,,,True
2022-10-19,M&M,,,,,,,,,True
2022-10-19,MARUTI,-0.0,0.5,0.0,0.175,2.0,1.0,0.5,False,False
2022-10-19,NTPC,1.0,1.0,1.0,1.0,1.0,1.0,0.0,True,False
2022-10-19,ONGC,,,,,,,,,True
2022-10-19,POWERGRID,0.0,0.0,1.0,0.25,,,,,True
2022-10-19,RELIANCE,,,,,,,,,True
2022-10-19,SBIN,0.0,0.0,1.0,0.25,1.0,0.5,0.0,True,False
2022-10-19,TATAMOTORS,,,,,,,,,True
2022-10-19,TCS,1.0,0.0,0.0,0.4,,,,,True
2022-10-19,WIPRO,0.0,0.0,0.0,0.0,,,,,True
2022-10-19,CIPLA,,,,,,,,,True
2022-10-19,INFY,,,,,,,,,True
2022-10-19,DRREDDY,1.0,0.0,0.0,0.4,1.0,1.0,0.0,True,False
2022-10-19,HCLTECH,0.0,0.0,0.0,0.0,,,,,True
2022-10-19,TECHM,,,,,,,,,True
2022-10-19,SUNPHARMA,1.0,1.0,0.0,0.75,1.0,1.0,0.0,True,False
2022-10-20,ADANIGREEN,,,,,,,,,True
2022-10-20,ASIANPAINT,0.0,0.0,1.0,0.25,,,,,True
2022-10-20,AXISBANK,0.0,0.0,1.0,0.25,,,,,True
2022-10-20,BAJAJ-AUTO,0.0,0.0,1.0,0.25,,,,,True
2022-10-20,HDFCBANK,1.0,1.0,0.0,0.75,,,,,True
2022-10-20,HINDUNILVR,,,,,,,,,True
2022-10-20,ICICIBANK,1.0,0.0,0.0,0.4,1.0,1.0,0.0,True,False
2022-10-20,ITC,-1.0,0.0,0.0,-0.4,1.0,1.0,0.0,True,False
2022-10-20,KOTAKBANK,,,,,,,,,True
2022-10-20,M&M,,,,,,,,,True
2022-10-20,MARUTI,0.0,0.0,1.0,0.25,2.0,0.5,0.0,True,False
2022-10-20,NTPC,1.0,1.0,1.0,1.0,,,,,True
2022-10-20,ONGC,,,,,,,,,True
2022-10-20,POWERGRID,0.0,0.0,1.0,0.25,,,,,True
2022-10-20,RELIANCE,,,,,,,,,True
2022-10-20,SBIN,0.0,0.0,1.0,0.25,,,,,True
2022-10-20,TATAMOTORS,,,,,,,,,True
2022-10-20,TCS,1.0,0.0,0.0,0.4,,,,,True
2022-10-20,WIPRO,0.0,0.0,0.0,0.0,,,,,True
2022-10-20,CIPLA,0.0,0.0,0.0,0.0,1.0,0.5,0.0,True,False
2022-10-20,INFY,,,,,,,,,True
2022-10-20,DRREDDY,1.0,0.0,0.0,0.4,,,,,True
2022-10-20,HCLTECH,0.0,0.0,0.0,0.0,,,,,True
2022-10-20,TECHM,,,,,,,,,True
2022-10-20,SUNPHARMA,1.0,1.0,0.0,0.75,,,,,True
2022-10-21,ADANIGREEN,,,,,,,,,True
2022-10-21,ASIANPAINT,0.0,0.0,1.0,0.25,,,,,True
2022-10-21,AXISBANK,0.0,0.0,1.0,0.25,,,,,True
2022-10-21,BAJAJ-AUTO,0.0,0.0,1.0,0.25,,,,,True
2022-10-21,HDFCBANK,1.0,1.0,0.0,0.75,,,,,True
2022-10-21,HINDUNILVR,,,,,,,,,True
2022-10-21,ICICIBANK,1.0,0.0,0.0,0.4,,,,,True
2022-10-21,ITC,-1.0,0.0,0.0,-0.4,,,,,True
2022-10-21,KOTAKBANK,,,,,,,,,True
2022-10-21,M&M,,,,,,,,,True
2022-10-21,MARUTI,0.0,0.0,1.0,0.25,,,,,True
2022-10-21,NTPC,1.0,1.0,1.0,1.0,,,,,True
2022-10-21,ONGC,,,,,,,,,True
2022-10-21,POWERGRID,0.0,0.0,1.0,0.25,,,,,True
2022-10-21,RELIANCE,,,,,,,,,True
2022-10-21,SBIN,0.0,0.0,1.0,0.25,,,,,True
2022-10-21,TATAMOTORS,,,,,,,,,True
2022-10-21,TCS,,,,,,,,,True
2022-10-21,WIPRO,0.0,0.0,0.0,0.0,,,,,True
2022-10-21,CIPLA,0.0,0.0,0.0,0.0,,,,,True
2022-10-21,INFY,,,,,,,,,True
2022-10-21,DRREDDY,1.0,0.0,0.0,0.4,,,,,True
2022-10-21,HCLTECH,0.0,0.0,0.0,0.0,,,,,True
2022-10-21,TECHM,,,,,,,,,True
2022-10-21,SUNPHARMA,1.0,1.0,0.0,0.75,,,,,True
2022-10-24,ADANIGREEN,,,,,,,,,True
2022-10-24,ASIANPAINT,0.3333,0.0,0.3333,0.2167,3.0,0.6667,0.0,True,False
2022-10-24,AXISBANK,0.0,0.0,1.0,0.25,,,,,True
2022-10-24,BAJAJ-AUTO,1.0,1.0,0.0,0.75,1.0,1.0,0.0,True,False
2022-10-24,HDFCBANK,1.0,1.0,0.0,0.75,,,,,True
2022-10-24,HINDUNILVR,,,,,,,,,True
2022-10-24,ICICIBANK,1.0,1.0,0.0,0.75,1.0,1.0,0.0,True,False
2022-10-24,ITC,0.0,0.0,0.0,0.0,1.0,0.5,0.0,True,False
2022-10-24,KOTAKBANK,,,,,,,,,True
2022-10-24,M&M,1.0,0.0,0.0,0.4,1.0,1.0,0.0,True,False
2022-10-24,MARUTI,0.0,0.0,1.0,0.25,,,,,True
2022-10-24,NTPC,1.0,1.0,1.0,1.0,,,,,True
2022-10-24,ONGC,,,,,,,,,True
2022-10-24,POWERGRID,0.0,0.0,1.0,0.25,,,,,True
2022-10-24,RELIANCE,,,,,,,,,True
2022-10-24,SBIN,0.0,0.0,1.0,0.25,,,,,True
2022-10-24,TATAMOTORS,,,,,,,,,True
2022-10-24,TCS,,,,,,,,,True
2022-10-24,WIPRO,0.0,0.0,0.0,0.0,,,,,True
2022-10-24,CIPLA,0.0,0.0,0.0,0.0,,,,,True
2022-10-24,INFY,,,,,,,,,True
2022-10-24,DRREDDY,1.0,0.0,0.0,0.4,,,,,True
2022-10-24,HCLTECH,0.0,0.0,0.0,0.0,,,,,True
2022-10-24,TECHM,1.0,0.0,0.0,0.4,1.0,1.0,0.0,True,False
2022-10-24,SUNPHARMA,1.0,0.0,0.0,0.4,1.0,1.0,0.0,True,False
2022-10-25,ADANIGREEN,,,,,,,,,True
2022-10-25,ASIANPAINT,0.3333,0.0,0.3333,0.2167,,,,,True
2022-10-25,AXISBANK,0.0,0.0,0.0,0.0,1.0,0.5,0.0,True,False
2022-10-25,BAJAJ-AUTO,1.0,1.0,0.0,0.75,,,,,True
2022-10-25,HDFCBANK,0.0,0.0,0.0,0.0,1.0,0.5,0.0,True,False
2022-10-25,HINDUNILVR,,,,,,,,,True
2022-10-25,ICICIBANK,0.0,0.0,0.0,0.0,1.0,0.5,0.0,True,False
2022-10-25,ITC,0.0,0.0,0.0,0.0,,,,,True
2022-10-25,KOTAKBANK,0.0,0.0,0.0,0.0,2.0,0.5,0.0,True,False
2022-10-25,M&M,0.0,0.0,0.0,0.0,1.0,0.5,0.0,True,False
2022-10-25,MARUTI,0.0,0.0,1.0,0.25,,,,,True
2022-10-25,NTPC,1.0,1.0,1.0,1.0,,,,,True
2022-10-25,ONGC,0.0,0.0,0.0,0.0,1.0,0.5,0.0,True,False
2022-10-25,POWERGRID,0.0,0.0,1.0,0.25,,,,,True
2022-10-25,RELIANCE,,,,,,,,,True
2022-10-25,SBIN,0.7143,0.5,0.0,0.4607,2.0,0.75,0.0,True,False
2022-10-25,TATAMOTORS,0.0,0.0,1.0,0.25,1.0,0.5,0.0,True,False
2022-10-25,TCS,,,,,,,,,True
2022-10-25,WIPRO,,,,,,,,,True
2022-10-25,CIPLA,0.0,0.0,0.0,0.0,,,,,True
2022-10-25,INFY,,,,,,,,,True
2022-10-25,DRREDDY,0.0,0.0,0.0,0.0,1.0,0.5,0.0,True,False
2022-10-25,HCLTECH,0.0,0.0,0.0,0.0,,,,,True
2022-10-25,TECHM,1.0,0.0,0.0,0.4,,,,,True
2022-10-25,SUNPHARMA,1.0,1.0,0.0,0.75,1.0,1.0,0.0,True,False
2022-10-26,ADANIGREEN,0.0,0.0,1.0,0.25,3.0,0.5,0.0,True,False
2022-10-26,ASIANPAINT,0.3333,0.0,0.3333,0.2167,,,,,True
2022-10-26,AXISBANK,0.0,0.0,0.0,0.0,1.0,0.5,0.0,True,False
2022-10-26,BAJAJ-AUTO,1.0,1.0,0.0,0.75,,,,,True
2022-10-26,HDFCBANK,0.0,0.0,0.0,0.0,2.0,0.5,0.0,True,False
2022-10-26,HINDUNILVR,,,,,,,,,True
2022-10-26,ICICIBANK,0.0,0.0,0.0,0.0,1.0,0.5,0.0,True,False
2022-10-26,ITC,0.0,0.0,1.0,0.25,1.0,0.5,0.0,True,False
2022-10-26,KOTAKBANK,0.0,0.0,0.0,0.0,1.0,0.5,0.0,True,False
2022-10-26,M&M,0.0,0.0,0.0,0.0,,,,,True
2022-10-26,MARUTI,0.0,0.0,1.0,0.25,,,,,True
2022-10-26,NTPC,1.0,1.0,1.0,1.0,,,,,True
2022-10-26,ONGC,0.0,0.0,0.0,0.0,,,,,True
2022-10-26,POWERGRID,,,,,,,,,True
2022-10-26,RELIANCE,,,,,,,,,True
2022-10-26,SBIN,0.0,0.0,0.0,0.0,1.0,0.5,0.0,True,False
2022-10-26,TATAMOTORS,0.0,0.0,1.0,0.25,,,,,True
2022-10-26,TCS,,,,,,,,,True
2022-10-26,WIPRO,0.0,0.0,0.0,0.0,1.0,0.5,0.0,True,False
2022-10-26,CIPLA,0.0,0.0,0.0,0.0,,,,,True
2022-10-26,INFY,,,,,,,,,True
2022-10-26,DRREDDY,1.0,1.0,0.0,0.75,1.0,1.0,0.0,True,False
2022-10-26,HCLTECH,,,,,,,,,True
2022-10-26,TECHM,1.0,0.0,0.0,0.4,,,,,True
2022-10-26,SUNPHARMA,1.0,1.0,0.0,0.75,,,,,True
2022-10-27,ADANIGREEN,0.0,0.0,1.0,0.25,,,,,True
2022-10-27,ASIANPAINT,0.0,0.0,0.0,0.0,1.0,0.5,0.0,True,False
2022-10-27,AXISBANK,0.0,0.0,0.0,0.0,,,,,True
2022-10-27,BAJAJ-AUTO,1.0,1.0,0.0,0.75,,,,,True
2022-10-27,HDFCBANK,0.0,0.0,0.0,0.0,,,,,True
2022-10-27,HINDUNILVR,,,,,,,,,True
2022-10-27,ICICIBANK,0.0,0.0,0.0,0.0,,,,,True
2022-10-27,ITC,0.0,0.0,1.0,0.25,,,,,True
2022-10-27,KOTAKBANK,0.0,0.0,0.0,0.0,1.0,0.5,0.0,True,False
2022-10-27,M&M,0.0,0.0,0.0,0.0,1.0,0.5,0.0,True,False
2022-10-27,MARUTI,0.0,0.0,1.0,0.25,,,,,True
2022-10-27,NTPC,,,,,,,,,True
2022-10-27,ONGC,0.0,0.0,0.0,0.0,,,,,True
2022-10-27,POWERGRID,,,,,,,,,True
2022-10-27,RELIANCE,,,,,,,,,True
2022-10-27,SBIN,1.0,1.0,0.0,0.75,1.0,1.0,0.0,True,False
2022-10-27,TATAMOTORS,0.0,0.0,1.0,0.25,,,,,True
2022-10-27,TCS,,,,,,,,,True
2022-10-27,WIPRO,0.0,0.0,0.0,0.0,1.0,0.5,0.0,True,False
2022-10-27,CIPLA,0.0,0.0,0.0,0.0,,,,,True
2022-10-27,INFY,,,,,,,,,True
2022-10-27,DRREDDY,1.0,1.0,0.0,0.75,,,,,True
2022-10-27,HCLTECH,0.0,0.0,1.0,0.25,1.0,0.5,0.0,True,False
2022-10-27,TECHM,1.0,0.0,0.0,0.4,,,,,True
2022-10-27,SUNPHARMA,1.0,1.0,0.0,0.75,,,,,True
2022-10-28,ADANIGREEN,0.0,0.0,1.0,0.25,,,,,True
2022-10-28,ASIANPAINT,0.0,0.0,0.0,0.0,,,,,True
2022-10-28,AXISBANK,0.0,0.0,0.0,0.0,,,,,True
2022-10-28,BAJAJ-AUTO,1.0,1.0,0.0,0.75,,,,,True
2022-10-28,HDFCBANK,0.0,0.0,0.0,0.0,,,,,True
2022-10-28,HINDUNILVR,,,,,,,,,True
2022-10-28,ICICIBANK,0.0,0.0,0.0,0.0,,,,,True
2022-10-28,ITC,0.0,0.0,1.0,0.25,,,,,True
2022-10-28,KOTAKBANK,0.0,0.0,0.0,0.0,,,,,True
2022-10-28,M&M,0.0,0.0,0.0,0.0,,,,,True
2022-10-28,MARUTI,,,,,,,,,True
2022-10-28,NTPC,,,,,,,,,True
2022-10-28,ONGC,0.0,0.0,0.0,0.0,,,,,True
2022-10-28,POWERGRID,,,,,,,,,True
2022-10-28,RELIANCE,,,,,,,,,True
2022-10-28,SBIN,1.0,1.0,0.0,0.75,,,,,True
2022-10-28,TATAMOTORS,0.0,0.0,1.0,0.25,,,,,True
2022-10-28,TCS,,,,,,,,,True
2022-10-28,WIPRO,0.0,0.0,0.0,0.0,,,,,True
2022-10-28,CIPLA,,,,,,,,,True
2022-10-28,INFY,,,,,,,,,True
2022-10-28,DRREDDY,1.0,1.0,0.0,0.75,,,,,True
2022-10-28,HCLTECH,0.0,0.0,1.0,0.25,,,,,True
2022-10-28,TECHM,1.0,0.0,0.0,0.4,,,,,True
2022-10-28,SUNPHARMA,1.0,1.0,0.0,0.75,,,,,True
2022-10-31,ADANIGREEN,0.0,0.0,1.0,0.25,,,,,True
2022-10-31,ASIANPAINT,0.0,0.0,0.0,0.0,,,,,True
2022-10-31,AXISBANK,0.0,0.0,0.0,0.0,,,,,True
2022-10-31,BAJAJ-AUTO,1.0,1.0,0.0,0.75,,,,,True
2022-10-31,HDFCBANK,0.0,0.0,0.0,0.0,,,,,True
2022-10-31,HINDUNILVR,,,,,,,,,True
2022-10-31,ICICIBANK,0.0,0.0,0.0,0.0,,,,,True
2022-10-31,ITC,0.0,0.0,1.0,0.25,,,,,True
2022-10-31,KOTAKBANK,0.0,0.0,1.0,0.25,1.0,0.5,0.0,True,False
2022-10-31,M&M,0.5,0.5,0.5,0.5,2.0,0.75,0.0,True,False
2022-10-31,MARUTI,,,,,,,,,True
2022-10-31,NTPC,,,,,,,,,True
2022-10-31,ONGC,0.0,0.0,0.0,0.0,,,,,True
2022-10-31,POWERGRID,0.0,0.0,0.0,0.0,1.0,0.5,0.0,True,False
2022-10-31,RELIANCE,,,,,,,,,True
2022-10-31,SBIN,1.0,1.0,0.0,0.75,,,,,True
2022-10-31,TATAMOTORS,-1.0,0.0,0.0,-0.4,2.0,1.0,0.0,False,False
2022-10-31,TCS,,,,,,,,,True
2022-10-31,WIPRO,0.0,0.0,0.0,0.0,,,,,True
2022-10-31,CIPLA,0.0,0.0,0.0,0.0,1.0,0.5,0.0,True,False
2022-10-31,INFY,,,,,,,,,True
2022-10-31,DRREDDY,1.0,1.0,0.0,0.75,,,,,True
2022-10-31,HCLTECH,0.0,0.0,1.0,0.25,,,,,True
2022-10-31,TECHM,1.0,1.0,0.0,0.75,1.0,1.0,0.0,True,False
2022-10-31,SUNPHARMA,1.0,1.0,0.0,0.75,,,,,True
2022-11-01,ADANIGREEN,0.0,0.0,1.0,0.25,,,,,True
2022-11-01,ASIANPAINT,0.0,0.0,0.0,0.0,,,,,True
2022-11-01,AXISBANK,0.0,0.0,0.0,0.0,1.0,0.5,0.0,True,False
2022-11-01,BAJAJ-AUTO,,,,,,,,,True
2022-11-01,HDFCBANK,0.0,0.0,0.0,0.0,1.0,0.5,0.0,True,False
2022-11-01,HINDUNILVR,0.0,0.0,1.0,0.25,1.0,0.5,0.0,True,False
2022-11-01,ICICIBANK,0.0,0.0,0.0,0.0,1.0,0.5,0.0,True,False
2022-11-01,ITC,0.0,0.0,1.0,0.25,,,,,True
2022-11-01,KOTAKBANK,0.7143,0.0,0.0,0.2857,2.0,0.75,0.0,True,False
2022-11-01,M&M,1.0,0.0,0.0,0.4,1.0,1.0,0.0,True,False
2022-11-01,MARUTI,-1.0,0.0,0.0,-0.4,1.0,1.0,0.0,True,False
2022-11-01,NTPC,,,,,,,,,True
2022-11-01,ONGC,0.0,0.0,0.0,0.0,,,,,True
2022-11-01,POWERGRID,0.0,0.0,0.0,0.0,,,,,True
2022-11-01,RELIANCE,,,,,,,,,True
2022-11-01,SBIN,0.0,0.0,0.0,0.0,1.0,0.5,0.0,True,False
2022-11-01,TATAMOTORS,0.0,0.0,1.0,0.25,1.0,0.5,0.0,True,False
2022-11-01,TCS,,,,,,,,,True
2022-11-01,WIPRO,0.0,0.0,0.0,0.0,,,,,True
2022-11-01,CIPLA,0.0,0.0,0.0,0.0,,,,,True
2022-11-01,INFY,0.0,0.0,1.0,0.25,1.0,0.5,0.0,True,False
2022-11-01,DRREDDY,1.0,1.0,0.0,0.75,,,,,True
2022-11-01,HCLTECH,0.0,0.0,1.0,0.25,,,,,True
2022-11-01,TECHM,1.0,1.0,0.0,0.75,,,,,True
2022-11-01,SUNPHARMA,1.0,1.0,0.0,0.75,,,,,True
2022-11-02,ADANIGREEN,1.0,1.0,1.0,1.0,1.0,1.0,0.0,True,False
2022-11-02,ASIANPAINT,0.0,0.0,0.0,0.0,,,,,True
2022-11-02,AXISBANK,1.0,1.0,0.0,0.75,1.0,1.0,0.0,True,False
2022-11-02,BAJAJ-AUTO,,,,,,,,,True
2022-11-02,HDFCBANK,0.0,0.0,0.0,0.0,,,,,True
2022-11-02,HINDUNILVR,0.0,0.0,1.0,0.25,,,,,True
2022-11-02,ICICIBANK,0.0,0.0,0.0,0.0,,,,,True
2022-11-02,ITC,0.0,0.0,1.0,0.25,,,,,True
2022-11-02,KOTAKBANK,0.7143,0.0,0.0,0.2857,,,,,True
2022-11-02,M&M,1.0,0.0,0.0,0.4,,,,,True
2022-11-02,MARUTI,-1.0,0.0,0.0,-0.4,,,,,True
2022-11-02,NTPC,,,,,,,,,True
2022-11-02,ONGC,,,,,,,,,True
2022-11-02,POWERGRID,0.0,0.0,0.0,0.0,,,,,True
2022-11-02,RELIANCE,,,,,,,,,True
2022-11-02,SBIN,0.0,0.0,0.0,0.0,,,,,True
2022-11-02,TATAMOTORS,0.0,0.0,1.0,0.25,,,,,True
2022-11-02,TCS,,,,,,,,,True
2022-11-02,WIPRO,0.0,0.0,0.0,0.0,,,,,True
2022-11-02,CIPLA,0.0,0.0,1.0,0.25,1.0,0.5,0.0,True,False
2022-11-02,INFY,0.0,0.0,1.0,0.25,1.0,0.5,0.0,True,False
2022-11-02,DRREDDY,1.0,1.0,0.0,0.75,,,,,True
2022-11-02,HCLTECH,0.0,0.0,1.0,0.25,,,,,True
2022-11-02,TECHM,1.0,1.0,0.0,0.75,,,,,True
2022-11-02,SUNPHARMA,,,,,,,,,True
2022-11-03,ADANIGREEN,1.0,1.0,1.0,1.0,,,,,True
2022-11-03,ASIANPAINT,0.0,0.0,0.0,0.0,,,,,True
2022-11-03,AXISBANK,0.0,0.0,0.0,0.0,1.0,0.5,0.0,True,False
2022-11-03,BAJAJ-AUTO,0.0,0.0,1.0,0.25,1.0,0.5,0.0,True,False
2022-11-03,HDFCBANK,0.0,0.0,0.0,0.0,1.0,0.5,0.0,True,False
2022-11-03,HINDUNILVR,0.0,0.0,1.0,0.25,,,,,True
2022-11-03,ICICIBANK,0.7143,0.0,0.0,0.2857,2.0,0.75,0.0,True,False
2022-11-03,ITC,,,,,,,,,True
2022-11-03,KOTAKBANK,0.0,0.0,0.0,0.0,1.0,0.5,0.0,True,False
2022-11-03,M&M,1.0,0.0,0.0,0.4,,,,,True
2022-11-03,MARUTI,-1.0,0.0,0.0,-0.4,,,,,True
2022-11-03,NTPC,,,,,,,,,True
2022-11-03,ONGC,,,,,,,,,True
2022-11-03,POWERGRID,0.0,0.0,0.0,0.0,,,,,True
2022-11-03,RELIANCE,,,,,,,,,True
2022-11-03,SBIN,0.0,0.0,0.0,0.0,2.0,0.5,0.0,True,False
2022-11-03,TATAMOTORS,0.0,0.0,1.0,0.25,,,,,True
2022-11-03,TCS,1.0,1.0,0.0,0.75,1.0,1.0,0.0,True,False
2022-11-03,WIPRO,0.0,0.0,0.0,0.0,,,,,True
2022-11-03,CIPLA,0.0,0.0,1.0,0.25,,,,,True
2022-11-03,INFY,0.0,0.0,1.0,0.25,,,,,True
2022-11-03,DRREDDY,,,,,,,,,True
2022-11-03,HCLTECH,0.0,0.0,1.0,0.25,,,,,True
2022-11-03,TECHM,1.0,1.0,0.0,0.75,,,,,True
2022-11-03,SUNPHARMA,,,,,,,,,True
2022-11-04,ADANIGREEN,1.0,1.0,1.0,1.0,,,,,True
2022-11-04,ASIANPAINT,,,,,,,,,True
2022-11-04,AXISBANK,0.0,0.0,0.0,0.0,,,,,True
2022-11-04,BAJAJ-AUTO,0.0,0.0,1.0,0.25,,,,,True
2022-11-04,HDFCBANK,0.0,0.0,0.0,0.0,,,,,True
2022-11-04,HINDUNILVR,0.0,0.0,1.0,0.25,,,,,True
2022-11-04,ICICIBANK,0.7143,0.0,0.0,0.2857,,,,,True
2022-11-04,ITC,,,,,,,,,True
2022-11-04,KOTAKBANK,0.0,0.0,0.0,0.0,,,,,True
2022-11-04,M&M,1.0,0.0,0.0,0.4,,,,,True
2022-11-04,MARUTI,-1.0,0.0,0.0,-0.4,,,,,True
2022-11-04,NTPC,,,,,,,,,True
2022-11-04,ONGC,,,,,,,,,True
2022-11-04,POWERGRID,0.0,0.0,0.0,0.0,,,,,True
2022-11-04,RELIANCE,,,,,,,,,True
2022-11-04,SBIN,0.0,0.0,0.0,0.0,,,,,True
2022-11-04,TATAMOTORS,0.0,0.0,1.0,0.25,,,,,True
2022-11-04,TCS,1.0,1.0,0.0,0.75,,,,,True
2022-11-04,WIPRO,,,,,,,,,True
2022-11-04,CIPLA,0.0,0.0,1.0,0.25,,,,,True
2022-11-04,INFY,0.0,0.0,1.0,0.25,,,,,True
2022-11-04,DRREDDY,,,,,,,,,True
2022-11-04,HCLTECH,,,,,,,,,True
2022-11-04,TECHM,1.0,1.0,0.0,0.75,,,,,True
2022-11-04,SUNPHARMA,,,,,,,,,True
2022-11-07,ADANIGREEN,1.0,1.0,1.0,1.0,,,,,True
2022-11-07,ASIANPAINT,,,,,,,,,True
2022-11-07,AXISBANK,0.0,0.0,0.0,0.0,1.0,0.5,0.0,True,False
2022-11-07,BAJAJ-AUTO,0.0,0.0,1.0,0.25,,,,,True
2022-11-07,HDFCBANK,0.0,0.0,0.0,0.0,1.0,0.5,0.0,True,False
2022-11-07,HINDUNILVR,0.0,0.0,1.0,0.25,,,,,True
2022-11-07,ICICIBANK,0.0,0.0,0.0,0.0,1.0,0.5,0.0,True,False
2022-11-07,ITC,,,,,,,,,True
2022-11-07,KOTAKBANK,0.0,0.0,0.0,0.0,2.0,0.5,0.0,True,False
2022-11-07,M&M,0.0,0.0,0.0,0.0,2.0,0.5,0.0,True,False
2022-11-07,MARUTI,-1.0,0.0,0.0,-0.4,,,,,True
2022-11-07,NTPC,,,,,,,,,True
2022-11-07,ONGC,,,,,,,,,True
2022-11-07,POWERGRID,0.0,0.0,0.0,0.0,,,,,True
2022-11-07,RELIANCE,,,,,,,,,True
2022-11-07,SBIN,0.0,0.0,0.0,0.0,1.0,0.5,0.0,True,False
2022-11-07,TATAMOTORS,0.0,0.0,1.0,0.25,,,,,True
2022-11-07,TCS,1.0,1.0,0.0,0.75,,,,,True
2022-11-07,WIPRO,,,,,,,,,True
2022-11-07,CIPLA,0.0,0.0,1.0,0.25,,,,,True
2022-11-07,INFY,1.0,1.0,0.0,0.75,1.0,1.0,0.0,True,False
2022-11-07,DRREDDY,0.0,0.0,1.0,0.25,1.0,0.5,0.0,True,False
2022-11-07,HCLTECH,,,,,,,,,True
2022-11-07,TECHM,1.0,1.0,0.0,0.75,,,,,True
2022-11-07,SUNPHARMA,0.0,0.0,0.0,0.0,1.0,0.5,0.0,True,False
2022-11-08,ADANIGREEN,1.0,1.0,1.0,1.0,,,,,True
2022-11-08,ASIANPAINT,,,,,,,,,True
2022-11-08,AXISBANK,0.0,0.0,0.0,0.0,,,,,True
2022-11-08,BAJAJ-AUTO,0.0,0.0,1.0,0.25,,,,,True
2022-11-08,HDFCBANK,1.0,1.0,0.0,0.75,1.0,1.0,0.0,True,False
2022-11-08,HINDUNILVR,0.0,0.0,1.0,0.25,,,,,True
2022-11-08,ICICIBANK,0.0,0.0,0.0,0.0,,,,,True
2022-11-08,ITC,,,,,,,,,True
2022-11-08,KOTAKBANK,0.0,0.0,0.0,0.0,,,,,True
2022-11-08,M&M,0.0,0.0,0.0,0.0,,,,,True
2022-11-08,MARUTI,-1.0,0.0,0.0,-0.4,,,,,True
2022-11-08,NTPC,,,,,,,,,True
2022-11-08,ONGC,,,,,,,,,True
2022-11-08,POWERGRID,,,,,,,,,True
2022-11-08,RELIANCE,,,,,,,,,True
2022-11-08,SBIN,0.0,0.0,0.0,0.0,,,,,True
2022-11-08,TATAMOTORS,0.0,0.0,1.0,0.25,,,,,True
2022-11-08,TCS,1.0,1.0,0.0,0.75,,,,,True
2022-11-08,WIPRO,,,,,,,,,True
2022-11-08,CIPLA,0.0,0.0,0.0,0.0,1.0,0.5,0.0,True,False
2022-11-08,INFY,1.0,1.0,0.0,0.75,,,,,True
2022-11-08,DRREDDY,0.0,0.0,1.0,0.25,,,,,True
2022-11-08,HCLTECH,0.0,0.0,0.0,0.0,1.0,0.5,0.0,True,False
2022-11-08,TECHM,,,,,,,,,True
2022-11-08,SUNPHARMA,-0.0,0.0,0.0,-0.0,2.0,1.0,0.5,False,False
2022-11-09,ADANIGREEN,1.0,1.0,1.0,1.0,,,,,True
2022-11-09,ASIANPAINT,1.0,0.0,0.0,0.4,1.0,1.0,0.0,True,False
2022-11-09,AXISBANK,0.0,0.0,0.0,0.0,,,,,True
2022-11-09,BAJAJ-AUTO,0.0,0.0,1.0,0.25,,,,,True
2022-11-09,HDFCBANK,1.0,1.0,0.0,0.75,,,,,True
2022-11-09,HINDUNILVR,-1.0,-1.0,0.0,-0.75,1.0,1.0,0.0,True,False
2022-11-09,ICICIBANK,0.0,0.0,0.0,0.0,,,,,True
2022-11-09,ITC,,,,,,,,,True
2022-11-09,KOTAKBANK,-1.0,0.0,0.0,-0.4,2.0,1.0,0.0,False,False
2022-11-09,M&M,-1.0,0.0,0.0,-0.4,2.0,1.0,0.0,False,False
2022-11-09,MARUTI,,,,,,,,,True
2022-11-09,NTPC,,,,,,,,,True
2022-11-09,ONGC,0.0,0.0,0.0,0.0,1.0,0.5,0.0,True,False
2022-11-09,POWERGRID,,,,,,,,,True
2022-11-09,RELIANCE,,,,,,,,,True
2022-11-09,SBIN,0.0,0.0,0.0,0.0,,,,,True
2022-11-09,TATAMOTORS,,,,,,,,,True
2022-11-09,TCS,1.0,0.0,0.0,0.4,1.0,1.0,0.0,True,False
2022-11-09,WIPRO,,,,,,,,,True
2022-11-09,CIPLA,0.0,0.0,0.0,0.0,,,,,True
2022-11-09,INFY,1.0,1.0,0.0,0.75,,,,,True
2022-11-09,DRREDDY,0.0,0.0,1.0,0.25,,,,,True
2022-11-09,HCLTECH,0.0,0.0,0.0,0.0,,,,,True
2022-11-09,TECHM,,,,,,,,,True
2022-11-09,SUNPHARMA,-0.0,0.0,0.0,-0.0,,,,,True
2022-11-10,ADANIGREEN,,,,,,,,,True
2022-11-10,ASIANPAINT,1.0,0.0,0.0,0.4,,,,,True
2022-11-10,AXISBANK,0.0,0.0,0.0,0.0,,,,,True
2022-11-10,BAJAJ-AUTO,0.0,0.0,1.0,0.25,,,,,True
2022-11-10,HDFCBANK,1.0,1.0,0.0,0.75,,,,,True
2022-11-10,HINDUNILVR,-1.0,-1.0,0.0,-0.75,,,,,True
2022-11-10,ICICIBANK,0.0,0.0,0.0,0.0,,,,,True
2022-11-10,ITC,0.0,0.0,0.0,0.0,1.0,0.5,0.0,True,False
2022-11-10,KOTAKBANK,-1.0,0.0,0.0,-0.4,,,,,True
2022-11-10,M&M,0.0,0.0,0.0,0.0,1.0,0.5,0.0,True,False
2022-11-10,MARUTI,,,,,,,,,True
2022-11-10,NTPC,,,,,,,,,True
2022-11-10,ONGC,0.0,0.0,0.0,0.0,,,,,True
2022-11-10,POWERGRID,,,,,,,,,True
2022-11-10,RELIANCE,,,,,,,,,True
2022-11-10,SBIN,0.0,0.0,0.0,0.0,,,,,True
2022-11-10,TATAMOTORS,,,,,,,,,True
2022-11-10,TCS,1.0,0.0,0.0,0.4,,,,,True
2022-11-10,WIPRO,,,,,,,,,True
2022-11-10,CIPLA,0.0,0.0,0.0,0.0,1.0,0.5,0.0,True,False
2022-11-10,INFY,1.0,1.0,0.0,0.75,,,,,True
2022-11-10,DRREDDY,1.0,0.0,0.0,0.4,1.0,1.0,0.0,True,False
2022-11-10,HCLTECH,0.0,0.0,0.0,0.0,,,,,True
2022-11-10,TECHM,,,,,,,,,True
2022-11-10,SUNPHARMA,-0.0,0.0,0.0,-0.0,,,,,True
2022-11-11,ADANIGREEN,,,,,,,,,True
2022-11-11,ASIANPAINT,1.0,0.0,0.0,0.4,,,,,True
2022-11-11,AXISBANK,0.0,0.0,0.0,0.0,,,,,True
2022-11-11,BAJAJ-AUTO,,,,,,,,,True
2022-11-11,HDFCBANK,1.0,1.0,0.0,0.75,,,,,True
2022-11-11,HINDUNILVR,-1.0,-1.0,0.0,-0.75,,,,,True
2022-11-11,ICICIBANK,0.0,0.0,0.0,0.0,,,,,True
2022-11-11,ITC,0.0,0.0,0.0,0.0,,,,,True
2022-11-11,KOTAKBANK,-1.0,0.0,0.0,-0.4,,,,,True
2022-11-11,M&M,0.0,0.0,0.0,0.0,,,,,True
2022-11-11,MARUTI,,,,,,,,,True
2022-11-11,NTPC,,,,,,,,,True
2022-11-11,ONGC,0.0,0.0,0.0,0.0,,,,,True
2022-11-11,POWERGRID,,,,,,,,,True
2022-11-11,RELIANCE,,,,,,,,,True
2022-11-11,SBIN,0.0,0.0,0.0,0.0,,,,,True
2022-11-11,TATAMOTORS,,,,,,,,,True
2022-11-11,TCS,1.0,0.0,0.0,0.4,,,,,True
2022-11-11,WIPRO,,,,,,,,,True
2022-11-11,CIPLA,0.0,0.0,0.0,0.0,,,,,True
2022-11-11,INFY,1.0,1.0,0.0,0.75,,,,,True
2022-11-11,DRREDDY,1.0,0.0,0.0,0.4,,,,,True
2022-11-11,HCLTECH,0.0,0.0,0.0,0.0,,,,,True
2022-11-11,TECHM,,,,,,,,,True
2022-11-11,SUNPHARMA,-0.0,0.0,0.0,-0.0,,,,,True
2022-11-14,ADANIGREEN,,,,,,,,,True
2022-11-14,ASIANPAINT,1.0,0.0,0.0,0.4,,,,,True
2022-11-14,AXISBANK,0.0,0.0,0.0,0.0,,,,,True
2022-11-14,BAJAJ-AUTO,,,,,,,,,True
2022-11-14,HDFCBANK,1.0,1.0,0.0,0.75,1.0,1.0,0.0,True,False
2022-11-14,HINDUNILVR,-1.0,-1.0,0.0,-0.75,,,,,True
2022-11-14,ICICIBANK,1.0,1.0,0.0,0.75,1.0,1.0,0.0,True,False
2022-11-14,ITC,0.0,0.0,0.0,0.0,,,,,True
2022-11-14,KOTAKBANK,-1.0,0.0,0.0,-0.4,,,,,True
2022-11-14,M&M,0.0,0.0,0.0,0.0,1.0,0.5,0.0,True,False
2022-11-14,MARUTI,,,,,,,,,True
2022-11-14,NTPC,,,,,,,,,True
2022-11-14,ONGC,0.0,0.0,0.0,0.0,,,,,True
2022-11-14,POWERGRID,,,,,,,,,True
2022-11-14,RELIANCE,,,,,,,,,True
2022-11-14,SBIN,0.0,0.0,0.0,0.0,,,,,True
2022-11-14,TATAMOTORS,,,,,,,,,True
2022-11-14,TCS,1.0,0.0,0.0,0.4,,,,,True
2022-11-14,WIPRO,,,,,,,,,True
2022-11-14,CIPLA,0.0,0.0,0.0,0.0,,,,,True
2022-11-14,INFY,1.0,1.0,0.0,0.75,,,,,True
2022-11-14,DRREDDY,1.0,0.0,0.0,0.4,,,,,True
2022-11-14,HCLTECH,0.0,0.0,0.0,0.0,,,,,True
2022-11-14,TECHM,0.0,0.0,0.0,0.0,1.0,0.5,0.0,True,False
2022-11-14,SUNPHARMA,-0.0,0.0,0.0,-0.0,,,,,True
2022-11-15,ADANIGREEN,,,,,,,,,True
2022-11-15,ASIANPAINT,0.0,0.0,1.0,0.25,1.0,0.5,0.0,True,False
2022-11-15,AXISBANK,0.0,0.0,0.0,0.0,1.0,0.5,0.0,True,False
2022-11-15,BAJAJ-AUTO,,,,,,,,,True
2022-11-15,HDFCBANK,1.0,1.0,0.0,0.75,,,,,True
2022-11-15,HINDUNILVR,-1.0,-1.0,0.0,-0.75,,,,,True
2022-11-15,ICICIBANK,1.0,1.0,0.0,0.75,,,,,True
2022-11-15,ITC,0.0,0.0,0.0,0.0,,,,,True
2022-11-15,KOTAKBANK,-1.0,0.0,0.0,-0.4,,,,,True
2022-11-15,M&M,0.0,0.0,0.0,0.0,,,,,True
2022-11-15,MARUTI,,,,,,,,,True
2022-11-15,NTPC,,,,,,,,,True
2022-11-15,ONGC,0.0,0.0,0.0,0.0,,,,,True
2022-11-15,POWERGRID,,,,,,,,,True
2022-11-15,RELIANCE,,,,,,,,,True
2022-11-15,SBIN,0.0,0.0,0.0,0.0,1.0,0.5,0.0,True,False
2022-11-15,TATAMOTORS,1.0,1.0,0.0,0.75,1.0,1.0,0.0,True,False
2022-11-15,TCS,1.0,0.0,0.0,0.4,,,,,True
2022-11-15,WIPRO,,,,,,,,,True
2022-11-15,CIPLA,0.0,0.0,0.0,0.0,,,,,True
2022-11-15,INFY,,,,,,,,,True
2022-11-15,DRREDDY,1.0,0.0,0.0,0.4,,,,,True
2022-11-15,HCLTECH,0.0,0.0,0.0,0.0,,,,,True
2022-11-15,TECHM,0.0,0.0,0.0,0.0,,,,,True
2022-11-15,SUNPHARMA,0.5,0.0,0.0,0.2,2.0,0.75,0.0,True,False
2022-11-16,ADANIGREEN,0.0,0.0,1.0,0.25,1.0,0.5,0.0,True,False
2022-11-16,ASIANPAINT,0.0,0.0,1.0,0.25,,,,,True
2022-11-16,AXISBANK,0.0,0.0,0.0,0.0,,,,,True
2022-11-16,BAJAJ-AUTO,,,,,,,,,True
2022-11-16,HDFCBANK,1.0,1.0,0.0,0.75,,,,,True
2022-11-16,HINDUNILVR,-1.0,-1.0,0.0,-0.75,,,,,True
2022-11-16,ICICIBANK,1.0,1.0,0.0,0.75,,,,,True
2022-11-16,ITC,0.0,0.0,0.0,0.0,,,,,True
2022-11-16,KOTAKBANK,-1.0,0.0,0.0,-0.4,,,,,True
2022-11-16,M&M,0.0,0.0,1.0,0.25,1.0,0.5,0.0,True,False
2022-11-16,MARUTI,,,,,,,,,True
2022-11-16,NTPC,0.0,0.0,1.0,0.25,1.0,0.5,0.0,True,False
2022-11-16,ONGC,0.0,0.0,0.0,0.0,,,,,True
2022-11-16,POWERGRID,,,,,,,,,True
2022-11-16,RELIANCE,1.0,1.0,0.0,0.75,1.0,1.0,0.0,True,False
2022-11-16,SBIN,0.0,0.0,0.0,0.0,,,,,True
2022-11-16,TATAMOTORS,1.0,1.0,0.0,0.75,,,,,True
2022-11-16,TCS,1.0,0.0,0.0,0.4,,,,,True
2022-11-16,WIPRO,0.0,0.0,0.0,0.0,1.0,0.5,0.0,True,False
2022-11-16,CIPLA,1.0,0.0,0.0,0.4,1.0,1.0,0.0,True,False
2022-11-16,INFY,,,,,,,,,True
2022-11-16,DRREDDY,1.0,0.0,0.0,0.4,,,,,True
2022-11-16,HCLTECH,,,,,,,,,True
2022-11-16,TECHM,0.0,0.0,0.0,0.0,,,,,True
2022-11-16,SUNPHARMA,0.5,0.0,0.0,0.2,,,,,True
2022-11-17,ADANIGREEN,0.0,0.0,1.0,0.25,1.0,0.5,0.0,True,False
2022-11-17,ASIANPAINT,0.0,0.0,1.0,0.25,,,,,True
2022-11-17,AXISBANK,0.0,0.0,0.0,0.0,1.0,0.5,0.0,True,False
2022-11-17,BAJAJ-AUTO,1.0,0.5,0.0,0.575,2.0,1.0,0.0,False,False
2022-11-17,HDFCBANK,0.0,0.0,0.0,0.0,1.0,0.5,0.0,True,False
2022-11-17,HINDUNILVR,,,,,,,,,True
2022-11-17,ICICIBANK,0.0,0.0,0.0,0.0,1.0,0.5,0.0,True,False
2022-11-17,ITC,1.0,1.0,0.0,0.75,1.0,1.0,0.0,True,False
2022-11-17,KOTAKBANK,0.0,0.0,0.0,0.0,1.0,0.5,0.0,True,False
2022-11-17,M&M,0.0,0.0,1.0,0.25,,,,,True
2022-11-17,MARUTI,,,,,,,,,True
2022-11-17,NTPC,0.0,0.0,1.0,0.25,,,,,True
2022-11-17,ONGC,,,,,,,,,True
2022-11-17,POWERGRID,,,,,,,,,True
2022-11-17,RELIANCE,1.0,1.0,0.0,0.75,,,,,True
2022-11-17,SBIN,0.0,0.0,0.0,0.0,1.0,0.5,0.0,True,False
2022-11-17,TATAMOTORS,1.0,1.0,0.0,0.75,,,,,True
2022-11-17,TCS,,,,,,,,,True
2022-11-17,WIPRO,0.0,0.0,1.0,0.25,1.0,0.5,0.0,True,False
2022-11-17,CIPLA,1.0,1.0,0.0,0.75,1.0,1.0,0.0,True,False
2022-11-17,INFY,,,,,,,,,True
2022-11-17,DRREDDY,1.0,0.0,0.0,0.4,,,,,True
2022-11-17,HCLTECH,,,,,,,,,True
2022-11-17,TECHM,0.0,0.0,0.0,0.0,,,,,True
2022-11-17,SUNPHARMA,0.0,0.0,1.0,0.25,1.0,0.5,0.0,True,False
2022-11-18,ADANIGREEN,0.0,0.0,1.0,0.25,,,,,True
2022-11-18,ASIANPAINT,0.0,0.0,1.0,0.25,,,,,True
2022-11-18,AXISBANK,0.0,0.0,0.0,0.0,,,,,True
2022-11-18,BAJAJ-AUTO,1.0,0.5,0.0,0.575,,,,,True
2022-11-18,HDFCBANK,0.0,0.0,0.0,0.0,,,,,True
2022-11-18,HINDUNILVR,,,,,,,,,True
2022-11-18,ICICIBANK,0.0,0.0,0.0,0.0,,,,,True
2022-11-18,ITC,1.0,1.0,0.0,0.75,,,,,True
2022-11-18,KOTAKBANK,0.0,0.0,0.0,0.0,,,,,True
2022-11-18,M&M,0.0,0.0,1.0,0.25,,,,,True
2022-11-18,MARUTI,,,,,,,,,True
2022-11-18,NTPC,0.0,0.0,1.0,0.25,,,,,True
2022-11-18,ONGC,,,,,,,,,True
2022-11-18,POWERGRID,,,,,,,,,True
2022-11-18,RELIANCE,1.0,1.0,0.0,0.75,,,,,True
2022-11-18,SBIN,0.0,0.0,0.0,0.0,,,,,True
2022-11-18,TATAMOTORS,1.0,1.0,0.0,0.75,,,,,True
2022-11-18,TCS,,,,,,,,,True
2022-11-18,WIPRO,0.0,0.0,1.0,0.25,,,,,True
2022-11-18,CIPLA,1.0,1.0,0.0,0.75,,,,,True
2022-11-18,INFY,,,,,,,,,True
2022-11-18,DRREDDY,,,,,,,,,True
2022-11-18,HCLTECH,,,,,,,,,True
2022-11-18,TECHM,0.0,0.0,0.0,0.0,,,,,True
2022-11-18,SUNPHARMA,0.0,0.0,1.0,0.25,,,,,True
2022-11-21,ADANIGREEN,0.0,0.0,1.0,0.25,,,,,True
2022-11-21,ASIANPAINT,0.0,0.0,1.0,0.25,,,,,True
2022-11-21,AXISBANK,0.0,0.0,0.0,0.0,,,,,True
2022-11-21,BAJAJ-AUTO,0.0,0.0,0.0,0.0,1.0,0.5,0.0,True,False
2022-11-21,HDFCBANK,0.0,0.0,0.0,0.0,,,,,True
2022-11-21,HINDUNILVR,,,,,,,,,True
2022-11-21,ICICIBANK,0.0,0.0,0.0,0.0,,,,,True
2022-11-21,ITC,1.0,1.0,0.0,0.75,,,,,True
2022-11-21,KOTAKBANK,0.0,0.0,0.0,0.0,,,,,True
2022-11-21,M&M,0.0,0.0,1.0,0.25,,,,,True
2022-11-21,MARUTI,0.0,0.0,0.0,0.0,1.0,0.5,0.0,True,False
2022-11-21,NTPC,0.0,0.0,1.0,0.25,1.0,0.5,0.0,True,False
2022-11-21,ONGC,,,,,,,,,True
2022-11-21,POWERGRID,,,,,,,,,True
2022-11-21,RELIANCE,0.0,0.0,0.0,0.0,1.0,0.5,0.0,True,False
2022-11-21,SBIN,0.0,0.0,0.0,0.0,,,,,True
2022-11-21,TATAMOTORS,1.0,1.0,0.0,0.75,,,,,True
2022-11-21,TCS,,,,,,,,,True
2022-11-21,WIPRO,0.0,0.0,1.0,0.25,,,,,True
2022-11-21,CIPLA,1.0,1.0,0.0,0.75,,,,,True
2022-11-21,INFY,,,,,,,,,True
2022-11-21,DRREDDY,,,,,,,,,True
2022-11-21,HCLTECH,0.0,0.0,1.0,0.25,1.0,0.5,0.0,True,False
2022-11-21,TECHM,0.0,0.0,0.0,0.0,,,,,True
2022-11-21,SUNPHARMA,0.0,0.0,1.0,0.25,,,,,True
2022-11-22,ADANIGREEN,0.0,0.0,1.0,0.25,,,,,True
2022-11-22,ASIANPAINT,0.0,0.0,0.0,0.0,1.0,0.5,0.0,True,False
2022-11-22,AXISBANK,1.0,1.0,0.0,0.75,1.0,1.0,0.0,True,False
2022-11-22,BAJAJ-AUTO,0.0,0.0,0.0,0.0,,,,,True
2022-11-22,HDFCBANK,0.0,0.0,0.0,0.0,,,,,True
2022-11-22,HINDUNILVR,,,,,,,,,True
2022-11-22,ICICIBANK,0.0,0.0,0.0,0.0,1.0,0.5,0.0,True,False
2022-11-22,ITC,1.0,1.0,0.0,0.75,,,,,True
2022-11-22,KOTAKBANK,0.0,0.0,0.0,0.0,,,,,True
2022-11-22,M&M,0.0,0.0,1.0,0.25,,,,,True
2022-11-22,MARUTI,0.0,0.0,0.0,0.0,,,,,True
2022-11-22,NTPC,0.0,0.0,1.0,0.25,,,,,True
2022-11-22,ONGC,,,,,,,,,True
2022-11-22,POWERGRID,,,,,,,,,True
2022-11-22,RELIANCE,0.0,0.0,0.0,0.0,,,,,True
2022-11-22,SBIN,0.0,0.0,0.0,0.0,,,,,True
2022-11-22,TATAMOTORS,1.0,1.0,0.0,0.75,1.0,1.0,0.0,True,False
2022-11-22,TCS,,,,,,,,,True
2022-11-22,WIPRO,0.0,0.0,1.0,0.25,,,,,True
2022-11-22,CIPLA,1.0,0.0,0.0,0.4,1.0,1.0,0.0,True,False
2022-11-22,INFY,,,,,,,,,True
2022-11-22,DRREDDY,0.0,0.0,0.5,0.125,2.0,0.5,0.0,True,False
2022-11-22,HCLTECH,0.0,0.0,1.0,0.25,,,,,True
2022-11-22,TECHM,,,,,,,,,True
2022-11-22,SUNPHARMA,0.0,0.0,1.0,0.25,,,,,True
2022-11-23,ADANIGREEN,0.0,0.0,1.0,0.25,,,,,True
2022-11-23,ASIANPAINT,0.0,0.0,0.0,0.0,,,,,True
2022-11-23,AXISBANK,1.0,1.0,0.0,0.75,,,,,True
2022-11-23,BAJAJ-AUTO,0.0,0.0,0.0,0.0,,,,,True
2022-11-23,HDFCBANK,0.0,0.0,0.0,0.0,,,,,True
2022-11-23,HINDUNILVR,,,,,,,,,True
2022-11-23,ICICIBANK,0.0,0.0,0.0,0.0,,,,,True
2022-11-23,ITC,1.0,1.0,0.0,0.75,,,,,True
2022-11-23,KOTAKBANK,0.0,0.0,0.0,0.0,,,,,True
2022-11-23,M&M,1.0,1.0,0.0,0.75,2.0,1.0,0.0,False,False
2022-11-23,MARUTI,0.0,0.0,0.0,0.0,,,,,True
2022-11-23,NTPC,0.0,0.0,1.0,0.25,,,,,True
2022-11-23,ONGC,0.0,0.0,0.0,0.0,1.0,0.5,0.0,True,False
2022-11-23,POWERGRID,,,,,,,,,True
2022-11-23,RELIANCE,0.0,0.0,0.0,0.0,,,,,True
2022-11-23,SBIN,0.0,0.0,0.0,0.0,,,,,True
2022-11-23,TATAMOTORS,1.0,1.0,0.0,0.75,,,,,True
2022-11-23,TCS,,,,,,,,,True
2022-11-23,WIPRO,0.0,0.0,1.0,0.25,,,,,True
2022-11-23,CIPLA,1.0,0.0,0.0,0.4,,,,,True
2022-11-23,INFY,,,,,,,,,True
2022-11-23,DRREDDY,0.0,0.0,0.5,0.125,,,,,True
2022-11-23,HCLTECH,0.0,0.0,1.0,0.25,,,,,True
2022-11-23,TECHM,1.0,1.0,0.0,0.75,2.0,1.0,0.0,False,False
2022-11-23,SUNPHARMA,1.0,0.0,0.0,0.4,1.0,1.0,0.0,True,False
2022-11-24,ADANIGREEN,0.0,0.0,1.0,0.25,,,,,True
2022-11-24,ASIANPAINT,0.0,0.0,1.0,0.25,1.0,0.5,0.0,True,False
2022-11-24,AXISBANK,1.0,1.0,0.0,0.75,,,,,True
2022-11-24,BAJAJ-AUTO,0.0,0.0,0.0,0.0,,,,,True
2022-11-24,HDFCBANK,0.0,0.0,0.0,0.0,,,,,True
2022-11-24,HINDUNILVR,,,,,,,,,True
2022-11-24,ICICIBANK,1.0,0.0,0.0,0.4,1.0,1.0,0.0,True,False
2022-11-24,ITC,1.0,1.0,0.0,0.75,,,,,True
2022-11-24,KOTAKBANK,0.0,0.0,0.0,0.0,,,,,True
2022-11-24,M&M,1.0,0.5,0.0,0.575,2.0,1.0,0.0,False,False
2022-11-24,MARUTI,0.0,0.0,0.0,0.0,,,,,True
2022-11-24,NTPC,0.0,0.0,1.0,0.25,,,,,True
2022-11-24,ONGC,0.0,0.0,0.0,0.0,,,,,True
2022-11-24,POWERGRID,,,,,,,,,True
2022-11-24,RELIANCE,0.0,0.0,0.0,0.0,,,,,True
2022-11-24,SBIN,0.0,0.0,0.0,0.0,,,,,True
2022-11-24,TATAMOTORS,-1.0,0.0,0.0,-0.4,1.0,1.0,0.0,True,False
2022-11-24,TCS,-1.0,0.0,0.0,-0.4,1.0,1.0,0.0,True,False
2022-11-24,WIPRO,0.0,0.0,1.0,0.25,,,,,True
2022-11-24,CIPLA,0.0,0.0,1.0,0.25,1.0,0.5,0.0,True,False
2022-11-24,INFY,0.0,0.0,0.0,0.0,1.0,0.5,0.0,True,False
2022-11-24,DRREDDY,0.0,0.0,0.5,0.125,,,,,True
2022-11-24,HCLTECH,0.0,0.0,1.0,0.25,,,,,True
2022-11-24,TECHM,1.0,1.0,0.0,0.75,1.0,1.0,0.0,True,False
2022-11-24,SUNPHARMA,-1.0,0.0,0.0,-0.4,1.0,1.0,0.0,True,False
2022-11-25,ADANIGREEN,,,,,,,,,True
2022-11-25,ASIANPAINT,0.0,0.0,1.0,0.25,,,,,True
2022-11-25,AXISBANK,1.0,1.0,0.0,0.75,,,,,True
2022-11-25,BAJAJ-AUTO,0.0,0.0,0.0,0.0,,,,,True
2022-11-25,HDFCBANK,,,,,,,,,True
2022-11-25,HINDUNILVR,,,,,,,,,True
2022-11-25,ICICIBANK,1.0,0.0,0.0,0.4,,,,,True
2022-11-25,ITC,,,,,,,,,True
2022-11-25,KOTAKBANK,,,,,,,,,True
2022-11-25,M&M,1.0,0.5,0.0,0.575,,,,,True
2022-11-25,MARUTI,0.0,0.0,0.0,0.0,,,,,True
2022-11-25,NTPC,0.0,0.0,1.0,0.25,,,,,True
2022-11-25,ONGC,0.0,0.0,0.0,0.0,,,,,True
2022-11-25,POWERGRID,,,,,,,,,True
2022-11-25,RELIANCE,0.0,0.0,0.0,0.0,,,,,True
2022-11-25,SBIN,,,,,,,,,True
2022-11-25,TATAMOTORS,-1.0,0.0,0.0,-0.4,,,,,True
2022-11-25,TCS,-1.0,0.0,0.0,-0.4,,,,,True
2022-11-25,WIPRO,,,,,,,,,True
2022-11-25,CIPLA,0.0,0.0,1.0,0.25,,,,,True
2022-11-25,INFY,0.0,0.0,0.0,0.0,,,,,True
2022-11-25,DRREDDY,0.0,0.0,0.5,0.125,,,,,True
2022-11-25,HCLTECH,0.0,0.0,1.0,0.25,,,,,True
2022-11-25,TECHM,1.0,1.0,0.0,0.75,,,,,True
2022-11-25,SUNPHARMA,-1.0,0.0,0.0,-0.4,,,,,True
2022-11-28,ADANIGREEN,,,,,,,,,True
2022-11-28,ASIANPAINT,0.0,0.0,1.0,0.25,,,,,True
2022-11-28,AXISBANK,1.0,1.0,0.0,0.75,,,,,True
2022-11-28,BAJAJ-AUTO,0.0,0.0,0.0,0.0,,,,,True
2022-11-28,HDFCBANK,,,,,,,,,True
2022-11-28,HINDUNILVR,,,,,,,,,True
2022-11-28,ICICIBANK,0.0,0.0,0.0,0.0,1.0,0.5,0.0,True,False
2022-11-28,ITC,,,,,,,,,True
2022-11-28,KOTAKBANK,,,,,,,,,True
2022-11-28,M&M,0.0,0.0,0.0,0.0,1.0,0.5,0.0,True,False
2022-11-28,MARUTI,0.0,0.0,0.0,0.0,,,,,True
2022-11-28,NTPC,0.0,0.0,1.0,0.25,,,,,True
2022-11-28,ONGC,0.0,0.0,0.0,0.0,,,,,True
2022-11-28,POWERGRID,,,,,,,,,True
2022-11-28,RELIANCE,1.0,0.0,0.0,0.4,1.0,1.0,0.0,True,False
2022-11-28,SBIN,,,,,,,,,True
2022-11-28,TATAMOTORS,-1.0,0.0,0.0,-0.4,,,,,True
2022-11-28,TCS,-1.0,0.0,0.0,-0.4,,,,,True
2022-11-28,WIPRO,,,,,,,,,True
2022-11-28,CIPLA,0.0,0.0,1.0,0.25,,,,,True
2022-11-28,INFY,0.0,0.0,0.0,0.0,,,,,True
2022-11-28,DRREDDY,0.0,0.0,0.5,0.125,,,,,True
2022-11-28,HCLTECH,0.0,0.0,1.0,0.25,,,,,True
2022-11-28,TECHM,1.0,1.0,0.0,0.75,,,,,True
2022-11-28,SUNPHARMA,0.0,0.0,1.0,0.25,1.0,0.5,0.0,True,False
2022-11-29,ADANIGREEN,,,,,,,,,True
2022-11-29,ASIANPAINT,0.0,0.0,1.0,0.25,,,,,True
2022-11-29,AXISBANK,1.0,1.0,0.0,0.75,,,,,True
2022-11-29,BAJAJ-AUTO,,,,,,,,,True
2022-11-29,HDFCBANK,1.0,0.0,0.0,0.4,1.0,1.0,0.0,True,False
2022-11-29,HINDUNILVR,,,,,,,,,True
2022-11-29,ICICIBANK,0.0,0.0,0.0,0.0,,,,,True
2022-11-29,ITC,,,,,,,,,True
2022-11-29,KOTAKBANK,,,,,,,,,True
2022-11-29,M&M,0.0,0.0,0.0,0.0,,,,,True
2022-11-29,MARUTI,,,,,,,,,True
2022-11-29,NTPC,0.0,0.0,1.0,0.25,1.0,0.5,0.0,True,False
2022-11-29,ONGC,0.0,0.0,0.0,0.0,,,,,True
2022-11-29,POWERGRID,,,,,,,,,True
2022-11-29,RELIANCE,1.0,0.0,0.0,0.4,,,,,True
2022-11-29,SBIN,1.0,1.0,0.0,0.75,1.0,1.0,0.0,True,False
2022-11-29,TATAMOTORS,1.0,1.0,0.0,0.75,1.0,1.0,0.0,True,False
2022-11-29,TCS,1.0,1.0,0.0,0.75,1.0,1.0,0.0,True,False
2022-11-29,WIPRO,,,,,,,,,True
2022-11-29,CIPLA,0.0,0.0,1.0,0.25,,,,,True
2022-11-29,INFY,0.0,0.0,0.0,0.0,,,,,True
2022-11-29,DRREDDY,0.0,0.0,0.0,0.0,1.0,0.5,0.0,True,False
2022-11-29,HCLTECH,,,,,,,,,True
2022-11-29,TECHM,1.0,1.0,0.0,0.75,,,,,True
2022-11-29,SUNPHARMA,0.0,0.0,1.0,0.25,,,,,True
2022-11-30,ADANIGREEN,,,,,,,,,True
2022-11-30,ASIANPAINT,0.0,0.0,1.0,0.25,,,,,True
2022-11-30,AXISBANK,0.0,0.0,0.0,0.0,1.0,0.5,0.0,True,False
2022-11-30,BAJAJ-AUTO,,,,,,,,,True
2022-11-30,HDFCBANK,0.0,0.0,0.0,0.0,1.0,0.5,0.0,True,False
2022-11-30,HINDUNILVR,,,,,,,,,True
2022-11-30,ICICIBANK,0.0,0.0,0.0,0.0,1.0,0.5,0.0,True,False
2022-11-30,ITC,,,,,,,,,True
2022-11-30,KOTAKBANK,0.0,0.0,0.0,0.0,1.0,0.5,0.0,True,False
2022-11-30,M&M,0.0,0.0,0.0,0.0,,,,,True
2022-11-30,MARUTI,,,,,,,,,True
2022-11-30,NTPC,1.0,1.0,1.0,1.0,1.0,1.0,0.0,True,False
2022-11-30,ONGC,0.0,0.0,0.0,0.0,,,,,True
2022-11-30,POWERGRID,,,,,,,,,True
2022-11-30,RELIANCE,1.0,0.0,0.0,0.4,,,,,True
2022-11-30,SBIN,0.0,0.0,0.0,0.0,1.0,0.5,0.0,True,False
2022-11-30,TATAMOTORS,1.0,1.0,0.0,0.75,,,,,True
2022-11-30,TCS,1.0,1.0,0.0,0.75,,,,,True
2022-11-30,WIPRO,1.0,0.0,0.0,0.4,1.0,1.0,0.0,True,False
2022-11-30,CIPLA,0.0,0.0,1.0,0.25,,,,,True
2022-11-30,INFY,0.0,0.0,0.0,0.0,,,,,True
2022-11-30,DRREDDY,1.0,0.0,0.0,0.4,1.0,1.0,0.0,True,False
2022-11-30,HCLTECH,,,,,,,,,True
2022-11-30,TECHM,1.0,1.0,0.0,0.75,,,,,True
2022-11-30,SUNPHARMA,0.0,0.0,1.0,0.25,,,,,True
2022-12-01,ADANIGREEN,,,,,,,,,True
2022-12-01,ASIANPAINT,0.0,0.0,1.0,0.25,,,,,True
2022-12-01,AXISBANK,0.0,0.0,0.0,0.0,,,,,True
2022-12-01,BAJAJ-AUTO,,,,,,,,,True
2022-12-01,HDFCBANK,0.0,0.0,0.0,0.0,1.0,0.5,0.0,True,False
2022-12-01,HINDUNILVR,,,,,,,,,True
2022-12-01,ICICIBANK,0.0,0.0,0.0,0.0,,,,,True
2022-12-01,ITC,,,,,,,,,True
2022-12-01,KOTAKBANK,0.0,0.0,0.0,0.0,,,,,True
2022-12-01,M&M,-1.0,0.0,0.0,-0.4,1.0,1.0,0.0,True,False
2022-12-01,MARUTI,,,,,,,,,True
2022-12-01,NTPC,0.0,0.0,1.0,0.25,1.0,0.5,0.0,True,False
2022-12-01,ONGC,,,,,,,,,True
2022-12-01,POWERGRID,,,,,,,,,True
2022-12-01,RELIANCE,1.0,0.0,0.0,0.4,,,,,True
2022-12-01,SBIN,0.0,0.0,0.0,0.0,,,,,True
2022-12-01,TATAMOTORS,0.0,0.0,1.0,0.25,1.0,0.5,0.0,True,False
2022-12-01,TCS,1.0,1.0,0.0,0.75,,,,,True
2022-12-01,WIPRO,1.0,0.0,0.0,0.4,,,,,True
2022-12-01,CIPLA,0.0,0.0,1.0,0.25,,,,,True
2022-12-01,INFY,0.0,0.0,0.0,0.0,,,,,True
2022-12-01,DRREDDY,0.0,0.0,1.0,0.25,1.0,0.5,0.0,True,False
2022-12-01,HCLTECH,,,,,,,,,True
2022-12-01,TECHM,-1.0,0.0,0.0,-0.4,1.0,1.0,0.0,True,False
2022-12-01,SUNPHARMA,0.0,0.0,1.0,0.25,,,,,True
2022-12-02,ADANIGREEN,,,,,,,,,True
2022-12-02,ASIANPAINT,,,,,,,,,True
2022-12-02,AXISBANK,0.0,0.0,0.0,0.0,,,,,True
2022-12-02,BAJAJ-AUTO,,,,,,,,,True
2022-12-02,HDFCBANK,0.0,0.0,0.0,0.0,,,,,True
2022-12-02,HINDUNILVR,,,,,,,,,True
2022-12-02,ICICIBANK,0.0,0.0,0.0,0.0,,,,,True
2022-12-02,ITC,,,,,,,,,True
2022-12-02,KOTAKBANK,0.0,0.0,0.0,0.0,,,,,True
2022-12-02,M&M,-1.0,0.0,0.0,-0.4,,,,,True
2022-12-02,MARUTI,,,,,,,,,True
2022-12-02,NTPC,0.0,0.0,1.0,0.25,,,,,True
2022-12-02,ONGC,,,,,,,,,True
2022-12-02,POWERGRID,,,,,,,,,True
2022-12-02,RELIANCE,1.0,0.0,0.0,0.4,,,,,True
2022-12-02,SBIN,0.0,0.0,0.0,0.0,,,,,True
2022-12-02,TATAMOTORS,0.0,0.0,1.0,0.25,,,,,True
2022-12-02,TCS,1.0,1.0,0.0,0.75,,,,,True
2022-12-02,WIPRO,1.0,0.0,0.0,0.4,,,,,True
2022-12-02,CIPLA,,,,,,,,,True
2022-12-02,INFY,,,,,,,,,True
2022-12-02,DRREDDY,0.0,0.0,1.0,0.25,,,,,True
2022-12-02,HCLTECH,,,,,,,,,True
2022-12-02,TECHM,-1.0,0.0,0.0,-0.4,,,,,True
2022-12-02,SUNPHARMA,0.0,0.0,1.0,0.25,,,,,True
2022-12-05,ADANIGREEN,,,,,,,,,True
2022-12-05,ASIANPAINT,,,,,,,,,True
2022-12-05,AXISBANK,0.0,0.0,0.0,0.0,,,,,True
2022-12-05,BAJAJ-AUTO,1.0,0.0,0.0,0.4,1.0,1.0,0.0,True,False
2022-12-05,HDFCBANK,0.0,0.0,0.0,0.0,,,,,True
2022-12-05,HINDUNILVR,,,,,,,,,True
2022-12-05,ICICIBANK,0.0,0.0,0.0,0.0,,,,,True
2022-12-05,ITC,,,,,,,,,True
2022-12-05,KOTAKBANK,0.0,0.0,0.0,0.0,,,,,True
2022-12-05,M&M,-1.0,0.0,0.0,-0.4,,,,,True
2022-12-05,MARUTI,,,,,,,,,True
2022-12-05,NTPC,0.0,0.0,1.0,0.25,,,,,True
2022-12-05,ONGC,,,,,,,,,True
2022-12-05,POWERGRID,,,,,,,,,True
2022-12-05,RELIANCE,1.0,0.0,0.0,0.4,,,,,True
2022-12-05,SBIN,0.0,0.0,0.0,0.0,,,,,True
2022-12-05,TATAMOTORS,0.0,0.0,1.0,0.25,,,,,True
2022-12-05,TCS,1.0,1.0,0.0,0.75,,,,,True
2022-12-05,WIPRO,1.0,0.0,0.0,0.4,,,,,True
2022-12-05,CIPLA,,,,,,,,,True
2022-12-05,INFY,0.0,0.0,1.0,0.25,1.0,0.5,0.0,True,False
2022-12-05,DRREDDY,0.0,0.0,1.0,0.25,,,,,True
2022-12-05,HCLTECH,,,,,,,,,True
2022-12-05,TECHM,-1.0,0.0,0.0,-0.4,,,,,True
2022-12-05,SUNPHARMA,0.0,0.0,1.0,0.25,,,,,True
2022-12-06,ADANIGREEN,1.0,1.0,1.0,1.0,1.0,1.0,0.0,True,False
2022-12-06,ASIANPAINT,,,,,,,,,True
2022-12-06,AXISBANK,0.0,0.0,0.0,0.0,,,,,True
2022-12-06,BAJAJ-AUTO,1.0,0.0,0.0,0.4,,,,,True
2022-12-06,HDFCBANK,0.0,0.0,0.0,0.0,,,,,True
2022-12-06,HINDUNILVR,,,,,,,,,True
2022-12-06,ICICIBANK,0.0,0.0,0.0,0.0,,,,,True
2022-12-06,ITC,,,,,,,,,True
2022-12-06,KOTAKBANK,0.0,0.0,0.0,0.0,,,,,True
2022-12-06,M&M,-1.0,0.0,0.0,-0.4,,,,,True
2022-12-06,MARUTI,0.0,0.0,0.0,0.0,1.0,0.5,0.0,True,False
2022-12-06,NTPC,-1.0,0.0,1.0,-0.15,1.0,1.0,0.0,True,False
2022-12-06,ONGC,,,,,,,,,True
2022-12-06,POWERGRID,0.0,0.0,0.0,0.0,1.0,0.5,0.0,True,False
2022-12-06,RELIANCE,0.0,0.0,0.5,0.125,2.0,0.5,0.0,True,False
2022-12-06,SBIN,1.0,1.0,0.0,0.75,1.0,1.0,0.0,True,False
2022-12-06,TATAMOTORS,0.0,0.0,0.0,0.0,1.0,0.5,0.0,True,False
2022-12-06,TCS,1.0,1.0,0.0,0.75,,,,,True
2022-12-06,WIPRO,1.0,0.0,0.0,0.4,,,,,True
2022-12-06,CIPLA,,,,,,,,,True
2022-12-06,INFY,0.0,0.0,1.0,0.25,,,,,True
2022-12-06,DRREDDY,0.0,0.0,1.0,0.25,,,,,True
2022-12-06,HCLTECH,,,,,,,,,True
2022-12-06,TECHM,-1.0,0.0,0.0,-0.4,,,,,True
2022-12-06,SUNPHARMA,,,,,,,,,True
2022-12-07,ADANIGREEN,1.0,1.0,1.0,1.0,,,,,True
2022-12-07,ASIANPAINT,,,,,,,,,True
2022-12-07,AXISBANK,0.0,0.0,0.0,0.0,,,,,True
2022-12-07,BAJAJ-AUTO,1.0,0.0,0.0,0.4,,,,,True
2022-12-07,HDFCBANK,0.0,0.0,0.0,0.0,,,,,True
2022-12-07,HINDUNILVR,,,,,,,,,True
2022-12-07,ICICIBANK,0.0,0.0,0.0,0.0,,,,,True
2022-12-07,ITC,,,,,,,,,True
2022-12-07,KOTAKBANK,0.0,0.0,0.0,0.0,,,,,True
2022-12-07,M&M,0.0,0.0,0.5,0.125,2.0,0.5,0.0,True,False
2022-12-07,MARUTI,0.0,0.0,0.0,0.0,,,,,True
2022-12-07,NTPC,-1.0,0.0,1.0,-0.15,,,,,True
2022-12-07,ONGC,,,,,,,,,True
2022-12-07,POWERGRID,0.0,0.0,0.0,0.0,,,,,True
2022-12-07,RELIANCE,0.0,0.0,0.5,0.125,,,,,True
2022-12-07,SBIN,1.0,1.0,0.0,0.75,,,,,True
2022-12-07,TATAMOTORS,0.0,0.0,0.0,0.0,,,,,True
2022-12-07,TCS,,,,,,,,,True
2022-12-07,WIPRO,0.0,0.0,1.0,0.25,1.0,0.5,0.0,True,False
2022-12-07,CIPLA,,,,,,,,,True
2022-12-07,INFY,0.0,0.0,1.0,0.25,,,,,True
2022-12-07,DRREDDY,0.0,0.0,1.0,0.25,,,,,True
2022-12-07,HCLTECH,,,,,,,,,True
2022-12-07,TECHM,0.0,0.0,0.5,0.125,2.0,0.5,0.0,True,False
2022-12-07,SUNPHARMA,,,,,,,,,True
2022-12-08,ADANIGREEN,1.0,1.0,1.0,1.0,,,,,True
2022-12-08,ASIANPAINT,,,,,,,,,True
2022-12-08,AXISBANK,0.0,0.0,0.0,0.0,2.0,0.5,0.0,True,False
2022-12-08,BAJAJ-AUTO,1.0,0.0,0.0,0.4,,,,,True
2022-12-08,HDFCBANK,0.0,0.0,0.0,0.0,1.0,0.5,0.0,True,False
2022-12-08,HINDUNILVR,,,,,,,,,True
2022-12-08,ICICIBANK,0.0,0.0,0.0,0.0,1.0,0.5,0.0,True,False
2022-12-08,ITC,-1.0,0.0,0.0,-0.4,1.0,1.0,0.0,True,False
2022-12-08,KOTAKBANK,0.0,0.0,0.0,0.0,2.0,0.5,0.0,True,False
2022-12-08,M&M,-0.5,0.0,0.0,-0.2,2.0,0.75,0.0,True,False
2022-12-08,MARUTI,0.0,0.0,0.0,0.0,,,,,True
2022-12-08,NTPC,-1.0,0.0,1.0,-0.15,,,,,True
2022-12-08,ONGC,0.0,0.0,1.0,0.25,1.0,0.5,0.0,True,False
2022-12-08,POWERGRID,0.0,0.0,0.0,0.0,,,,,True
2022-12-08,RELIANCE,-1.0,0.0,0.0,-0.4,1.0,1.0,0.0,True,False
2022-12-08,SBIN,0.0,0.0,0.0,0.0,1.0,0.5,0.0,True,False
2022-12-08,TATAMOTORS,0.0,0.0,0.0,0.0,,,,,True
2022-12-08,TCS,,,,,,,,,True
2022-12-08,WIPRO,0.0,0.0,1.0,0.25,,,,,True
2022-12-08,CIPLA,1.0,1.0,0.0,0.75,1.0,1.0,0.0,True,False
2022-12-08,INFY,0.0,0.0,1.0,0.25,,,,,True
2022-12-08,DRREDDY,0.0,0.0,1.0,0.25,,,,,True
2022-12-08,HCLTECH,,,,,,,,,True
2022-12-08,TECHM,-1.0,0.0,0.0,-0.4,1.0,1.0,0.0,True,False
2022-12-08,SUNPHARMA,,,,,,,,,True
2022-12-09,ADANIGREEN,1.0,1.0,1.0,1.0,,,,,True
2022-12-09,ASIANPAINT,,,,,,,,,True
2022-12-09,AXISBANK,0.0,0.0,0.0,0.0,,,,,True
2022-12-09,BAJAJ-AUTO,1.0,0.0,0.0,0.4,,,,,True
2022-12-09,HDFCBANK,0.0,0.0,0.0,0.0,,,,,True
2022-12-09,HINDUNILVR,,,,,,,,,True
2022-12-09,ICICIBANK,0.0,0.0,0.0,0.0,,,,,True
2022-12-09,ITC,-1.0,0.0,0.0,-0.4,,,,,True
2022-12-09,KOTAKBANK,0.0,0.0,0.0,0.0,,,,,True
2022-12-09,M&M,-0.5,0.0,0.0,-0.2,,,,,True
2022-12-09,MARUTI,0.0,0.0,0.0,0.0,,,,,True
2022-12-09,NTPC,-1.0,0.0,1.0,-0.15,,,,,True
2022-12-09,ONGC,0.0,0.0,1.0,0.25,,,,,True
2022-12-09,POWERGRID,0.0,0.0,0.0,0.0,,,,,True
2022-12-09,RELIANCE,-1.0,0.0,0.0,-0.4,,,,,True
2022-12-09,SBIN,0.0,0.0,0.0,0.0,,,,,True
2022-12-09,TATAMOTORS,0.0,0.0,0.0,0.0,,,,,True
2022-12-09,TCS,,,,,,,,,True
2022-12-09,WIPRO,0.0,0.0,1.0,0.25,,,,,True
2022-12-09,CIPLA,1.0,1.0,0.0,0.75,,,,,True
2022-12-09,INFY,0.0,0.0,1.0,0.25,,,,,True
2022-12-09,DRREDDY,,,,,,,,,True
2022-12-09,HCLTECH,,,,,,,,,True
2022-12-09,TECHM,-1.0,0.0,0.0,-0.4,,,,,True
2022-12-09,SUNPHARMA,,,,,,,,,True
2022-12-12,ADANIGREEN,1.0,1.0,1.0,1.0,1.0,1.0,0.0,True,False
2022-12-12,ASIANPAINT,,,,,,,,,True
2022-12-12,AXISBANK,0.7143,0.5,0.0,0.4607,2.0,0.75,0.0,True,False
2022-12-12,BAJAJ-AUTO,1.0,0.0,0.0,0.4,,,,,True
2022-12-12,HDFCBANK,0.0,0.0,0.0,0.0,1.0,0.5,0.0,True,False
2022-12-12,HINDUNILVR,,,,,,,,,True
2022-12-12,ICICIBANK,0.0,0.0,0.5,0.125,2.0,0.5,0.0,True,False
2022-12-12,ITC,-1.0,0.0,0.0,-0.4,,,,,True
2022-12-12,KOTAKBANK,0.0,0.0,0.0,0.0,1.0,0.5,0.0,True,False
2022-12-12,M&M,0.5,0.0,0.5,0.325,2.0,0.75,0.0,True,False
2022-12-12,MARUTI,-1.0,0.0,0.0,-0.4,1.0,1.0,0.0,True,False
2022-12-12,NTPC,-1.0,0.0,1.0,-0.15,,,,,True
2022-12-12,ONGC,0.0,0.0,1.0,0.25,,,,,True
2022-12-12,POWERGRID,0.0,0.0,0.0,0.0,,,,,True
2022-12-12,RELIANCE,-1.0,0.0,0.0,-0.4,,,,,True
2022-12-12,SBIN,0.0,0.0,0.0,0.0,1.0,0.5,0.0,True,False
2022-12-12,TATAMOTORS,1.0,0.0,0.0,0.4,1.0,1.0,0.0,True,False
2022-12-12,TCS,,,,,,,,,True
2022-12-12,WIPRO,0.0,0.0,1.0,0.25,,,,,True
2022-12-12,CIPLA,1.0,1.0,0.0,0.75,,,,,True
2022-12-12,INFY,0.0,0.0,1.0,0.25,,,,,True
2022-12-12,DRREDDY,,,,,,,,,True
2022-12-12,HCLTECH,,,,,,,,,True
2022-12-12,TECHM,1.0,0.0,0.0,0.4,1.0,1.0,0.0,True,False
2022-12-12,SUNPHARMA,,,,,,,,,True
2022-12-13,ADANIGREEN,1.0,1.0,1.0,1.0,,,,,True
2022-12-13,ASIANPAINT,,,,,,,,,True
2022-12-13,AXISBANK,0.7143,0.5,0.0,0.4607,,,,,True
2022-12-13,BAJAJ-AUTO,,,,,,,,,True
2022-12-13,HDFCBANK,0.0,0.0,0.0,0.0,,,,,True
2022-12-13,HINDUNILVR,0.0,0.0,1.0,0.25,1.0,0.5,0.0,True,False
2022-12-13,ICICIBANK,0.0,0.0,0.5,0.125,,,,,True
2022-12-13,ITC,1.0,0.0,0.0,0.4,1.0,1.0,0.0,True,False
2022-12-13,KOTAKBANK,0.0,0.0,0.0,0.0,,,,,True
2022-12-13,M&M,0.0,0.0,0.0,0.0,1.0,0.5,0.0,True,False
2022-12-13,MARUTI,-1.0,0.0,0.0,-0.4,,,,,True
2022-12-13,NTPC,-1.0,0.0,1.0,-0.15,,,,,True
2022-12-13,ONGC,0.0,0.0,1.0,0.25,,,,,True
2022-12-13,POWERGRID,0.0,0.0,0.0,0.0,,,,,True
2022-12-13,RELIANCE,0.0,0.0,0.5,0.125,2.0,0.5,0.0,True,False
2022-12-13,SBIN,0.0,0.0,0.0,0.0,,,,,True
2022-12-13,TATAMOTORS,1.0,0.0,0.0,0.4,,,,,True
2022-12-13,TCS,,,,,,,,,True
2022-12-13,WIPRO,0.0,0.0,1.0,0.25,,,,,True
2022-12-13,CIPLA,1.0,1.0,0.0,0.75,,,,,True
2022-12-13,INFY,0.0,0.0,1.0,0.25,1.0,0.5,0.0,True,False
2022-12-13,DRREDDY,,,,,,,,,True
2022-12-13,HCLTECH,,,,,,,,,True
2022-12-13,TECHM,1.0,0.0,0.0,0.4,,,,,True
2022-12-13,SUNPHARMA,,,,,,,,,True
2022-12-14,ADANIGREEN,1.0,1.0,1.0,1.0,,,,,True
2022-12-14,ASIANPAINT,,,,,,,,,True
2022-12-14,AXISBANK,0.7143,0.5,0.0,0.4607,,,,,True
2022-12-14,BAJAJ-AUTO,,,,,,,,,True
2022-12-14,HDFCBANK,0.0,0.0,0.0,0.0,,,,,True
2022-12-14,HINDUNILVR,0.0,0.0,1.0,0.25,,,,,True
2022-12-14,ICICIBANK,0.0,0.0,0.5,0.125,,,,,True
2022-12-14,ITC,0.0,0.0,0.0,0.0,1.0,0.5,0.0,True,False
2022-12-14,KOTAKBANK,0.0,0.0,0.0,0.0,,,,,True
2022-12-14,M&M,0.0,0.0,0.0,0.0,,,,,True
2022-12-14,MARUTI,1.0,0.0,0.0,0.4,1.0,1.0,0.0,True,False
2022-12-14,NTPC,,,,,,,,,True
2022-12-14,ONGC,0.0,0.0,1.0,0.25,,,,,True
2022-12-14,POWERGRID,,,,,,,,,True
2022-12-14,RELIANCE,0.0,0.0,0.5,0.125,,,,,True
2022-12-14,SBIN,0.0,0.0,0.0,0.0,,,,,True
2022-12-14,TATAMOTORS,1.0,0.0,0.0,0.4,,,,,True
2022-12-14,TCS,,,,,,,,,True
2022-12-14,WIPRO,0.0,0.0,1.0,0.25,,,,,True
2022-12-14,CIPLA,1.0,1.0,0.0,0.75,,,,,True
2022-12-14,INFY,0.0,0.0,1.0,0.25,,,,,True
2022-12-14,DRREDDY,-1.0,0.0,0.0,-0.4,1.0,1.0,0.0,True,False
2022-12-14,HCLTECH,1.0,1.0,0.0,0.75,1.0,1.0,0.0,True,False
2022-12-14,TECHM,1.0,0.0,0.0,0.4,,,,,True
2022-12-14,SUNPHARMA,,,,,,,,,True
2022-12-15,ADANIGREEN,1.0,1.0,1.0,1.0,,,,,True
2022-12-15,ASIANPAINT,,,,,,,,,True
2022-12-15,AXISBANK,0.7143,0.5,0.0,0.4607,,,,,True
2022-12-15,BAJAJ-AUTO,,,,,,,,,True
2022-12-15,HDFCBANK,0.0,0.0,0.0,0.0,,,,,True
2022-12-15,HINDUNILVR,1.0,1.0,0.0,0.75,1.0,1.0,0.0,True,False
2022-12-15,ICICIBANK,0.0,0.0,0.5,0.125,,,,,True
2022-12-15,ITC,0.0,0.0,0.0,0.0,,,,,True
2022-12-15,KOTAKBANK,0.0,0.0,0.0,0.0,,,,,True
2022-12-15,M&M,0.0,0.0,0.0,0.0,1.0,0.5,0.0,True,False
2022-12-15,MARUTI,1.0,0.0,0.0,0.4,,,,,True
2022-12-15,NTPC,1.0,0.0,1.0,0.65,1.0,1.0,0.0,True,False
2022-12-15,ONGC,0.0,0.0,1.0,0.25,,,,,True
2022-12-15,POWERGRID,,,,,,,,,True
2022-12-15,RELIANCE,0.0,0.0,0.5,0.125,,,,,True
2022-12-15,SBIN,0.0,0.0,0.0,0.0,1.0,0.5,0.0,True,False
2022-12-15,TATAMOTORS,1.0,0.0,0.0,0.4,,,,,True
2022-12-15,TCS,,,,,,,,,True
2022-12-15,WIPRO,,,,,,,,,True
2022-12-15,CIPLA,1.0,1.0,0.0,0.75,,,,,True
2022-12-15,INFY,0.0,0.0,1.0,0.25,1.0,0.5,0.0,True,False
2022-12-15,DRREDDY,-1.0,0.0,0.0,-0.4,,,,,True
2022-12-15,HCLTECH,1.0,1.0,0.0,0.75,,,,,True
2022-12-15,TECHM,1.0,0.0,0.0,0.4,,,,,True
2022-12-15,SUNPHARMA,1.0,1.0,0.0,0.75,1.0,1.0,0.0,True,False
2022-12-16,ADANIGREEN,1.0,1.0,1.0,1.0,,,,,True
2022-12-16,ASIANPAINT,,,,,,,,,True
2022-12-16,AXISBANK,0.7143,0.5,0.0,0.4607,,,,,True
2022-12-16,BAJAJ-AUTO,,,,,,,,,True
2022-12-16,HDFCBANK,0.0,0.0,0.0,0.0,,,,,True
2022-12-16,HINDUNILVR,1.0,1.0,0.0,0.75,,,,,True
2022-12-16,ICICIBANK,0.0,0.0,0.5,0.125,,,,,True
2022-12-16,ITC,0.0,0.0,0.0,0.0,,,,,True
2022-12-16,KOTAKBANK,0.0,0.0,0.0,0.0,,,,,True
2022-12-16,M&M,0.0,0.0,0.0,0.0,,,,,True
2022-12-16,MARUTI,1.0,0.0,0.0,0.4,,,,,True
2022-12-16,NTPC,1.0,0.0,1.0,0.65,,,,,True
2022-12-16,ONGC,,,,,,,,,True
2022-12-16,POWERGRID,,,,,,,,,True
2022-12-16,RELIANCE,0.0,0.0,0.5,0.125,,,,,True
2022-12-16,SBIN,0.0,0.0,0.0,0.0,,,,,True
2022-12-16,TATAMOTORS,1.0,0.0,0.0,0.4,,,,,True
2022-12-16,TCS,,,,,,,,,True
2022-12-16,WIPRO,,,,,,,,,True
2022-12-16,CIPLA,,,,,,,,,True
2022-12-16,INFY,0.0,0.0,1.0,0.25,,,,,True
2022-12-16,DRREDDY,-1.0,0.0,0.0,-0.4,,,,,True
2022-12-16,HCLTECH,1.0,1.0,0.0,0.75,,,,,True
2022-12-16,TECHM,1.0,0.0,0.0,0.4,,,,,True
2022-12-16,SUNPHARMA,1.0,1.0,0.0,0.75,,,,,True
2022-12-19,ADANIGREEN,1.0,1.0,1.0,1.0,,,,,True
2022-12-19,ASIANPAINT,,,,,,,,,True
2022-12-19,AXISBANK,0.7143,0.5,0.0,0.4607,,,,,True
2022-12-19,BAJAJ-AUTO,1.0,0.0,0.0,0.4,1.0,1.0,0.0,True,False
2022-12-19,HDFCBANK,0.0,0.0,0.0,0.0,,,,,True
2022-12-19,HINDUNILVR,1.0,1.0,0.0,0.75,,,,,True
2022-12-19,ICICIBANK,-1.0,0.0,0.0,-0.4,1.0,1.0,0.0,True,False
2022-12-19,ITC,0.0,0.0,0.0,0.0,,,,,True
2022-12-19,KOTAKBANK,0.0,0.0,0.0,0.0,,,,,True
2022-12-19,M&M,0.0,0.0,1.0,0.25,1.0,0.5,0.0,True,False
2022-12-19,MARUTI,1.0,0.0,0.0,0.4,,,,,True
2022-12-19,NTPC,1.0,0.0,1.0,0.65,,,,,True
2022-12-19,ONGC,0.0,0.0,1.0,0.25,1.0,0.5,0.0,True,False
2022-12-19,POWERGRID,,,,,,,,,True
2022-12-19,RELIANCE,0.0,0.0,0.5,0.125,,,,,True
2022-12-19,SBIN,0.0,0.0,0.0,0.0,,,,,True
2022-12-19,TATAMOTORS,1.0,0.0,0.0,0.4,,,,,True
2022-12-19,TCS,,,,,,,,,True
2022-12-19,WIPRO,,,,,,,,,True
2022-12-19,CIPLA,,,,,,,,,True
2022-12-19,INFY,0.0,0.0,1.0,0.25,,,,,True
2022-12-19,DRREDDY,-1.0,0.0,0.0,-0.4,,,,,True
2022-12-19,HCLTECH,1.0,1.0,0.0,0.75,,,,,True
2022-12-19,TECHM,1.0,0.0,0.0,0.4,,,,,True
2022-12-19,SUNPHARMA,1.0,1.0,0.0,0.75,,,,,True
2022-12-20,ADANIGREEN,1.0,1.0,1.0,1.0,1.0,1.0,0.0,True,False
2022-12-20,ASIANPAINT,,,,,,,,,True
2022-12-20,AXISBANK,,,,,,,,,True
2022-12-20,BAJAJ-AUTO,1.0,1.0,0.0,0.75,1.0,1.0,0.0,True,False
2022-12-20,HDFCBANK,,,,,,,,,True
2022-12-20,HINDUNILVR,1.0,1.0,0.0,0.75,,,,,True
2022-12-20,ICICIBANK,0.0,0.0,0.0,0.0,1.0,0.5,0.0,True,False
2022-12-20,ITC,0.0,0.0,0.0,0.0,,,,,True
2022-12-20,KOTAKBANK,,,,,,,,,True
2022-12-20,M&M,0.0,0.0,1.0,0.25,,,,,True
2022-12-20,MARUTI,1.0,0.0,0.0,0.4,,,,,True
2022-12-20,NTPC,1.0,0.0,1.0,0.65,,,,,True
2022-12-20,ONGC,0.0,0.0,1.0,0.25,,,,,True
2022-12-20,POWERGRID,,,,,,,,,True
2022-12-20,RELIANCE,0.0,0.0,0.5,0.125,,,,,True
2022-12-20,SBIN,0.0,0.0,0.0,0.0,,,,,True
2022-12-20,TATAMOTORS,,,,,,,,,True
2022-12-20,TCS,,,,,,,,,True
2022-12-20,WIPRO,,,,,,,,,True
2022-12-20,CIPLA,,,,,,,,,True
2022-12-20,INFY,0.0,0.0,1.0,0.25,,,,,True
2022-12-20,DRREDDY,-1.0,0.0,0.0,-0.4,,,,,True
2022-12-20,HCLTECH,1.0,1.0,0.0,0.75,,,,,True
2022-12-20,TECHM,,,,,,,,,True
2022-12-20,SUNPHARMA,1.0,1.0,0.0,0.75,,,,,True
2022-12-21,ADANIGREEN,1.0,1.0,1.0,1.0,,,,,True
2022-12-21,ASIANPAINT,,,,,,,,,True
2022-12-21,AXISBANK,,,,,,,,,True
2022-12-21,BAJAJ-AUTO,1.0,1.0,0.0,0.75,,,,,True
2022-12-21,HDFCBANK,,,,,,,,,True
2022-12-21,HINDUNILVR,1.0,1.0,0.0,0.75,,,,,True
2022-12-21,ICICIBANK,0.0,0.0,0.0,0.0,,,,,True
2022-12-21,ITC,0.0,0.0,1.0,0.25,1.0,0.5,0.0,True,False
2022-12-21,KOTAKBANK,1.0,0.0,0.0,0.4,1.0,1.0,0.0,True,False
2022-12-21,M&M,1.0,0.0,0.0,0.4,1.0,1.0,0.0,True,False
2022-12-21,MARUTI,1.0,0.0,0.0,0.4,,,,,True
2022-12-21,NTPC,1.0,0.0,1.0,0.65,,,,,True
2022-12-21,ONGC,0.0,0.0,1.0,0.25,,,,,True
2022-12-21,POWERGRID,,,,,,,,,True
2022-12-21,RELIANCE,,,,,,,,,True
2022-12-21,SBIN,0.0,0.0,0.0,0.0,,,,,True
2022-12-21,TATAMOTORS,,,,,,,,,True
2022-12-21,TCS,,,,,,,,,True
2022-12-21,WIPRO,,,,,,,,,True
2022-12-21,CIPLA,1.0,1.0,0.0,0.75,1.0,1.0,0.0,True,False
2022-12-21,INFY,0.0,0.0,1.0,0.25,,,,,True
2022-12-21,DRREDDY,-1.0,0.0,0.0,-0.4,,,,,True
2022-12-21,HCLTECH,1.0,1.0,0.0,0.75,,,,,True
2022-12-21,TECHM,,,,,,,,,True
2022-12-21,SUNPHARMA,1.0,1.0,0.0,0.75,,,,,True
2022-12-22,ADANIGREEN,1.0,1.0,1.0,1.0,,,,,True
2022-12-22,ASIANPAINT,,,,,,,,,True
2022-12-22,AXISBANK,,,,,,,,,True
2022-12-22,BAJAJ-AUTO,1.0,1.0,0.0,0.75,,,,,True
2022-12-22,HDFCBANK,,,,,,,,,True
2022-12-22,HINDUNILVR,1.0,1.0,0.0,0.75,,,,,True
2022-12-22,ICICIBANK,0.0,0.0,0.0,0.0,,,,,True
2022-12-22,ITC,0.0,0.0,1.0,0.25,,,,,True
2022-12-22,KOTAKBANK,1.0,0.0,0.0,0.4,,,,,True
2022-12-22,M&M,0.0,0.0,1.0,0.25,1.0,0.5,0.0,True,False
2022-12-22,MARUTI,,,,,,,,,True
2022-12-22,NTPC,1.0,0.0,1.0,0.65,,,,,True
2022-12-22,ONGC,0.0,0.0,1.0,0.25,,,,,True
2022-12-22,POWERGRID,1.0,0.0,0.0,0.4,1.0,1.0,0.0,True,False
2022-12-22,RELIANCE,,,,,,,,,True
2022-12-22,SBIN,0.0,0.0,0.0,0.0,,,,,True
2022-12-22,TATAMOTORS,1.0,0.0,0.0,0.4,1.0,1.0,0.0,True,False
2022-12-22,TCS,,,,,,,,,True
2022-12-22,WIPRO,,,,,,,,,True
2022-12-22,CIPLA,1.0,1.0,0.0,0.75,,,,,True
2022-12-22,INFY,0.0,0.0,1.0,0.25,1.0,0.5,0.0,True,False
2022-12-22,DRREDDY,,,,,,,,,True
2022-12-22,HCLTECH,,,,,,,,,True
2022-12-22,TECHM,0.0,0.0,1.0,0.25,1.0,0.5,0.0,True,False
2022-12-22,SUNPHARMA,1.0,1.0,0.0,0.75,,,,,True
2022-12-23,ADANIGREEN,1.0,1.0,1.0,1.0,,,,,True
2022-12-23,ASIANPAINT,,,,,,,,,True
2022-12-23,AXISBANK,,,,,,,,,True
2022-12-23,BAJAJ-AUTO,1.0,1.0,0.0,0.75,,,,,True
2022-12-23,HDFCBANK,,,,,,,,,True
2022-12-23,HINDUNILVR,,,,,,,,,True
2022-12-23,ICICIBANK,0.0,0.0,0.0,0.0,,,,,True
2022-12-23,ITC,0.0,0.0,1.0,0.25,,,,,True
2022-12-23,KOTAKBANK,1.0,0.0,0.0,0.4,,,,,True
2022-12-23,M&M,0.0,0.0,1.0,0.25,,,,,True
2022-12-23,MARUTI,,,,,,,,,True
2022-12-23,NTPC,,,,,,,,,True
2022-12-23,ONGC,0.0,0.0,1.0,0.25,,,,,True
2022-12-23,POWERGRID,1.0,0.0,0.0,0.4,,,,,True
2022-12-23,RELIANCE,,,,,,,,,True
2022-12-23,SBIN,,,,,,,,,True
2022-12-23,TATAMOTORS,1.0,0.0,0.0,0.4,,,,,True
2022-12-23,TCS,,,,,,,,,True
2022-12-23,WIPRO,,,,,,,,,True
2022-12-23,CIPLA,1.0,1.0,0.0,0.75,,,,,True
2022-12-23,INFY,0.0,0.0,1.0,0.25,,,,,True
2022-12-23,DRREDDY,,,,,,,,,True
2022-12-23,HCLTECH,,,,,,,,,True
2022-12-23,TECHM,0.0,0.0,1.0,0.25,,,,,True
2022-12-23,SUNPHARMA,,,,,,,,,True
2022-12-26,ADANIGREEN,1.0,1.0,1.0,1.0,,,,,True
2022-12-26,ASIANPAINT,0.0,0.0,0.0,0.0,1.0,0.5,0.0,True,False
2022-12-26,AXISBANK,,,,,,,,,True
2022-12-26,BAJAJ-AUTO,1.0,1.0,0.0,0.75,,,,,True
2022-12-26,HDFCBANK,,,,,,,,,True
2022-12-26,HINDUNILVR,,,,,,,,,True
2022-12-26,ICICIBANK,0.0,0.0,0.0,0.0,,,,,True
2022-12-26,ITC,0.0,0.0,1.0,0.25,,,,,True
2022-12-26,KOTAKBANK,1.0,0.0,0.0,0.4,,,,,True
2022-12-26,M&M,0.0,0.0,1.0,0.25,,,,,True
2022-12-26,MARUTI,,,,,,,,,True
2022-12-26,NTPC,,,,,,,,,True
2022-12-26,ONGC,0.0,0.0,1.0,0.25,2.0,0.5,0.0,True,False
2022-12-26,POWERGRID,1.0,0.0,0.0,0.4,,,,,True
2022-12-26,RELIANCE,1.0,0.0,0.0,0.4,1.0,1.0,0.0,True,False
2022-12-26,SBIN,,,,,,,,,True
2022-12-26,TATAMOTORS,1.0,0.0,0.0,0.4,,,,,True
2022-12-26,TCS,,,,,,,,,True
2022-12-26,WIPRO,,,,,,,,,True
2022-12-26,CIPLA,1.0,1.0,0.0,0.75,,,,,True
2022-12-26,INFY,0.0,0.0,1.0,0.25,,,,,True
2022-12-26,DRREDDY,,,,,,,,,True
2022-12-26,HCLTECH,,,,,,,,,True
2022-12-26,TECHM,0.0,0.0,1.0,0.25,,,,,True
2022-12-26,SUNPHARMA,,,,,,,,,True
2022-12-27,ADANIGREEN,1.0,1.0,1.0,1.0,,,,,True
2022-12-27,ASIANPAINT,0.0,0.0,1.0,0.25,1.0,0.5,0.0,True,False
2022-12-27,AXISBANK,0.0,0.0,0.0,0.0,1.0,0.5,0.0,True,False
2022-12-27,BAJAJ-AUTO,1.0,0.0,0.0,0.4,1.0,1.0,0.0,True,False
2022-12-27,HDFCBANK,0.0,0.0,0.0,0.0,1.0,0.5,0.0,True,False
2022-12-27,HINDUNILVR,,,,,,,,,True
2022-12-27,ICICIBANK,0.0,0.0,0.0,0.0,1.0,0.5,0.0,True,False
2022-12-27,ITC,1.0,0.0,0.0,0.4,1.0,1.0,0.0,True,False
2022-12-27,KOTAKBANK,0.0,0.0,0.0,0.0,1.0,0.5,0.0,True,False
2022-12-27,M&M,0.0,0.0,1.0,0.25,,,,,True
2022-12-27,MARUTI,,,,,,,,,True
2022-12-27,NTPC,,,,,,,,,True
2022-12-27,ONGC,0.0,0.0,1.0,0.25,,,,,True
2022-12-27,POWERGRID,1.0,1.0,0.0,0.75,1.0,1.0,0.0,True,False
2022-12-27,RELIANCE,1.0,0.0,0.0,0.4,,,,,True
2022-12-27,SBIN,0.0,0.0,0.0,0.0,1.0,0.5,0.0,True,False
2022-12-27,TATAMOTORS,1.0,0.0,0.0,0.4,,,,,True
2022-12-27,TCS,1.0,1.0,0.0,0.75,1.0,1.0,0.0,True,False
2022-12-27,WIPRO,,,,,,,,,True
2022-12-27,CIPLA,1.0,1.0,0.0,0.75,,,,,True
2022-12-27,INFY,1.0,0.0,0.0,0.4,1.0,1.0,0.0,True,False
2022-12-27,DRREDDY,,,,,,,,,True
2022-12-27,HCLTECH,,,,,,,,,True
2022-12-27,TECHM,0.0,0.0,1.0,0.25,,,,,True
2022-12-27,SUNPHARMA,-1.0,0.0,0.0,-0.4,1.0,1.0,0.0,True,False
2022-12-28,ADANIGREEN,,,,,,,,,True
2022-12-28,ASIANPAINT,-1.0,0.0,0.0,-0.4,1.0,1.0,0.0,True,False
2022-12-28,AXISBANK,1.0,0.0,0.0,0.4,1.0,1.0,0.0,True,False
2022-12-28,BAJAJ-AUTO,1.0,0.0,0.0,0.4,,,,,True
2022-12-28,HDFCBANK,0.0,0.0,0.0,0.0,1.0,0.5,0.0,True,False
2022-12-28,HINDUNILVR,,,,,,,,,True
2022-12-28,ICICIBANK,-1.0,0.0,0.0,-0.4,1.0,1.0,0.0,True,False
2022-12-28,ITC,1.0,0.0,0.0,0.4,,,,,True
2022-12-28,KOTAKBANK,1.0,0.0,0.0,0.4,1.0,1.0,0.0,True,False
2022-12-28,M&M,1.0,0.0,0.0,0.4,1.0,1.0,0.0,True,False
2022-12-28,MARUTI,,,,,,,,,True
2022-12-28,NTPC,,,,,,,,,True
2022-12-28,ONGC,0.0,0.0,1.0,0.25,,,,,True
2022-12-28,POWERGRID,0.0,0.0,1.0,0.25,1.0,0.5,0.0,True,False
2022-12-28,RELIANCE,-1.0,0.0,0.0,-0.4,1.0,1.0,0.0,True,False
2022-12-28,SBIN,0.0,0.0,0.0,0.0,,,,,True
2022-12-28,TATAMOTORS,1.0,0.0,0.0,0.4,,,,,True
2022-12-28,TCS,1.0,1.0,0.0,0.75,,,,,True
2022-12-28,WIPRO,,,,,,,,,True
2022-12-28,CIPLA,1.0,1.0,0.0,0.75,1.0,1.0,0.0,True,False
2022-12-28,INFY,1.0,0.0,0.0,0.4,,,,,True
2022-12-28,DRREDDY,,,,,,,,,True
2022-12-28,HCLTECH,,,,,,,,,True
2022-12-28,TECHM,0.0,0.0,1.0,0.25,,,,,True
2022-12-28,SUNPHARMA,-1.0,0.0,0.0,-0.4,,,,,True
2022-12-29,ADANIGREEN,,,,,,,,,True
2022-12-29,ASIANPAINT,-1.0,0.0,0.0,-0.4,,,,,True
2022-12-29,AXISBANK,1.0,0.0,0.0,0.4,,,,,True
2022-12-29,BAJAJ-AUTO,1.0,0.0,0.0,0.4,,,,,True
2022-12-29,HDFCBANK,0.0,0.0,0.0,0.0,,,,,True
2022-12-29,HINDUNILVR,,,,,,,,,True
2022-12-29,ICICIBANK,1.0,1.0,0.0,0.75,1.0,1.0,0.0,True,False
2022-12-29,ITC,0.0,0.0,1.0,0.25,1.0,0.5,0.0,True,False
2022-12-29,KOTAKBANK,0.0,0.0,1.0,0.25,1.0,0.5,0.0,True,False
2022-12-29,M&M,0.0,0.0,1.0,0.25,1.0,0.5,0.0,True,False
2022-12-29,MARUTI,,,,,,,,,True
2022-12-29,NTPC,,,,,,,,,True
2022-12-29,ONGC,0.0,0.0,1.0,0.25,,,,,True
2022-12-29,POWERGRID,0.0,0.0,0.0,0.0,1.0,0.5,0.0,True,False
2022-12-29,RELIANCE,-1.0,0.0,0.0,-0.4,,,,,True
2022-12-29,SBIN,0.0,0.0,0.0,0.0,,,,,True
2022-12-29,TATAMOTORS,0.0,0.0,0.0,0.0,1.0,0.5,0.0,True,False
2022-12-29,TCS,1.0,1.0,0.0,0.75,,,,,True
2022-12-29,WIPRO,,,,,,,,,True
2022-12-29,CIPLA,1.0,1.0,0.0,0.75,1.0,1.0,0.0,True,False
2022-12-29,INFY,1.0,0.0,0.0,0.4,,,,,True
2022-12-29,DRREDDY,,,,,,,,,True
2022-12-29,HCLTECH,,,,,,,,,True
2022-12-29,TECHM,0.0,0.0,1.0,0.25,,,,,True
2022-12-29,SUNPHARMA,-1.0,0.0,0.0,-0.4,,,,,True
2022-12-30,ADANIGREEN,,,,,,,,,True
2022-12-30,ASIANPAINT,-1.0,0.0,0.0,-0.4,,,,,True
2022-12-30,AXISBANK,1.0,0.0,0.0,0.4,,,,,True
2022-12-30,BAJAJ-AUTO,1.0,0.0,0.0,0.4,,,,,True
2022-12-30,HDFCBANK,0.0,0.0,0.0,0.0,,,,,True
2022-12-30,HINDUNILVR,,,,,,,,,True
2022-12-30,ICICIBANK,1.0,1.0,0.0,0.75,,,,,True
2022-12-30,ITC,0.0,0.0,1.0,0.25,,,,,True
2022-12-30,KOTAKBANK,0.0,0.0,1.0,0.25,,,,,True
2022-12-30,M&M,0.0,0.0,1.0,0.25,,,,,True
2022-12-30,MARUTI,,,,,,,,,True
2022-12-30,NTPC,,,,,,,,,True
2022-12-30,ONGC,0.0,0.0,1.0,0.25,,,,,True
2022-12-30,POWERGRID,0.0,0.0,0.0,0.0,,,,,True
2022-12-30,RELIANCE,-1.0,0.0,0.0,-0.4,,,,,True
2022-12-30,SBIN,0.0,0.0,0.0,0.0,,,,,True
2022-12-30,TATAMOTORS,0.0,0.0,0.0,0.0,,,,,True
2022-12-30,TCS,1.0,1.0,0.0,0.75,,,,,True
2022-12-30,WIPRO,,,,,,,,,True
2022-12-30,CIPLA,1.0,1.0,0.0,0.75,,,,,True
2022-12-30,INFY,1.0,0.0,0.0,0.4,,,,,True
2022-12-30,DRREDDY,,,,,,,,,True
2022-12-30,HCLTECH,,,,,,,,,True
2022-12-30,TECHM,,,,,,,,,True
2022-12-30,SUNPHARMA,-1.0,0.0,0.0,-0.4,,,,,True
2023-01-02,ADANIGREEN,,,,,,,,,True
2023-01-02,ASIANPAINT,-1.0,0.0,0.0,-0.4,,,,,True
2023-01-02,AXISBANK,1.0,0.0,0.0,0.4,,,,,True
2023-01-02,BAJAJ-AUTO,1.0,0.0,0.0,0.4,,,,,True
2023-01-02,HDFCBANK,0.0,0.0,0.0,0.0,,,,,True
2023-01-02,HINDUNILVR,,,,,,,,,True
2023-01-02,ICICIBANK,1.0,1.0,0.0,0.75,,,,,True
2023-01-02,ITC,0.0,0.0,1.0,0.25,,,,,True
2023-01-02,KOTAKBANK,0.0,0.0,1.0,0.25,,,,,True
2023-01-02,M&M,0.0,0.0,1.0,0.25,1.0,0.5,0.0,True,False
2023-01-02,MARUTI,,,,,,,,,True
2023-01-02,NTPC,,,,,,,,,True
2023-01-02,ONGC,0.0,0.0,1.0,0.25,,,,,True
2023-01-02,POWERGRID,0.0,0.0,0.0,0.0,,,,,True
2023-01-02,RELIANCE,-1.0,0.0,0.0,-0.4,,,,,True
2023-01-02,SBIN,0.0,0.0,0.0,0.0,,,,,True
2023-01-02,TATAMOTORS,0.0,0.0,0.0,0.0,,,,,True
2023-01-02,TCS,1.0,1.0,0.0,0.75,,,,,True
2023-01-02,WIPRO,,,,,,,,,True
2023-01-02,CIPLA,1.0,1.0,0.0,0.75,,,,,True
2023-01-02,INFY,1.0,0.0,0.0,0.4,,,,,True
2023-01-02,DRREDDY,,,,,,,,,True
2023-01-02,HCLTECH,,,,,,,,,True
2023-01-02,TECHM,,,,,,,,,True
2023-01-02,SUNPHARMA,1.0,1.0,0.0,0.75,1.0,1.0,0.0,True,False
2023-01-03,ADANIGREEN,,,,,,,,,True
2023-01-03,ASIANPAINT,0.0,0.0,0.0,0.0,1.0,0.5,0.0,True,False
2023-01-03,AXISBANK,1.0,0.0,0.0,0.4,,,,,True
2023-01-03,BAJAJ-AUTO,1.0,0.0,0.0,0.4,,,,,True
2023-01-03,HDFCBANK,0.0,0.0,0.0,0.0,,,,,True
2023-01-03,HINDUNILVR,1.0,1.0,0.0,0.75,1.0,1.0,0.0,True,False
2023-01-03,ICICIBANK,1.0,1.0,0.0,0.75,1.0,1.0,0.0,True,False
2023-01-03,ITC,0.0,0.0,1.0,0.25,,,,,True
2023-01-03,KOTAKBANK,0.0,0.0,1.0,0.25,,,,,True
2023-01-03,M&M,1.0,0.0,0.0,0.4,1.0,1.0,0.0,True,False
2023-01-03,MARUTI,,,,,,,,,True
2023-01-03,NTPC,0.0,0.0,1.0,0.25,1.0,0.5,0.0,True,False
2023-01-03,ONGC,,,,,,,,,True
2023-01-03,POWERGRID,0.0,0.0,0.0,0.0,,,,,True
2023-01-03,RELIANCE,-1.0,0.0,0.0,-0.4,,,,,True
2023-01-03,SBIN,0.0,0.0,0.0,0.0,,,,,True
2023-01-03,TATAMOTORS,0.0,0.0,0.0,0.0,,,,,True
2023-01-03,TCS,1.0,1.0,0.0,0.75,,,,,True
2023-01-03,WIPRO,,,,,,,,,True
2023-01-03,CIPLA,1.0,1.0,0.0,0.75,,,,,True
2023-01-03,INFY,1.0,0.0,0.0,0.4,1.0,1.0,0.0,True,False
2023-01-03,DRREDDY,,,,,,,,,True
2023-01-03,HCLTECH,,,,,,,,,True
2023-01-03,TECHM,,,,,,,,,True
2023-01-03,SUNPHARMA,1.0,1.0,0.0,0.75,1.0,1.0,0.0,True,False
2023-01-04,ADANIGREEN,,,,,,,,,True
2023-01-04,ASIANPAINT,1.0,1.0,0.0,0.75,1.0,1.0,0.0,True,False
2023-01-04,AXISBANK,1.0,0.0,0.0,0.4,,,,,True
2023-01-04,BAJAJ-AUTO,0.0,0.0,1.0,0.25,1.0,0.5,0.0,True,False
2023-01-04,HDFCBANK,0.0,0.0,1.0,0.25,1.0,0.5,0.0,True,False
2023-01-04,HINDUNILVR,1.0,1.0,0.0,0.75,,,,,True
2023-01-04,ICICIBANK,-1.0,0.0,0.0,-0.4,1.0,1.0,0.0,True,False
2023-01-04,ITC,0.0,0.0,1.0,0.25,,,,,True
2023-01-04,KOTAKBANK,0.0,0.0,1.0,0.25,,,,,True
2023-01-04,M&M,1.0,0.0,0.0,0.4,,,,,True
2023-01-04,MARUTI,,,,,,,,,True
2023-01-04,NTPC,0.0,0.0,1.0,0.25,,,,,True
2023-01-04,ONGC,,,,,,,,,True
2023-01-04,POWERGRID,0.0,0.0,0.0,0.0,,,,,True
2023-01-04,RELIANCE,-1.0,0.0,0.0,-0.4,,,,,True
2023-01-04,SBIN,,,,,,,,,True
2023-01-04,TATAMOTORS,0.0,0.0,0.0,0.0,,,,,True
2023-01-04,TCS,,,,,,,,,True
2023-01-04,WIPRO,,,,,,,,,True
2023-01-04,CIPLA,1.0,1.0,0.0,0.75,,,,,True
2023-01-04,INFY,1.0,0.0,0.0,0.4,,,,,True
2023-01-04,DRREDDY,,,,,,,,,True
2023-01-04,HCLTECH,,,,,,,,,True
2023-01-04,TECHM,,,,,,,,,True
2023-01-04,SUNPHARMA,1.0,1.0,0.0,0.75,,,,,True
2023-01-05,ADANIGREEN,,,,,,,,,True
2023-01-05,ASIANPAINT,1.0,1.0,0.0,0.75,,,,,True
2023-01-05,AXISBANK,0.0,0.0,0.5,0.125,2.0,0.5,0.0,True,False
2023-01-05,BAJAJ-AUTO,0.0,0.0,1.0,0.25,,,,,True
2023-01-05,HDFCBANK,0.0,0.0,0.0,0.0,1.0,0.5,0.0,True,False
2023-01-05,HINDUNILVR,1.0,1.0,0.0,0.75,,,,,True
2023-01-05,ICICIBANK,0.0,0.0,0.0,0.0,1.0,0.5,0.0,True,False
2023-01-05,ITC,0.0,0.0,1.0,0.25,,,,,True
2023-01-05,KOTAKBANK,0.0,0.0,0.5,0.125,2.0,0.5,0.0,True,False
2023-01-05,M&M,0.0,0.0,0.5,0.125,2.0,0.5,0.0,True,False
2023-01-05,MARUTI,0.0,0.0,0.0,0.0,1.0,0.5,0.0,True,False
2023-01-05,NTPC,0.0,0.0,1.0,0.25,,,,,True
2023-01-05,ONGC,,,,,,,,,True
2023-01-05,POWERGRID,0.0,0.0,0.0,0.0,,,,,True
2023-01-05,RELIANCE,,,,,,,,,True
2023-01-05,SBIN,0.0,0.0,0.0,0.0,1.0,0.5,0.0,True,False
2023-01-05,TATAMOTORS,1.0,0.0,0.0,0.4,1.0,1.0,0.0,True,False
2023-01-05,TCS,,,,,,,,,True
2023-01-05,WIPRO,,,,,,,,,True
2023-01-05,CIPLA,1.0,1.0,0.0,0.75,,,,,True
2023-01-05,INFY,1.0,0.0,0.0,0.4,1.0,1.0,0.0,True,False
2023-01-05,DRREDDY,,,,,,,,,True
2023-01-05,HCLTECH,,,,,,,,,True
2023-01-05,TECHM,0.0,0.0,0.0,0.0,1.0,0.5,0.0,True,False
2023-01-05,SUNPHARMA,0.0,0.0,0.0,0.0,1.0,0.5,0.0,True,False
2023-01-06,ADANIGREEN,,,,,,,,,True
2023-01-06,ASIANPAINT,1.0,1.0,0.0,0.75,,,,,True
2023-01-06,AXISBANK,0.0,0.0,0.5,0.125,,,,,True
2023-01-06,BAJAJ-AUTO,0.0,0.0,1.0,0.25,,,,,True
2023-01-06,HDFCBANK,0.0,0.0,0.0,0.0,,,,,True
2023-01-06,HINDUNILVR,1.0,1.0,0.0,0.75,,,,,True
2023-01-06,ICICIBANK,0.0,0.0,0.0,0.0,,,,,True
2023-01-06,ITC,,,,,,,,,True
2023-01-06,KOTAKBANK,0.0,0.0,0.5,0.125,,,,,True
2023-01-06,M&M,0.0,0.0,0.5,0.125,,,,,True
2023-01-06,MARUTI,0.0,0.0,0.0,0.0,,,,,True
2023-01-06,NTPC,0.0,0.0,1.0,0.25,,,,,True
2023-01-06,ONGC,,,,,,,,,True
2023-01-06,POWERGRID,,,,,,,,,True
2023-01-06,RELIANCE,,,,,,,,,True
2023-01-06,SBIN,0.0,0.0,0.0,0.0,,,,,True
2023-01-06,TATAMOTORS,1.0,0.0,0.0,0.4,,,,,True
2023-01-06,TCS,,,,,,,,,True
2023-01-06,WIPRO,,,,,,,,,True
2023-01-06,CIPLA,,,,,,,,,True
2023-01-06,INFY,1.0,0.0,0.0,0.4,,,,,True
2023-01-06,DRREDDY,,,,,,,,,True
2023-01-06,HCLTECH,,,,,,,,,True
2023-01-06,TECHM,0.0,0.0,0.0,0.0,,,,,True
2023-01-06,SUNPHARMA,0.0,0.0,0.0,0.0,,,,,True
2023-01-09,ADANIGREEN,,,,,,,,,True
2023-01-09,ASIANPAINT,1.0,0.0,0.0,0.4,1.0,1.0,0.0,True,False
2023-01-09,AXISBANK,0.0,0.0,0.5,0.125,,,,,True
2023-01-09,BAJAJ-AUTO,0.0,0.0,1.0,0.25,,,,,True
2023-01-09,HDFCBANK,0.0,0.0,0.0,0.0,,,,,True
2023-01-09,HINDUNILVR,1.0,1.0,0.0,0.75,,,,,True
2023-01-09,ICICIBANK,0.0,0.0,0.0,0.0,,,,,True
2023-01-09,ITC,,,,,,,,,True
2023-01-09,KOTAKBANK,0.0,0.0,0.5,0.125,,,,,True
2023-01-09,M&M,0.0,0.0,0.5,0.125,,,,,True
2023-01-09,MARUTI,0.0,0.0,0.0,0.0,,,,,True
2023-01-09,NTPC,0.0,0.0,1.0,0.25,,,,,True
2023-01-09,ONGC,,,,,,,,,True
2023-01-09,POWERGRID,,,,,,,,,True
2023-01-09,RELIANCE,,,,,,,,,True
2023-01-09,SBIN,0.0,0.0,0.0,0.0,,,,,True
2023-01-09,TATAMOTORS,1.0,0.0,0.0,0.4,,,,,True
2023-01-09,TCS,,,,,,,,,True
2023-01-09,WIPRO,,,,,,,,,True
2023-01-09,CIPLA,,,,,,,,,True
2023-01-09,INFY,1.0,0.0,0.0,0.4,,,,,True
2023-01-09,DRREDDY,1.0,0.0,0.0,0.4,1.0,1.0,0.0,True,False
2023-01-09,HCLTECH,,,,,,,,,True
2023-01-09,TECHM,0.0,0.0,0.0,0.0,,,,,True
2023-01-09,SUNPHARMA,0.0,0.0,0.0,0.0,,,,,True
2023-01-10,ADANIGREEN,0.0,0.0,1.0,0.25,1.0,0.5,0.0,True,False
2023-01-10,ASIANPAINT,1.0,0.0,0.0,0.4,,,,,True
2023-01-10,AXISBANK,0.0,0.0,0.5,0.125,2.0,0.5,0.0,True,False
2023-01-10,BAJAJ-AUTO,0.0,0.0,0.0,0.0,1.0,0.5,0.0,True,False
2023-01-10,HDFCBANK,0.0,0.0,0.0,0.0,1.0,0.5,0.0,True,False
2023-01-10,HINDUNILVR,1.0,1.0,0.0,0.75,,,,,True
2023-01-10,ICICIBANK,0.0,0.0,0.0,0.0,1.0,0.5,0.0,True,False
2023-01-10,ITC,,,,,,,,,True
2023-01-10,KOTAKBANK,0.0,0.0,0.0,0.0,1.0,0.5,0.0,True,False
2023-01-10,M&M,0.0,0.0,0.0,0.0,1.0,0.5,0.0,True,False
2023-01-10,MARUTI,0.0,0.0,0.0,0.0,,,,,True
2023-01-10,NTPC,0.0,0.0,1.0,0.25,,,,,True
2023-01-10,ONGC,0.0,0.0,1.0,0.25,1.0,0.5,0.0,True,False
2023-01-10,POWERGRID,,,,,,,,,True
2023-01-10,RELIANCE,0.5,0.0,0.5,0.325,2.0,0.75,0.0,True,False
2023-01-10,SBIN,0.0,0.0,0.0,0.0,1.0,0.5,0.0,True,False
2023-01-10,TATAMOTORS,1.0,0.0,0.0,0.4,,,,,True
2023-01-10,TCS,,,,,,,,,True
2023-01-10,WIPRO,-1.0,0.0,0.0,-0.4,1.0,1.0,0.0,True,False
2023-01-10,CIPLA,,,,,,,,,True
2023-01-10,INFY,1.0,0.0,0.0,0.4,,,,,True
2023-01-10,DRREDDY,1.0,0.0,0.0,0.4,,,,,True
2023-01-10,HCLTECH,,,,,,,,,True
2023-01-10,TECHM,0.0,0.0,0.0,0.0,,,,,True
2023-01-10,SUNPHARMA,0.0,0.0,0.0,0.0,,,,,True
2023-01-11,ADANIGREEN,0.0,0.0,1.0,0.25,,,,,True
2023-01-11,ASIANPAINT,1.0,0.0,0.0,0.4,,,,,True
2023-01-11,AXISBANK,0.0,0.0,0.0,0.0,1.0,0.5,0.0,True,False
2023-01-11,BAJAJ-AUTO,0.0,0.0,0.0,0.0,,,,,True
2023-01-11,HDFCBANK,0.0,0.0,0.0,0.0,1.0,0.5,0.0,True,False
2023-01-11,HINDUNILVR,,,,,,,,,True
2023-01-11,ICICIBANK,0.0,0.0,0.0,0.0,1.0,0.5,0.0,True,False
2023-01-11,ITC,,,,,,,,,True
2023-01-11,KOTAKBANK,0.0,0.0,0.0,0.0,1.0,0.5,0.0,True,False
2023-01-11,M&M,0.0,0.0,0.0,0.0,,,,,True
2023-01-11,MARUTI,0.0,0.0,1.0,0.25,1.0,0.5,0.0,True,False
2023-01-11,NTPC,,,,,,,,,True
2023-01-11,ONGC,0.0,0.0,1.0,0.25,,,,,True
2023-01-11,POWERGRID,,,,,,,,,True
2023-01-11,RELIANCE,0.5,0.0,0.5,0.325,,,,,True
2023-01-11,SBIN,0.0,0.0,0.0,0.0,1.0,0.5,0.0,True,False
2023-01-11,TATAMOTORS,1.0,0.0,0.0,0.4,,,,,True
2023-01-11,TCS,,,,,,,,,True
2023-01-11,WIPRO,0.0,0.0,0.0,0.0,1.0,0.5,0.0,True,False
2023-01-11,CIPLA,0.5,0.5,0.0,0.375,2.0,0.75,0.0,True,False
2023-01-11,INFY,1.0,0.0,0.0,0.4,,,,,True
2023-01-11,DRREDDY,1.0,0.0,0.0,0.4,,,,,True
2023-01-11,HCLTECH,0.0,0.0,0.0,0.0,1.0,0.5,0.0,True,False
2023-01-11,TECHM,0.0,0.0,0.0,0.0,,,,,True
2023-01-11,SUNPHARMA,0.0,0.0,0.0,0.0,,,,,True
2023-01-12,ADANIGREEN,0.0,0.0,1.0,0.25,,,,,True
2023-01-12,ASIANPAINT,1.0,1.0,0.0,0.75,1.0,1.0,0.0,True,False
2023-01-12,AXISBANK,0.0,0.0,0.0,0.0,,,,,True
2023-01-12,BAJAJ-AUTO,0.0,0.0,0.0,0.0,,,,,True
2023-01-12,HDFCBANK,0.0,0.0,0.0,0.0,,,,,True
2023-01-12,HINDUNILVR,,,,,,,,,True
2023-01-12,ICICIBANK,0.0,0.0,0.0,0.0,,,,,True
2023-01-12,ITC,,,,,,,,,True
2023-01-12,KOTAKBANK,0.0,0.0,0.0,0.0,,,,,True
2023-01-12,M&M,0.0,0.0,0.0,0.0,,,,,True
2023-01-12,MARUTI,0.0,0.0,1.0,0.25,,,,,True
2023-01-12,NTPC,,,,,,,,,True
2023-01-12,ONGC,0.0,0.0,1.0,0.25,,,,,True
2023-01-12,POWERGRID,,,,,,,,,True
2023-01-12,RELIANCE,0.5,0.0,0.5,0.325,,,,,True
2023-01-12,SBIN,0.0,0.0,0.0,0.0,,,,,True
2023-01-12,TATAMOTORS,1.0,0.0,0.0,0.4,,,,,True
2023-01-12,TCS,,,,,,,,,True
2023-01-12,WIPRO,0.0,0.0,0.0,0.0,,,,,True
2023-01-12,CIPLA,0.5,0.5,0.0,0.375,,,,,True
2023-01-12,INFY,1.0,0.0,0.0,0.4,,,,,True
2023-01-12,DRREDDY,1.0,0.0,0.0,0.4,,,,,True
2023-01-12,HCLTECH,1.0,0.0,0.0,0.4,1.0,1.0,0.0,True,False
2023-01-12,TECHM,0.0,0.0,0.0,0.0,,,,,True
2023-01-12,SUNPHARMA,1.0,1.0,0.0,0.75,1.0,1.0,0.0,True,False
2023-01-13,ADANIGREEN,0.0,0.0,1.0,0.25,,,,,True
2023-01-13,ASIANPAINT,1.0,1.0,0.0,0.75,,,,,True
2023-01-13,AXISBANK,0.0,0.0,0.0,0.0,,,,,True
2023-01-13,BAJAJ-AUTO,0.0,0.0,0.0,0.0,,,,,True
2023-01-13,HDFCBANK,0.0,0.0,0.0,0.0,,,,,True
2023-01-13,HINDUNILVR,,,,,,,,,True
2023-01-13,ICICIBANK,0.0,0.0,0.0,0.0,,,,,True
2023-01-13,ITC,,,,,,,,,True
2023-01-13,KOTAKBANK,0.0,0.0,0.0,0.0,,,,,True
2023-01-13,M&M,0.0,0.0,0.0,0.0,,,,,True
2023-01-13,MARUTI,0.0,0.0,1.0,0.25,,,,,True
2023-01-13,NTPC,,,,,,,,,True
2023-01-13,ONGC,0.0,0.0,1.0,0.25,,,,,True
2023-01-13,POWERGRID,,,,,,,,,True
2023-01-13,RELIANCE,0.5,0.0,0.5,0.325,,,,,True
2023-01-13,SBIN,0.0,0.0,0.0,0.0,,,,,True
2023-01-13,TATAMOTORS,,,,,,,,,True
2023-01-13,TCS,,,,,,,,,True
2023-01-13,WIPRO,0.0,0.0,0.0,0.0,,,,,True
2023-01-13,CIPLA,0.5,0.5,0.0,0.375,,,,,True
2023-01-13,INFY,,,,,,,,,True
2023-01-13,DRREDDY,1.0,0.0,0.0,0.4,,,,,True
2023-01-13,HCLTECH,1.0,0.0,0.0,0.4,,,,,True
2023-01-13,TECHM,,,,,,,,,True
2023-01-13,SUNPHARMA,1.0,1.0,0.0,0.75,,,,,True
2023-01-16,ADANIGREEN,0.0,0.0,1.0,0.25,,,,,True
2023-01-16,ASIANPAINT,1.0,1.0,0.0,0.75,,,,,True
2023-01-16,AXISBANK,0.0,0.0,0.0,0.0,,,,,True
2023-01-16,BAJAJ-AUTO,0.0,0.0,0.0,0.0,,,,,True
2023-01-16,HDFCBANK,0.0,0.0,0.0,0.0,,,,,True
2023-01-16,HINDUNILVR,,,,,,,,,True
2023-01-16,ICICIBANK,0.0,0.0,0.0,0.0,,,,,True
2023-01-16,ITC,,,,,,,,,True
2023-01-16,KOTAKBANK,0.0,0.0,0.0,0.0,,,,,True
2023-01-16,M&M,0.5,0.0,0.5,0.325,2.0,0.75,0.0,True,False
2023-01-16,MARUTI,0.0,0.0,1.0,0.25,,,,,True
2023-01-16,NTPC,-1.0,0.0,1.0,-0.15,1.0,1.0,0.0,True,False
2023-01-16,ONGC,0.0,0.0,1.0,0.25,,,,,True
2023-01-16,POWERGRID,,,,,,,,,True
2023-01-16,RELIANCE,-1.0,0.0,0.0,-0.4,1.0,1.0,0.0,True,False
2023-01-16,SBIN,0.0,0.0,0.0,0.0,,,,,True
2023-01-16,TATAMOTORS,,,,,,,,,True
2023-01-16,TCS,,,,,,,,,True
2023-01-16,WIPRO,0.0,0.0,0.0,0.0,,,,,True
2023-01-16,CIPLA,0.5,0.5,0.0,0.375,,,,,True
2023-01-16,INFY,,,,,,,,,True
2023-01-16,DRREDDY,1.0,0.0,0.0,0.4,,,,,True
2023-01-16,HCLTECH,1.0,0.0,0.0,0.4,,,,,True
2023-01-16,TECHM,,,,,,,,,True
2023-01-16,SUNPHARMA,1.0,1.0,0.0,0.75,,,,,True
2023-01-17,ADANIGREEN,0.0,0.0,1.0,0.25,,,,,True
2023-01-17,ASIANPAINT,0.0,0.0,0.0,0.0,1.0,0.5,0.0,True,False
2023-01-17,AXISBANK,0.0,0.0,1.0,0.25,1.0,0.5,0.0,True,False
2023-01-17,BAJAJ-AUTO,0.0,0.0,0.0,0.0,,,,,True
2023-01-17,HDFCBANK,0.0,0.0,0.0,0.0,,,,,True
2023-01-17,HINDUNILVR,,,,,,,,,True
2023-01-17,ICICIBANK,0.0,0.0,0.0,0.0,,,,,True
2023-01-17,ITC,,,,,,,,,True
2023-01-17,KOTAKBANK,0.0,0.0,0.0,0.0,,,,,True
2023-01-17,M&M,0.5,0.0,0.5,0.325,,,,,True
2023-01-17,MARUTI,0.0,0.0,1.0,0.25,,,,,True
2023-01-17,NTPC,0.5,0.0,1.0,0.45,2.0,0.75,0.0,True,False
2023-01-17,ONGC,0.0,0.0,1.0,0.25,,,,,True
2023-01-17,POWERGRID,,,,,,,,,True
2023-01-17,RELIANCE,-1.0,0.0,0.0,-0.4,,,,,True
2023-01-17,SBIN,0.0,0.0,0.0,0.0,,,,,True
2023-01-17,TATAMOTORS,0.0,0.0,0.0,0.0,1.0,0.5,0.0,True,False
2023-01-17,TCS,1.0,1.0,0.0,0.75,1.0,1.0,0.0,True,False
2023-01-17,WIPRO,0.0,0.0,0.0,0.0,,,,,True
2023-01-17,CIPLA,0.5,0.5,0.0,0.375,,,,,True
2023-01-17,INFY,,,,,,,,,True
2023-01-17,DRREDDY,,,,,,,,,True
2023-01-17,HCLTECH,0.0,0.0,0.0,0.0,1.0,0.5,0.0,True,False
2023-01-17,TECHM,,,,,,,,,True
2023-01-17,SUNPHARMA,1.0,1.0,0.0,0.75,,,,,True
2023-01-18,ADANIGREEN,,,,,,,,,True
2023-01-18,ASIANPAINT,0.0,0.0,0.0,0.0,,,,,True
2023-01-18,AXISBANK,0.0,0.5,0.0,0.175,2.0,1.0,0.5,False,False
2023-01-18,BAJAJ-AUTO,0.0,0.0,1.0,0.25,1.0,0.5,0.0,True,False
2023-01-18,HDFCBANK,0.0,0.0,0.0,0.0,,,,,True
2023-01-18,HINDUNILVR,1.0,1.0,0.0,0.75,1.0,1.0,0.0,True,False
2023-01-18,ICICIBANK,0.0,0.0,0.0,0.0,,,,,True
2023-01-18,ITC,,,,,,,,,True
2023-01-18,KOTAKBANK,0.0,0.0,0.0,0.0,,,,,True
2023-01-18,M&M,0.5,0.0,0.5,0.325,,,,,True
2023-01-18,MARUTI,0.0,0.0,0.0,0.0,1.0,0.5,0.0,True,False
2023-01-18,NTPC,0.5,0.0,1.0,0.45,,,,,True
2023-01-18,ONGC,,,,,,,,,True
2023-01-18,POWERGRID,,,,,,,,,True
2023-01-18,RELIANCE,-1.0,0.0,0.0,-0.4,,,,,True
2023-01-18,SBIN,1.0,0.0,0.0,0.4,2.0,1.0,0.0,False,False
2023-01-18,TATAMOTORS,0.0,0.0,0.0,0.0,,,,,True
2023-01-18,TCS,1.0,1.0,0.0,0.75,,,,,True
2023-01-18,WIPRO,0.0,0.0,1.0,0.25,1.0,0.5,0.0,True,False
2023-01-18,CIPLA,0.5,0.5,0.0,0.375,,,,,True
2023-01-18,INFY,,,,,,,,,True
2023-01-18,DRREDDY,,,,,,,,,True
2023-01-18,HCLTECH,0.0,0.0,0.0,0.0,,,,,True
2023-01-18,TECHM,,,,,,,,,True
2023-01-18,SUNPHARMA,1.0,1.0,0.0,0.75,,,,,True
2023-01-19,ADANIGREEN,-1.0,-1.0,1.0,-0.5,1.0,1.0,0.0,True,False
2023-01-19,ASIANPAINT,1.0,0.0,0.0,0.4,1.0,1.0,0.0,True,False
2023-01-19,AXISBANK,0.0,0.0,0.0,0.0,1.0,0.5,0.0,True,False
2023-01-19,BAJAJ-AUTO,0.0,0.0,0.0,0.0,1.0,0.5,0.0,True,False
2023-01-19,HDFCBANK,,,,,,,,,True
2023-01-19,HINDUNILVR,1.0,1.0,0.0,0.75,,,,,True
2023-01-19,ICICIBANK,-1.0,0.0,0.0,-0.4,1.0,1.0,0.0,True,False
2023-01-19,ITC,1.0,1.0,0.0,0.75,1.0,1.0,0.0,True,False
2023-01-19,KOTAKBANK,,,,,,,,,True
2023-01-19,M&M,1.0,1.0,0.0,0.75,1.0,1.0,0.0,True,False
2023-01-19,MARUTI,0.0,0.0,0.0,0.0,,,,,True
2023-01-19,NTPC,0.5,0.0,1.0,0.45,,,,,True
2023-01-19,ONGC,,,,,,,,,True
2023-01-19,POWERGRID,,,,,,,,,True
2023-01-19,RELIANCE,-1.0,0.0,0.0,-0.4,,,,,True
2023-01-19,SBIN,1.0,0.0,0.0,0.4,,,,,True
2023-01-19,TATAMOTORS,0.0,0.0,0.0,0.0,,,,,True
2023-01-19,TCS,1.0,1.0,0.0,0.75,,,,,True
2023-01-19,WIPRO,1.0,0.0,0.0,0.4,1.0,1.0,0.0,True,False
2023-01-19,CIPLA,1.0,0.0,0.0,0.4,1.0,1.0,0.0,True,False
2023-01-19,INFY,,,,,,,,,True
2023-01-19,DRREDDY,,,,,,,,,True
2023-01-19,HCLTECH,0.0,0.0,0.0,0.0,,,,,True
2023-01-19,TECHM,1.0,1.0,0.0,0.75,1.0,1.0,0.0,True,False
2023-01-19,SUNPHARMA,-1.0,0.0,0.0,-0.4,1.0,1.0,0.0,True,False
2023-01-20,ADANIGREEN,-1.0,-1.0,1.0,-0.5,,,,,True
2023-01-20,ASIANPAINT,1.0,0.0,0.0,0.4,,,,,True
2023-01-20,AXISBANK,0.0,0.0,0.0,0.0,,,,,True
2023-01-20,BAJAJ-AUTO,0.0,0.0,0.0,0.0,,,,,True
2023-01-20,HDFCBANK,,,,,,,,,True
2023-01-20,HINDUNILVR,1.0,1.0,0.0,0.75,,,,,True
2023-01-20,ICICIBANK,-1.0,0.0,0.0,-0.4,,,,,True
2023-01-20,ITC,1.0,1.0,0.0,0.75,,,,,True
2023-01-20,KOTAKBANK,,,,,,,,,True
2023-01-20,M&M,1.0,1.0,0.0,0.75,,,,,True
2023-01-20,MARUTI,0.0,0.0,0.0,0.0,,,,,True
2023-01-20,NTPC,0.5,0.0,1.0,0.45,,,,,True
2023-01-20,ONGC,,,,,,,,,True
2023-01-20,POWERGRID,,,,,,,,,True
2023-01-20,RELIANCE,-1.0,0.0,0.0,-0.4,,,,,True
2023-01-20,SBIN,1.0,0.0,0.0,0.4,,,,,True
2023-01-20,TATAMOTORS,0.0,0.0,0.0,0.0,,,,,True
2023-01-20,TCS,1.0,1.0,0.0,0.75,,,,,True
2023-01-20,WIPRO,1.0,0.0,0.0,0.4,,,,,True
2023-01-20,CIPLA,1.0,0.0,0.0,0.4,,,,,True
2023-01-20,INFY,,,,,,,,,True
2023-01-20,DRREDDY,,,,,,,,,True
2023-01-20,HCLTECH,0.0,0.0,0.0,0.0,,,,,True
2023-01-20,TECHM,1.0,1.0,0.0,0.75,,,,,True
2023-01-20,SUNPHARMA,-1.0,0.0,0.0,-0.4,,,,,True
2023-01-23,ADANIGREEN,-1.0,-1.0,1.0,-0.5,,,,,True
2023-01-23,ASIANPAINT,1.0,0.0,0.0,0.4,,,,,True
2023-01-23,AXISBANK,0.0,0.0,0.0,0.0,1.0,0.5,0.0,True,False
2023-01-23,BAJAJ-AUTO,0.0,0.0,0.0,0.0,,,,,True
2023-01-23,HDFCBANK,0.0,0.0,0.0,0.0,1.0,0.5,0.0,True,False
2023-01-23,HINDUNILVR,1.0,1.0,0.0,0.75,1.0,1.0,0.0,True,False
2023-01-23,ICICIBANK,0.0,0.0,0.0,0.0,1.0,0.5,0.0,True,False
2023-01-23,ITC,1.0,0.0,0.0,0.4,1.0,1.0,0.0,True,False
2023-01-23,KOTAKBANK,0.0,0.0,0.0,0.0,1.0,0.5,0.0,True,False
2023-01-23,M&M,1.0,1.0,0.0,0.75,,,,,True
2023-01-23,MARUTI,0.0,0.0,0.0,0.0,,,,,True
2023-01-23,NTPC,0.5,0.0,1.0,0.45,,,,,True
2023-01-23,ONGC,,,,,,,,,True
2023-01-23,POWERGRID,1.0,0.0,0.0,0.4,1.0,1.0,0.0,True,False
2023-01-23,RELIANCE,-1.0,0.0,0.0,-0.4,,,,,True
2023-01-23,SBIN,0.0,0.0,0.0,0.0,1.0,0.5,0.0,True,False
2023-01-23,TATAMOTORS,-1.0,0.0,0.0,-0.4,1.0,1.0,0.0,True,False
2023-01-23,TCS,1.0,1.0,0.0,0.75,1.0,1.0,0.0,True,False
2023-01-23,WIPRO,1.0,0.0,0.0,0.4,1.0,1.0,0.0,True,False
2023-01-23,CIPLA,1.0,0.0,0.0,0.4,,,,,True
2023-01-23,INFY,,,,,,,,,True
2023-01-23,DRREDDY,,,,,,,,,True
2023-01-23,HCLTECH,0.0,0.0,0.0,0.0,,,,,True
2023-01-23,TECHM,1.0,1.0,0.0,0.75,,,,,True
2023-01-23,SUNPHARMA,-1.0,0.0,0.0,-0.4,,,,,True
2023-01-24,ADANIGREEN,-1.0,-1.0,1.0,-0.5,,,,,True
2023-01-24,ASIANPAINT,1.0,0.0,0.0,0.4,,,,,True
2023-01-24,AXISBANK,0.0,0.0,0.0,0.0,,,,,True
2023-01-24,BAJAJ-AUTO,0.0,0.0,0.0,0.0,,,,,True
2023-01-24,HDFCBANK,0.0,0.0,0.0,0.0,,,,,True
2023-01-24,HINDUNILVR,1.0,1.0,0.0,0.75,,,,,True
2023-01-24,ICICIBANK,0.0,0.0,0.0,0.0,,,,,True
2023-01-24,ITC,1.0,0.0,0.0,0.4,,,,,True
2023-01-24,KOTAKBANK,0.0,0.0,0.0,0.0,,,,,True
2023-01-24,M&M,1.0,1.0,0.0,0.75,,,,,True
2023-01-24,MARUTI,0.0,0.0,0.0,0.0,,,,,True
2023-01-24,NTPC,0.5,0.0,1.0,0.45,,,,,True
2023-01-24,ONGC,,,,,,,,,True
2023-01-24,POWERGRID,1.0,0.0,0.0,0.4,,,,,True
2023-01-24,RELIANCE,,,,,,,,,True
2023-01-24,SBIN,0.0,0.0,1.0,0.25,1.0,0.5,0.0,True,False
2023-01-24,TATAMOTORS,-1.0,0.0,0.0,-0.4,,,,,True
2023-01-24,TCS,1.0,0.0,0.0,0.4,1.0,1.0,0.0,True,False
2023-01-24,WIPRO,1.0,0.0,0.0,0.4,,,,,True
2023-01-24,CIPLA,1.0,0.0,0.0,0.4,,,,,True
2023-01-24,INFY,,,,,,,,,True
2023-01-24,DRREDDY,,,,,,,,,True
2023-01-24,HCLTECH,1.0,0.0,0.0,0.4,1.0,1.0,0.0,True,False
2023-01-24,TECHM,1.0,1.0,0.0,0.75,,,,,True
2023-01-24,SUNPHARMA,-1.0,0.0,0.0,-0.4,,,,,True
2023-01-25,ADANIGREEN,-1.0,-1.0,1.0,-0.5,,,,,True
2023-01-25,ASIANPAINT,1.0,1.0,0.0,0.75,1.0,1.0,0.0,True,False
2023-01-25,AXISBANK,0.0,0.0,0.0,0.0,,,,,True
2023-01-25,BAJAJ-AUTO,0.0,0.0,0.0,0.0,,,,,True
2023-01-25,HDFCBANK,0.0,0.0,0.0,0.0,,,,,True
2023-01-25,HINDUNILVR,1.0,1.0,0.0,0.75,,,,,True
2023-01-25,ICICIBANK,0.0,0.0,0.0,0.0,,,,,True
2023-01-25,ITC,1.0,0.0,0.0,0.4,,,,,True
2023-01-25,KOTAKBANK,1.0,0.0,0.0,0.4,1.0,1.0,0.0,True,False
2023-01-25,M&M,1.0,0.0,0.0,0.4,1.0,1.0,0.0,True,False
2023-01-25,MARUTI,0.0,0.0,0.0,0.0,,,,,True
2023-01-25,NTPC,0.0,0.0,1.0,0.25,1.0,0.5,0.0,True,False
2023-01-25,ONGC,,,,,,,,,True
2023-01-25,POWERGRID,1.0,0.0,0.0,0.4,,,,,True
2023-01-25,RELIANCE,0.0,0.0,0.0,0.0,1.0,0.5,0.0,True,False
2023-01-25,SBIN,0.0,0.0,1.0,0.25,,,,,True
2023-01-25,TATAMOTORS,-1.0,0.0,0.0,-0.4,,,,,True
2023-01-25,TCS,1.0,0.0,0.0,0.4,,,,,True
2023-01-25,WIPRO,1.0,0.0,0.0,0.4,,,,,True
2023-01-25,CIPLA,1.0,0.0,0.0,0.4,,,,,True
2023-01-25,INFY,,,,,,,,,True
2023-01-25,DRREDDY,,,,,,,,,True
2023-01-25,HCLTECH,1.0,0.0,0.0,0.4,,,,,True
2023-01-25,TECHM,1.0,1.0,0.0,0.75,,,,,True
2023-01-25,SUNPHARMA,0.0,0.0,0.0,0.0,1.0,0.5,0.0,True,False
2023-01-26,ADANIGREEN,-1.0,-1.0,1.0,-0.5,,,,,True
2023-01-26,ASIANPAINT,1.0,1.0,0.0,0.75,1.0,1.0,0.0,True,False
2023-01-26,AXISBANK,0.0,0.0,0.0,0.0,,,,,True
2023-01-26,BAJAJ-AUTO,0.0,0.0,0.0,0.0,,,,,True
2023-01-26,HDFCBANK,0.0,0.0,0.0,0.0,,,,,True
2023-01-26,HINDUNILVR,1.0,1.0,0.0,0.75,,,,,True
2023-01-26,ICICIBANK,0.0,0.0,0.0,0.0,,,,,True
2023-01-26,ITC,1.0,0.0,0.0,0.4,,,,,True
2023-01-26,KOTAKBANK,1.0,0.0,0.0,0.4,,,,,True
2023-01-26,M&M,1.0,0.0,0.0,0.4,,,,,True
2023-01-26,MARUTI,,,,,,,,,True
2023-01-26,NTPC,0.0,0.0,1.0,0.25,,,,,True
2023-01-26,ONGC,,,,,,,,,True
2023-01-26,POWERGRID,1.0,0.0,0.0,0.4,,,,,True
2023-01-26,RELIANCE,0.0,0.0,0.0,0.0,,,,,True
2023-01-26,SBIN,0.0,0.0,1.0,0.25,,,,,True
2023-01-26,TATAMOTORS,-1.0,0.0,0.0,-0.4,,,,,True
2023-01-26,TCS,1.0,0.0,0.0,0.4,,,,,True
2023-01-26,WIPRO,1.0,1.0,0.0,0.75,1.0,1.0,0.0,True,False
2023-01-26,CIPLA,1.0,0.0,0.0,0.4,,,,,True
2023-01-26,INFY,,,,,,,,,True
2023-01-26,DRREDDY,,,,,,,,,True
2023-01-26,HCLTECH,0.0,0.0,1.0,0.25,1.0,0.5,0.0,True,False
2023-01-26,TECHM,1.0,1.0,0.0,0.75,,,,,True
2023-01-26,SUNPHARMA,0.0,0.0,0.0,0.0,,,,,True
2023-01-27,ADANIGREEN,,,,,,,,,True
2023-01-27,ASIANPAINT,1.0,1.0,0.0,0.75,,,,,True
2023-01-27,AXISBANK,0.0,0.0,0.0,0.0,,,,,True
2023-01-27,BAJAJ-AUTO,,,,,,,,,True
2023-01-27,HDFCBANK,0.0,0.0,0.0,0.0,,,,,True
2023-01-27,HINDUNILVR,1.0,1.0,0.0,0.75,,,,,True
2023-01-27,ICICIBANK,0.0,0.0,0.0,0.0,,,,,True
2023-01-27,ITC,1.0,0.0,0.0,0.4,,,,,True
2023-01-27,KOTAKBANK,1.0,0.0,0.0,0.4,,,,,True
2023-01-27,M&M,1.0,0.0,0.0,0.4,,,,,True
2023-01-27,MARUTI,,,,,,,,,True
2023-01-27,NTPC,0.0,0.0,1.0,0.25,,,,,True
2023-01-27,ONGC,,,,,,,,,True
2023-01-27,POWERGRID,1.0,0.0,0.0,0.4,,,,,True
2023-01-27,RELIANCE,0.0,0.0,0.0,0.0,,,,,True
2023-01-27,SBIN,0.0,0.0,1.0,0.25,,,,,True
2023-01-27,TATAMOTORS,-1.0,0.0,0.0,-0.4,,,,,True
2023-01-27,TCS,1.0,0.0,0.0,0.4,,,,,True
2023-01-27,WIPRO,1.0,1.0,0.0,0.75,,,,,True
2023-01-27,CIPLA,,,,,,,,,True
2023-01-27,INFY,,,,,,,,,True
2023-01-27,DRREDDY,,,,,,,,,True
2023-01-27,HCLTECH,0.0,0.0,1.0,0.25,,,,,True
2023-01-27,TECHM,,,,,,,,,True
2023-01-27,SUNPHARMA,0.0,0.0,0.0,0.0,,,,,True
2023-01-30,ADANIGREEN,,,,,,,,,True
2023-01-30,ASIANPAINT,1.0,1.0,0.0,0.75,,,,,True
2023-01-30,AXISBANK,0.5556,0.3333,0.0,0.3389,3.0,0.6667,0.0,True,False
2023-01-30,BAJAJ-AUTO,,,,,,,,,True
2023-01-30,HDFCBANK,0.0,0.0,0.0,0.0,2.0,0.5,0.0,True,False
2023-01-30,HINDUNILVR,1.0,1.0,0.0,0.75,,,,,True
2023-01-30,ICICIBANK,0.0,0.0,0.0,0.0,2.0,0.5,0.0,True,False
2023-01-30,ITC,1.0,0.0,0.0,0.4,,,,,True
2023-01-30,KOTAKBANK,0.0,0.0,0.0,0.0,2.0,0.5,0.0,True,False
2023-01-30,M&M,1.0,1.0,0.0,0.75,1.0,1.0,0.0,True,False
2023-01-30,MARUTI,,,,,,,,,True
2023-01-30,NTPC,0.0,0.0,1.0,0.25,,,,,True
2023-01-30,ONGC,,,,,,,,,True
2023-01-30,POWERGRID,1.0,0.0,0.0,0.4,,,,,True
2023-01-30,RELIANCE,0.0,0.0,0.0,0.0,,,,,True
2023-01-30,SBIN,0.0,0.0,0.0,0.0,2.0,0.5,0.0,True,False
2023-01-30,TATAMOTORS,-1.0,0.0,0.0,-0.4,,,,,True
2023-01-30,TCS,1.0,0.0,0.0,0.4,,,,,True
2023-01-30,WIPRO,0.0,0.0,1.0,0.25,1.0,0.5,0.0,True,False
2023-01-30,CIPLA,,,,,,,,,True
2023-01-30,INFY,,,,,,,,,True
2023-01-30,DRREDDY,,,,,,,,,True
2023-01-30,HCLTECH,0.0,0.0,1.0,0.25,,,,,True
2023-01-30,TECHM,1.0,1.0,0.0,0.75,1.0,1.0,0.0,True,False
2023-01-30,SUNPHARMA,0.0,0.0,0.0,0.0,,,,,True
2023-01-31,ADANIGREEN,,,,,,,,,True
2023-01-31,ASIANPAINT,1.0,1.0,0.0,0.75,,,,,True
2023-01-31,AXISBANK,0.5556,0.3333,0.0,0.3389,,,,,True
2023-01-31,BAJAJ-AUTO,,,,,,,,,True
2023-01-31,HDFCBANK,0.0,0.0,0.0,0.0,,,,,True
2023-01-31,HINDUNILVR,,,,,,,,,True
2023-01-31,ICICIBANK,0.0,0.0,1.0,0.25,1.0,0.5,0.0,True,False
2023-01-31,ITC,,,,,,,,,True
2023-01-31,KOTAKBANK,0.0,0.0,1.0,0.25,1.0,0.5,0.0,True,False
2023-01-31,M&M,0.0,0.0,1.0,0.25,1.0,0.5,0.0,True,False
2023-01-31,MARUTI,1.0,1.0,0.0,0.75,1.0,1.0,0.0,True,False
2023-01-31,NTPC,0.0,0.0,1.0,0.25,,,,,True
2023-01-31,ONGC,,,,,,,,,True
2023-01-31,POWERGRID,,,,,,,,,True
2023-01-31,RELIANCE,0.0,0.0,0.0,0.0,,,,,True
2023-01-31,SBIN,0.0,0.0,0.0,0.0,,,,,True
2023-01-31,TATAMOTORS,,,,,,,,,True
2023-01-31,TCS,1.0,0.0,0.0,0.4,,,,,True
2023-01-31,WIPRO,0.0,0.0,1.0,0.25,,,,,True
2023-01-31,CIPLA,0.5,0.5,0.5,0.5,2.0,0.75,0.0,True,False
2023-01-31,INFY,,,,,,,,,True
2023-01-31,DRREDDY,,,,,,,,,True
2023-01-31,HCLTECH,0.0,0.0,1.0,0.25,,,,,True
2023-01-31,TECHM,1.0,1.0,0.0,0.75,,,,,True
2023-01-31,SUNPHARMA,0.0,0.0,0.0,0.0,,,,,True
2023-02-01,ADANIGREEN,0.0,0.0,1.0,0.25,1.0,0.5,0.0,True,False
2023-02-01,ASIANPAINT,1.0,1.0,0.0,0.75,,,,,True
2023-02-01,AXISBANK,0.5556,0.3333,0.0,0.3389,,,,,True
2023-02-01,BAJAJ-AUTO,,,,,,,,,True
2023-02-01,HDFCBANK,0.0,0.0,0.0,0.0,,,,,True
2023-02-01,HINDUNILVR,,,,,,,,,True
2023-02-01,ICICIBANK,0.0,0.0,1.0,0.25,,,,,True
2023-02-01,ITC,,,,,,,,,True
2023-02-01,KOTAKBANK,0.0,0.0,1.0,0.25,,,,,True
2023-02-01,M&M,0.0,0.0,1.0,0.25,,,,,True
2023-02-01,MARUTI,1.0,0.0,0.0,0.4,1.0,1.0,0.0,True,False
2023-02-01,NTPC,0.0,0.0,1.0,0.25,,,,,True
2023-02-01,ONGC,,,,,,,,,True
2023-02-01,POWERGRID,,,,,,,,,True
2023-02-01,RELIANCE,0.0,0.0,0.0,0.0,,,,,True
2023-02-01,SBIN,0.0,0.0,0.0,0.0,,,,,True
2023-02-01,TATAMOTORS,,,,,,,,,True
2023-02-01,TCS,0.0,0.0,0.0,0.0,1.0,0.5,0.0,True,False
2023-02-01,WIPRO,0.0,0.0,1.0,0.25,1.0,0.5,0.0,True,False
2023-02-01,CIPLA,0.5,0.5,0.5,0.5,,,,,True
2023-02-01,INFY,,,,,,,,,True
2023-02-01,DRREDDY,,,,,,,,,True
2023-02-01,HCLTECH,0.0,0.0,1.0,0.25,,,,,True
2023-02-01,TECHM,1.0,1.0,0.0,0.75,,,,,True
2023-02-01,SUNPHARMA,0.0,0.0,0.0,0.0,,,,,True
2023-02-02,ADANIGREEN,0.0,0.0,1.0,0.25,,,,,True
2023-02-02,ASIANPAINT,1.0,1.0,0.0,0.75,,,,,True
2023-02-02,AXISBANK,0.5556,0.3333,0.0,0.3389,,,,,True
2023-02-02,BAJAJ-AUTO,,,,,,,,,True
2023-02-02,HDFCBANK,0.0,0.0,0.0,0.0,,,,,True
2023-02-02,HINDUNILVR,,,,,,,,,True
2023-02-02,ICICIBANK,0.0,0.0,0.0,0.0,1.0,0.5,0.0,True,False
2023-02-02,ITC,,,,,,,,,True
2023-02-02,KOTAKBANK,1.0,1.0,0.0,0.75,1.0,1.0,0.0,True,False
2023-02-02,M&M,1.0,1.0,0.0,0.75,1.0,1.0,0.0,True,False
2023-02-02,MARUTI,1.0,0.0,0.0,0.4,,,,,True
2023-02-02,NTPC,,,,,,,,,True
2023-02-02,ONGC,-1.0,0.0,0.0,-0.4,1.0,1.0,0.0,True,False
2023-02-02,POWERGRID,,,,,,,,,True
2023-02-02,RELIANCE,,,,,,,,,True
2023-02-02,SBIN,0.0,0.0,0.0,0.0,,,,,True
2023-02-02,TATAMOTORS,,,,,,,,,True
2023-02-02,TCS,0.0,0.0,0.0,0.0,,,,,True
2023-02-02,WIPRO,0.0,0.0,1.0,0.25,,,,,True
2023-02-02,CIPLA,0.5,0.5,0.5,0.5,,,,,True
2023-02-02,INFY,,,,,,,,,True
2023-02-02,DRREDDY,,,,,,,,,True
2023-02-02,HCLTECH,0.0,0.0,1.0,0.25,,,,,True
2023-02-02,TECHM,1.0,1.0,0.0,0.75,,,,,True
2023-02-02,SUNPHARMA,,,,,,,,,True
2023-02-03,ADANIGREEN,0.0,0.0,1.0,0.25,,,,,True
2023-02-03,ASIANPAINT,,,,,,,,,True
2023-02-03,AXISBANK,0.5556,0.3333,0.0,0.3389,,,,,True
2023-02-03,BAJAJ-AUTO,,,,,,,,,True
2023-02-03,HDFCBANK,0.0,0.0,0.0,0.0,,,,,True
2023-02-03,HINDUNILVR,,,,,,,,,True
2023-02-03,ICICIBANK,0.0,0.0,0.0,0.0,,,,,True
2023-02-03,ITC,,,,,,,,,True
2023-02-03,KOTAKBANK,1.0,1.0,0.0,0.75,,,,,True
2023-02-03,M&M,1.0,1.0,0.0,0.75,,,,,True
2023-02-03,MARUTI,1.0,0.0,0.0,0.4,,,,,True
2023-02-03,NTPC,,,,,,,,,True
2023-02-03,ONGC,-1.0,0.0,0.0,-0.4,,,,,True
2023-02-03,POWERGRID,,,,,,,,,True
2023-02-03,RELIANCE,,,,,,,,,True
2023-02-03,SBIN,0.0,0.0,0.0,0.0,,,,,True
2023-02-03,TATAMOTORS,,,,,,,,,True
2023-02-03,TCS,0.0,0.0,0.0,0.0,,,,,True
2023-02-03,WIPRO,0.0,0.0,1.0,0.25,,,,,True
2023-02-03,CIPLA,0.5,0.5,0.5,0.5,,,,,True
2023-02-03,INFY,,,,,,,,,True
2023-02-03,DRREDDY,,,,,,,,,True
2023-02-03,HCLTECH,,,,,,,,,True
2023-02-03,TECHM,1.0,1.0,0.0,0.75,,,,,True
2023-02-03,SUNPHARMA,,,,,,,,,True
2023-02-06,ADANIGREEN,0.0,0.0,1.0,0.25,,,,,True
2023-02-06,ASIANPAINT,,,,,,,,,True
2023-02-06,AXISBANK,0.0,0.0,0.0,0.0,1.0,0.5,0.0,True,False
2023-02-06,BAJAJ-AUTO,,,,,,,,,True
2023-02-06,HDFCBANK,0.0,0.0,0.0,0.0,1.0,0.5,0.0,True,False
2023-02-06,HINDUNILVR,,,,,,,,,True
2023-02-06,ICICIBANK,0.0,0.0,0.0,0.0,1.0,0.5,0.0,True,False
2023-02-06,ITC,,,,,,,,,True
2023-02-06,KOTAKBANK,0.0,0.0,0.0,0.0,1.0,0.5,0.0,True,False
2023-02-06,M&M,0.0,0.0,1.0,0.25,1.0,0.5,0.0,True,False
2023-02-06,MARUTI,1.0,0.0,0.0,0.4,,,,,True
2023-02-06,NTPC,,,,,,,,,True
2023-02-06,ONGC,-1.0,0.0,0.0,-0.4,,,,,True
2023-02-06,POWERGRID,,,,,,,,,True
2023-02-06,RELIANCE,,,,,,,,,True
2023-02-06,SBIN,0.0,0.0,0.0,0.0,1.0,0.5,0.0,True,False
2023-02-06,TATAMOTORS,,,,,,,,,True
2023-02-06,TCS,0.0,0.0,0.0,0.0,,,,,True
2023-02-06,WIPRO,0.0,0.0,1.0,0.25,,,,,True
2023-02-06,CIPLA,0.5,0.5,0.5,0.5,,,,,True
2023-02-06,INFY,0.0,0.0,1.0,0.25,1.0,0.5,0.0,True,False
2023-02-06,DRREDDY,,,,,,,,,True
2023-02-06,HCLTECH,,,,,,,,,True
2023-02-06,TECHM,0.0,0.0,1.0,0.25,1.0,0.5,0.0,True,False
2023-02-06,SUNPHARMA,1.0,0.0,0.0,0.4,1.0,1.0,0.0,True,False
2023-02-07,ADANIGREEN,0.0,0.0,1.0,0.25,,,,,True
2023-02-07,ASIANPAINT,,,,,,,,,True
2023-02-07,AXISBANK,1.0,1.0,0.0,0.75,1.0,1.0,0.0,True,False
2023-02-07,BAJAJ-AUTO,0.0,0.0,0.0,0.0,1.0,0.5,0.0,True,False
2023-02-07,HDFCBANK,0.0,0.0,0.0,0.0,,,,,True
2023-02-07,HINDUNILVR,0.0,0.0,0.0,0.0,1.0,0.5,0.0,True,False
2023-02-07,ICICIBANK,0.0,0.0,0.0,0.0,,,,,True
2023-02-07,ITC,,,,,,,,,True
2023-02-07,KOTAKBANK,0.0,0.0,0.0,0.0,,,,,True
2023-02-07,M&M,0.0,0.0,1.0,0.25,1.0,0.5,0.0,True,False
2023-02-07,MARUTI,1.0,0.0,0.0,0.4,,,,,True
2023-02-07,NTPC,,,,,,,,,True
2023-02-07,ONGC,-1.0,0.0,0.0,-0.4,,,,,True
2023-02-07,POWERGRID,,,,,,,,,True
2023-02-07,RELIANCE,,,,,,,,,True
2023-02-07,SBIN,0.0,0.0,0.0,0.0,,,,,True
2023-02-07,TATAMOTORS,1.0,0.0,0.0,0.4,1.0,1.0,0.0,True,False
2023-02-07,TCS,0.0,0.0,0.0,0.0,,,,,True
2023-02-07,WIPRO,0.0,0.0,1.0,0.25,,,,,True
2023-02-07,CIPLA,0.5,0.5,0.5,0.5,,,,,True
2023-02-07,INFY,0.0,0.0,1.0,0.25,,,,,True
2023-02-07,DRREDDY,,,,,,,,,True
2023-02-07,HCLTECH,0.5,0.5,0.5,0.5,2.0,0.75,0.0,True,False
2023-02-07,TECHM,0.0,0.0,1.0,0.25,1.0,0.5,0.0,True,False
2023-02-07,SUNPHARMA,1.0,0.0,0.0,0.4,,,,,True
2023-02-08,ADANIGREEN,0.0,0.0,1.0,0.25,,,,,True
2023-02-08,ASIANPAINT,,,,,,,,,True
2023-02-08,AXISBANK,-0.4167,0.0,0.0,-0.1667,3.0,0.6667,0.0,True,False
2023-02-08,BAJAJ-AUTO,0.0,0.0,1.0,0.25,1.0,0.5,0.0,True,False
2023-02-08,HDFCBANK,0.0,0.0,0.0,0.0,1.0,0.5,0.0,True,False
2023-02-08,HINDUNILVR,1.0,1.0,0.0,0.75,1.0,1.0,0.0,True,False
2023-02-08,ICICIBANK,0.0,0.0,0.0,0.0,1.0,0.5,0.0,True,False
2023-02-08,ITC,,,,,,,,,True
2023-02-08,KOTAKBANK,0.0,0.0,0.0,0.0,1.0,0.5,0.0,True,False
2023-02-08,M&M,0.0,0.0,1.0,0.25,,,,,True
2023-02-08,MARUTI,-0.0,0.5,0.0,0.175,2.0,1.0,0.5,False,False
2023-02-08,NTPC,,,,,,,,,True
2023-02-08,ONGC,-1.0,0.0,0.0,-0.4,,,,,True
2023-02-08,POWERGRID,,,,,,,,,True
2023-02-08,RELIANCE,,,,,,,,,True
2023-02-08,SBIN,0.0,0.0,0.0,0.0,1.0,0.5,0.0,True,False
2023-02-08,TATAMOTORS,1.0,0.0,0.0,0.4,,,,,True
2023-02-08,TCS,0.0,0.0,0.0,0.0,,,,,True
2023-02-08,WIPRO,0.0,0.0,1.0,0.25,,,,,True
2023-02-08,CIPLA,,,,,,,,,True
2023-02-08,INFY,0.0,0.0,1.0,0.25,,,,,True
2023-02-08,DRREDDY,0.0,0.0,1.0,0.25,1.0,0.5,0.0,True,False
2023-02-08,HCLTECH,0.5,0.5,0.5,0.5,,,,,True
2023-02-08,TECHM,0.0,0.0,1.0,0.25,,,,,True
2023-02-08,SUNPHARMA,1.0,0.0,0.0,0.4,,,,,True
2023-02-09,ADANIGREEN,-1.0,-1.0,1.0,-0.5,1.0,1.0,0.0,True,False
2023-02-09,ASIANPAINT,,,,,,,,,True
2023-02-09,AXISBANK,-0.4167,0.0,0.0,-0.1667,,,,,True
2023-02-09,BAJAJ-AUTO,0.0,0.0,1.0,0.25,,,,,True
2023-02-09,HDFCBANK,0.0,0.0,0.0,0.0,,,,,True
2023-02-09,HINDUNILVR,1.0,1.0,0.0,0.75,,,,,True
2023-02-09,ICICIBANK,0.0,0.0,0.0,0.0,,,,,True
2023-02-09,ITC,,,,,,,,,True
2023-02-09,KOTAKBANK,0.0,0.0,0.0,0.0,,,,,True
2023-02-09,M&M,0.0,0.0,1.0,0.25,,,,,True
2023-02-09,MARUTI,-0.0,0.5,0.0,0.175,,,,,True
2023-02-09,NTPC,,,,,,,,,True
2023-02-09,ONGC,-1.0,0.0,0.0,-0.4,,,,,True
2023-02-09,POWERGRID,,,,,,,,,True
2023-02-09,RELIANCE,1.0,1.0,0.0,0.75,1.0,1.0,0.0,True,False
2023-02-09,SBIN,0.0,0.0,0.0,0.0,,,,,True
2023-02-09,TATAMOTORS,1.0,0.0,0.0,0.4,,,,,True
2023-02-09,TCS,,,,,,,,,True
2023-02-09,WIPRO,1.0,1.0,0.0,0.75,1.0,1.0,0.0,True,False
2023-02-09,CIPLA,,,,,,,,,True
2023-02-09,INFY,0.0,0.0,1.0,0.25,,,,,True
2023-02-09,DRREDDY,0.0,0.0,1.0,0.25,,,,,True
2023-02-09,HCLTECH,0.5,0.5,0.5,0.5,,,,,True
2023-02-09,TECHM,0.0,0.0,1.0,0.25,,,,,True
2023-02-09,SUNPHARMA,1.0,0.0,0.0,0.4,,,,,True
2023-02-10,ADANIGREEN,-1.0,-1.0,1.0,-0.5,,,,,True
2023-02-10,ASIANPAINT,,,,,,,,,True
2023-02-10,AXISBANK,-0.4167,0.0,0.0,-0.1667,,,,,True
2023-02-10,BAJAJ-AUTO,0.0,0.0,1.0,0.25,,,,,True
2023-02-10,HDFCBANK,0.0,0.0,0.0,0.0,,,,,True
2023-02-10,HINDUNILVR,1.0,1.0,0.0,0.75,,,,,True
2023-02-10,ICICIBANK,0.0,0.0,0.0,0.0,,,,,True
2023-02-10,ITC,,,,,,,,,True
2023-02-10,KOTAKBANK,0.0,0.0,0.0,0.0,,,,,True
2023-02-10,M&M,0.0,0.0,1.0,0.25,,,,,True
2023-02-10,MARUTI,-0.0,0.5,0.0,0.175,,,,,True
2023-02-10,NTPC,,,,,,,,,True
2023-02-10,ONGC,,,,,,,,,True
2023-02-10,POWERGRID,,,,,,,,,True
2023-02-10,RELIANCE,1.0,1.0,0.0,0.75,,,,,True
2023-02-10,SBIN,0.0,0.0,0.0,0.0,,,,,True
2023-02-10,TATAMOTORS,1.0,0.0,0.0,0.4,,,,,True
2023-02-10,TCS,,,,,,,,,True
2023-02-10,WIPRO,1.0,1.0,0.0,0.75,,,,,True
2023-02-10,CIPLA,,,,,,,,,True
2023-02-10,INFY,0.0,0.0,1.0,0.25,,,,,True
2023-02-10,DRREDDY,0.0,0.0,1.0,0.25,,,,,True
2023-02-10,HCLTECH,0.5,0.5,0.5,0.5,,,,,True
2023-02-10,TECHM,0.0,0.0,1.0,0.25,,,,,True
2023-02-10,SUNPHARMA,1.0,0.0,0.0,0.4,,,,,True
2023-02-13,ADANIGREEN,-1.0,-1.0,1.0,-0.5,,,,,True
2023-02-13,ASIANPAINT,,,,,,,,,True
2023-02-13,AXISBANK,-0.4167,0.0,0.0,-0.1667,,,,,True
2023-02-13,BAJAJ-AUTO,0.0,0.0,1.0,0.25,,,,,True
2023-02-13,HDFCBANK,0.0,0.0,0.0,0.0,,,,,True
2023-02-13,HINDUNILVR,1.0,1.0,0.0,0.75,,,,,True
2023-02-13,ICICIBANK,0.0,0.0,0.0,0.0,,,,,True
2023-02-13,ITC,,,,,,,,,True
2023-02-13,KOTAKBANK,0.0,0.0,0.0,0.0,,,,,True
2023-02-13,M&M,1.0,0.0,0.0,0.4,1.0,1.0,0.0,True,False
2023-02-13,MARUTI,-0.0,0.5,0.0,0.175,,,,,True
2023-02-13,NTPC,0.0,0.0,1.0,0.25,1.0,0.5,0.0,True,False
2023-02-13,ONGC,,,,,,,,,True
2023-02-13,POWERGRID,,,,,,,,,True
2023-02-13,RELIANCE,1.0,1.0,0.0,0.75,,,,,True
2023-02-13,SBIN,0.0,0.0,0.0,0.0,,,,,True
2023-02-13,TATAMOTORS,1.0,0.0,0.0,0.4,,,,,True
2023-02-13,TCS,,,,,,,,,True
2023-02-13,WIPRO,1.0,1.0,0.0,0.75,,,,,True
2023-02-13,CIPLA,,,,,,,,,True
2023-02-13,INFY,0.0,0.0,0.0,0.0,2.0,0.5,0.0,True,False
2023-02-13,DRREDDY,0.0,0.0,1.0,0.25,,,,,True
2023-02-13,HCLTECH,0.5,0.5,0.5,0.5,,,,,True
2023-02-13,TECHM,1.0,0.0,0.0,0.4,1.0,1.0,0.0,True,False
2023-02-13,SUNPHARMA,0.0,0.0,1.0,0.25,1.0,0.5,0.0,True,False
2023-02-14,ADANIGREEN,-1.0,-1.0,1.0,-0.5,,,,,True
2023-02-14,ASIANPAINT,,,,,,,,,True
2023-02-14,AXISBANK,-0.4167,0.0,0.0,-0.1667,,,,,True
2023-02-14,BAJAJ-AUTO,0.0,0.0,1.0,0.25,1.0,0.5,0.0,True,False
2023-02-14,HDFCBANK,0.0,0.0,1.0,0.25,1.0,0.5,0.0,True,False
2023-02-14,HINDUNILVR,1.0,1.0,0.0,0.75,,,,,True
2023-02-14,ICICIBANK,-0.0,0.0,0.0,-0.0,2.0,1.0,0.5,False,False
2023-02-14,ITC,0.0,0.0,0.0,0.0,1.0,0.5,0.0,True,False
2023-02-14,KOTAKBANK,1.0,1.0,0.0,0.75,1.0,1.0,0.0,True,False
2023-02-14,M&M,0.5,0.5,0.5,0.5,2.0,0.75,0.0,True,False
2023-02-14,MARUTI,-0.0,0.5,0.0,0.175,,,,,True
2023-02-14,NTPC,0.0,0.0,1.0,0.25,,,,,True
2023-02-14,ONGC,,,,,,,,,True
2023-02-14,POWERGRID,,,,,,,,,True
2023-02-14,RELIANCE,1.0,1.0,0.0,0.75,,,,,True
2023-02-14,SBIN,0.0,0.0,0.0,0.0,,,,,True
2023-02-14,TATAMOTORS,1.0,0.0,0.0,0.4,,,,,True
2023-02-14,TCS,,,,,,,,,True
2023-02-14,WIPRO,1.0,1.0,0.0,0.75,,,,,True
2023-02-14,CIPLA,,,,,,,,,True
2023-02-14,INFY,0.0,0.0,0.0,0.0,,,,,True
2023-02-14,DRREDDY,0.0,0.0,1.0,0.25,,,,,True
2023-02-14,HCLTECH,0.0,0.0,0.0,0.0,1.0,0.5,0.0,True,False
2023-02-14,TECHM,0.0,0.0,1.0,0.25,1.0,0.5,0.0,True,False
2023-02-14,SUNPHARMA,0.0,0.0,1.0,0.25,,,,,True
2023-02-15,ADANIGREEN,-1.0,-1.0,1.0,-0.5,,,,,True
2023-02-15,ASIANPAINT,,,,,,,,,True
2023-02-15,AXISBANK,-0.4167,0.0,0.0,-0.1667,,,,,True
2023-02-15,BAJAJ-AUTO,0.0,0.0,1.0,0.25,,,,,True
2023-02-15,HDFCBANK,0.0,0.0,1.0,0.25,,,,,True
2023-02-15,HINDUNILVR,0.0,0.0,1.0,0.25,1.0,0.5,0.0,True,False
2023-02-15,ICICIBANK,-0.0,0.0,0.0,-0.0,,,,,True
2023-02-15,ITC,0.0,0.0,0.0,0.0,,,,,True
2023-02-15,KOTAKBANK,1.0,1.0,0.0,0.75,,,,,True
2023-02-15,M&M,0.5,0.5,0.5,0.5,,,,,True
2023-02-15,MARUTI,0.0,0.0,1.0,0.25,1.0,0.5,0.0,True,False
2023-02-15,NTPC,0.0,0.0,1.0,0.25,1.0,0.5,0.0,True,False
2023-02-15,ONGC,1.0,0.0,0.0,0.4,1.0,1.0,0.0,True,False
2023-02-15,POWERGRID,,,,,,,,,True
2023-02-15,RELIANCE,1.0,1.0,0.0,0.75,,,,,True
2023-02-15,SBIN,0.0,0.0,0.0,0.0,,,,,True
2023-02-15,TATAMOTORS,1.0,1.0,0.0,0.75,1.0,1.0,0.0,True,False
2023-02-15,TCS,,,,,,,,,True
2023-02-15,WIPRO,1.0,1.0,0.0,0.75,,,,,True
2023-02-15,CIPLA,,,,,,,,,True
2023-02-15,INFY,0.0,0.0,1.0,0.25,1.0,0.5,0.0,True,False
2023-02-15,DRREDDY,0.0,0.0,1.0,0.25,,,,,True
2023-02-15,HCLTECH,0.0,0.0,0.0,0.0,1.0,0.5,0.0,True,False
2023-02-15,TECHM,0.0,0.0,1.0,0.25,,,,,True
2023-02-15,SUNPHARMA,0.0,0.0,1.0,0.25,,,,,True
2023-02-16,ADANIGREEN,0.0,0.0,1.0,0.25,1.0,0.5,0.0,True,False
2023-02-16,ASIANPAINT,,,,,,,,,True
2023-02-16,AXISBANK,0.0,0.0,0.0,0.0,1.0,0.5,0.0,True,False
2023-02-16,BAJAJ-AUTO,0.5,0.0,0.0,0.2,2.0,0.75,0.0,True,False
2023-02-16,HDFCBANK,0.0,0.0,1.0,0.25,,,,,True
2023-02-16,HINDUNILVR,1.0,1.0,0.0,0.75,1.0,1.0,0.0,True,False
2023-02-16,ICICIBANK,-0.0,0.0,0.0,-0.0,,,,,True
2023-02-16,ITC,0.0,0.0,1.0,0.25,1.0,0.5,0.0,True,False
2023-02-16,KOTAKBANK,0.0,0.0,1.0,0.25,1.0,0.5,0.0,True,False
2023-02-16,M&M,0.0,0.0,1.0,0.25,1.0,0.5,0.0,True,False
2023-02-16,MARUTI,0.0,0.0,1.0,0.25,,,,,True
2023-02-16,NTPC,0.0,0.0,1.0,0.25,,,,,True
2023-02-16,ONGC,1.0,0.0,0.0,0.4,,,,,True
2023-02-16,POWERGRID,1.0,0.0,0.0,0.4,1.0,1.0,0.0,True,False
2023-02-16,RELIANCE,1.0,1.0,0.0,0.75,,,,,True
2023-02-16,SBIN,,,,,,,,,True
2023-02-16,TATAMOTORS,1.0,1.0,0.0,0.75,,,,,True
2023-02-16,TCS,,,,,,,,,True
2023-02-16,WIPRO,1.0,1.0,0.0,0.75,,,,,True
2023-02-16,CIPLA,,,,,,,,,True
2023-02-16,INFY,0.0,0.0,1.0,0.25,,,,,True
2023-02-16,DRREDDY,,,,,,,,,True
2023-02-16,HCLTECH,0.0,0.0,0.0,0.0,,,,,True
2023-02-16,TECHM,0.0,0.0,1.0,0.25,,,,,True
2023-02-16,SUNPHARMA,-1.0,0.0,0.0,-0.4,1.0,1.0,0.0,True,False
2023-02-17,ADANIGREEN,0.0,0.0,1.0,0.25,,,,,True
2023-02-17,ASIANPAINT,,,,,,,,,True
2023-02-17,AXISBANK,0.0,0.0,0.0,0.0,,,,,True
2023-02-17,BAJAJ-AUTO,0.5,0.0,0.0,0.2,,,,,True
2023-02-17,HDFCBANK,0.0,0.0,1.0,0.25,,,,,True
2023-02-17,HINDUNILVR,1.0,1.0,0.0,0.75,,,,,True
2023-02-17,ICICIBANK,-0.0,0.0,0.0,-0.0,,,,,True
2023-02-17,ITC,0.0,0.0,1.0,0.25,,,,,True
2023-02-17,KOTAKBANK,0.0,0.0,1.0,0.25,,,,,True
2023-02-17,M&M,0.0,0.0,1.0,0.25,,,,,True
2023-02-17,MARUTI,0.0,0.0,1.0,0.25,,,,,True
2023-02-17,NTPC,0.0,0.0,1.0,0.25,,,,,True
2023-02-17,ONGC,1.0,0.0,0.0,0.4,,,,,True
2023-02-17,POWERGRID,1.0,0.0,0.0,0.4,,,,,True
2023-02-17,RELIANCE,,,,,,,,,True
2023-02-17,SBIN,,,,,,,,,True
2023-02-17,TATAMOTORS,1.0,1.0,0.0,0.75,,,,,True
2023-02-17,TCS,,,,,,,,,True
2023-02-17,WIPRO,,,,,,,,,True
2023-02-17,CIPLA,,,,,,,,,True
2023-02-17,INFY,0.0,0.0,1.0,0.25,,,,,True
2023-02-17,DRREDDY,,,,,,,,,True
2023-02-17,HCLTECH,0.0,0.0,0.0,0.0,,,,,True
2023-02-17,TECHM,0.0,0.0,1.0,0.25,,,,,True
2023-02-17,SUNPHARMA,-1.0,0.0,0.0,-0.4,,,,,True
2023-02-20,ADANIGREEN,0.0,0.0,1.0,0.25,1.0,0.5,0.0,True,False
2023-02-20,ASIANPAINT,,,,,,,,,True
2023-02-20,AXISBANK,0.0,0.0,0.0,0.0,,,,,True
2023-02-20,BAJAJ-AUTO,0.5,0.0,0.0,0.2,,,,,True
2023-02-20,HDFCBANK,0.0,0.0,1.0,0.25,,,,,True
2023-02-20,HINDUNILVR,-1.0,-1.0,0.0,-0.75,1.0,1.0,0.0,True,False
2023-02-20,ICICIBANK,-0.0,0.0,0.0,-0.0,,,,,True
2023-02-20,ITC,1.0,0.0,0.0,0.4,1.0,1.0,0.0,True,False
2023-02-20,KOTAKBANK,0.0,0.0,1.0,0.25,,,,,True
2023-02-20,M&M,0.0,0.0,1.0,0.25,,,,,True
2023-02-20,MARUTI,0.0,0.0,1.0,0.25,,,,,True
2023-02-20,NTPC,0.0,0.0,1.0,0.25,1.0,0.5,0.0,True,False
2023-02-20,ONGC,1.0,0.0,0.0,0.4,,,,,True
2023-02-20,POWERGRID,1.0,0.0,0.0,0.4,,,,,True
2023-02-20,RELIANCE,,,,,,,,,True
2023-02-20,SBIN,,,,,,,,,True
2023-02-20,TATAMOTORS,-0.5,0.0,0.0,-0.2,2.0,0.75,0.0,True,False
2023-02-20,TCS,,,,,,,,,True
2023-02-20,WIPRO,,,,,,,,,True
2023-02-20,CIPLA,1.0,1.0,0.0,0.75,1.0,1.0,0.0,True,False
2023-02-20,INFY,0.0,0.0,1.0,0.25,,,,,True
2023-02-20,DRREDDY,,,,,,,,,True
2023-02-20,HCLTECH,0.0,0.0,0.0,0.0,,,,,True
2023-02-20,TECHM,0.0,0.0,1.0,0.25,,,,,True
2023-02-20,SUNPHARMA,-1.0,0.0,0.0,-0.4,,,,,True
2023-02-21,ADANIGREEN,1.0,1.0,1.0,1.0,1.0,1.0,0.0,True,False
2023-02-21,ASIANPAINT,,,,,,,,,True
2023-02-21,AXISBANK,0.0,0.0,0.0,0.0,,,,,True
2023-02-21,BAJAJ-AUTO,1.0,0.0,0.0,0.4,1.0,1.0,0.0,True,False
2023-02-21,HDFCBANK,0.0,0.0,1.0,0.25,,,,,True
2023-02-21,HINDUNILVR,-1.0,-1.0,0.0,-0.75,,,,,True
2023-02-21,ICICIBANK,-0.0,0.0,0.0,-0.0,,,,,True
2023-02-21,ITC,1.0,0.0,0.0,0.4,,,,,True
2023-02-21,KOTAKBANK,1.0,0.0,0.0,0.4,1.0,1.0,0.0,True,False
2023-02-21,M&M,1.0,0.0,0.0,0.4,1.0,1.0,0.0,True,False
2023-02-21,MARUTI,0.0,0.0,0.0,0.0,1.0,0.5,0.0,True,False
2023-02-21,NTPC,0.0,0.0,1.0,0.25,,,,,True
2023-02-21,ONGC,1.0,0.0,0.0,0.4,,,,,True
2023-02-21,POWERGRID,0.0,0.0,0.0,0.0,1.0,0.5,0.0,True,False
2023-02-21,RELIANCE,,,,,,,,,True
2023-02-21,SBIN,,,,,,,,,True
2023-02-21,TATAMOTORS,-0.5,0.0,0.0,-0.2,,,,,True
2023-02-21,TCS,,,,,,,,,True
2023-02-21,WIPRO,,,,,,,,,True
2023-02-21,CIPLA,1.0,1.0,0.0,0.75,,,,,True
2023-02-21,INFY,1.0,1.0,0.0,0.75,1.0,1.0,0.0,True,False
2023-02-21,DRREDDY,,,,,,,,,True
2023-02-21,HCLTECH,0.0,0.0,0.0,0.0,,,,,True
2023-02-21,TECHM,0.0,0.0,1.0,0.25,,,,,True
2023-02-21,SUNPHARMA,-1.0,0.0,0.0,-0.4,,,,,True
2023-02-22,ADANIGREEN,1.0,1.0,1.0,1.0,,,,,True
2023-02-22,ASIANPAINT,,,,,,,,,True
2023-02-22,AXISBANK,0.0,0.0,0.0,0.0,1.0,0.5,0.0,True,False
2023-02-22,BAJAJ-AUTO,1.0,0.0,0.0,0.4,,,,,True
2023-02-22,HDFCBANK,,,,,,,,,True
2023-02-22,HINDUNILVR,0.0,0.0,1.0,0.25,1.0,0.5,0.0,True,False
2023-02-22,ICICIBANK,,,,,,,,,True
2023-02-22,ITC,1.0,0.0,0.0,0.4,,,,,True
2023-02-22,KOTAKBANK,1.0,0.0,0.0,0.4,,,,,True
2023-02-22,M&M,1.0,0.0,0.0,0.4,,,,,True
2023-02-22,MARUTI,-1.0,0.0,0.0,-0.4,1.0,1.0,0.0,True,False
2023-02-22,NTPC,0.0,0.0,1.0,0.25,,,,,True
2023-02-22,ONGC,1.0,0.0,0.0,0.4,,,,,True
2023-02-22,POWERGRID,0.0,0.0,0.0,0.0,,,,,True
2023-02-22,RELIANCE,,,,,,,,,True
2023-02-22,SBIN,,,,,,,,,True
2023-02-22,TATAMOTORS,-0.5,0.0,0.0,-0.2,,,,,True
2023-02-22,TCS,,,,,,,,,True
2023-02-22,WIPRO,,,,,,,,,True
2023-02-22,CIPLA,0.0,0.0,1.0,0.25,1.0,0.5,0.0,True,False
2023-02-22,INFY,1.0,1.0,0.0,0.75,,,,,True
2023-02-22,DRREDDY,,,,,,,,,True
2023-02-22,HCLTECH,0.0,0.0,0.0,0.0,,,,,True
2023-02-22,TECHM,,,,,,,,,True
2023-02-22,SUNPHARMA,-1.0,0.0,0.0,-0.4,,,,,True
2023-02-23,ADANIGREEN,1.0,1.0,1.0,1.0,,,,,True
2023-02-23,ASIANPAINT,,,,,,,,,True
2023-02-23,AXISBANK,0.0,0.0,0.0,0.0,,,,,True
2023-02-23,BAJAJ-AUTO,1.0,0.0,0.0,0.4,,,,,True
2023-02-23,HDFCBANK,,,,,,,,,True
2023-02-23,HINDUNILVR,0.0,0.0,1.0,0.25,,,,,True
2023-02-23,ICICIBANK,,,,,,,,,True
2023-02-23,ITC,1.0,0.0,0.0,0.4,,,,,True
2023-02-23,KOTAKBANK,1.0,0.0,0.0,0.4,,,,,True
2023-02-23,M&M,-1.0,0.0,0.0,-0.4,1.0,1.0,0.0,True,False
2023-02-23,MARUTI,-1.0,0.0,0.0,-0.4,,,,,True
2023-02-23,NTPC,0.0,0.0,1.0,0.25,,,,,True
2023-02-23,ONGC,-1.0,0.0,0.0,-0.4,1.0,1.0,0.0,True,False
2023-02-23,POWERGRID,1.0,1.0,0.0,0.75,1.0,1.0,0.0,True,False
2023-02-23,RELIANCE,,,,,,,,,True
2023-02-23,SBIN,,,,,,,,,True
2023-02-23,TATAMOTORS,-0.5,0.0,0.0,-0.2,,,,,True
2023-02-23,TCS,,,,,,,,,True
2023-02-23,WIPRO,,,,,,,,,True
2023-02-23,CIPLA,0.0,0.0,1.0,0.25,,,,,True
2023-02-23,INFY,0.0,0.0,0.0,0.0,1.0,0.5,0.0,True,False
2023-02-23,DRREDDY,,,,,,,,,True
2023-02-23,HCLTECH,,,,,,,,,True
2023-02-23,TECHM,-1.0,0.0,0.0,-0.4,1.0,1.0,0.0,True,False
2023-02-23,SUNPHARMA,1.0,0.0,0.0,0.4,1.0,1.0,0.0,True,False
2023-02-24,ADANIGREEN,1.0,1.0,1.0,1.0,,,,,True
2023-02-24,ASIANPAINT,,,,,,,,,True
2023-02-24,AXISBANK,0.0,0.0,0.0,0.0,,,,,True
2023-02-24,BAJAJ-AUTO,1.0,0.0,0.0,0.4,,,,,True
2023-02-24,HDFCBANK,,,,,,,,,True
2023-02-24,HINDUNILVR,0.0,0.0,1.0,0.25,,,,,True
2023-02-24,ICICIBANK,,,,,,,,,True
2023-02-24,ITC,1.0,0.0,0.0,0.4,,,,,True
2023-02-24,KOTAKBANK,1.0,0.0,0.0,0.4,,,,,True
2023-02-24,M&M,-1.0,0.0,0.0,-0.4,,,,,True
2023-02-24,MARUTI,-1.0,0.0,0.0,-0.4,,,,,True
2023-02-24,NTPC,0.0,0.0,1.0,0.25,,,,,True
2023-02-24,ONGC,-1.0,0.0,0.0,-0.4,,,,,True
2023-02-24,POWERGRID,1.0,1.0,0.0,0.75,,,,,True
2023-02-24,RELIANCE,,,,,,,,,True
2023-02-24,SBIN,,,,,,,,,True
2023-02-24,TATAMOTORS,-0.5,0.0,0.0,-0.2,,,,,True
2023-02-24,TCS,,,,,,,,,True
2023-02-24,WIPRO,,,,,,,,,True
2023-02-24,CIPLA,0.0,0.0,1.0,0.25,,,,,True
2023-02-24,INFY,0.0,0.0,0.0,0.0,,,,,True
2023-02-24,DRREDDY,,,,,,,,,True
2023-02-24,HCLTECH,,,,,,,,,True
2023-02-24,TECHM,-1.0,0.0,0.0,-0.4,,,,,True
2023-02-24,SUNPHARMA,1.0,0.0,0.0,0.4,,,,,True
2023-02-27,ADANIGREEN,1.0,1.0,1.0,1.0,,,,,True
2023-02-27,ASIANPAINT,,,,,,,,,True
2023-02-27,AXISBANK,0.0,0.0,0.0,0.0,,,,,True
2023-02-27,BAJAJ-AUTO,1.0,0.0,0.0,0.4,,,,,True
2023-02-27,HDFCBANK,,,,,,,,,True
2023-02-27,HINDUNILVR,0.0,0.0,1.0,0.25,,,,,True
2023-02-27,ICICIBANK,,,,,,,,,True
2023-02-27,ITC,1.0,0.0,0.0,0.4,,,,,True
2023-02-27,KOTAKBANK,1.0,0.0,0.0,0.4,,,,,True
2023-02-27,M&M,-1.0,0.0,0.0,-0.4,,,,,True
2023-02-27,MARUTI,-1.0,0.0,0.0,-0.4,,,,,True
2023-02-27,NTPC,0.0,0.0,1.0,0.25,1.0,0.5,0.0,True,False
2023-02-27,ONGC,-1.0,0.0,0.0,-0.4,,,,,True
2023-02-27,POWERGRID,1.0,1.0,0.0,0.75,,,,,True
2023-02-27,RELIANCE,,,,,,,,,True
2023-02-27,SBIN,,,,,,,,,True
2023-02-27,TATAMOTORS,-0.5,0.0,0.0,-0.2,,,,,True
2023-02-27,TCS,,,,,,,,,True
2023-02-27,WIPRO,,,,,,,,,True
2023-02-27,CIPLA,0.0,0.0,1.0,0.25,,,,,True
2023-02-27,INFY,0.0,0.0,0.0,0.0,,,,,True
2023-02-27,DRREDDY,,,,,,,,,True
2023-02-27,HCLTECH,,,,,,,,,True
2023-02-27,TECHM,-1.0,0.0,0.0,-0.4,,,,,True
2023-02-27,SUNPHARMA,1.0,0.0,0.0,0.4,,,,,True
2023-02-28,ADANIGREEN,1.0,1.0,1.0,1.0,,,,,True
2023-02-28,ASIANPAINT,,,,,,,,,True
2023-02-28,AXISBANK,0.0,0.0,0.0,0.0,,,,,True
2023-02-28,BAJAJ-AUTO,1.0,0.0,0.0,0.4,,,,,True
2023-02-28,HDFCBANK,1.0,1.0,0.0,0.75,1.0,1.0,0.0,True,False
2023-02-28,HINDUNILVR,0.0,0.0,1.0,0.25,,,,,True
2023-02-28,ICICIBANK,,,,,,,,,True
2023-02-28,ITC,,,,,,,,,True
2023-02-28,KOTAKBANK,1.0,1.0,0.0,0.75,1.0,1.0,0.0,True,False
2023-02-28,M&M,1.0,0.3333,0.0,0.5167,3.0,1.0,0.0,False,False
2023-02-28,MARUTI,0.0,0.0,1.0,0.25,1.0,0.5,0.0,True,False
2023-02-28,NTPC,0.0,0.0,1.0,0.25,,,,,True
2023-02-28,ONGC,-1.0,0.0,0.0,-0.4,,,,,True
2023-02-28,POWERGRID,1.0,1.0,0.0,0.75,,,,,True
2023-02-28,RELIANCE,,,,,,,,,True
2023-02-28,SBIN,,,,,,,,,True
2023-02-28,TATAMOTORS,,,,,,,,,True
2023-02-28,TCS,,,,,,,,,True
2023-02-28,WIPRO,,,,,,,,,True
2023-02-28,CIPLA,0.0,0.0,1.0,0.25,,,,,True
2023-02-28,INFY,0.0,0.0,0.0,0.0,1.0,0.5,0.0,True,False
2023-02-28,DRREDDY,,,,,,,,,True
2023-02-28,HCLTECH,,,,,,,,,True
2023-02-28,TECHM,-1.0,0.0,0.0,-0.4,,,,,True
2023-02-28,SUNPHARMA,1.0,0.0,0.0,0.4,,,,,True
2023-03-01,ADANIGREEN,,,,,,,,,True
2023-03-01,ASIANPAINT,,,,,,,,,True
2023-03-01,AXISBANK,0.0,0.0,0.0,0.0,,,,,True
2023-03-01,BAJAJ-AUTO,,,,,,,,,True
2023-03-01,HDFCBANK,1.0,0.0,0.0,0.4,1.0,1.0,0.0,True,False
2023-03-01,HINDUNILVR,0.0,0.0,1.0,0.25,,,,,True
2023-03-01,ICICIBANK,,,,,,,,,True
2023-03-01,ITC,,,,,,,,,True
2023-03-01,KOTAKBANK,1.0,1.0,0.0,0.75,,,,,True
2023-03-01,M&M,1.0,0.3333,0.0,0.5167,,,,,True
2023-03-01,MARUTI,0.0,0.0,1.0,0.25,,,,,True
2023-03-01,NTPC,1.0,1.0,1.0,1.0,1.0,1.0,0.0,True,False
2023-03-01,ONGC,-1.0,0.0,0.0,-0.4,,,,,True
2023-03-01,POWERGRID,1.0,1.0,0.0,0.75,,,,,True
2023-03-01,RELIANCE,1.0,0.0,0.0,0.4,1.0,1.0,0.0,True,False
2023-03-01,SBIN,,,,,,,,,True
2023-03-01,TATAMOTORS,,,,,,,,,True
2023-03-01,TCS,,,,,,,,,True
2023-03-01,WIPRO,,,,,,,,,True
2023-03-01,CIPLA,0.0,0.0,1.0,0.25,1.0,0.5,0.0,True,False
2023-03-01,INFY,0.0,0.0,0.0,0.0,,,,,True
2023-03-01,DRREDDY,,,,,,,,,True
2023-03-01,HCLTECH,,,,,,,,,True
2023-03-01,TECHM,-1.0,0.0,0.0,-0.4,,,,,True
2023-03-01,SUNPHARMA,-1.0,0.0,0.0,-0.4,1.0,1.0,0.0,True,False
2023-03-02,ADANIGREEN,,,,,,,,,True
2023-03-02,ASIANPAINT,,,,,,,,,True
2023-03-02,AXISBANK,,,,,,,,,True
2023-03-02,BAJAJ-AUTO,,,,,,,,,True
2023-03-02,HDFCBANK,1.0,0.0,0.0,0.4,,,,,True
2023-03-02,HINDUNILVR,,,,,,,,,True
2023-03-02,ICICIBANK,,,,,,,,,True
2023-03-02,ITC,,,,,,,,,True
2023-03-02,KOTAKBANK,1.0,1.0,0.0,0.75,,,,,True
2023-03-02,M&M,1.0,0.3333,0.0,0.5167,,,,,True
2023-03-02,MARUTI,0.0,0.0,1.0,0.25,,,,,True
2023-03-02,NTPC,1.0,1.0,1.0,1.0,,,,,True
2023-03-02,ONGC,-1.0,0.0,0.0,-0.4,,,,,True
2023-03-02,POWERGRID,1.0,0.0,0.0,0.4,1.0,1.0,0.0,True,False
2023-03-02,RELIANCE,1.0,0.0,0.0,0.4,,,,,True
2023-03-02,SBIN,,,,,,,,,True
2023-03-02,TATAMOTORS,,,,,,,,,True
2023-03-02,TCS,1.0,0.0,0.0,0.4,1.0,1.0,0.0,True,False
2023-03-02,WIPRO,,,,,,,,,True
2023-03-02,CIPLA,0.0,0.0,1.0,0.25,,,,,True
2023-03-02,INFY,1.0,1.0,0.0,0.75,1.0,1.0,0.0,True,False
2023-03-02,DRREDDY,,,,,,,,,True
2023-03-02,HCLTECH,0.0,0.5,0.0,0.175,2.0,1.0,0.5,False,False
2023-03-02,TECHM,-1.0,0.0,0.0,-0.4,,,,,True
2023-03-02,SUNPHARMA,-1.0,0.0,0.0,-0.4,,,,,True
2023-03-03,ADANIGREEN,,,,,,,,,True
2023-03-03,ASIANPAINT,,,,,,,,,True
2023-03-03,AXISBANK,,,,,,,,,True
2023-03-03,BAJAJ-AUTO,,,,,,,,,True
2023-03-03,HDFCBANK,1.0,0.0,0.0,0.4,,,,,True
2023-03-03,HINDUNILVR,,,,,,,,,True
2023-03-03,ICICIBANK,,,,,,,,,True
2023-03-03,ITC,,,,,,,,,True
2023-03-03,KOTAKBANK,1.0,1.0,0.0,0.75,,,,,True
2023-03-03,M&M,1.0,0.3333,0.0,0.5167,,,,,True
2023-03-03,MARUTI,0.0,0.0,1.0,0.25,,,,,True
2023-03-03,NTPC,1.0,1.0,1.0,1.0,,,,,True
2023-03-03,ONGC,,,,,,,,,True
2023-03-03,POWERGRID,1.0,0.0,0.0,0.4,,,,,True
2023-03-03,RELIANCE,1.0,0.0,0.0,0.4,,,,,True
2023-03-03,SBIN,,,,,,,,,True
2023-03-03,TATAMOTORS,,,,,,,,,True
2023-03-03,TCS,1.0,0.0,0.0,0.4,,,,,True
2023-03-03,WIPRO,,,,,,,,,True
2023-03-03,CIPLA,0.0,0.0,1.0,0.25,,,,,True
2023-03-03,INFY,1.0,1.0,0.0,0.75,,,,,True
2023-03-03,DRREDDY,,,,,,,,,True
2023-03-03,HCLTECH,0.0,0.5,0.0,0.175,,,,,True
2023-03-03,TECHM,,,,,,,,,True
2023-03-03,SUNPHARMA,-1.0,0.0,0.0,-0.4,,,,,True
2023-03-06,ADANIGREEN,,,,,,,,,True
2023-03-06,ASIANPAINT,,,,,,,,,True
2023-03-06,AXISBANK,0.7143,0.0,0.0,0.2857,2.0,0.75,0.0,True,False
2023-03-06,BAJAJ-AUTO,,,,,,,,,True
2023-03-06,HDFCBANK,0.0,0.0,0.0,0.0,1.0,0.5,0.0,True,False
2023-03-06,HINDUNILVR,,,,,,,,,True
2023-03-06,ICICIBANK,0.0,0.0,0.0,0.0,1.0,0.5,0.0,True,False
2023-03-06,ITC,0.0,0.0,0.0,0.0,1.0,0.5,0.0,True,False
2023-03-06,KOTAKBANK,0.0,0.0,0.0,0.0,1.0,0.5,0.0,True,False
2023-03-06,M&M,1.0,0.3333,0.0,0.5167,,,,,True
2023-03-06,MARUTI,0.0,0.0,1.0,0.25,,,,,True
2023-03-06,NTPC,1.0,1.0,1.0,1.0,,,,,True
2023-03-06,ONGC,,,,,,,,,True
2023-03-06,POWERGRID,0.0,0.0,1.0,0.25,1.0,0.5,0.0,True,False
2023-03-06,RELIANCE,1.0,0.0,0.0,0.4,,,,,True
2023-03-06,SBIN,0.0,0.0,0.0,0.0,1.0,0.5,0.0,True,False
2023-03-06,TATAMOTORS,0.0,0.0,1.0,0.25,1.0,0.5,0.0,True,False
2023-03-06,TCS,1.0,0.0,0.0,0.4,,,,,True
2023-03-06,WIPRO,,,,,,,,,True
2023-03-06,CIPLA,0.0,0.0,1.0,0.25,,,,,True
2023-03-06,INFY,1.0,1.0,0.0,0.75,,,,,True
2023-03-06,DRREDDY,,,,,,,,,True
2023-03-06,HCLTECH,0.0,0.5,0.0,0.175,,,,,True
2023-03-06,TECHM,,,,,,,,,True
2023-03-06,SUNPHARMA,-1.0,0.0,0.0,-0.4,1.0,1.0,0.0,True,False
2023-03-07,ADANIGREEN,0.0,0.0,1.0,0.25,1.0,0.5,0.0,True,False
2023-03-07,ASIANPAINT,,,,,,,,,True
2023-03-07,AXISBANK,0.7143,0.0,0.0,0.2857,,,,,True
2023-03-07,BAJAJ-AUTO,,,,,,,,,True
2023-03-07,HDFCBANK,0.0,0.0,0.0,0.0,,,,,True
2023-03-07,HINDUNILVR,,,,,,,,,True
2023-03-07,ICICIBANK,0.0,0.0,0.0,0.0,,,,,True
2023-03-07,ITC,0.0,0.0,1.0,0.25,1.0,0.5,0.0,True,False
2023-03-07,KOTAKBANK,0.0,0.0,0.0,0.0,,,,,True
2023-03-07,M&M,1.0,0.3333,0.0,0.5167,,,,,True
2023-03-07,MARUTI,0.0,0.0,1.0,0.25,,,,,True
2023-03-07,NTPC,1.0,1.0,1.0,1.0,,,,,True
2023-03-07,ONGC,,,,,,,,,True
2023-03-07,POWERGRID,0.0,0.0,1.0,0.25,1.0,0.5,0.0,True,False
2023-03-07,RELIANCE,1.0,0.0,0.0,0.4,,,,,True
2023-03-07,SBIN,0.0,0.0,0.0,0.0,,,,,True
2023-03-07,TATAMOTORS,0.0,0.0,1.0,0.25,,,,,True
2023-03-07,TCS,1.0,0.0,0.0,0.4,,,,,True
2023-03-07,WIPRO,1.0,1.0,0.0,0.75,1.0,1.0,0.0,True,False
2023-03-07,CIPLA,0.0,0.0,1.0,0.25,,,,,True
2023-03-07,INFY,1.0,1.0,0.0,0.75,,,,,True
2023-03-07,DRREDDY,,,,,,,,,True
2023-03-07,HCLTECH,0.0,0.5,0.0,0.175,,,,,True
2023-03-07,TECHM,,,,,,,,,True
2023-03-07,SUNPHARMA,-1.0,0.0,0.0,-0.4,,,,,True
2023-03-08,ADANIGREEN,0.0,0.0,1.0,0.25,,,,,True
2023-03-08,ASIANPAINT,,,,,,,,,True
2023-03-08,AXISBANK,0.7143,0.0,0.0,0.2857,,,,,True
2023-03-08,BAJAJ-AUTO,0.0,0.0,1.0,0.25,1.0,0.5,0.0,True,False
2023-03-08,HDFCBANK,0.0,0.0,0.0,0.0,,,,,True
2023-03-08,HINDUNILVR,,,,,,,,,True
2023-03-08,ICICIBANK,0.0,0.0,0.0,0.0,,,,,True
2023-03-08,ITC,0.0,0.0,1.0,0.25,,,,,True
2023-03-08,KOTAKBANK,0.0,0.0,0.0,0.0,,,,,True
2023-03-08,M&M,,,,,,,,,True
2023-03-08,MARUTI,,,,,,,,,True
2023-03-08,NTPC,1.0,1.0,1.0,1.0,,,,,True
2023-03-08,ONGC,0.0,0.0,0.0,0.0,1.0,0.5,0.0,True,False
2023-03-08,POWERGRID,-1.0,0.0,0.0,-0.4,1.0,1.0,0.0,True,False
2023-03-08,RELIANCE,1.0,0.0,0.0,0.4,,,,,True
2023-03-08,SBIN,0.0,0.0,0.0,0.0,,,,,True
2023-03-08,TATAMOTORS,0.0,0.0,1.0,0.25,,,,,True
2023-03-08,TCS,1.0,0.0,0.0,0.4,,,,,True
2023-03-08,WIPRO,0.0,0.0,1.0,0.25,1.0,0.5,0.0,True,False
2023-03-08,CIPLA,0.0,0.0,1.0,0.25,,,,,True
2023-03-08,INFY,1.0,1.0,0.0,0.75,,,,,True
2023-03-08,DRREDDY,,,,,,,,,True
2023-03-08,HCLTECH,0.0,0.5,0.0,0.175,,,,,True
2023-03-08,TECHM,,,,,,,,,True
2023-03-08,SUNPHARMA,-1.0,0.0,0.0,-0.4,,,,,True
2023-03-09,ADANIGREEN,0.0,0.0,1.0,0.25,1.0,0.5,0.0,True,False
2023-03-09,ASIANPAINT,,,,,,,,,True
2023-03-09,AXISBANK,0.7143,0.0,0.0,0.2857,,,,,True
2023-03-09,BAJAJ-AUTO,0.0,0.0,1.0,0.25,,,,,True
2023-03-09,HDFCBANK,0.0,0.0,1.0,0.25,1.0,0.5,0.0,True,False
2023-03-09,HINDUNILVR,,,,,,,,,True
2023-03-09,ICICIBANK,0.0,0.0,0.0,0.0,,,,,True
2023-03-09,ITC,0.0,0.0,1.0,0.25,,,,,True
2023-03-09,KOTAKBANK,0.0,0.0,0.0,0.0,,,,,True
2023-03-09,M&M,,,,,,,,,True
2023-03-09,MARUTI,,,,,,,,,True
2023-03-09,NTPC,,,,,,,,,True
2023-03-09,ONGC,0.0,0.0,0.0,0.0,1.0,0.5,0.0,True,False
2023-03-09,POWERGRID,0.0,0.0,1.0,0.25,1.0,0.5,0.0,True,False
2023-03-09,RELIANCE,,,,,,,,,True
2023-03-09,SBIN,-1.0,0.0,0.0,-0.4,1.0,1.0,0.0,True,False
2023-03-09,TATAMOTORS,1.0,1.0,0.0,0.75,1.0,1.0,0.0,True,False
2023-03-09,TCS,1.0,0.0,0.0,0.4,,,,,True
2023-03-09,WIPRO,0.0,0.0,1.0,0.25,,,,,True
2023-03-09,CIPLA,,,,,,,,,True
2023-03-09,INFY,1.0,1.0,0.0,0.75,,,,,True
2023-03-09,DRREDDY,,,,,,,,,True
2023-03-09,HCLTECH,0.0,0.0,1.0,0.25,1.0,0.5,0.0,True,False
2023-03-09,TECHM,,,,,,,,,True
2023-03-09,SUNPHARMA,-1.0,0.0,0.0,-0.4,,,,,True
2023-03-10,ADANIGREEN,0.0,0.0,1.0,0.25,,,,,True
2023-03-10,ASIANPAINT,,,,,,,,,True
2023-03-10,AXISBANK,0.7143,0.0,0.0,0.2857,,,,,True
2023-03-10,BAJAJ-AUTO,0.0,0.0,1.0,0.25,,,,,True
2023-03-10,HDFCBANK,0.0,0.0,1.0,0.25,,,,,True
2023-03-10,HINDUNILVR,,,,,,,,,True
2023-03-10,ICICIBANK,0.0,0.0,0.0,0.0,,,,,True
2023-03-10,ITC,0.0,0.0,1.0,0.25,,,,,True
2023-03-10,KOTAKBANK,0.0,0.0,0.0,0.0,,,,,True
2023-03-10,M&M,,,,,,,,,True
2023-03-10,MARUTI,,,,,,,,,True
2023-03-10,NTPC,,,,,,,,,True
2023-03-10,ONGC,0.0,0.0,0.0,0.0,,,,,True
2023-03-10,POWERGRID,0.0,0.0,1.0,0.25,,,,,True
2023-03-10,RELIANCE,,,,,,,,,True
2023-03-10,SBIN,-1.0,0.0,0.0,-0.4,,,,,True
2023-03-10,TATAMOTORS,1.0,1.0,0.0,0.75,,,,,True
2023-03-10,TCS,,,,,,,,,True
2023-03-10,WIPRO,0.0,0.0,1.0,0.25,,,,,True
2023-03-10,CIPLA,,,,,,,,,True
2023-03-10,INFY,,,,,,,,,True
2023-03-10,DRREDDY,,,,,,,,,True
2023-03-10,HCLTECH,0.0,0.0,1.0,0.25,,,,,True
2023-03-10,TECHM,,,,,,,,,True
2023-03-10,SUNPHARMA,-1.0,0.0,0.0,-0.4,,,,,True
2023-03-13,ADANIGREEN,0.0,0.0,1.0,0.25,,,,,True
2023-03-13,ASIANPAINT,1.0,1.0,0.0,0.75,1.0,1.0,0.0,True,False
2023-03-13,AXISBANK,0.7143,0.0,0.0,0.2857,,,,,True
2023-03-13,BAJAJ-AUTO,0.0,0.0,0.0,0.0,1.0,0.5,0.0,True,False
2023-03-13,HDFCBANK,0.0,0.0,1.0,0.25,,,,,True
2023-03-13,HINDUNILVR,,,,,,,,,True
2023-03-13,ICICIBANK,0.0,0.0,0.0,0.0,,,,,True
2023-03-13,ITC,0.0,0.0,1.0,0.25,,,,,True
2023-03-13,KOTAKBANK,0.0,0.0,0.0,0.0,,,,,True
2023-03-13,M&M,,,,,,,,,True
2023-03-13,MARUTI,,,,,,,,,True
2023-03-13,NTPC,1.0,1.0,1.0,1.0,1.0,1.0,0.0,True,False
2023-03-13,ONGC,0.0,0.0,0.0,0.0,,,,,True
2023-03-13,POWERGRID,0.0,0.0,1.0,0.25,,,,,True
2023-03-13,RELIANCE,,,,,,,,,True
2023-03-13,SBIN,-1.0,0.0,0.0,-0.4,,,,,True
2023-03-13,TATAMOTORS,1.0,1.0,0.0,0.75,,,,,True
2023-03-13,TCS,,,,,,,,,True
2023-03-13,WIPRO,0.0,0.0,1.0,0.25,1.0,0.5,0.0,True,False
2023-03-13,CIPLA,,,,,,,,,True
2023-03-13,INFY,,,,,,,,,True
2023-03-13,DRREDDY,,,,,,,,,True
2023-03-13,HCLTECH,0.0,0.0,1.0,0.25,,,,,True
2023-03-13,TECHM,,,,,,,,,True
2023-03-13,SUNPHARMA,-1.0,0.0,0.0,-0.4,,,,,True
2023-03-14,ADANIGREEN,0.0,0.0,1.0,0.25,,,,,True
2023-03-14,ASIANPAINT,1.0,1.0,0.0,0.75,,,,,True
2023-03-14,AXISBANK,,,,,,,,,True
2023-03-14,BAJAJ-AUTO,0.0,0.0,0.0,0.0,,,,,True
2023-03-14,HDFCBANK,0.0,0.0,1.0,0.25,,,,,True
2023-03-14,HINDUNILVR,,,,,,,,,True
2023-03-14,ICICIBANK,,,,,,,,,True
2023-03-14,ITC,0.0,0.0,1.0,0.25,,,,,True
2023-03-14,KOTAKBANK,,,,,,,,,True
2023-03-14,M&M,1.0,0.0,0.0,0.4,1.0,1.0,0.0,True,False
2023-03-14,MARUTI,,,,,,,,,True
2023-03-14,NTPC,1.0,1.0,1.0,1.0,,,,,True
2023-03-14,ONGC,0.0,0.0,0.0,0.0,,,,,True
2023-03-14,POWERGRID,1.0,1.0,0.0,0.75,1.0,1.0,0.0,True,False
2023-03-14,RELIANCE,,,,,,,,,True
2023-03-14,SBIN,-1.0,0.0,0.0,-0.4,,,,,True
2023-03-14,TATAMOTORS,1.0,1.0,0.0,0.75,,,,,True
2023-03-14,TCS,,,,,,,,,True
2023-03-14,WIPRO,0.0,0.0,1.0,0.25,,,,,True
2023-03-14,CIPLA,,,,,,,,,True
2023-03-14,INFY,,,,,,,,,True
2023-03-14,DRREDDY,,,,,,,,,True
2023-03-14,HCLTECH,0.0,0.0,1.0,0.25,,,,,True
2023-03-14,TECHM,1.0,0.0,0.0,0.4,1.0,1.0,0.0,True,False
2023-03-14,SUNPHARMA,,,,,,,,,True
2023-03-15,ADANIGREEN,0.0,0.0,1.0,0.25,,,,,True
2023-03-15,ASIANPAINT,1.0,1.0,0.0,0.75,,,,,True
2023-03-15,AXISBANK,,,,,,,,,True
2023-03-15,BAJAJ-AUTO,0.0,0.0,0.0,0.0,,,,,True
2023-03-15,HDFCBANK,0.0,0.0,1.0,0.25,,,,,True
2023-03-15,HINDUNILVR,,,,,,,,,True
2023-03-15,ICICIBANK,,,,,,,,,True
2023-03-15,ITC,,,,,,,,,True
2023-03-15,KOTAKBANK,,,,,,,,,True
2023-03-15,M&M,1.0,0.0,0.0,0.4,,,,,True
2023-03-15,MARUTI,,,,,,,,,True
2023-03-15,NTPC,1.0,1.0,1.0,1.0,,,,,True
2023-03-15,ONGC,0.0,0.0,0.0,0.0,,,,,True
2023-03-15,POWERGRID,1.0,1.0,0.0,0.75,,,,,True
2023-03-15,RELIANCE,,,,,,,,,True
2023-03-15,SBIN,0.0,0.0,1.0,0.25,1.0,0.5,0.0,True,False
2023-03-15,TATAMOTORS,1.0,1.0,0.0,0.75,,,,,True
2023-03-15,TCS,,,,,,,,,True
2023-03-15,WIPRO,0.0,0.0,0.0,0.0,1.0,0.5,0.0,True,False
2023-03-15,CIPLA,,,,,,,,,True
2023-03-15,INFY,,,,,,,,,True
2023-03-15,DRREDDY,-1.0,0.0,0.0,-0.4,1.0,1.0,0.0,True,False
2023-03-15,HCLTECH,0.0,0.0,0.0,0.0,1.0,0.5,0.0,True,False
2023-03-15,TECHM,1.0,0.0,0.0,0.4,,,,,True
2023-03-15,SUNPHARMA,,,,,,,,,True
2023-03-16,ADANIGREEN,0.0,0.0,1.0,0.25,,,,,True
2023-03-16,ASIANPAINT,1.0,1.0,0.0,0.75,,,,,True
2023-03-16,AXISBANK,0.0,0.0,0.5,0.125,2.0,0.5,0.0,True,False
2023-03-16,BAJAJ-AUTO,0.0,0.0,0.0,0.0,,,,,True
2023-03-16,HDFCBANK,0.0,0.0,0.0,0.0,1.0,0.5,0.0,True,False
2023-03-16,HINDUNILVR,,,,,,,,,True
2023-03-16,ICICIBANK,0.0,0.0,0.0,0.0,1.0,0.5,0.0,True,False
2023-03-16,ITC,,,,,,,,,True
2023-03-16,KOTAKBANK,0.0,0.0,0.0,0.0,1.0,0.5,0.0,True,False
2023-03-16,M&M,1.0,0.0,0.0,0.4,,,,,True
2023-03-16,MARUTI,1.0,1.0,0.0,0.75,1.0,1.0,0.0,True,False
2023-03-16,NTPC,1.0,1.0,1.0,1.0,,,,,True
2023-03-16,ONGC,0.0,0.0,0.0,0.0,,,,,True
2023-03-16,POWERGRID,1.0,1.0,0.0,0.75,,,,,True
2023-03-16,RELIANCE,,,,,,,,,True
2023-03-16,SBIN,0.0,0.0,0.0,0.0,1.0,0.5,0.0,True,False
2023-03-16,TATAMOTORS,1.0,1.0,0.0,0.75,,,,,True
2023-03-16,TCS,,,,,,,,,True
2023-03-16,WIPRO,0.0,0.0,0.0,0.0,,,,,True
2023-03-16,CIPLA,0.0,0.0,1.0,0.25,1.0,0.5,0.0,True,False
2023-03-16,INFY,0.5,0.0,0.5,0.325,2.0,0.75,0.0,True,False
2023-03-16,DRREDDY,-1.0,0.0,0.0,-0.4,,,,,True
2023-03-16,HCLTECH,0.0,0.0,0.0,0.0,,,,,True
2023-03-16,TECHM,1.0,0.0,0.0,0.4,,,,,True
2023-03-16,SUNPHARMA,,,,,,,,,True
2023-03-17,ADANIGREEN,,,,,,,,,True
2023-03-17,ASIANPAINT,1.0,1.0,0.0,0.75,,,,,True
2023-03-17,AXISBANK,0.0,0.0,0.5,0.125,,,,,True
2023-03-17,BAJAJ-AUTO,0.0,0.0,0.0,0.0,,,,,True
2023-03-17,HDFCBANK,0.0,0.0,0.0,0.0,,,,,True
2023-03-17,HINDUNILVR,,,,,,,,,True
2023-03-17,ICICIBANK,0.0,0.0,0.0,0.0,,,,,True
2023-03-17,ITC,,,,,,,,,True
2023-03-17,KOTAKBANK,0.0,0.0,0.0,0.0,,,,,True
2023-03-17,M&M,1.0,0.0,0.0,0.4,,,,,True
2023-03-17,MARUTI,1.0,1.0,0.0,0.75,,,,,True
2023-03-17,NTPC,1.0,1.0,1.0,1.0,,,,,True
2023-03-17,ONGC,,,,,,,,,True
2023-03-17,POWERGRID,1.0,1.0,0.0,0.75,,,,,True
2023-03-17,RELIANCE,,,,,,,,,True
2023-03-17,SBIN,0.0,0.0,0.0,0.0,,,,,True
2023-03-17,TATAMOTORS,,,,,,,,,True
2023-03-17,TCS,,,,,,,,,True
2023-03-17,WIPRO,0.0,0.0,0.0,0.0,,,,,True
2023-03-17,CIPLA,0.0,0.0,1.0,0.25,,,,,True
2023-03-17,INFY,0.5,0.0,0.5,0.325,,,,,True
2023-03-17,DRREDDY,-1.0,0.0,0.0,-0.4,,,,,True
2023-03-17,HCLTECH,0.0,0.0,0.0,0.0,,,,,True
2023-03-17,TECHM,1.0,0.0,0.0,0.4,,,,,True
2023-03-17,SUNPHARMA,,,,,,,,,True
2023-03-20,ADANIGREEN,,,,,,,,,True
2023-03-20,ASIANPAINT,1.0,1.0,0.0,0.75,,,,,True
2023-03-20,AXISBANK,0.0,0.0,0.5,0.125,,,,,True
2023-03-20,BAJAJ-AUTO,0.0,0.0,0.0,0.0,,,,,True
2023-03-20,HDFCBANK,1.0,0.0,0.0,0.4,1.0,1.0,0.0,True,False
2023-03-20,HINDUNILVR,,,,,,,,,True
2023-03-20,ICICIBANK,0.0,0.0,0.0,0.0,,,,,True
2023-03-20,ITC,1.0,0.0,0.0,0.4,1.0,1.0,0.0,True,False
2023-03-20,KOTAKBANK,0.0,0.0,0.0,0.0,,,,,True
2023-03-20,M&M,1.0,0.0,0.0,0.4,,,,,True
2023-03-20,MARUTI,1.0,0.0,0.0,0.4,1.0,1.0,0.0,True,False
2023-03-20,NTPC,1.0,1.0,1.0,1.0,,,,,True
2023-03-20,ONGC,0.0,0.0,1.0,0.25,1.0,0.5,0.0,True,False
2023-03-20,POWERGRID,1.0,1.0,0.0,0.75,,,,,True
2023-03-20,RELIANCE,,,,,,,,,True
2023-03-20,SBIN,0.0,0.0,0.0,0.0,,,,,True
2023-03-20,TATAMOTORS,,,,,,,,,True
2023-03-20,TCS,,,,,,,,,True
2023-03-20,WIPRO,0.0,0.0,0.0,0.0,,,,,True
2023-03-20,CIPLA,0.0,0.0,1.0,0.25,,,,,True
2023-03-20,INFY,0.5,0.0,0.5,0.325,,,,,True
2023-03-20,DRREDDY,-1.0,0.0,0.0,-0.4,,,,,True
2023-03-20,HCLTECH,0.0,0.0,0.0,0.0,,,,,True
2023-03-20,TECHM,1.0,0.0,0.0,0.4,,,,,True
2023-03-20,SUNPHARMA,1.0,0.0,0.0,0.4,1.0,1.0,0.0,True,False
2023-03-21,ADANIGREEN,-1.0,-1.0,1.0,-0.5,1.0,1.0,0.0,True,False
2023-03-21,ASIANPAINT,,,,,,,,,True
2023-03-21,AXISBANK,0.0,0.0,0.0,0.0,1.0,0.5,0.0,True,False
2023-03-21,BAJAJ-AUTO,,,,,,,,,True
2023-03-21,HDFCBANK,0.0,0.0,0.0,0.0,1.0,0.5,0.0,True,False
2023-03-21,HINDUNILVR,,,,,,,,,True
2023-03-21,ICICIBANK,0.0,0.0,0.0,0.0,1.0,0.5,0.0,True,False
2023-03-21,ITC,1.0,0.0,0.0,0.4,,,,,True
2023-03-21,KOTAKBANK,0.0,0.0,0.0,0.0,1.0,0.5,0.0,True,False
2023-03-21,M&M,1.0,0.5,0.0,0.575,2.0,1.0,0.0,False,False
2023-03-21,MARUTI,1.0,0.0,0.0,0.4,,,,,True
2023-03-21,NTPC,,,,,,,,,True
2023-03-21,ONGC,0.0,0.0,1.0,0.25,,,,,True
2023-03-21,POWERGRID,1.0,1.0,0.0,0.75,,,,,True
2023-03-21,RELIANCE,1.0,0.0,0.0,0.4,1.0,1.0,0.0,True,False
2023-03-21,SBIN,0.0,0.0,0.0,0.0,1.0,0.5,0.0,True,False
2023-03-21,TATAMOTORS,,,,,,,,,True
2023-03-21,TCS,0.0,0.0,0.0,0.0,1.0,0.5,0.0,True,False
2023-03-21,WIPRO,0.0,0.0,0.0,0.0,,,,,True
2023-03-21,CIPLA,0.0,0.0,1.0,0.25,,,,,True
2023-03-21,INFY,0.5,0.0,0.5,0.325,,,,,True
2023-03-21,DRREDDY,-1.0,0.0,0.0,-0.4,,,,,True
2023-03-21,HCLTECH,0.0,0.0,1.0,0.25,1.0,0.5,0.0,True,False
2023-03-21,TECHM,0.5,0.0,0.0,0.2,2.0,0.75,0.0,True,False
2023-03-21,SUNPHARMA,0.0,0.0,0.0,0.0,1.0,0.5,0.0,True,False
2023-03-22,ADANIGREEN,-1.0,-1.0,1.0,-0.5,,,,,True
2023-03-22,ASIANPAINT,,,,,,,,,True
2023-03-22,AXISBANK,1.0,1.0,0.0,0.75,1.0,1.0,0.0,True,False
2023-03-22,BAJAJ-AUTO,,,,,,,,,True
2023-03-22,HDFCBANK,1.0,0.0,0.0,0.4,1.0,1.0,0.0,True,False
2023-03-22,HINDUNILVR,,,,,,,,,True
2023-03-22,ICICIBANK,0.0,0.0,0.0,0.0,,,,,True
2023-03-22,ITC,1.0,0.0,0.0,0.4,,,,,True
2023-03-22,KOTAKBANK,0.0,0.0,0.0,0.0,1.0,0.5,0.0,True,False
2023-03-22,M&M,0.0,0.0,0.0,0.0,1.0,0.5,0.0,True,False
2023-03-22,MARUTI,1.0,0.0,0.0,0.4,,,,,True
2023-03-22,NTPC,,,,,,,,,True
2023-03-22,ONGC,0.0,0.0,1.0,0.25,,,,,True
2023-03-22,POWERGRID,1.0,0.0,0.0,0.4,1.0,1.0,0.0,True,False
2023-03-22,RELIANCE,1.0,0.0,0.0,0.4,,,,,True
2023-03-22,SBIN,0.0,0.0,0.0,0.0,,,,,True
2023-03-22,TATAMOTORS,,,,,,,,,True
2023-03-22,TCS,0.0,0.0,0.0,0.0,,,,,True
2023-03-22,WIPRO,0.0,0.0,0.0,0.0,,,,,True
2023-03-22,CIPLA,0.0,0.0,1.0,0.25,,,,,True
2023-03-22,INFY,0.5,0.0,0.5,0.325,,,,,True
2023-03-22,DRREDDY,-1.0,0.0,0.0,-0.4,,,,,True
2023-03-22,HCLTECH,0.0,0.0,1.0,0.25,,,,,True
2023-03-22,TECHM,0.5,0.0,0.0,0.2,,,,,True
2023-03-22,SUNPHARMA,0.0,0.0,0.0,0.0,,,,,True
2023-03-23,ADANIGREEN,-1.0,-1.0,1.0,-0.5,,,,,True
2023-03-23,ASIANPAINT,1.0,1.0,0.0,0.75,1.0,1.0,0.0,True,False
2023-03-23,AXISBANK,1.0,1.0,0.0,0.75,,,,,True
2023-03-23,BAJAJ-AUTO,1.0,1.0,0.0,0.75,1.0,1.0,0.0,True,False
2023-03-23,HDFCBANK,1.0,0.0,0.0,0.4,,,,,True
2023-03-23,HINDUNILVR,1.0,1.0,0.0,0.75,1.0,1.0,0.0,True,False
2023-03-23,ICICIBANK,0.0,0.0,0.0,0.0,,,,,True
2023-03-23,ITC,1.0,0.0,0.0,0.4,,,,,True
2023-03-23,KOTAKBANK,0.0,0.0,0.0,0.0,,,,,True
2023-03-23,M&M,0.0,0.0,0.0,0.0,,,,,True
2023-03-23,MARUTI,1.0,0.0,0.0,0.4,,,,,True
2023-03-23,NTPC,0.0,0.0,1.0,0.25,1.0,0.5,0.0,True,False
2023-03-23,ONGC,0.0,0.0,1.0,0.25,,,,,True
2023-03-23,POWERGRID,1.0,0.0,0.0,0.4,,,,,True
2023-03-23,RELIANCE,1.0,0.0,0.0,0.4,,,,,True
2023-03-23,SBIN,0.0,0.0,0.0,0.0,,,,,True
2023-03-23,TATAMOTORS,,,,,,,,,True
2023-03-23,TCS,0.0,0.0,0.0,0.0,,,,,True
2023-03-23,WIPRO,,,,,,,,,True
2023-03-23,CIPLA,0.0,0.0,1.0,0.25,,,,,True
2023-03-23,INFY,0.5,0.0,0.5,0.325,,,,,True
2023-03-23,DRREDDY,,,,,,,,,True
2023-03-23,HCLTECH,0.0,0.0,1.0,0.25,,,,,True
2023-03-23,TECHM,0.5,0.0,0.0,0.2,,,,,True
2023-03-23,SUNPHARMA,0.0,0.0,0.0,0.0,,,,,True
2023-03-24,ADANIGREEN,-1.0,-1.0,1.0,-0.5,,,,,True
2023-03-24,ASIANPAINT,1.0,1.0,0.0,0.75,,,,,True
2023-03-24,AXISBANK,1.0,1.0,0.0,0.75,,,,,True
2023-03-24,BAJAJ-AUTO,1.0,1.0,0.0,0.75,,,,,True
2023-03-24,HDFCBANK,1.0,0.0,0.0,0.4,,,,,True
2023-03-24,HINDUNILVR,1.0,1.0,0.0,0.75,,,,,True
2023-03-24,ICICIBANK,0.0,0.0,0.0,0.0,,,,,True
2023-03-24,ITC,1.0,0.0,0.0,0.4,,,,,True
2023-03-24,KOTAKBANK,0.0,0.0,0.0,0.0,,,,,True
2023-03-24,M&M,0.0,0.0,0.0,0.0,,,,,True
2023-03-24,MARUTI,1.0,0.0,0.0,0.4,,,,,True
2023-03-24,NTPC,0.0,0.0,1.0,0.25,,,,,True
2023-03-24,ONGC,0.0,0.0,1.0,0.25,,,,,True
2023-03-24,POWERGRID,1.0,0.0,0.0,0.4,,,,,True
2023-03-24,RELIANCE,1.0,0.0,0.0,0.4,,,,,True
2023-03-24,SBIN,0.0,0.0,0.0,0.0,,,,,True
2023-03-24,TATAMOTORS,,,,,,,,,True
2023-03-24,TCS,0.0,0.0,0.0,0.0,,,,,True
2023-03-24,WIPRO,,,,,,,,,True
2023-03-24,CIPLA,,,,,,,,,True
2023-03-24,INFY,,,,,,,,,True
2023-03-24,DRREDDY,,,,,,,,,True
2023-03-24,HCLTECH,0.0,0.0,1.0,0.25,,,,,True
2023-03-24,TECHM,0.5,0.0,0.0,0.2,,,,,True
2023-03-24,SUNPHARMA,0.0,0.0,0.0,0.0,,,,,True
2023-03-27,ADANIGREEN,-1.0,-1.0,1.0,-0.5,,,,,True
2023-03-27,ASIANPAINT,1.0,1.0,0.0,0.75,,,,,True
2023-03-27,AXISBANK,0.5,0.0,0.0,0.2,2.0,0.75,0.0,True,False
2023-03-27,BAJAJ-AUTO,0.0,0.0,0.0,0.0,1.0,0.5,0.0,True,False
2023-03-27,HDFCBANK,0.5,0.0,0.0,0.2,2.0,0.75,0.0,True,False
2023-03-27,HINDUNILVR,1.0,1.0,0.0,0.75,,,,,True
2023-03-27,ICICIBANK,0.5,0.0,0.0,0.2,2.0,0.75,0.0,True,False
2023-03-27,ITC,1.0,0.0,0.0,0.4,,,,,True
2023-03-27,KOTAKBANK,0.5,0.0,0.0,0.2,2.0,0.75,0.0,True,False
2023-03-27,M&M,1.0,0.0,0.0,0.4,1.0,1.0,0.0,True,False
2023-03-27,MARUTI,1.0,0.0,0.0,0.4,,,,,True
2023-03-27,NTPC,0.0,0.0,1.0,0.25,,,,,True
2023-03-27,ONGC,0.0,0.0,1.0,0.25,,,,,True
2023-03-27,POWERGRID,-1.0,0.0,0.0,-0.4,1.0,1.0,0.0,True,False
2023-03-27,RELIANCE,1.0,0.0,0.0,0.4,,,,,True
2023-03-27,SBIN,0.5,0.0,0.0,0.2,2.0,0.75,0.0,True,False
2023-03-27,TATAMOTORS,,,,,,,,,True
2023-03-27,TCS,0.0,0.0,0.0,0.0,,,,,True
2023-03-27,WIPRO,,,,,,,,,True
2023-03-27,CIPLA,,,,,,,,,True
2023-03-27,INFY,,,,,,,,,True
2023-03-27,DRREDDY,,,,,,,,,True
2023-03-27,HCLTECH,0.0,0.0,1.0,0.25,,,,,True
2023-03-27,TECHM,1.0,0.0,0.0,0.4,1.0,1.0,0.0,True,False
2023-03-27,SUNPHARMA,0.0,0.0,0.0,0.0,,,,,True
2023-03-28,ADANIGREEN,-1.0,-1.0,1.0,-0.5,,,,,True
2023-03-28,ASIANPAINT,1.0,1.0,0.0,0.75,,,,,True
2023-03-28,AXISBANK,0.5,0.0,0.0,0.2,,,,,True
2023-03-28,BAJAJ-AUTO,0.0,0.0,0.0,0.0,,,,,True
2023-03-28,HDFCBANK,0.5,0.0,0.0,0.2,,,,,True
2023-03-28,HINDUNILVR,1.0,1.0,0.0,0.75,,,,,True
2023-03-28,ICICIBANK,0.5,0.0,0.0,0.2,,,,,True
2023-03-28,ITC,0.0,0.0,1.0,0.25,1.0,0.5,0.0,True,False
2023-03-28,KOTAKBANK,0.5,0.0,0.0,0.2,,,,,True
2023-03-28,M&M,1.0,0.0,0.0,0.4,1.0,1.0,0.0,True,False
2023-03-28,MARUTI,,,,,,,,,True
2023-03-28,NTPC,0.0,0.0,1.0,0.25,,,,,True
2023-03-28,ONGC,0.0,0.0,1.0,0.25,1.0,0.5,0.0,True,False
2023-03-28,POWERGRID,-1.0,0.0,0.0,-0.4,,,,,True
2023-03-28,RELIANCE,1.0,0.0,0.0,0.4,,,,,True
2023-03-28,SBIN,0.5,0.0,0.0,0.2,,,,,True
2023-03-28,TATAMOTORS,0.0,0.0,0.0,0.0,1.0,0.5,0.0,True,False
2023-03-28,TCS,0.0,0.0,0.0,0.0,,,,,True
2023-03-28,WIPRO,,,,,,,,,True
2023-03-28,CIPLA,,,,,,,,,True
2023-03-28,INFY,,,,,,,,,True
2023-03-28,DRREDDY,,,,,,,,,True
2023-03-28,HCLTECH,0.0,0.0,1.0,0.25,1.0,0.5,0.0,True,False
2023-03-28,TECHM,1.0,0.0,0.0,0.4,1.0,1.0,0.0,True,False
2023-03-28,SUNPHARMA,0.0,0.0,0.0,0.0,,,,,True
2023-03-29,ADANIGREEN,,,,,,,,,True
2023-03-29,ASIANPAINT,1.0,1.0,0.0,0.75,,,,,True
2023-03-29,AXISBANK,0.5,0.0,0.0,0.2,2.0,0.75,0.0,True,False
2023-03-29,BAJAJ-AUTO,0.0,0.0,0.0,0.0,,,,,True
2023-03-29,HDFCBANK,0.5,0.0,0.0,0.2,,,,,True
2023-03-29,HINDUNILVR,1.0,1.0,0.0,0.75,,,,,True
2023-03-29,ICICIBANK,0.5,0.0,0.0,0.2,,,,,True
2023-03-29,ITC,0.0,0.0,1.0,0.25,,,,,True
2023-03-29,KOTAKBANK,0.5,0.0,0.0,0.2,,,,,True
2023-03-29,M&M,1.0,0.0,0.0,0.4,,,,,True
2023-03-29,MARUTI,,,,,,,,,True
2023-03-29,NTPC,0.0,0.0,1.0,0.25,,,,,True
2023-03-29,ONGC,0.0,0.0,1.0,0.25,,,,,True
2023-03-29,POWERGRID,-1.0,0.0,0.0,-0.4,,,,,True
2023-03-29,RELIANCE,,,,,,,,,True
2023-03-29,SBIN,0.5,0.0,0.0,0.2,,,,,True
2023-03-29,TATAMOTORS,0.0,0.0,0.0,0.0,,,,,True
2023-03-29,TCS,,,,,,,,,True
2023-03-29,WIPRO,,,,,,,,,True
2023-03-29,CIPLA,,,,,,,,,True
2023-03-29,INFY,,,,,,,,,True
2023-03-29,DRREDDY,,,,,,,,,True
2023-03-29,HCLTECH,0.0,0.0,1.0,0.25,,,,,True
2023-03-29,TECHM,1.0,0.0,0.0,0.4,,,,,True
2023-03-29,SUNPHARMA,,,,,,,,,True
2023-03-30,ADANIGREEN,,,,,,,,,True
2023-03-30,ASIANPAINT,1.0,1.0,0.0,0.75,,,,,True
2023-03-30,AXISBANK,0.5,0.0,0.0,0.2,,,,,True
2023-03-30,BAJAJ-AUTO,0.0,0.0,0.0,0.0,,,,,True
2023-03-30,HDFCBANK,0.5,0.0,0.0,0.2,,,,,True
2023-03-30,HINDUNILVR,0.0,0.0,0.0,0.0,1.0,0.5,0.0,True,False
2023-03-30,ICICIBANK,0.5,0.0,0.0,0.2,,,,,True
2023-03-30,ITC,0.0,0.0,1.0,0.25,1.0,0.5,0.0,True,False
2023-03-30,KOTAKBANK,0.5,0.0,0.0,0.2,,,,,True
2023-03-30,M&M,1.0,0.0,0.0,0.4,,,,,True
2023-03-30,MARUTI,,,,,,,,,True
2023-03-30,NTPC,0.0,0.0,1.0,0.25,,,,,True
2023-03-30,ONGC,0.0,0.0,1.0,0.25,,,,,True
2023-03-30,POWERGRID,-1.0,0.0,0.0,-0.4,,,,,True
2023-03-30,RELIANCE,,,,,,,,,True
2023-03-30,SBIN,0.5,0.0,0.0,0.2,,,,,True
2023-03-30,TATAMOTORS,0.0,0.0,0.0,0.0,,,,,True
2023-03-30,TCS,,,,,,,,,True
2023-03-30,WIPRO,,,,,,,,,True
2023-03-30,CIPLA,,,,,,,,,True
2023-03-30,INFY,-1.0,0.0,0.0,-0.4,1.0,1.0,0.0,True,False
2023-03-30,DRREDDY,,,,,,,,,True
2023-03-30,HCLTECH,0.0,0.0,1.0,0.25,,,,,True
2023-03-30,TECHM,1.0,0.0,0.0,0.4,,,,,True
2023-03-30,SUNPHARMA,,,,,,,,,True
2023-03-31,ADANIGREEN,,,,,,,,,True
2023-03-31,ASIANPAINT,,,,,,,,,True
2023-03-31,AXISBANK,0.5,0.0,0.0,0.2,,,,,True
2023-03-31,BAJAJ-AUTO,0.0,0.0,0.0,0.0,,,,,True
2023-03-31,HDFCBANK,0.5,0.0,0.0,0.2,,,,,True
2023-03-31,HINDUNILVR,0.0,0.0,0.0,0.0,,,,,True
2023-03-31,ICICIBANK,0.5,0.0,0.0,0.2,,,,,True
2023-03-31,ITC,0.0,0.0,1.0,0.25,,,,,True
2023-03-31,KOTAKBANK,0.5,0.0,0.0,0.2,,,,,True
2023-03-31,M&M,1.0,0.0,0.0,0.4,,,,,True
2023-03-31,MARUTI,,,,,,,,,True
2023-03-31,NTPC,,,,,,,,,True
2023-03-31,ONGC,0.0,0.0,1.0,0.25,,,,,True
2023-03-31,POWERGRID,-1.0,0.0,0.0,-0.4,,,,,True
2023-03-31,RELIANCE,,,,,,,,,True
2023-03-31,SBIN,0.5,0.0,0.0,0.2,,,,,True
2023-03-31,TATAMOTORS,0.0,0.0,0.0,0.0,,,,,True
2023-03-31,TCS,,,,,,,,,True
2023-03-31,WIPRO,,,,,,,,,True
2023-03-31,CIPLA,,,,,,,,,True
2023-03-31,INFY,-1.0,0.0,0.0,-0.4,,,,,True
2023-03-31,DRREDDY,,,,,,,,,True
2023-03-31,HCLTECH,0.0,0.0,1.0,0.25,,,,,True
2023-03-31,TECHM,1.0,0.0,0.0,0.4,,,,,True
2023-03-31,SUNPHARMA,,,,,,,,,True
2023-04-03,ADANIGREEN,,,,,,,,,True
2023-04-03,ASIANPAINT,,,,,,,,,True
2023-04-03,AXISBANK,0.5,0.0,0.0,0.2,,,,,True
2023-04-03,BAJAJ-AUTO,0.0,0.0,0.0,0.0,,,,,True
2023-04-03,HDFCBANK,0.5,0.0,0.0,0.2,,,,,True
2023-04-03,HINDUNILVR,0.0,0.0,0.0,0.0,,,,,True
2023-04-03,ICICIBANK,0.5,0.0,0.0,0.2,,,,,True
2023-04-03,ITC,0.0,0.0,1.0,0.25,,,,,True
2023-04-03,KOTAKBANK,0.5,0.0,0.0,0.2,,,,,True
2023-04-03,M&M,1.0,0.5,0.0,0.575,2.0,1.0,0.0,False,False
2023-04-03,MARUTI,,,,,,,,,True
2023-04-03,NTPC,0.0,0.0,1.0,0.25,1.0,0.5,0.0,True,False
2023-04-03,ONGC,0.0,0.0,1.0,0.25,,,,,True
2023-04-03,POWERGRID,0.0,0.0,0.0,0.0,1.0,0.5,0.0,True,False
2023-04-03,RELIANCE,,,,,,,,,True
2023-04-03,SBIN,0.5,0.0,0.0,0.2,,,,,True
2023-04-03,TATAMOTORS,0.0,0.0,0.0,0.0,,,,,True
2023-04-03,TCS,,,,,,,,,True
2023-04-03,WIPRO,,,,,,,,,True
2023-04-03,CIPLA,,,,,,,,,True
2023-04-03,INFY,-1.0,0.0,0.0,-0.4,,,,,True
2023-04-03,DRREDDY,,,,,,,,,True
2023-04-03,HCLTECH,0.0,0.0,1.0,0.25,1.0,0.5,0.0,True,False
2023-04-03,TECHM,1.0,1.0,0.0,0.75,1.0,1.0,0.0,True,False
2023-04-03,SUNPHARMA,,,,,,,,,True
2023-04-04,ADANIGREEN,,,,,,,,,True
2023-04-04,ASIANPAINT,,,,,,,,,True
2023-04-04,AXISBANK,0.0,0.0,0.0,0.0,1.0,0.5,0.0,True,False
2023-04-04,BAJAJ-AUTO,,,,,,,,,True
2023-04-04,HDFCBANK,,,,,,,,,True
2023-04-04,HINDUNILVR,1.0,1.0,0.0,0.75,1.0,1.0,0.0,True,False
2023-04-04,ICICIBANK,,,,,,,,,True
2023-04-04,ITC,0.0,0.0,1.0,0.25,1.0,0.5,0.0,True,False
2023-04-04,KOTAKBANK,,,,,,,,,True
2023-04-04,M&M,1.0,0.5,0.0,0.575,,,,,True
2023-04-04,MARUTI,,,,,,,,,True
2023-04-04,NTPC,0.0,0.0,1.0,0.25,,,,,True
2023-04-04,ONGC,1.0,0.0,0.0,0.4,1.0,1.0,0.0,True,False
2023-04-04,POWERGRID,0.0,0.0,1.0,0.25,1.0,0.5,0.0,True,False
2023-04-04,RELIANCE,1.0,0.0,0.0,0.4,1.0,1.0,0.0,True,False
2023-04-04,SBIN,-1.0,0.0,0.0,-0.4,1.0,1.0,0.0,True,False
2023-04-04,TATAMOTORS,0.0,0.0,0.0,0.0,1.0,0.5,0.0,True,False
2023-04-04,TCS,,,,,,,,,True
2023-04-04,WIPRO,,,,,,,,,True
2023-04-04,CIPLA,,,,,,,,,True
2023-04-04,INFY,-1.0,0.0,0.0,-0.4,,,,,True
2023-04-04,DRREDDY,,,,,,,,,True
2023-04-04,HCLTECH,0.0,0.0,1.0,0.25,1.0,0.5,0.0,True,False
2023-04-04,TECHM,1.0,1.0,0.0,0.75,,,,,True
2023-04-04,SUNPHARMA,,,,,,,,,True
2023-04-05,ADANIGREEN,,,,,,,,,True
2023-04-05,ASIANPAINT,,,,,,,,,True
2023-04-05,AXISBANK,0.0,0.0,0.0,0.0,,,,,True
2023-04-05,BAJAJ-AUTO,-1.0,0.0,0.0,-0.4,1.0,1.0,0.0,True,False
2023-04-05,HDFCBANK,,,,,,,,,True
2023-04-05,HINDUNILVR,1.0,1.0,0.0,0.75,,,,,True
2023-04-05,ICICIBANK,,,,,,,,,True
2023-04-05,ITC,0.0,0.0,1.0,0.25,,,,,True
2023-04-05,KOTAKBANK,,,,,,,,,True
2023-04-05,M&M,1.0,0.5,0.0,0.575,,,,,True
2023-04-05,MARUTI,,,,,,,,,True
2023-04-05,NTPC,0.5,0.5,1.0,0.625,2.0,0.75,0.0,True,False
2023-04-05,ONGC,1.0,0.0,0.0,0.4,,,,,True
2023-04-05,POWERGRID,0.0,0.0,1.0,0.25,,,,,True
2023-04-05,RELIANCE,1.0,0.0,0.0,0.4,1.0,1.0,0.0,True,False
2023-04-05,SBIN,-1.0,0.0,0.0,-0.4,,,,,True
2023-04-05,TATAMOTORS,0.0,0.0,0.0,0.0,1.0,0.5,0.0,True,False
2023-04-05,TCS,1.0,1.0,0.0,0.75,1.0,1.0,0.0,True,False
2023-04-05,WIPRO,,,,,,,,,True
2023-04-05,CIPLA,,,,,,,,,True
2023-04-05,INFY,-1.0,0.0,0.0,-0.4,,,,,True
2023-04-05,DRREDDY,,,,,,,,,True
2023-04-05,HCLTECH,0.0,0.0,1.0,0.25,,,,,True
2023-04-05,TECHM,1.0,1.0,0.0,0.75,,,,,True
2023-04-05,SUNPHARMA,,,,,,,,,True
2023-04-06,ADANIGREEN,,,,,,,,,True
2023-04-06,ASIANPAINT,,,,,,,,,True
2023-04-06,AXISBANK,0.0,0.0,0.0,0.0,,,,,True
2023-04-06,BAJAJ-AUTO,1.0,1.0,0.0,0.75,1.0,1.0,0.0,True,False
2023-04-06,HDFCBANK,,,,,,,,,True
2023-04-06,HINDUNILVR,0.0,0.0,1.0,0.25,1.0,0.5,0.0,True,False
2023-04-06,ICICIBANK,,,,,,,,,True
2023-04-06,ITC,0.0,0.0,1.0,0.25,,,,,True
2023-04-06,KOTAKBANK,,,,,,,,,True
2023-04-06,M&M,1.0,0.0,0.0,0.4,1.0,1.0,0.0,True,False
2023-04-06,MARUTI,,,,,,,,,True
2023-04-06,NTPC,0.5,0.5,1.0,0.625,,,,,True
2023-04-06,ONGC,1.0,0.0,0.0,0.4,,,,,True
2023-04-06,POWERGRID,0.0,0.0,1.0,0.25,,,,,True
2023-04-06,RELIANCE,1.0,0.0,0.0,0.4,,,,,True
2023-04-06,SBIN,-1.0,0.0,0.0,-0.4,,,,,True
2023-04-06,TATAMOTORS,0.0,0.0,0.0,0.0,1.0,0.5,0.0,True,False
2023-04-06,TCS,1.0,1.0,0.0,0.75,,,,,True
2023-04-06,WIPRO,,,,,,,,,True
2023-04-06,CIPLA,,,,,,,,,True
2023-04-06,INFY,-1.0,0.0,0.0,-0.4,,,,,True
2023-04-06,DRREDDY,1.0,0.0,0.0,0.4,1.0,1.0,0.0,True,False
2023-04-06,HCLTECH,0.0,0.0,1.0,0.25,,,,,True
2023-04-06,TECHM,1.0,0.0,0.0,0.4,1.0,1.0,0.0,True,False
2023-04-06,SUNPHARMA,,,,,,,,,True
2023-04-07,ADANIGREEN,,,,,,,,,True
2023-04-07,ASIANPAINT,,,,,,,,,True
2023-04-07,AXISBANK,0.0,0.0,0.0,0.0,,,,,True
2023-04-07,BAJAJ-AUTO,1.0,1.0,0.0,0.75,,,,,True
2023-04-07,HDFCBANK,,,,,,,,,True
2023-04-07,HINDUNILVR,0.0,0.0,1.0,0.25,,,,,True
2023-04-07,ICICIBANK,,,,,,,,,True
2023-04-07,ITC,0.0,0.0,1.0,0.25,,,,,True
2023-04-07,KOTAKBANK,,,,,,,,,True
2023-04-07,M&M,1.0,0.0,0.0,0.4,,,,,True
2023-04-07,MARUTI,,,,,,,,,True
2023-04-07,NTPC,0.5,0.5,1.0,0.625,,,,,True
2023-04-07,ONGC,1.0,0.0,0.0,0.4,,,,,True
2023-04-07,POWERGRID,0.0,0.0,1.0,0.25,,,,,True
2023-04-07,RELIANCE,1.0,0.0,0.0,0.4,,,,,True
2023-04-07,SBIN,-1.0,0.0,0.0,-0.4,,,,,True
2023-04-07,TATAMOTORS,0.0,0.0,0.0,0.0,,,,,True
2023-04-07,TCS,1.0,1.0,0.0,0.75,,,,,True
2023-04-07,WIPRO,,,,,,,,,True
2023-04-07,CIPLA,,,,,,,,,True
2023-04-07,INFY,,,,,,,,,True
2023-04-07,DRREDDY,1.0,0.0,0.0,0.4,,,,,True
2023-04-07,HCLTECH,0.0,0.0,1.0,0.25,,,,,True
2023-04-07,TECHM,1.0,0.0,0.0,0.4,,,,,True
2023-04-07,SUNPHARMA,,,,,,,,,True
2023-04-10,ADANIGREEN,,,,,,,,,True
2023-04-10,ASIANPAINT,,,,,,,,,True
2023-04-10,AXISBANK,0.0,0.0,0.0,0.0,,,,,True
2023-04-10,BAJAJ-AUTO,1.0,1.0,0.0,0.75,,,,,True
2023-04-10,HDFCBANK,0.0,0.0,1.0,0.25,1.0,0.5,0.0,True,False
2023-04-10,HINDUNILVR,0.0,0.0,1.0,0.25,,,,,True
2023-04-10,ICICIBANK,,,,,,,,,True
2023-04-10,ITC,0.0,0.0,1.0,0.25,,,,,True
2023-04-10,KOTAKBANK,,,,,,,,,True
2023-04-10,M&M,1.0,0.0,0.0,0.4,,,,,True
2023-04-10,MARUTI,,,,,,,,,True
2023-04-10,NTPC,0.5,0.5,1.0,0.625,,,,,True
2023-04-10,ONGC,1.0,0.0,0.0,0.4,,,,,True
2023-04-10,POWERGRID,0.0,0.0,1.0,0.25,1.0,0.5,0.0,True,False
2023-04-10,RELIANCE,1.0,0.0,0.0,0.4,,,,,True
2023-04-10,SBIN,-1.0,0.0,0.0,-0.4,,,,,True
2023-04-10,TATAMOTORS,0.0,0.0,0.0,0.0,,,,,True
2023-04-10,TCS,1.0,1.0,0.0,0.75,,,,,True
2023-04-10,WIPRO,,,,,,,,,True
2023-04-10,CIPLA,,,,,,,,,True
2023-04-10,INFY,,,,,,,,,True
2023-04-10,DRREDDY,1.0,0.0,0.0,0.4,,,,,True
2023-04-10,HCLTECH,0.0,0.0,1.0,0.25,,,,,True
2023-04-10,TECHM,1.0,0.0,0.0,0.4,,,,,True
2023-04-10,SUNPHARMA,,,,,,,,,True
2023-04-11,ADANIGREEN,,,,,,,,,True
2023-04-11,ASIANPAINT,,,,,,,,,True
2023-04-11,AXISBANK,0.0,0.0,0.0,0.0,,,,,True
2023-04-11,BAJAJ-AUTO,0.0,0.0,0.0,0.0,1.0,0.5,0.0,True,False
2023-04-11,HDFCBANK,0.0,0.0,0.0,0.0,1.0,0.5,0.0,True,False
2023-04-11,HINDUNILVR,0.0,0.0,1.0,0.25,,,,,True
2023-04-11,ICICIBANK,,,,,,,,,True
2023-04-11,ITC,1.0,0.5,0.0,0.575,2.0,1.0,0.0,False,False
2023-04-11,KOTAKBANK,,,,,,,,,True
2023-04-11,M&M,1.0,0.0,0.0,0.4,,,,,True
2023-04-11,MARUTI,,,,,,,,,True
2023-04-11,NTPC,0.5,0.5,1.0,0.625,,,,,True
2023-04-11,ONGC,1.0,0.0,0.0,0.4,,,,,True
2023-04-11,POWERGRID,1.0,1.0,0.0,0.75,1.0,1.0,0.0,True,False
2023-04-11,RELIANCE,1.0,0.0,0.0,0.4,,,,,True
2023-04-11,SBIN,-1.0,0.0,0.0,-0.4,,,,,True
2023-04-11,TATAMOTORS,0.0,0.0,0.0,0.0,,,,,True
2023-04-11,TCS,1.0,1.0,0.0,0.75,,,,,True
2023-04-11,WIPRO,,,,,,,,,True
2023-04-11,CIPLA,0.5,0.5,0.0,0.375,2.0,0.75,0.0,True,False
2023-04-11,INFY,,,,,,,,,True
2023-04-11,DRREDDY,1.0,0.0,0.0,0.4,,,,,True
2023-04-11,HCLTECH,0.0,0.0,0.0,0.0,1.0,0.5,0.0,True,False
2023-04-11,TECHM,1.0,0.0,0.0,0.4,,,,,True
2023-04-11,SUNPHARMA,,,,,,,,,True
2023-04-12,ADANIGREEN,,,,,,,,,True
2023-04-12,ASIANPAINT,,,,,,,,,True
2023-04-12,AXISBANK,0.0,0.0,0.0,0.0,1.0,0.5,0.0,True,False
2023-04-12,BAJAJ-AUTO,0.0,0.0,0.0,0.0,,,,,True
2023-04-12,HDFCBANK,0.0,0.0,0.0,0.0,1.0,0.5,0.0,True,False
2023-04-12,HINDUNILVR,0.0,0.0,1.0,0.25,,,,,True
2023-04-12,ICICIBANK,0.0,0.0,0.0,0.0,1.0,0.5,0.0,True,False
2023-04-12,ITC,1.0,0.5,0.0,0.575,,,,,True
2023-04-12,KOTAKBANK,0.0,0.0,0.0,0.0,1.0,0.5,0.0,True,False
2023-04-12,M&M,1.0,0.0,0.0,0.4,,,,,True
2023-04-12,MARUTI,,,,,,,,,True
2023-04-12,NTPC,0.5,0.5,1.0,0.625,,,,,True
2023-04-12,ONGC,,,,,,,,,True
2023-04-12,POWERGRID,1.0,1.0,0.0,0.75,,,,,True
2023-04-12,RELIANCE,1.0,0.0,0.0,0.4,,,,,True
2023-04-12,SBIN,0.0,0.0,0.5,0.125,2.0,0.5,0.0,True,False
2023-04-12,TATAMOTORS,0.0,0.0,0.0,0.0,,,,,True
2023-04-12,TCS,1.0,1.0,0.0,0.75,,,,,True
2023-04-12,WIPRO,,,,,,,,,True
2023-04-12,CIPLA,0.5,0.5,0.0,0.375,,,,,True
2023-04-12,INFY,,,,,,,,,True
2023-04-12,DRREDDY,1.0,0.0,0.0,0.4,,,,,True
2023-04-12,HCLTECH,0.0,0.0,0.0,0.0,1.0,0.5,0.0,True,False
2023-04-12,TECHM,1.0,0.0,0.0,0.4,,,,,True
2023-04-12,SUNPHARMA,,,,,,,,,True
2023-04-13,ADANIGREEN,,,,,,,,,True
2023-04-13,ASIANPAINT,,,,,,,,,True
2023-04-13,AXISBANK,0.0,0.0,0.0,0.0,,,,,True
2023-04-13,BAJAJ-AUTO,0.0,0.0,0.0,0.0,,,,,True
2023-04-13,HDFCBANK,0.0,0.0,0.0,0.0,,,,,True
2023-04-13,HINDUNILVR,0.0,0.0,1.0,0.25,,,,,True
2023-04-13,ICICIBANK,0.0,0.0,0.0,0.0,,,,,True
2023-04-13,ITC,1.0,0.5,0.0,0.575,,,,,True
2023-04-13,KOTAKBANK,0.0,0.0,0.0,0.0,,,,,True
2023-04-13,M&M,1.0,0.0,0.0,0.4,,,,,True
2023-04-13,MARUTI,,,,,,,,,True
2023-04-13,NTPC,-1.0,0.0,1.0,-0.15,1.0,1.0,0.0,True,False
2023-04-13,ONGC,,,,,,,,,True
2023-04-13,POWERGRID,1.0,1.0,0.0,0.75,,,,,True
2023-04-13,RELIANCE,,,,,,,,,True
2023-04-13,SBIN,0.0,0.0,0.5,0.125,,,,,True
2023-04-13,TATAMOTORS,0.0,0.0,0.0,0.0,,,,,True
2023-04-13,TCS,,,,,,,,,True
2023-04-13,WIPRO,,,,,,,,,True
2023-04-13,CIPLA,0.5,0.5,0.0,0.375,,,,,True
2023-04-13,INFY,,,,,,,,,True
2023-04-13,DRREDDY,1.0,0.0,0.0,0.4,,,,,True
2023-04-13,HCLTECH,0.0,0.0,0.0,0.0,,,,,True
2023-04-13,TECHM,1.0,0.0,0.0,0.4,,,,,True
2023-04-13,SUNPHARMA,,,,,,,,,True
2023-04-14,ADANIGREEN,,,,,,,,,True
2023-04-14,ASIANPAINT,,,,,,,,,True
2023-04-14,AXISBANK,0.0,0.0,0.0,0.0,,,,,True
2023-04-14,BAJAJ-AUTO,0.0,0.0,0.0,0.0,,,,,True
2023-04-14,HDFCBANK,0.0,0.0,0.0,0.0,,,,,True
2023-04-14,HINDUNILVR,,,,,,,,,True
2023-04-14,ICICIBANK,0.0,0.0,0.0,0.0,,,,,True
2023-04-14,ITC,1.0,0.5,0.0,0.575,,,,,True
2023-04-14,KOTAKBANK,0.0,0.0,0.0,0.0,,,,,True
2023-04-14,M&M,,,,,,,,,True
2023-04-14,MARUTI,,,,,,,,,True
2023-04-14,NTPC,-1.0,0.0,1.0,-0.15,,,,,True
2023-04-14,ONGC,,,,,,,,,True
2023-04-14,POWERGRID,1.0,1.0,0.0,0.75,,,,,True
2023-04-14,RELIANCE,,,,,,,,,True
2023-04-14,SBIN,0.0,0.0,0.5,0.125,,,,,True
2023-04-14,TATAMOTORS,,,,,,,,,True
2023-04-14,TCS,,,,,,,,,True
2023-04-14,WIPRO,,,,,,,,,True
2023-04-14,CIPLA,0.5,0.5,0.0,0.375,,,,,True
2023-04-14,INFY,,,,,,,,,True
2023-04-14,DRREDDY,,,,,,,,,True
2023-04-14,HCLTECH,0.0,0.0,0.0,0.0,,,,,True
2023-04-14,TECHM,,,,,,,,,True
2023-04-14,SUNPHARMA,,,,,,,,,True
2023-04-17,ADANIGREEN,,,,,,,,,True
2023-04-17,ASIANPAINT,,,,,,,,,True
2023-04-17,AXISBANK,0.0,0.0,0.0,0.0,1.0,0.5,0.0,True,False
2023-04-17,BAJAJ-AUTO,0.0,0.0,0.0,0.0,,,,,True
2023-04-17,HDFCBANK,0.0,0.0,0.0,0.0,1.0,0.5,0.0,True,False
2023-04-17,HINDUNILVR,,,,,,,,,True
2023-04-17,ICICIBANK,-0.7143,0.0,0.0,-0.2857,2.0,0.75,0.0,True,False
2023-04-17,ITC,1.0,0.5,0.0,0.575,,,,,True
2023-04-17,KOTAKBANK,0.0,0.0,0.5,0.125,2.0,0.5,0.0,True,False
2023-04-17,M&M,0.5,0.5,0.5,0.5,2.0,0.75,0.0,True,False
2023-04-17,MARUTI,,,,,,,,,True
2023-04-17,NTPC,-1.0,0.0,1.0,-0.15,,,,,True
2023-04-17,ONGC,,,,,,,,,True
2023-04-17,POWERGRID,1.0,1.0,0.0,0.75,,,,,True
2023-04-17,RELIANCE,,,,,,,,,True
2023-04-17,SBIN,0.0,0.0,0.0,0.0,1.0,0.5,0.0,True,False
2023-04-17,TATAMOTORS,,,,,,,,,True
2023-04-17,TCS,,,,,,,,,True
2023-04-17,WIPRO,,,,,,,,,True
2023-04-17,CIPLA,0.5,0.5,0.0,0.375,,,,,True
2023-04-17,INFY,,,,,,,,,True
2023-04-17,DRREDDY,,,,,,,,,True
2023-04-17,HCLTECH,1.0,1.0,0.0,0.75,1.0,1.0,0.0,True,False
2023-04-17,TECHM,,,,,,,,,True
2023-04-17,SUNPHARMA,,,,,,,,,True
2023-04-18,ADANIGREEN,1.0,1.0,1.0,1.0,1.0,1.0,0.0,True,False
2023-04-18,ASIANPAINT,,,,,,,,,True
2023-04-18,AXISBANK,0.0,0.0,0.0,0.0,,,,,True
2023-04-18,BAJAJ-AUTO,0.0,0.0,0.0,0.0,,,,,True
2023-04-18,HDFCBANK,0.0,0.0,0.0,0.0,,,,,True
2023-04-18,HINDUNILVR,,,,,,,,,True
2023-04-18,ICICIBANK,-0.7143,0.0,0.0,-0.2857,,,,,True
2023-04-18,ITC,1.0,0.5,0.0,0.575,,,,,True
2023-04-18,KOTAKBANK,0.0,0.0,0.0,0.0,1.0,0.5,0.0,True,False
2023-04-18,M&M,0.0,0.0,0.0,0.0,1.0,0.5,0.0,True,False
2023-04-18,MARUTI,,,,,,,,,True
2023-04-18,NTPC,-1.0,0.0,1.0,-0.15,,,,,True
2023-04-18,ONGC,0.5,0.0,0.5,0.325,2.0,0.75,0.0,True,False
2023-04-18,POWERGRID,1.0,1.0,0.0,0.75,,,,,True
2023-04-18,RELIANCE,,,,,,,,,True
2023-04-18,SBIN,0.0,0.0,0.0,0.0,,,,,True
2023-04-18,TATAMOTORS,,,,,,,,,True
2023-04-18,TCS,,,,,,,,,True
2023-04-18,WIPRO,,,,,,,,,True
2023-04-18,CIPLA,0.5,0.5,0.0,0.375,,,,,True
2023-04-18,INFY,,,,,,,,,True
2023-04-18,DRREDDY,,,,,,,,,True
2023-04-18,HCLTECH,1.0,1.0,0.0,0.75,,,,,True
2023-04-18,TECHM,,,,,,,,,True
2023-04-18,SUNPHARMA,-1.0,0.0,0.0,-0.4,1.0,1.0,0.0,True,False
2023-04-19,ADANIGREEN,0.0,0.0,1.0,0.25,1.0,0.5,0.0,True,False
2023-04-19,ASIANPAINT,,,,,,,,,True
2023-04-19,AXISBANK,1.0,0.0,0.0,0.4,1.0,1.0,0.0,True,False
2023-04-19,BAJAJ-AUTO,,,,,,,,,True
2023-04-19,HDFCBANK,0.0,0.0,1.0,0.25,1.0,0.5,0.0,True,False
2023-04-19,HINDUNILVR,,,,,,,,,True
2023-04-19,ICICIBANK,-0.7143,0.0,0.0,-0.2857,,,,,True
2023-04-19,ITC,,,,,,,,,True
2023-04-19,KOTAKBANK,0.0,0.0,0.0,0.0,,,,,True
2023-04-19,M&M,0.0,0.0,0.0,0.0,,,,,True
2023-04-19,MARUTI,,,,,,,,,True
2023-04-19,NTPC,-0.5,0.0,1.0,0.05,2.0,0.75,0.0,True,False
2023-04-19,ONGC,0.5,0.0,0.5,0.325,,,,,True
2023-04-19,POWERGRID,,,,,,,,,True
2023-04-19,RELIANCE,,,,,,,,,True
2023-04-19,SBIN,0.0,0.0,0.0,0.0,,,,,True
2023-04-19,TATAMOTORS,1.0,0.0,0.0,0.4,1.0,1.0,0.0,True,False
2023-04-19,TCS,,,,,,,,,True
2023-04-19,WIPRO,0.0,0.0,0.0,0.0,1.0,0.5,0.0,True,False
2023-04-19,CIPLA,,,,,,,,,True
2023-04-19,INFY,,,,,,,,,True
2023-04-19,DRREDDY,,,,,,,,,True
2023-04-19,HCLTECH,1.0,1.0,0.0,0.75,,,,,True
2023-04-19,TECHM,,,,,,,,,True
2023-04-19,SUNPHARMA,-1.0,0.0,0.0,-0.4,,,,,True
2023-04-20,ADANIGREEN,0.0,0.0,1.0,0.25,,,,,True
2023-04-20,ASIANPAINT,,,,,,,,,True
2023-04-20,AXISBANK,1.0,0.0,0.0,0.4,,,,,True
2023-04-20,BAJAJ-AUTO,,,,,,,,,True
2023-04-20,HDFCBANK,0.0,0.0,1.0,0.25,,,,,True
2023-04-20,HINDUNILVR,0.0,0.0,0.0,0.0,1.0,0.5,0.0,True,False
2023-04-20,ICICIBANK,-0.7143,0.0,0.0,-0.2857,,,,,True
2023-04-20,ITC,,,,,,,,,True
2023-04-20,KOTAKBANK,0.0,0.0,0.0,0.0,,,,,True
2023-04-20,M&M,0.0,0.0,0.0,0.0,,,,,True
2023-04-20,MARUTI,0.0,0.0,0.0,0.0,1.0,0.5,0.0,True,False
2023-04-20,NTPC,-0.5,0.0,1.0,0.05,,,,,True
2023-04-20,ONGC,0.5,0.0,0.5,0.325,,,,,True
2023-04-20,POWERGRID,,,,,,,,,True
2023-04-20,RELIANCE,0.0,0.0,1.0,0.25,1.0,0.5,0.0,True,False
2023-04-20,SBIN,0.0,0.0,0.0,0.0,,,,,True
2023-04-20,TATAMOTORS,1.0,0.0,0.0,0.4,,,,,True
2023-04-20,TCS,0.0,0.0,1.0,0.25,1.0,0.5,0.0,True,False
2023-04-20,WIPRO,0.0,0.0,0.0,0.0,,,,,True
2023-04-20,CIPLA,,,,,,,,,True
2023-04-20,INFY,,,,,,,,,True
2023-04-20,DRREDDY,,,,,,,,,True
2023-04-20,HCLTECH,1.0,1.0,0.0,0.75,,,,,True
2023-04-20,TECHM,,,,,,,,,True
2023-04-20,SUNPHARMA,0.0,0.0,1.0,0.25,1.0,0.5,0.0,True,False
2023-04-21,ADANIGREEN,0.0,0.0,1.0,0.25,,,,,True
2023-04-21,ASIANPAINT,,,,,,,,,True
2023-04-21,AXISBANK,1.0,0.0,0.0,0.4,,,,,True
2023-04-21,BAJAJ-AUTO,,,,,,,,,True
2023-04-21,HDFCBANK,0.0,0.0,1.0,0.25,,,,,True
2023-04-21,HINDUNILVR,0.0,0.0,0.0,0.0,,,,,True
2023-04-21,ICICIBANK,-0.7143,0.0,0.0,-0.2857,,,,,True
2023-04-21,ITC,,,,,,,,,True
2023-04-21,KOTAKBANK,0.0,0.0,0.0,0.0,,,,,True
2023-04-21,M&M,0.0,0.0,0.0,0.0,,,,,True
2023-04-21,MARUTI,0.0,0.0,0.0,0.0,,,,,True
2023-04-21,NTPC,-0.5,0.0,1.0,0.05,,,,,True
2023-04-21,ONGC,0.5,0.0,0.5,0.325,,,,,True
2023-04-21,POWERGRID,,,,,,,,,True
2023-04-21,RELIANCE,0.0,0.0,1.0,0.25,,,,,True
2023-04-21,SBIN,0.0,0.0,0.0,0.0,,,,,True
2023-04-21,TATAMOTORS,1.0,0.0,0.0,0.4,,,,,True
2023-04-21,TCS,0.0,0.0,1.0,0.25,,,,,True
2023-04-21,WIPRO,0.0,0.0,0.0,0.0,,,,,True
2023-04-21,CIPLA,,,,,,,,,True
2023-04-21,INFY,,,,,,,,,True
2023-04-21,DRREDDY,,,,,,,,,True
2023-04-21,HCLTECH,1.0,1.0,0.0,0.75,,,,,True
2023-04-21,TECHM,,,,,,,,,True
2023-04-21,SUNPHARMA,0.0,0.0,1.0,0.25,,,,,True
2023-04-24,ADANIGREEN,0.0,0.0,1.0,0.25,,,,,True
2023-04-24,ASIANPAINT,,,,,,,,,True
2023-04-24,AXISBANK,1.0,0.0,0.0,0.4,,,,,True
2023-04-24,BAJAJ-AUTO,,,,,,,,,True
2023-04-24,HDFCBANK,0.0,0.0,1.0,0.25,1.0,0.5,0.0,True,False
2023-04-24,HINDUNILVR,0.0,0.0,0.0,0.0,,,,,True
2023-04-24,ICICIBANK,-0.7143,0.0,0.0,-0.2857,,,,,True
2023-04-24,ITC,1.0,1.0,0.0,0.75,1.0,1.0,0.0,True,False
2023-04-24,KOTAKBANK,0.0,0.0,0.0,0.0,,,,,True
2023-04-24,M&M,0.0,0.0,0.0,0.0,,,,,True
2023-04-24,MARUTI,0.0,0.0,0.0,0.0,,,,,True
2023-04-24,NTPC,-0.5,0.0,1.0,0.05,,,,,True
2023-04-24,ONGC,1.0,0.0,0.0,0.4,1.0,1.0,0.0,True,False
2023-04-24,POWERGRID,0.0,0.0,0.0,0.0,1.0,0.5,0.0,True,False
2023-04-24,RELIANCE,0.0,0.0,1.0,0.25,,,,,True
2023-04-24,SBIN,0.0,0.0,0.0,0.0,,,,,True
2023-04-24,TATAMOTORS,1.0,0.0,0.0,0.4,,,,,True
2023-04-24,TCS,0.0,0.0,1.0,0.25,1.0,0.5,0.0,True,False
2023-04-24,WIPRO,0.0,0.0,0.0,0.0,,,,,True
2023-04-24,CIPLA,,,,,,,,,True
2023-04-24,INFY,,,,,,,,,True
2023-04-24,DRREDDY,,,,,,,,,True
2023-04-24,HCLTECH,1.0,1.0,0.0,0.75,,,,,True
2023-04-24,TECHM,,,,,,,,,True
2023-04-24,SUNPHARMA,0.0,0.0,1.0,0.25,,,,,True
2023-04-25,ADANIGREEN,1.0,1.0,1.0,1.0,1.0,1.0,0.0,True,False
2023-04-25,ASIANPAINT,,,,,,,,,True
2023-04-25,AXISBANK,1.0,0.0,0.0,0.4,,,,,True
2023-04-25,BAJAJ-AUTO,,,,,,,,,True
2023-04-25,HDFCBANK,0.0,0.0,1.0,0.25,,,,,True
2023-04-25,HINDUNILVR,0.0,0.0,1.0,0.25,1.0,0.5,0.0,True,False
2023-04-25,ICICIBANK,,,,,,,,,True
2023-04-25,ITC,1.0,1.0,0.0,0.75,,,,,True
2023-04-25,KOTAKBANK,0.0,0.0,0.0,0.0,,,,,True
2023-04-25,M&M,0.0,0.0,1.0,0.25,1.0,0.5,0.0,True,False
2023-04-25,MARUTI,0.0,0.0,0.0,0.0,,,,,True
2023-04-25,NTPC,-0.5,0.0,1.0,0.05,,,,,True
2023-04-25,ONGC,-1.0,0.0,0.0,-0.4,1.0,1.0,0.0,True,False
2023-04-25,POWERGRID,0.0,0.0,0.0,0.0,,,,,True
2023-04-25,RELIANCE,0.0,0.0,1.0,0.25,,,,,True
2023-04-25,SBIN,,,,,,,,,True
2023-04-25,TATAMOTORS,1.0,0.0,0.0,0.4,,,,,True
2023-04-25,TCS,0.0,0.0,1.0,0.25,,,,,True
2023-04-25,WIPRO,1.0,1.0,0.0,0.75,1.0,1.0,0.0,True,False
2023-04-25,CIPLA,,,,,,,,,True
2023-04-25,INFY,0.0,0.0,0.0,0.0,1.0,0.5,0.0,True,False
2023-04-25,DRREDDY,,,,,,,,,True
2023-04-25,HCLTECH,,,,,,,,,True
2023-04-25,TECHM,,,,,,,,,True
2023-04-25,SUNPHARMA,0.0,0.0,1.0,0.25,,,,,True
2023-04-26,ADANIGREEN,1.0,1.0,1.0,1.0,,,,,True
2023-04-26,ASIANPAINT,,,,,,,,,True
2023-04-26,AXISBANK,1.0,0.0,0.0,0.4,,,,,True
2023-04-26,BAJAJ-AUTO,,,,,,,,,True
2023-04-26,HDFCBANK,0.0,0.0,1.0,0.25,,,,,True
2023-04-26,HINDUNILVR,0.0,0.0,0.0,0.0,1.0,0.5,0.0,True,False
2023-04-26,ICICIBANK,,,,,,,,,True
2023-04-26,ITC,1.0,1.0,0.0,0.75,,,,,True
2023-04-26,KOTAKBANK,,,,,,,,,True
2023-04-26,M&M,0.0,0.0,1.0,0.25,,,,,True
2023-04-26,MARUTI,0.0,0.0,0.0,0.0,,,,,True
2023-04-26,NTPC,-0.5,0.0,1.0,0.05,,,,,True
2023-04-26,ONGC,-1.0,0.0,0.0,-0.4,,,,,True
2023-04-26,POWERGRID,0.0,0.0,0.0,0.0,,,,,True
2023-04-26,RELIANCE,0.0,0.0,1.0,0.25,,,,,True
2023-04-26,SBIN,,,,,,,,,True
2023-04-26,TATAMOTORS,1.0,0.0,0.0,0.4,,,,,True
2023-04-26,TCS,0.0,0.0,1.0,0.25,,,,,True
2023-04-26,WIPRO,1.0,1.0,0.0,0.75,,,,,True
2023-04-26,CIPLA,0.5,0.5,0.0,0.375,2.0,0.75,0.0,True,False
2023-04-26,INFY,0.0,0.0,0.0,0.0,,,,,True
2023-04-26,DRREDDY,,,,,,,,,True
2023-04-26,HCLTECH,,,,,,,,,True
2023-04-26,TECHM,,,,,,,,,True
2023-04-26,SUNPHARMA,1.0,0.0,0.0,0.4,1.0,1.0,0.0,True,False
2023-04-27,ADANIGREEN,1.0,1.0,1.0,1.0,,,,,True
2023-04-27,ASIANPAINT,0.0,0.0,0.0,0.0,1.0,0.5,0.0,True,False
2023-04-27,AXISBANK,,,,,,,,,True
2023-04-27,BAJAJ-AUTO,,,,,,,,,True
2023-04-27,HDFCBANK,0.0,0.0,1.0,0.25,,,,,True
2023-04-27,HINDUNILVR,-1.0,-1.0,0.0,-0.75,1.0,1.0,0.0,True,False
2023-04-27,ICICIBANK,0.0,0.0,1.0,0.25,1.0,0.5,0.0,True,False
2023-04-27,ITC,1.0,0.0,0.0,0.4,1.0,1.0,0.0,True,False
2023-04-27,KOTAKBANK,,,,,,,,,True
2023-04-27,M&M,0.0,0.0,1.0,0.25,1.0,0.5,0.0,True,False
2023-04-27,MARUTI,1.0,0.0,0.0,0.4,1.0,1.0,0.0,True,False
2023-04-27,NTPC,,,,,,,,,True
2023-04-27,ONGC,-1.0,0.0,0.0,-0.4,,,,,True
2023-04-27,POWERGRID,0.0,0.0,0.0,0.0,,,,,True
2023-04-27,RELIANCE,0.0,0.0,1.0,0.25,,,,,True
2023-04-27,SBIN,1.0,1.0,0.0,0.75,1.0,1.0,0.0,True,False
2023-04-27,TATAMOTORS,,,,,,,,,True
2023-04-27,TCS,-1.0,0.0,0.0,-0.4,1.0,1.0,0.0,True,False
2023-04-27,WIPRO,1.0,1.0,0.0,0.75,,,,,True
2023-04-27,CIPLA,0.5,0.5,0.0,0.375,,,,,True
2023-04-27,INFY,0.0,0.0,0.0,0.0,,,,,True
2023-04-27,DRREDDY,,,,,,,,,True
2023-04-27,HCLTECH,,,,,,,,,True
2023-04-27,TECHM,,,,,,,,,True
2023-04-27,SUNPHARMA,1.0,0.0,0.0,0.4,,,,,True
2023-04-28,ADANIGREEN,1.0,1.0,1.0,1.0,,,,,True
2023-04-28,ASIANPAINT,0.0,0.0,0.0,0.0,,,,,True
2023-04-28,AXISBANK,,,,,,,,,True
2023-04-28,BAJAJ-AUTO,,,,,,,,,True
2023-04-28,HDFCBANK,0.0,0.0,1.0,0.25,,,,,True
2023-04-28,HINDUNILVR,-1.0,-1.0,0.0,-0.75,,,,,True
2023-04-28,ICICIBANK,0.0,0.0,1.0,0.25,,,,,True
2023-04-28,ITC,1.0,0.0,0.0,0.4,,,,,True
2023-04-28,KOTAKBANK,,,,,,,,,True
2023-04-28,M&M,0.0,0.0,1.0,0.25,,,,,True
2023-04-28,MARUTI,1.0,0.0,0.0,0.4,,,,,True
2023-04-28,NTPC,,,,,,,,,True
2023-04-28,ONGC,-1.0,0.0,0.0,-0.4,,,,,True
2023-04-28,POWERGRID,0.0,0.0,0.0,0.0,,,,,True
2023-04-28,RELIANCE,,,,,,,,,True
2023-04-28,SBIN,1.0,1.0,0.0,0.75,,,,,True
2023-04-28,TATAMOTORS,,,,,,,,,True
2023-04-28,TCS,-1.0,0.0,0.0,-0.4,,,,,True
2023-04-28,WIPRO,1.0,1.0,0.0,0.75,,,,,True
2023-04-28,CIPLA,0.5,0.5,0.0,0.375,,,,,True
2023-04-28,INFY,0.0,0.0,0.0,0.0,,,,,True
2023-04-28,DRREDDY,,,,,,,,,True
2023-04-28,HCLTECH,,,,,,,,,True
2023-04-28,TECHM,,,,,,,,,True
2023-04-28,SUNPHARMA,1.0,0.0,0.0,0.4,,,,,True
2023-05-01,ADANIGREEN,1.0,1.0,1.0,1.0,1.0,1.0,0.0,True,False
2023-05-01,ASIANPAINT,0.0,0.0,0.0,0.0,,,,,True
2023-05-01,AXISBANK,0.0,0.0,0.0,0.0,1.0,0.5,0.0,True,False
2023-05-01,BAJAJ-AUTO,,,,,,,,,True
2023-05-01,HDFCBANK,0.0,0.0,1.0,0.25,,,,,True
2023-05-01,HINDUNILVR,0.0,0.0,1.0,0.25,1.0,0.5,0.0,True,False
2023-05-01,ICICIBANK,0.0,0.0,1.0,0.25,,,,,True
2023-05-01,ITC,1.0,0.0,0.0,0.4,,,,,True
2023-05-01,KOTAKBANK,,,,,,,,,True
2023-05-01,M&M,0.0,0.0,1.0,0.25,,,,,True
2023-05-01,MARUTI,1.0,0.0,0.0,0.4,,,,,True
2023-05-01,NTPC,,,,,,,,,True
2023-05-01,ONGC,-1.0,0.0,0.0,-0.4,,,,,True
2023-05-01,POWERGRID,0.0,0.0,0.0,0.0,,,,,True
2023-05-01,RELIANCE,1.0,1.0,0.0,0.75,1.0,1.0,0.0,True,False
2023-05-01,SBIN,1.0,1.0,0.0,0.75,,,,,True
2023-05-01,TATAMOTORS,1.0,0.0,0.0,0.4,1.0,1.0,0.0,True,False
2023-05-01,TCS,-1.0,0.0,0.0,-0.4,,,,,True
2023-05-01,WIPRO,1.0,1.0,0.0,0.75,,,,,True
2023-05-01,CIPLA,0.5,0.5,0.0,0.375,,,,,True
2023-05-01,INFY,0.0,0.0,0.0,0.0,1.0,0.5,0.0,True,False
2023-05-01,DRREDDY,,,,,,,,,True
2023-05-01,HCLTECH,0.0,0.0,0.0,0.0,1.0,0.5,0.0,True,False
2023-05-01,TECHM,,,,,,,,,True
2023-05-01,SUNPHARMA,1.0,0.0,0.0,0.4,1.0,1.0,0.0,True,False
2023-05-02,ADANIGREEN,1.0,1.0,1.0,1.0,,,,,True
2023-05-02,ASIANPAINT,0.0,0.0,0.0,0.0,,,,,True
2023-05-02,AXISBANK,0.0,0.0,0.0,0.0,,,,,True
2023-05-02,BAJAJ-AUTO,,,,,,,,,True
2023-05-02,HDFCBANK,,,,,,,,,True
2023-05-02,HINDUNILVR,0.0,0.0,0.0,0.0,1.0,0.5,0.0,True,False
2023-05-02,ICICIBANK,0.0,0.0,1.0,0.25,,,,,True
2023-05-02,ITC,1.0,1.0,0.0,0.75,1.0,1.0,0.0,True,False
2023-05-02,KOTAKBANK,,,,,,,,,True
2023-05-02,M&M,0.0,0.0,1.0,0.25,,,,,True
2023-05-02,MARUTI,1.0,0.0,0.0,0.4,,,,,True
2023-05-02,NTPC,,,,,,,,,True
2023-05-02,ONGC,0.0,0.0,0.0,0.0,1.0,0.5,0.0,True,False
2023-05-02,POWERGRID,,,,,,,,,True
2023-05-02,RELIANCE,1.0,1.0,0.0,0.75,,,,,True
2023-05-02,SBIN,1.0,1.0,0.0,0.75,,,,,True
2023-05-02,TATAMOTORS,1.0,1.0,0.0,0.75,1.0,1.0,0.0,True,False
2023-05-02,TCS,-1.0,0.0,0.0,-0.4,,,,,True
2023-05-02,WIPRO,1.0,1.0,0.0,0.75,1.0,1.0,0.0,True,False
2023-05-02,CIPLA,0.5,0.5,0.0,0.375,,,,,True
2023-05-02,INFY,0.0,0.0,0.0,0.0,,,,,True
2023-05-02,DRREDDY,,,,,,,,,True
2023-05-02,HCLTECH,0.0,0.0,0.0,0.0,,,,,True
2023-05-02,TECHM,,,,,,,,,True
2023-05-02,SUNPHARMA,1.0,0.0,0.0,0.4,,,,,True
2023-05-03,ADANIGREEN,1.0,1.0,1.0,1.0,,,,,True
2023-05-03,ASIANPAINT,0.0,0.0,0.0,0.0,,,,,True
2023-05-03,AXISBANK,1.0,0.0,0.0,0.4,1.0,1.0,0.0,True,False
2023-05-03,BAJAJ-AUTO,,,,,,,,,True
2023-05-03,HDFCBANK,,,,,,,,,True
2023-05-03,HINDUNILVR,-1.0,-1.0,0.0,-0.75,1.0,1.0,0.0,True,False
2023-05-03,ICICIBANK,0.0,0.0,1.0,0.25,,,,,True
2023-05-03,ITC,1.0,1.0,0.0,0.75,,,,,True
2023-05-03,KOTAKBANK,,,,,,,,,True
2023-05-03,M&M,0.0,0.0,1.0,0.25,,,,,True
2023-05-03,MARUTI,1.0,0.0,0.0,0.4,,,,,True
2023-05-03,NTPC,,,,,,,,,True
2023-05-03,ONGC,0.3333,0.0,0.6667,0.3,3.0,0.6667,0.0,True,False
2023-05-03,POWERGRID,,,,,,,,,True
2023-05-03,RELIANCE,1.0,1.0,0.0,0.75,,,,,True
2023-05-03,SBIN,1.0,1.0,0.0,0.75,,,,,True
2023-05-03,TATAMOTORS,1.0,1.0,0.0,0.75,,,,,True
2023-05-03,TCS,0.0,0.0,1.0,0.25,1.0,0.5,0.0,True,False
2023-05-03,WIPRO,1.0,1.0,0.0,0.75,,,,,True
2023-05-03,CIPLA,0.5,0.5,0.0,0.375,,,,,True
2023-05-03,INFY,0.0,0.0,0.0,0.0,,,,,True
2023-05-03,DRREDDY,,,,,,,,,True
2023-05-03,HCLTECH,0.0,0.0,0.0,0.0,,,,,True
2023-05-03,TECHM,,,,,,,,,True
2023-05-03,SUNPHARMA,1.0,0.0,0.0,0.4,,,,,True
2023-05-04,ADANIGREEN,1.0,1.0,1.0,1.0,,,,,True
2023-05-04,ASIANPAINT,0.0,0.0,0.0,0.0,,,,,True
2023-05-04,AXISBANK,0.0,0.0,0.0,0.0,1.0,0.5,0.0,True,False
2023-05-04,BAJAJ-AUTO,,,,,,,,,True
2023-05-04,HDFCBANK,0.0,0.0,0.0,0.0,2.0,0.5,0.0,True,False
2023-05-04,HINDUNILVR,-1.0,-1.0,0.0,-0.75,,,,,True
2023-05-04,ICICIBANK,0.0,0.0,0.0,0.0,1.0,0.5,0.0,True,False
2023-05-04,ITC,1.0,1.0,0.0,0.75,,,,,True
2023-05-04,KOTAKBANK,0.0,0.0,0.0,0.0,1.0,0.5,0.0,True,False
2023-05-04,M&M,1.0,0.0,0.0,0.4,1.0,1.0,0.0,True,False
2023-05-04,MARUTI,1.0,0.0,0.0,0.4,,,,,True
2023-05-04,NTPC,0.0,0.0,1.0,0.25,1.0,0.5,0.0,True,False
2023-05-04,ONGC,0.3333,0.0,0.6667,0.3,,,,,True
2023-05-04,POWERGRID,,,,,,,,,True
2023-05-04,RELIANCE,1.0,1.0,0.0,0.75,1.0,1.0,0.0,True,False
2023-05-04,SBIN,0.0,0.0,0.0,0.0,1.0,0.5,0.0,True,False
2023-05-04,TATAMOTORS,1.0,1.0,0.0,0.75,,,,,True
2023-05-04,TCS,0.0,0.0,1.0,0.25,,,,,True
2023-05-04,WIPRO,1.0,1.0,0.0,0.75,,,,,True
2023-05-04,CIPLA,,,,,,,,,True
2023-05-04,INFY,1.0,1.0,0.0,0.75,1.0,1.0,0.0,True,False
2023-05-04,DRREDDY,,,,,,,,,True
2023-05-04,HCLTECH,0.0,0.0,0.0,0.0,,,,,True
2023-05-04,TECHM,1.0,0.0,0.0,0.4,1.0,1.0,0.0,True,False
2023-05-04,SUNPHARMA,1.0,0.0,0.0,0.4,,,,,True
2023-05-05,ADANIGREEN,1.0,1.0,1.0,1.0,,,,,True
2023-05-05,ASIANPAINT,,,,,,,,,True
2023-05-05,AXISBANK,0.0,0.0,0.0,0.0,,,,,True
2023-05-05,BAJAJ-AUTO,,,,,,,,,True
2023-05-05,HDFCBANK,0.0,0.0,0.0,0.0,,,,,True
2023-05-05,HINDUNILVR,-1.0,-1.0,0.0,-0.75,,,,,True
2023-05-05,ICICIBANK,0.0,0.0,0.0,0.0,,,,,True
2023-05-05,ITC,1.0,1.0,0.0,0.75,,,,,True
2023-05-05,KOTAKBANK,0.0,0.0,0.0,0.0,,,,,True
2023-05-05,M&M,1.0,0.0,0.0,0.4,,,,,True
2023-05-05,MARUTI,,,,,,,,,True
2023-05-05,NTPC,0.0,0.0,1.0,0.25,,,,,True
2023-05-05,ONGC,0.3333,0.0,0.6667,0.3,,,,,True
2023-05-05,POWERGRID,,,,,,,,,True
2023-05-05,RELIANCE,1.0,1.0,0.0,0.75,,,,,True
2023-05-05,SBIN,0.0,0.0,0.0,0.0,,,,,True
2023-05-05,TATAMOTORS,1.0,1.0,0.0,0.75,,,,,True
2023-05-05,TCS,0.0,0.0,1.0,0.25,,,,,True
2023-05-05,WIPRO,1.0,1.0,0.0,0.75,,,,,True
2023-05-05,CIPLA,,,,,,,,,True
2023-05-05,INFY,1.0,1.0,0.0,0.75,,,,,True
2023-05-05,DRREDDY,,,,,,,,,True
2023-05-05,HCLTECH,0.0,0.0,0.0,0.0,,,,,True
2023-05-05,TECHM,1.0,0.0,0.0,0.4,,,,,True
2023-05-05,SUNPHARMA,1.0,0.0,0.0,0.4,,,,,True
2023-05-08,ADANIGREEN,0.0,0.0,1.0,0.25,1.0,0.5,0.0,True,False
2023-05-08,ASIANPAINT,,,,,,,,,True
2023-05-08,AXISBANK,0.0,0.0,0.0,0.0,,,,,True
2023-05-08,BAJAJ-AUTO,,,,,,,,,True
2023-05-08,HDFCBANK,0.0,0.0,1.0,0.25,1.0,0.5,0.0,True,False
2023-05-08,HINDUNILVR,-1.0,-1.0,0.0,-0.75,,,,,True
2023-05-08,ICICIBANK,1.0,0.0,0.0,0.4,1.0,1.0,0.0,True,False
2023-05-08,ITC,1.0,1.0,0.0,0.75,,,,,True
2023-05-08,KOTAKBANK,0.0,0.0,0.0,0.0,,,,,True
2023-05-08,M&M,1.0,0.0,0.0,0.4,,,,,True
2023-05-08,MARUTI,1.0,0.0,0.0,0.4,1.0,1.0,0.0,True,False
2023-05-08,NTPC,0.0,0.0,1.0,0.25,,,,,True
2023-05-08,ONGC,0.0,0.0,0.0,0.0,1.0,0.5,0.0,True,False
2023-05-08,POWERGRID,,,,,,,,,True
2023-05-08,RELIANCE,1.0,1.0,0.0,0.75,,,,,True
2023-05-08,SBIN,0.0,0.0,0.0,0.0,,,,,True
2023-05-08,TATAMOTORS,1.0,1.0,0.0,0.75,,,,,True
2023-05-08,TCS,0.0,0.0,1.0,0.25,,,,,True
2023-05-08,WIPRO,1.0,1.0,0.0,0.75,,,,,True
2023-05-08,CIPLA,,,,,,,,,True
2023-05-08,INFY,1.0,1.0,0.0,0.75,,,,,True
2023-05-08,DRREDDY,,,,,,,,,True
2023-05-08,HCLTECH,0.0,0.0,0.0,0.0,,,,,True
2023-05-08,TECHM,1.0,0.0,0.0,0.4,,,,,True
2023-05-08,SUNPHARMA,1.0,0.0,0.0,0.4,,,,,True
2023-05-09,ADANIGREEN,0.0,0.0,1.0,0.25,,,,,True
2023-05-09,ASIANPAINT,,,,,,,,,True
2023-05-09,AXISBANK,0.0,0.0,0.0,0.0,1.0,0.5,0.0,True,False
2023-05-09,BAJAJ-AUTO,,,,,,,,,True
2023-05-09,HDFCBANK,0.0,0.0,0.0,0.0,1.0,0.5,0.0,True,False
2023-05-09,HINDUNILVR,-1.0,-1.0,0.0,-0.75,,,,,True
2023-05-09,ICICIBANK,0.0,0.0,0.0,0.0,1.0,0.5,0.0,True,False
2023-05-09,ITC,0.5,0.5,0.0,0.375,2.0,0.75,0.0,True,False
2023-05-09,KOTAKBANK,0.0,0.0,0.0,0.0,1.0,0.5,0.0,True,False
2023-05-09,M&M,1.0,0.0,0.0,0.4,,,,,True
2023-05-09,MARUTI,1.0,0.0,0.0,0.4,1.0,1.0,0.0,True,False
2023-05-09,NTPC,0.0,0.0,1.0,0.25,,,,,True
2023-05-09,ONGC,0.0,0.0,0.0,0.0,,,,,True
2023-05-09,POWERGRID,,,,,,,,,True
2023-05-09,RELIANCE,1.0,1.0,0.0,0.75,,,,,True
2023-05-09,SBIN,0.0,0.0,0.0,0.0,1.0,0.5,0.0,True,False
2023-05-09,TATAMOTORS,1.0,1.0,0.0,0.75,,,,,True
2023-05-09,TCS,0.0,0.0,1.0,0.25,1.0,0.5,0.0,True,False
2023-05-09,WIPRO,1.0,1.0,0.0,0.75,,,,,True
2023-05-09,CIPLA,1.0,0.0,0.0,0.4,1.0,1.0,0.0,True,False
2023-05-09,INFY,1.0,1.0,0.0,0.75,,,,,True
2023-05-09,DRREDDY,0.0,0.0,1.0,0.25,1.0,0.5,0.0,True,False
2023-05-09,HCLTECH,,,,,,,,,True
2023-05-09,TECHM,1.0,0.0,0.0,0.4,,,,,True
2023-05-09,SUNPHARMA,,,,,,,,,True
2023-05-10,ADANIGREEN,0.0,0.0,1.0,0.25,,,,,True
2023-05-10,ASIANPAINT,,,,,,,,,True
2023-05-10,AXISBANK,0.0,0.0,0.0,0.0,,,,,True
2023-05-10,BAJAJ-AUTO,,,,,,,,,True
2023-05-10,HDFCBANK,0.0,0.0,0.0,0.0,,,,,True
2023-05-10,HINDUNILVR,-1.0,-1.0,0.0,-0.75,,,,,True
2023-05-10,ICICIBANK,0.0,0.0,0.0,0.0,,,,,True
2023-05-10,ITC,1.0,1.0,0.0,0.75,1.0,1.0,0.0,True,False
2023-05-10,KOTAKBANK,0.0,0.0,0.0,0.0,,,,,True
2023-05-10,M&M,1.0,0.0,0.0,0.4,,,,,True
2023-05-10,MARUTI,1.0,0.0,0.0,0.4,,,,,True
2023-05-10,NTPC,0.0,0.0,1.0,0.25,1.0,0.5,0.0,True,False
2023-05-10,ONGC,0.0,0.0,0.0,0.0,,,,,True
2023-05-10,POWERGRID,,,,,,,,,True
2023-05-10,RELIANCE,1.0,1.0,0.0,0.75,,,,,True
2023-05-10,SBIN,0.0,0.0,0.0,0.0,,,,,True
2023-05-10,TATAMOTORS,,,,,,,,,True
2023-05-10,TCS,0.0,0.0,1.0,0.25,,,,,True
2023-05-10,WIPRO,0.5,0.5,0.5,0.5,2.0,0.75,0.0,True,False
2023-05-10,CIPLA,1.0,0.0,0.0,0.4,,,,,True
2023-05-10,INFY,1.0,1.0,0.0,0.75,,,,,True
2023-05-10,DRREDDY,0.0,0.0,1.0,0.25,,,,,True
2023-05-10,HCLTECH,,,,,,,,,True
2023-05-10,TECHM,1.0,0.0,0.0,0.4,,,,,True
2023-05-10,SUNPHARMA,,,,,,,,,True
2023-05-11,ADANIGREEN,0.0,0.0,1.0,0.25,,,,,True
2023-05-11,ASIANPAINT,,,,,,,,,True
2023-05-11,AXISBANK,0.0,0.0,0.0,0.0,,,,,True
2023-05-11,BAJAJ-AUTO,,,,,,,,,True
2023-05-11,HDFCBANK,0.0,0.0,0.0,0.0,,,,,True
2023-05-11,HINDUNILVR,,,,,,,,,True
2023-05-11,ICICIBANK,0.0,0.0,0.0,0.0,,,,,True
2023-05-11,ITC,1.0,0.0,0.0,0.4,1.0,1.0,0.0,True,False
2023-05-11,KOTAKBANK,0.0,0.0,0.0,0.0,,,,,True
2023-05-11,M&M,1.0,0.0,0.0,0.4,,,,,True
2023-05-11,MARUTI,1.0,0.0,0.0,0.4,,,,,True
2023-05-11,NTPC,0.0,0.0,1.0,0.25,,,,,True
2023-05-11,ONGC,0.0,0.0,0.0,0.0,,,,,True
2023-05-11,POWERGRID,,,,,,,,,True
2023-05-11,RELIANCE,1.0,1.0,0.0,0.75,,,,,True
2023-05-11,SBIN,0.0,0.0,0.0,0.0,,,,,True
2023-05-11,TATAMOTORS,,,,,,,,,True
2023-05-11,TCS,0.0,0.0,1.0,0.25,,,,,True
2023-05-11,WIPRO,0.5,0.5,0.5,0.5,,,,,True
2023-05-11,CIPLA,1.0,1.0,0.0,0.75,1.0,1.0,0.0,True,False
2023-05-11,INFY,1.0,1.0,0.0,0.75,,,,,True
2023-05-11,DRREDDY,0.0,0.0,1.0,0.25,,,,,True
2023-05-11,HCLTECH,,,,,,,,,True
2023-05-11,TECHM,1.0,0.0,0.0,0.4,,,,,True
2023-05-11,SUNPHARMA,,,,,,,,,True
2023-05-12,ADANIGREEN,0.0,0.0,1.0,0.25,,,,,True
2023-05-12,ASIANPAINT,,,,,,,,,True
2023-05-12,AXISBANK,0.0,0.0,0.0,0.0,,,,,True
2023-05-12,BAJAJ-AUTO,,,,,,,,,True
2023-05-12,HDFCBANK,0.0,0.0,0.0,0.0,,,,,True
2023-05-12,HINDUNILVR,,,,,,,,,True
2023-05-12,ICICIBANK,0.0,0.0,0.0,0.0,,,,,True
2023-05-12,ITC,1.0,0.0,0.0,0.4,,,,,True
2023-05-12,KOTAKBANK,0.0,0.0,0.0,0.0,,,,,True
2023-05-12,M&M,,,,,,,,,True
2023-05-12,MARUTI,1.0,0.0,0.0,0.4,,,,,True
2023-05-12,NTPC,0.0,0.0,1.0,0.25,,,,,True
2023-05-12,ONGC,0.0,0.0,0.0,0.0,,,,,True
2023-05-12,POWERGRID,,,,,,,,,True
2023-05-12,RELIANCE,,,,,,,,,True
2023-05-12,SBIN,0.0,0.0,0.0,0.0,,,,,True
2023-05-12,TATAMOTORS,,,,,,,,,True
2023-05-12,TCS,0.0,0.0,1.0,0.25,,,,,True
2023-05-12,WIPRO,0.5,0.5,0.5,0.5,,,,,True
2023-05-12,CIPLA,1.0,1.0,0.0,0.75,,,,,True
2023-05-12,INFY,,,,,,,,,True
2023-05-12,DRREDDY,0.0,0.0,1.0,0.25,,,,,True
2023-05-12,HCLTECH,,,,,,,,,True
2023-05-12,TECHM,,,,,,,,,True
2023-05-12,SUNPHARMA,,,,,,,,,True
2023-05-15,ADANIGREEN,0.0,0.0,1.0,0.25,,,,,True
2023-05-15,ASIANPAINT,,,,,,,,,True
2023-05-15,AXISBANK,0.0,0.0,0.0,0.0,,,,,True
2023-05-15,BAJAJ-AUTO,,,,,,,,,True
2023-05-15,HDFCBANK,0.0,0.0,0.0,0.0,,,,,True
2023-05-15,HINDUNILVR,,,,,,,,,True
2023-05-15,ICICIBANK,0.0,0.0,0.0,0.0,,,,,True
2023-05-15,ITC,1.0,0.0,0.0,0.4,,,,,True
2023-05-15,KOTAKBANK,0.0,0.0,0.0,0.0,,,,,True
2023-05-15,M&M,,,,,,,,,True
2023-05-15,MARUTI,1.0,0.0,0.0,0.4,,,,,True
2023-05-15,NTPC,0.0,0.0,1.0,0.25,,,,,True
2023-05-15,ONGC,0.0,0.0,0.0,0.0,,,,,True
2023-05-15,POWERGRID,1.0,0.0,0.0,0.4,1.0,1.0,0.0,True,False
2023-05-15,RELIANCE,,,,,,,,,True
2023-05-15,SBIN,0.0,0.0,0.0,0.0,,,,,True
2023-05-15,TATAMOTORS,,,,,,,,,True
2023-05-15,TCS,1.0,1.0,0.0,0.75,1.0,1.0,0.0,True,False
2023-05-15,WIPRO,0.0,0.0,0.0,0.0,1.0,0.5,0.0,True,False
2023-05-15,CIPLA,1.0,1.0,0.0,0.75,,,,,True
2023-05-15,INFY,,,,,,,,,True
2023-05-15,DRREDDY,0.0,0.0,1.0,0.25,,,,,True
2023-05-15,HCLTECH,,,,,,,,,True
2023-05-15,TECHM,,,,,,,,,True
2023-05-15,SUNPHARMA,,,,,,,,,True
2023-05-16,ADANIGREEN,0.0,0.0,1.0,0.25,2.0,1.0,0.5,False,False
2023-05-16,ASIANPAINT,,,,,,,,,True
2023-05-16,AXISBANK,0.0,0.0,0.0,0.0,1.0,0.5,0.0,True,False
2023-05-16,BAJAJ-AUTO,,,,,,,,,True
2023-05-16,HDFCBANK,0.0,0.0,0.0,0.0,1.0,0.5,0.0,True,False
2023-05-16,HINDUNILVR,,,,,,,,,True
2023-05-16,ICICIBANK,0.0,0.0,0.0,0.0,2.0,0.5,0.0,True,False
2023-05-16,ITC,0.0,0.0,1.0,0.25,1.0,0.5,0.0,True,False
2023-05-16,KOTAKBANK,0.0,0.0,0.0,0.0,1.0,0.5,0.0,True,False
2023-05-16,M&M,-1.0,0.0,0.0,-0.4,1.0,1.0,0.0,True,False
2023-05-16,MARUTI,1.0,0.0,0.0,0.4,,,,,True
2023-05-16,NTPC,0.0,0.0,1.0,0.25,,,,,True
2023-05-16,ONGC,,,,,,,,,True
2023-05-16,POWERGRID,1.0,0.0,0.0,0.4,,,,,True
2023-05-16,RELIANCE,,,,,,,,,True
2023-05-16,SBIN,0.0,0.0,0.0,0.0,1.0,0.5,0.0,True,False
2023-05-16,TATAMOTORS,,,,,,,,,True
2023-05-16,TCS,1.0,1.0,0.0,0.75,,,,,True
2023-05-16,WIPRO,0.0,0.0,0.0,0.0,,,,,True
2023-05-16,CIPLA,1.0,1.0,0.0,0.75,,,,,True
2023-05-16,INFY,,,,,,,,,True
2023-05-16,DRREDDY,0.0,0.0,1.0,0.25,,,,,True
2023-05-16,HCLTECH,0.0,0.0,0.0,0.0,1.0,0.5,0.0,True,False
2023-05-16,TECHM,,,,,,,,,True
2023-05-16,SUNPHARMA,,,,,,,,,True
2023-05-17,ADANIGREEN,0.5,0.5,1.0,0.625,2.0,0.75,0.0,True,False
2023-05-17,ASIANPAINT,,,,,,,,,True
2023-05-17,AXISBANK,0.0,0.0,0.0,0.0,,,,,True
2023-05-17,BAJAJ-AUTO,,,,,,,,,True
2023-05-17,HDFCBANK,1.0,1.0,0.0,0.75,1.0,1.0,0.0,True,False
2023-05-17,HINDUNILVR,,,,,,,,,True
2023-05-17,ICICIBANK,0.0,0.0,0.0,0.0,,,,,True
2023-05-17,ITC,0.0,0.0,1.0,0.25,,,,,True
2023-05-17,KOTAKBANK,0.0,0.0,0.0,0.0,,,,,True
2023-05-17,M&M,1.0,1.0,0.0,0.75,2.0,1.0,0.0,False,False
2023-05-17,MARUTI,,,,,,,,,True
2023-05-17,NTPC,-1.0,0.0,1.0,-0.15,1.0,1.0,0.0,True,False
2023-05-17,ONGC,,,,,,,,,True
2023-05-17,POWERGRID,1.0,1.0,0.0,0.75,1.0,1.0,0.0,True,False
2023-05-17,RELIANCE,,,,,,,,,True
2023-05-17,SBIN,0.0,0.0,0.0,0.0,,,,,True
2023-05-17,TATAMOTORS,,,,,,,,,True
2023-05-17,TCS,1.0,1.0,0.0,0.75,,,,,True
2023-05-17,WIPRO,0.0,0.0,0.0,0.0,,,,,True
2023-05-17,CIPLA,1.0,1.0,0.0,0.75,,,,,True
2023-05-17,INFY,,,,,,,,,True
2023-05-17,DRREDDY,,,,,,,,,True
2023-05-17,HCLTECH,0.0,0.0,0.0,0.0,,,,,True
2023-05-17,TECHM,0.5,0.5,0.0,0.375,2.0,0.75,0.0,True,False
2023-05-17,SUNPHARMA,,,,,,,,,True
2023-05-18,ADANIGREEN,0.5,0.5,1.0,0.625,,,,,True
2023-05-18,ASIANPAINT,,,,,,,,,True
2023-05-18,AXISBANK,0.0,0.0,0.0,0.0,,,,,True
2023-05-18,BAJAJ-AUTO,,,,,,,,,True
2023-05-18,HDFCBANK,1.0,1.0,0.0,0.75,,,,,True
2023-05-18,HINDUNILVR,,,,,,,,,True
2023-05-18,ICICIBANK,0.0,0.0,1.0,0.25,1.0,0.5,0.0,True,False
2023-05-18,ITC,0.0,0.0,1.0,0.25,,,,,True
2023-05-18,KOTAKBANK,0.0,0.0,0.0,0.0,,,,,True
2023-05-18,M&M,1.0,1.0,0.0,0.75,,,,,True
2023-05-18,MARUTI,,,,,,,,,True
2023-05-18,NTPC,-1.0,0.0,1.0,-0.15,,,,,True
2023-05-18,ONGC,,,,,,,,,True
2023-05-18,POWERGRID,1.0,1.0,0.0,0.75,,,,,True
2023-05-18,RELIANCE,1.0,1.0,0.0,0.75,1.0,1.0,0.0,True,False
2023-05-18,SBIN,0.0,0.0,0.0,0.0,,,,,True
2023-05-18,TATAMOTORS,,,,,,,,,True
2023-05-18,TCS,1.0,1.0,0.0,0.75,,,,,True
2023-05-18,WIPRO,1.0,0.0,0.0,0.4,1.0,1.0,0.0,True,False
2023-05-18,CIPLA,1.0,1.0,0.0,0.75,,,,,True
2023-05-18,INFY,,,,,,,,,True
2023-05-18,DRREDDY,0.0,0.0,1.0,0.25,1.0,0.5,0.0,True,False
2023-05-18,HCLTECH,0.0,0.0,0.0,0.0,,,,,True
2023-05-18,TECHM,0.5,0.5,0.0,0.375,,,,,True
2023-05-18,SUNPHARMA,0.0,0.0,0.0,0.0,1.0,0.5,0.0,True,False
2023-05-19,ADANIGREEN,0.5,0.5,1.0,0.625,,,,,True
2023-05-19,ASIANPAINT,,,,,,,,,True
2023-05-19,AXISBANK,0.0,0.0,0.0,0.0,,,,,True
2023-05-19,BAJAJ-AUTO,,,,,,,,,True
2023-05-19,HDFCBANK,1.0,1.0,0.0,0.75,,,,,True
2023-05-19,HINDUNILVR,,,,,,,,,True
2023-05-19,ICICIBANK,0.0,0.0,1.0,0.25,,,,,True
2023-05-19,ITC,0.0,0.0,1.0,0.25,,,,,True
2023-05-19,KOTAKBANK,0.0,0.0,0.0,0.0,,,,,True
2023-05-19,M&M,1.0,1.0,0.0,0.75,,,,,True
2023-05-19,MARUTI,,,,,,,,,True
2023-05-19,NTPC,-1.0,0.0,1.0,-0.15,,,,,True
2023-05-19,ONGC,,,,,,,,,True
2023-05-19,POWERGRID,1.0,1.0,0.0,0.75,,,,,True
2023-05-19,RELIANCE,1.0,1.0,0.0,0.75,,,,,True
2023-05-19,SBIN,0.0,0.0,0.0,0.0,,,,,True
2023-05-19,TATAMOTORS,,,,,,,,,True
2023-05-19,TCS,1.0,1.0,0.0,0.75,,,,,True
2023-05-19,WIPRO,1.0,0.0,0.0,0.4,,,,,True
2023-05-19,CIPLA,,,,,,,,,True
2023-05-19,INFY,,,,,,,,,True
2023-05-19,DRREDDY,0.0,0.0,1.0,0.25,,,,,True
2023-05-19,HCLTECH,0.0,0.0,0.0,0.0,,,,,True
2023-05-19,TECHM,0.5,0.5,0.0,0.375,,,,,True
2023-05-19,SUNPHARMA,0.0,0.0,0.0,0.0,,,,,True
2023-05-22,ADANIGREEN,0.5,0.5,1.0,0.625,,,,,True
2023-05-22,ASIANPAINT,,,,,,,,,True
2023-05-22,AXISBANK,0.0,0.0,0.0,0.0,,,,,True
2023-05-22,BAJAJ-AUTO,1.0,1.0,0.0,0.75,1.0,1.0,0.0,True,False
2023-05-22,HDFCBANK,1.0,1.0,0.0,0.75,,,,,True
2023-05-22,HINDUNILVR,,,,,,,,,True
2023-05-22,ICICIBANK,0.0,0.0,1.0,0.25,,,,,True
2023-05-22,ITC,0.0,0.0,1.0,0.25,,,,,True
2023-05-22,KOTAKBANK,0.0,0.0,0.0,0.0,,,,,True
2023-05-22,M&M,1.0,1.0,0.0,0.75,,,,,True
2023-05-22,MARUTI,,,,,,,,,True
2023-05-22,NTPC,-1.0,0.0,1.0,-0.15,,,,,True
2023-05-22,ONGC,,,,,,,,,True
2023-05-22,POWERGRID,1.0,1.0,0.0,0.75,,,,,True
2023-05-22,RELIANCE,1.0,1.0,0.0,0.75,,,,,True
2023-05-22,SBIN,0.0,0.0,0.0,0.0,1.0,0.5,0.0,True,False
2023-05-22,TATAMOTORS,0.0,0.0,1.0,0.25,1.0,0.5,0.0,True,False
2023-05-22,TCS,1.0,1.0,0.0,0.75,,,,,True
2023-05-22,WIPRO,1.0,0.0,0.0,0.4,,,,,True
2023-05-22,CIPLA,0.0,0.0,0.0,0.0,1.0,0.5,0.0,True,False
2023-05-22,INFY,1.0,0.0,0.0,0.4,1.0,1.0,0.0,True,False
2023-05-22,DRREDDY,0.0,0.0,1.0,0.25,,,,,True
2023-05-22,HCLTECH,0.0,0.0,0.0,0.0,,,,,True
2023-05-22,TECHM,0.5,0.5,0.0,0.375,,,,,True
2023-05-22,SUNPHARMA,0.0,0.0,0.0,0.0,,,,,True
2023-05-23,ADANIGREEN,0.5,0.5,1.0,0.625,,,,,True
2023-05-23,ASIANPAINT,,,,,,,,,True
2023-05-23,AXISBANK,0.0,0.0,0.0,0.0,,,,,True
2023-05-23,BAJAJ-AUTO,1.0,1.0,0.0,0.75,1.0,1.0,0.0,True,False
2023-05-23,HDFCBANK,1.0,1.0,0.0,0.75,,,,,True
2023-05-23,HINDUNILVR,,,,,,,,,True
2023-05-23,ICICIBANK,1.0,1.0,0.0,0.75,1.0,1.0,0.0,True,False
2023-05-23,ITC,1.0,0.0,0.0,0.4,1.0,1.0,0.0,True,False
2023-05-23,KOTAKBANK,0.0,0.0,0.0,0.0,,,,,True
2023-05-23,M&M,1.0,0.0,0.0,0.4,1.0,1.0,0.0,True,False
2023-05-23,MARUTI,,,,,,,,,True
2023-05-23,NTPC,-1.0,0.0,1.0,-0.15,1.0,1.0,0.0,True,False
2023-05-23,ONGC,,,,,,,,,True
2023-05-23,POWERGRID,1.0,1.0,0.0,0.75,,,,,True
2023-05-23,RELIANCE,1.0,1.0,0.0,0.75,,,,,True
2023-05-23,SBIN,1.0,1.0,0.0,0.75,1.0,1.0,0.0,True,False
2023-05-23,TATAMOTORS,0.0,0.0,1.0,0.25,,,,,True
2023-05-23,TCS,,,,,,,,,True
2023-05-23,WIPRO,1.0,0.0,0.0,0.4,,,,,True
2023-05-23,CIPLA,0.0,0.0,0.0,0.0,,,,,True
2023-05-23,INFY,1.0,0.0,0.0,0.4,,,,,True
2023-05-23,DRREDDY,0.0,0.0,1.0,0.25,,,,,True
2023-05-23,HCLTECH,0.0,0.0,0.0,0.0,,,,,True
2023-05-23,TECHM,0.5,0.5,0.0,0.375,,,,,True
2023-05-23,SUNPHARMA,0.0,0.0,1.0,0.25,1.0,0.5,0.0,True,False
2023-05-24,ADANIGREEN,0.5,0.5,1.0,0.625,,,,,True
2023-05-24,ASIANPAINT,,,,,,,,,True
2023-05-24,AXISBANK,,,,,,,,,True
2023-05-24,BAJAJ-AUTO,1.0,1.0,0.0,0.75,,,,,True
2023-05-24,HDFCBANK,1.0,1.0,0.0,0.75,,,,,True
2023-05-24,HINDUNILVR,,,,,,,,,True
2023-05-24,ICICIBANK,1.0,1.0,0.0,0.75,,,,,True
2023-05-24,ITC,1.0,0.0,0.0,0.4,,,,,True
2023-05-24,KOTAKBANK,,,,,,,,,True
2023-05-24,M&M,1.0,0.0,0.0,0.4,1.0,1.0,0.0,True,False
2023-05-24,MARUTI,0.0,0.0,1.0,0.25,1.0,0.5,0.0,True,False
2023-05-24,NTPC,-1.0,0.0,1.0,-0.15,,,,,True
2023-05-24,ONGC,,,,,,,,,True
2023-05-24,POWERGRID,1.0,1.0,0.0,0.75,,,,,True
2023-05-24,RELIANCE,1.0,1.0,0.0,0.75,,,,,True
2023-05-24,SBIN,1.0,1.0,0.0,0.75,,,,,True
2023-05-24,TATAMOTORS,0.0,0.0,1.0,0.25,,,,,True
2023-05-24,TCS,,,,,,,,,True
2023-05-24,WIPRO,1.0,0.0,0.0,0.4,,,,,True
2023-05-24,CIPLA,0.0,0.0,0.0,0.0,,,,,True
2023-05-24,INFY,1.0,0.0,0.0,0.4,,,,,True
2023-05-24,DRREDDY,-1.0,0.0,0.0,-0.4,1.0,1.0,0.0,True,False
2023-05-24,HCLTECH,,,,,,,,,True
2023-05-24,TECHM,0.5,0.5,0.0,0.375,,,,,True
2023-05-24,SUNPHARMA,0.0,0.0,0.0,0.0,1.0,0.5,0.0,True,False
2023-05-25,ADANIGREEN,,,,,,,,,True
2023-05-25,ASIANPAINT,,,,,,,,,True
2023-05-25,AXISBANK,,,,,,,,,True
2023-05-25,BAJAJ-AUTO,0.3333,0.0,0.6667,0.3,3.0,0.6667,0.0,True,False
2023-05-25,HDFCBANK,,,,,,,,,True
2023-05-25,HINDUNILVR,,,,,,,,,True
2023-05-25,ICICIBANK,0.0,0.0,0.5,0.125,2.0,0.5,0.0,True,False
2023-05-25,ITC,1.0,0.0,0.0,0.4,,,,,True
2023-05-25,KOTAKBANK,,,,,,,,,True
2023-05-25,M&M,1.0,0.0,0.0,0.4,,,,,True
2023-05-25,MARUTI,0.0,0.0,1.0,0.25,,,,,True
2023-05-25,NTPC,-1.0,0.0,1.0,-0.15,,,,,True
2023-05-25,ONGC,,,,,,,,,True
2023-05-25,POWERGRID,,,,,,,,,True
2023-05-25,RELIANCE,1.0,1.0,0.0,0.75,,,,,True
2023-05-25,SBIN,1.0,0.0,0.0,0.4,1.0,1.0,0.0,True,False
2023-05-25,TATAMOTORS,0.0,0.0,1.0,0.25,,,,,True
2023-05-25,TCS,,,,,,,,,True
2023-05-25,WIPRO,1.0,0.0,0.0,0.4,,,,,True
2023-05-25,CIPLA,0.0,0.0,0.0,0.0,,,,,True
2023-05-25,INFY,1.0,0.0,0.0,0.4,,,,,True
2023-05-25,DRREDDY,-1.0,0.0,0.0,-0.4,,,,,True
2023-05-25,HCLTECH,,,,,,,,,True
2023-05-25,TECHM,,,,,,,,,True
2023-05-25,SUNPHARMA,0.0,0.0,0.0,0.0,,,,,True
2023-05-26,ADANIGREEN,,,,,,,,,True
2023-05-26,ASIANPAINT,,,,,,,,,True
2023-05-26,AXISBANK,,,,,,,,,True
2023-05-26,BAJAJ-AUTO,0.3333,0.0,0.6667,0.3,,,,,True
2023-05-26,HDFCBANK,,,,,,,,,True
2023-05-26,HINDUNILVR,,,,,,,,,True
2023-05-26,ICICIBANK,0.0,0.0,0.5,0.125,,,,,True
2023-05-26,ITC,1.0,0.0,0.0,0.4,,,,,True
2023-05-26,KOTAKBANK,,,,,,,,,True
2023-05-26,M&M,1.0,0.0,0.0,0.4,,,,,True
2023-05-26,MARUTI,0.0,0.0,1.0,0.25,,,,,True
2023-05-26,NTPC,-1.0,0.0,1.0,-0.15,,,,,True
2023-05-26,ONGC,,,,,,,,,True
2023-05-26,POWERGRID,,,,,,,,,True
2023-05-26,RELIANCE,,,,,,,,,True
2023-05-26,SBIN,1.0,0.0,0.0,0.4,,,,,True
2023-05-26,TATAMOTORS,0.0,0.0,1.0,0.25,,,,,True
2023-05-26,TCS,,,,,,,,,True
2023-05-26,WIPRO,,,,,,,,,True
2023-05-26,CIPLA,0.0,0.0,0.0,0.0,,,,,True
2023-05-26,INFY,1.0,0.0,0.0,0.4,,,,,True
2023-05-26,DRREDDY,-1.0,0.0,0.0,-0.4,,,,,True
2023-05-26,HCLTECH,,,,,,,,,True
2023-05-26,TECHM,,,,,,,,,True
2023-05-26,SUNPHARMA,0.0,0.0,0.0,0.0,,,,,True
2023-05-29,ADANIGREEN,,,,,,,,,True
2023-05-29,ASIANPAINT,,,,,,,,,True
2023-05-29,AXISBANK,,,,,,,,,True
2023-05-29,BAJAJ-AUTO,0.3333,0.0,0.6667,0.3,,,,,True
2023-05-29,HDFCBANK,-1.0,0.0,0.0,-0.4,1.0,1.0,0.0,True,False
2023-05-29,HINDUNILVR,0.0,0.0,0.0,0.0,1.0,0.5,0.0,True,False
2023-05-29,ICICIBANK,0.0,0.0,0.5,0.125,,,,,True
2023-05-29,ITC,0.0,0.0,0.0,0.0,1.0,0.5,0.0,True,False
2023-05-29,KOTAKBANK,,,,,,,,,True
2023-05-29,M&M,1.0,0.0,0.0,0.4,,,,,True
2023-05-29,MARUTI,0.0,0.0,1.0,0.25,,,,,True
2023-05-29,NTPC,-1.0,0.0,1.0,-0.15,,,,,True
2023-05-29,ONGC,,,,,,,,,True
2023-05-29,POWERGRID,,,,,,,,,True
2023-05-29,RELIANCE,,,,,,,,,True
2023-05-29,SBIN,1.0,0.0,0.0,0.4,,,,,True
2023-05-29,TATAMOTORS,0.0,0.0,1.0,0.25,,,,,True
2023-05-29,TCS,,,,,,,,,True
2023-05-29,WIPRO,,,,,,,,,True
2023-05-29,CIPLA,0.0,0.0,0.0,0.0,,,,,True
2023-05-29,INFY,1.0,0.0,0.0,0.4,,,,,True
2023-05-29,DRREDDY,-1.0,0.0,0.0,-0.4,,,,,True
2023-05-29,HCLTECH,,,,,,,,,True
2023-05-29,TECHM,,,,,,,,,True
2023-05-29,SUNPHARMA,0.0,0.0,0.0,0.0,,,,,True
2023-05-30,ADANIGREEN,,,,,,,,,True
2023-05-30,ASIANPAINT,,,,,,,,,True
2023-05-30,AXISBANK,0.0,0.0,1.0,0.25,1.0,0.5,0.0,True,False
2023-05-30,BAJAJ-AUTO,0.3333,0.0,0.6667,0.3,,,,,True
2023-05-30,HDFCBANK,-1.0,0.0,0.0,-0.4,,,,,True
2023-05-30,HINDUNILVR,0.0,0.0,1.0,0.25,1.0,0.5,0.0,True,False
2023-05-30,ICICIBANK,0.0,0.0,0.5,0.125,,,,,True
2023-05-30,ITC,0.0,0.0,0.0,0.0,,,,,True
2023-05-30,KOTAKBANK,,,,,,,,,True
2023-05-30,M&M,1.0,0.0,0.0,0.4,1.0,1.0,0.0,True,False
2023-05-30,MARUTI,0.0,0.0,1.0,0.25,,,,,True
2023-05-30,NTPC,-1.0,0.0,1.0,-0.15,,,,,True
2023-05-30,ONGC,,,,,,,,,True
2023-05-30,POWERGRID,,,,,,,,,True
2023-05-30,RELIANCE,,,,,,,,,True
2023-05-30,SBIN,1.0,0.0,0.0,0.4,,,,,True
2023-05-30,TATAMOTORS,,,,,,,,,True
2023-05-30,TCS,,,,,,,,,True
2023-05-30,WIPRO,,,,,,,,,True
2023-05-30,CIPLA,,,,,,,,,True
2023-05-30,INFY,,,,,,,,,True
2023-05-30,DRREDDY,0.0,0.0,1.0,0.25,1.0,0.5,0.0,True,False
2023-05-30,HCLTECH,,,,,,,,,True
2023-05-30,TECHM,1.0,0.0,0.0,0.4,1.0,1.0,0.0,True,False
2023-05-30,SUNPHARMA,0.0,0.0,0.0,0.0,,,,,True
2023-05-31,ADANIGREEN,,,,,,,,,True
2023-05-31,ASIANPAINT,,,,,,,,,True
2023-05-31,AXISBANK,0.0,0.0,1.0,0.25,,,,,True
2023-05-31,BAJAJ-AUTO,0.3333,0.0,0.6667,0.3,,,,,True
2023-05-31,HDFCBANK,-1.0,0.0,0.0,-0.4,,,,,True
2023-05-31,HINDUNILVR,0.0,0.0,1.0,0.25,,,,,True
2023-05-31,ICICIBANK,0.0,0.0,0.5,0.125,,,,,True
2023-05-31,ITC,-1.0,0.0,0.0,-0.4,1.0,1.0,0.0,True,False
2023-05-31,KOTAKBANK,,,,,,,,,True
2023-05-31,M&M,1.0,0.0,0.0,0.4,,,,,True
2023-05-31,MARUTI,0.0,0.0,1.0,0.25,,,,,True
2023-05-31,NTPC,1.0,1.0,1.0,1.0,1.0,1.0,0.0,True,False
2023-05-31,ONGC,,,,,,,,,True
2023-05-31,POWERGRID,,,,,,,,,True
2023-05-31,RELIANCE,,,,,,,,,True
2023-05-31,SBIN,1.0,0.0,0.0,0.4,,,,,True
2023-05-31,TATAMOTORS,0.0,0.0,0.0,0.0,1.0,0.5,0.0,True,False
2023-05-31,TCS,,,,,,,,,True
2023-05-31,WIPRO,,,,,,,,,True
2023-05-31,CIPLA,-1.0,0.0,0.0,-0.4,1.0,1.0,0.0,True,False
2023-05-31,INFY,,,,,,,,,True
2023-05-31,DRREDDY,0.0,0.0,1.0,0.25,,,,,True
2023-05-31,HCLTECH,,,,,,,,,True
2023-05-31,TECHM,1.0,0.0,0.0,0.4,,,,,True
2023-05-31,SUNPHARMA,0.0,0.0,0.0,0.0,,,,,True
2023-06-01,ADANIGREEN,,,,,,,,,True
2023-06-01,ASIANPAINT,,,,,,,,,True
2023-06-01,AXISBANK,0.0,0.0,1.0,0.25,,,,,True
2023-06-01,BAJAJ-AUTO,1.0,1.0,0.0,0.75,1.0,1.0,0.0,True,False
2023-06-01,HDFCBANK,-1.0,0.0,0.0,-0.4,,,,,True
2023-06-01,HINDUNILVR,0.0,0.0,1.0,0.25,,,,,True
2023-06-01,ICICIBANK,0.0,0.0,0.5,0.125,,,,,True
2023-06-01,ITC,-1.0,0.0,0.0,-0.4,,,,,True
2023-06-01,KOTAKBANK,,,,,,,,,True
2023-06-01,M&M,1.0,0.0,0.0,0.4,,,,,True
2023-06-01,MARUTI,,,,,,,,,True
2023-06-01,NTPC,1.0,1.0,1.0,1.0,,,,,True
2023-06-01,ONGC,0.0,0.0,1.0,0.25,1.0,0.5,0.0,True,False
2023-06-01,POWERGRID,,,,,,,,,True
2023-06-01,RELIANCE,,,,,,,,,True
2023-06-01,SBIN,1.0,0.0,0.0,0.4,,,,,True
2023-06-01,TATAMOTORS,0.0,0.0,0.0,0.0,,,,,True
2023-06-01,TCS,,,,,,,,,True
2023-06-01,WIPRO,,,,,,,,,True
2023-06-01,CIPLA,-1.0,0.0,0.0,-0.4,,,,,True
2023-06-01,INFY,,,,,,,,,True
2023-06-01,DRREDDY,0.0,0.0,1.0,0.25,,,,,True
2023-06-01,HCLTECH,,,,,,,,,True
2023-06-01,TECHM,1.0,0.0,0.0,0.4,,,,,True
2023-06-01,SUNPHARMA,0.0,0.0,0.5,0.125,2.0,0.5,0.0,True,False
2023-06-02,ADANIGREEN,,,,,,,,,True
2023-06-02,ASIANPAINT,,,,,,,,,True
2023-06-02,AXISBANK,0.0,0.0,1.0,0.25,,,,,True
2023-06-02,BAJAJ-AUTO,1.0,1.0,0.0,0.75,,,,,True
2023-06-02,HDFCBANK,-1.0,0.0,0.0,-0.4,,,,,True
2023-06-02,HINDUNILVR,0.0,0.0,1.0,0.25,,,,,True
2023-06-02,ICICIBANK,,,,,,,,,True
2023-06-02,ITC,-1.0,0.0,0.0,-0.4,,,,,True
2023-06-02,KOTAKBANK,,,,,,,,,True
2023-06-02,M&M,1.0,0.0,0.0,0.4,,,,,True
2023-06-02,MARUTI,,,,,,,,,True
2023-06-02,NTPC,1.0,1.0,1.0,1.0,,,,,True
2023-06-02,ONGC,0.0,0.0,1.0,0.25,,,,,True
2023-06-02,POWERGRID,,,,,,,,,True
2023-06-02,RELIANCE,,,,,,,,,True
2023-06-02,SBIN,,,,,,,,,True
2023-06-02,TATAMOTORS,0.0,0.0,0.0,0.0,,,,,True
2023-06-02,TCS,,,,,,,,,True
2023-06-02,WIPRO,,,,,,,,,True
2023-06-02,CIPLA,-1.0,0.0,0.0,-0.4,,,,,True
2023-06-02,INFY,,,,,,,,,True
2023-06-02,DRREDDY,0.0,0.0,1.0,0.25,,,,,True
2023-06-02,HCLTECH,,,,,,,,,True
2023-06-02,TECHM,1.0,0.0,0.0,0.4,,,,,True
2023-06-02,SUNPHARMA,0.0,0.0,0.5,0.125,,,,,True
2023-06-05,ADANIGREEN,,,,,,,,,True
2023-06-05,ASIANPAINT,,,,,,,,,True
2023-06-05,AXISBANK,0.0,0.0,1.0,0.25,,,,,True
2023-06-05,BAJAJ-AUTO,1.0,1.0,0.0,0.75,,,,,True
2023-06-05,HDFCBANK,-1.0,0.0,0.0,-0.4,,,,,True
2023-06-05,HINDUNILVR,0.0,0.0,1.0,0.25,,,,,True
2023-06-05,ICICIBANK,1.0,1.0,0.0,0.75,2.0,1.0,0.0,False,False
2023-06-05,ITC,-1.0,0.0,0.0,-0.4,,,,,True
2023-06-05,KOTAKBANK,,,,,,,,,True
2023-06-05,M&M,0.0,0.0,1.0,0.25,1.0,0.5,0.0,True,False
2023-06-05,MARUTI,,,,,,,,,True
2023-06-05,NTPC,1.0,1.0,1.0,1.0,,,,,True
2023-06-05,ONGC,0.0,0.0,1.0,0.25,1.0,0.5,0.0,True,False
2023-06-05,POWERGRID,0.0,0.0,1.0,0.25,1.0,0.5,0.0,True,False
2023-06-05,RELIANCE,,,,,,,,,True
2023-06-05,SBIN,,,,,,,,,True
2023-06-05,TATAMOTORS,1.0,0.5,0.0,0.575,2.0,1.0,0.0,False,False
2023-06-05,TCS,,,,,,,,,True
2023-06-05,WIPRO,,,,,,,,,True
2023-06-05,CIPLA,-1.0,0.0,0.0,-0.4,,,,,True
2023-06-05,INFY,,,,,,,,,True
2023-06-05,DRREDDY,0.0,0.0,1.0,0.25,,,,,True
2023-06-05,HCLTECH,,,,,,,,,True
2023-06-05,TECHM,1.0,0.0,0.0,0.4,,,,,True
2023-06-05,SUNPHARMA,0.0,0.0,0.5,0.125,,,,,True
2023-06-06,ADANIGREEN,0.5,0.5,1.0,0.625,2.0,0.75,0.0,True,False
2023-06-06,ASIANPAINT,,,,,,,,,True
2023-06-06,AXISBANK,0.0,0.0,0.0,0.0,1.0,0.5,0.0,True,False
2023-06-06,BAJAJ-AUTO,1.0,1.0,0.0,0.75,,,,,True
2023-06-06,HDFCBANK,0.0,0.0,0.0,0.0,1.0,0.5,0.0,True,False
2023-06-06,HINDUNILVR,0.0,0.0,1.0,0.25,,,,,True
2023-06-06,ICICIBANK,0.0,0.0,0.0,0.0,1.0,0.5,0.0,True,False
2023-06-06,ITC,-1.0,0.0,0.0,-0.4,,,,,True
2023-06-06,KOTAKBANK,0.7143,0.0,0.0,0.2857,2.0,0.75,0.0,True,False
2023-06-06,M&M,1.0,0.0,0.0,0.4,1.0,1.0,0.0,True,False
2023-06-06,MARUTI,,,,,,,,,True
2023-06-06,NTPC,1.0,1.0,1.0,1.0,,,,,True
2023-06-06,ONGC,0.0,0.0,1.0,0.25,,,,,True
2023-06-06,POWERGRID,0.0,0.0,1.0,0.25,,,,,True
2023-06-06,RELIANCE,,,,,,,,,True
2023-06-06,SBIN,0.0,0.0,0.0,0.0,1.0,0.5,0.0,True,False
2023-06-06,TATAMOTORS,1.0,0.5,0.0,0.575,,,,,True
2023-06-06,TCS,0.0,0.0,0.0,0.0,1.0,0.5,0.0,True,False
2023-06-06,WIPRO,,,,,,,,,True
2023-06-06,CIPLA,-1.0,0.0,0.0,-0.4,,,,,True
2023-06-06,INFY,1.0,1.0,0.0,0.75,1.0,1.0,0.0,True,False
2023-06-06,DRREDDY,0.0,0.0,1.0,0.25,1.0,0.5,0.0,True,False
2023-06-06,HCLTECH,,,,,,,,,True
2023-06-06,TECHM,1.0,0.0,0.0,0.4,,,,,True
2023-06-06,SUNPHARMA,1.0,0.0,0.0,0.4,1.0,1.0,0.0,True,False
2023-06-07,ADANIGREEN,1.0,1.0,1.0,1.0,1.0,1.0,0.0,True,False
2023-06-07,ASIANPAINT,,,,,,,,,True
2023-06-07,AXISBANK,0.0,0.0,0.0,0.0,,,,,True
2023-06-07,BAJAJ-AUTO,1.0,1.0,0.0,0.75,,,,,True
2023-06-07,HDFCBANK,0.0,0.0,0.0,0.0,,,,,True
2023-06-07,HINDUNILVR,,,,,,,,,True
2023-06-07,ICICIBANK,0.0,0.0,0.0,0.0,,,,,True
2023-06-07,ITC,-1.0,0.0,0.0,-0.4,,,,,True
2023-06-07,KOTAKBANK,0.7143,0.0,0.0,0.2857,,,,,True
2023-06-07,M&M,1.0,0.0,0.0,0.4,1.0,1.0,0.0,True,False
2023-06-07,MARUTI,,,,,,,,,True
2023-06-07,NTPC,1.0,1.0,1.0,1.0,,,,,True
2023-06-07,ONGC,0.0,0.0,0.0,0.0,1.0,0.5,0.0,True,False
2023-06-07,POWERGRID,0.0,0.0,1.0,0.25,,,,,True
2023-06-07,RELIANCE,,,,,,,,,True
2023-06-07,SBIN,0.0,0.0,0.0,0.0,,,,,True
2023-06-07,TATAMOTORS,1.0,0.5,0.0,0.575,,,,,True
2023-06-07,TCS,0.0,0.0,0.0,0.0,,,,,True
2023-06-07,WIPRO,,,,,,,,,True
2023-06-07,CIPLA,1.0,1.0,0.0,0.75,1.0,1.0,0.0,True,False
2023-06-07,INFY,1.0,1.0,0.0,0.75,,,,,True
2023-06-07,DRREDDY,0.0,0.0,0.0,0.0,1.0,0.5,0.0,True,False
2023-06-07,HCLTECH,1.0,1.0,0.0,0.75,1.0,1.0,0.0,True,False
2023-06-07,TECHM,1.0,0.0,0.0,0.4,1.0,1.0,0.0,True,False
2023-06-07,SUNPHARMA,0.5,0.0,0.5,0.325,2.0,0.75,0.0,True,False
2023-06-08,ADANIGREEN,-1.0,-1.0,1.0,-0.5,1.0,1.0,0.0,True,False
2023-06-08,ASIANPAINT,0.0,0.0,1.0,0.25,1.0,0.5,0.0,True,False
2023-06-08,AXISBANK,0.0,0.0,0.0,0.0,,,,,True
2023-06-08,BAJAJ-AUTO,1.0,1.0,0.0,0.75,,,,,True
2023-06-08,HDFCBANK,0.0,0.0,0.0,0.0,,,,,True
2023-06-08,HINDUNILVR,,,,,,,,,True
2023-06-08,ICICIBANK,1.0,1.0,0.0,0.75,1.0,1.0,0.0,True,False
2023-06-08,ITC,,,,,,,,,True
2023-06-08,KOTAKBANK,0.7143,0.0,0.0,0.2857,,,,,True
2023-06-08,M&M,1.0,0.0,0.0,0.4,,,,,True
2023-06-08,MARUTI,,,,,,,,,True
2023-06-08,NTPC,,,,,,,,,True
2023-06-08,ONGC,0.0,0.0,0.0,0.0,,,,,True
2023-06-08,POWERGRID,0.0,0.0,1.0,0.25,,,,,True
2023-06-08,RELIANCE,-1.0,0.0,0.0,-0.4,1.0,1.0,0.0,True,False
2023-06-08,SBIN,0.0,0.0,0.0,0.0,,,,,True
2023-06-08,TATAMOTORS,1.0,0.5,0.0,0.575,,,,,True
2023-06-08,TCS,0.0,0.0,0.0,0.0,,,,,True
2023-06-08,WIPRO,,,,,,,,,True
2023-06-08,CIPLA,1.0,1.0,0.0,0.75,,,,,True
2023-06-08,INFY,1.0,1.0,0.0,0.75,,,,,True
2023-06-08,DRREDDY,0.0,0.0,0.0,0.0,,,,,True
2023-06-08,HCLTECH,1.0,1.0,0.0,0.75,,,,,True
2023-06-08,TECHM,1.0,0.0,0.0,0.4,,,,,True
2023-06-08,SUNPHARMA,0.5,0.0,0.5,0.325,,,,,True
2023-06-09,ADANIGREEN,-1.0,-1.0,1.0,-0.5,,,,,True
2023-06-09,ASIANPAINT,0.0,0.0,1.0,0.25,,,,,True
2023-06-09,AXISBANK,0.0,0.0,0.0,0.0,,,,,True
2023-06-09,BAJAJ-AUTO,,,,,,,,,True
2023-06-09,HDFCBANK,0.0,0.0,0.0,0.0,,,,,True
2023-06-09,HINDUNILVR,,,,,,,,,True
2023-06-09,ICICIBANK,1.0,1.0,0.0,0.75,,,,,True
2023-06-09,ITC,,,,,,,,,True
2023-06-09,KOTAKBANK,0.7143,0.0,0.0,0.2857,,,,,True
2023-06-09,M&M,1.0,0.0,0.0,0.4,,,,,True
2023-06-09,MARUTI,,,,,,,,,True
2023-06-09,NTPC,,,,,,,,,True
2023-06-09,ONGC,0.0,0.0,0.0,0.0,,,,,True
2023-06-09,POWERGRID,0.0,0.0,1.0,0.25,,,,,True
2023-06-09,RELIANCE,-1.0,0.0,0.0,-0.4,,,,,True
2023-06-09,SBIN,0.0,0.0,0.0,0.0,,,,,True
2023-06-09,TATAMOTORS,1.0,0.5,0.0,0.575,,,,,True
2023-06-09,TCS,0.0,0.0,0.0,0.0,,,,,True
2023-06-09,WIPRO,,,,,,,,,True
2023-06-09,CIPLA,1.0,1.0,0.0,0.75,,,,,True
2023-06-09,INFY,1.0,1.0,0.0,0.75,,,,,True
2023-06-09,DRREDDY,0.0,0.0,0.0,0.0,,,,,True
2023-06-09,HCLTECH,1.0,1.0,0.0,0.75,,,,,True
2023-06-09,TECHM,1.0,0.0,0.0,0.4,,,,,True
2023-06-09,SUNPHARMA,0.5,0.0,0.5,0.325,,,,,True
2023-06-12,ADANIGREEN,-1.0,-1.0,1.0,-0.5,,,,,True
2023-06-12,ASIANPAINT,-1.0,0.0,0.0,-0.4,1.0,1.0,0.0,True,False
2023-06-12,AXISBANK,0.0,0.0,0.5,0.125,2.0,0.5,0.0,True,False
2023-06-12,BAJAJ-AUTO,,,,,,,,,True
2023-06-12,HDFCBANK,0.0,0.0,0.0,0.0,1.0,0.5,0.0,True,False
2023-06-12,HINDUNILVR,,,,,,,,,True
2023-06-12,ICICIBANK,0.7143,0.0,0.0,0.2857,2.0,0.75,0.0,True,False
2023-06-12,ITC,,,,,,,,,True
2023-06-12,KOTAKBANK,0.7143,0.5,0.0,0.4607,2.0,0.75,0.0,True,False
2023-06-12,M&M,1.0,1.0,0.0,0.75,1.0,1.0,0.0,True,False
2023-06-12,MARUTI,,,,,,,,,True
2023-06-12,NTPC,,,,,,,,,True
2023-06-12,ONGC,0.0,0.0,0.0,0.0,,,,,True
2023-06-12,POWERGRID,0.0,0.0,1.0,0.25,,,,,True
2023-06-12,RELIANCE,-1.0,0.0,0.0,-0.4,,,,,True
2023-06-12,SBIN,0.0,0.0,0.0,0.0,1.0,0.5,0.0,True,False
2023-06-12,TATAMOTORS,1.0,0.5,0.0,0.575,,,,,True
2023-06-12,TCS,0.0,0.0,0.0,0.0,,,,,True
2023-06-12,WIPRO,,,,,,,,,True
2023-06-12,CIPLA,1.0,1.0,0.0,0.75,,,,,True
2023-06-12,INFY,1.0,1.0,0.0,0.75,,,,,True
2023-06-12,DRREDDY,0.0,0.0,0.0,0.0,,,,,True
2023-06-12,HCLTECH,-1.0,0.0,0.0,-0.4,1.0,1.0,0.0,True,False
2023-06-12,TECHM,1.0,0.0,0.0,0.4,,,,,True
2023-06-12,SUNPHARMA,0.5,0.0,0.5,0.325,,,,,True
2023-06-13,ADANIGREEN,-1.0,-1.0,1.0,-0.5,,,,,True
2023-06-13,ASIANPAINT,-1.0,0.0,0.0,-0.4,,,,,True
2023-06-13,AXISBANK,0.0,0.0,0.5,0.125,,,,,True
2023-06-13,BAJAJ-AUTO,,,,,,,,,True
2023-06-13,HDFCBANK,0.0,0.0,0.0,0.0,,,,,True
2023-06-13,HINDUNILVR,,,,,,,,,True
2023-06-13,ICICIBANK,0.7143,0.0,0.0,0.2857,,,,,True
2023-06-13,ITC,,,,,,,,,True
2023-06-13,KOTAKBANK,0.7143,0.5,0.0,0.4607,,,,,True
2023-06-13,M&M,1.0,0.0,0.0,0.4,1.0,1.0,0.0,True,False
2023-06-13,MARUTI,,,,,,,,,True
2023-06-13,NTPC,0.0,0.0,1.0,0.25,1.0,0.5,0.0,True,False
2023-06-13,ONGC,0.0,0.0,0.0,0.0,,,,,True
2023-06-13,POWERGRID,,,,,,,,,True
2023-06-13,RELIANCE,-1.0,0.0,0.0,-0.4,,,,,True
2023-06-13,SBIN,0.0,0.0,1.0,0.25,1.0,0.5,0.0,True,False
2023-06-13,TATAMOTORS,,,,,,,,,True
2023-06-13,TCS,0.0,0.0,0.0,0.0,,,,,True
2023-06-13,WIPRO,,,,,,,,,True
2023-06-13,CIPLA,1.0,1.0,0.0,0.75,,,,,True
2023-06-13,INFY,1.0,1.0,0.0,0.75,,,,,True
2023-06-13,DRREDDY,0.0,0.0,0.0,0.0,,,,,True
2023-06-13,HCLTECH,-1.0,0.0,0.0,-0.4,,,,,True
2023-06-13,TECHM,1.0,0.0,0.0,0.4,1.0,1.0,0.0,True,False
2023-06-13,SUNPHARMA,0.5,0.0,0.5,0.325,,,,,True
2023-06-14,ADANIGREEN,-1.0,-1.0,1.0,-0.5,,,,,True
2023-06-14,ASIANPAINT,-1.0,0.0,0.0,-0.4,,,,,True
2023-06-14,AXISBANK,0.0,0.0,0.5,0.125,,,,,True
2023-06-14,BAJAJ-AUTO,,,,,,,,,True
2023-06-14,HDFCBANK,0.0,0.0,0.0,0.0,,,,,True
2023-06-14,HINDUNILVR,,,,,,,,,True
2023-06-14,ICICIBANK,0.0,0.0,1.0,0.25,1.0,0.5,0.0,True,False
2023-06-14,ITC,,,,,,,,,True
2023-06-14,KOTAKBANK,0.7143,0.5,0.0,0.4607,,,,,True
2023-06-14,M&M,1.0,0.0,0.0,0.4,,,,,True
2023-06-14,MARUTI,,,,,,,,,True
2023-06-14,NTPC,0.0,0.0,1.0,0.25,,,,,True
2023-06-14,ONGC,0.0,0.0,0.0,0.0,,,,,True
2023-06-14,POWERGRID,1.0,0.0,0.0,0.4,1.0,1.0,0.0,True,False
2023-06-14,RELIANCE,-1.0,0.0,0.0,-0.4,,,,,True
2023-06-14,SBIN,0.0,0.0,1.0,0.25,,,,,True
2023-06-14,TATAMOTORS,,,,,,,,,True
2023-06-14,TCS,,,,,,,,,True
2023-06-14,WIPRO,,,,,,,,,True
2023-06-14,CIPLA,1.0,1.0,0.0,0.75,,,,,True
2023-06-14,INFY,,,,,,,,,True
2023-06-14,DRREDDY,0.0,0.0,0.0,0.0,,,,,True
2023-06-14,HCLTECH,-1.0,0.0,0.0,-0.4,,,,,True
2023-06-14,TECHM,1.0,0.0,0.0,0.4,,,,,True
2023-06-14,SUNPHARMA,0.5,0.0,0.5,0.325,,,,,True
2023-06-15,ADANIGREEN,-1.0,-1.0,1.0,-0.5,,,,,True
2023-06-15,ASIANPAINT,-1.0,0.0,0.0,-0.4,,,,,True
2023-06-15,AXISBANK,0.0,0.0,0.5,0.125,,,,,True
2023-06-15,BAJAJ-AUTO,0.0,0.0,1.0,0.25,1.0,0.5,0.0,True,False
2023-06-15,HDFCBANK,1.0,1.0,0.0,0.75,1.0,1.0,0.0,True,False
2023-06-15,HINDUNILVR,,,,,,,,,True
2023-06-15,ICICIBANK,0.0,0.0,1.0,0.25,,,,,True
2023-06-15,ITC,,,,,,,,,True
2023-06-15,KOTAKBANK,0.7143,0.5,0.0,0.4607,,,,,True
2023-06-15,M&M,1.0,0.0,0.0,0.4,,,,,True
2023-06-15,MARUTI,,,,,,,,,True
2023-06-15,NTPC,0.0,0.0,1.0,0.25,,,,,True
2023-06-15,ONGC,,,,,,,,,True
2023-06-15,POWERGRID,1.0,0.0,0.0,0.4,,,,,True
2023-06-15,RELIANCE,-1.0,0.0,0.0,-0.4,,,,,True
2023-06-15,SBIN,0.0,0.0,1.0,0.25,,,,,True
2023-06-15,TATAMOTORS,,,,,,,,,True
2023-06-15,TCS,,,,,,,,,True
2023-06-15,WIPRO,1.0,1.0,0.0,0.75,1.0,1.0,0.0,True,False
2023-06-15,CIPLA,,,,,,,,,True
2023-06-15,INFY,,,,,,,,,True
2023-06-15,DRREDDY,0.0,0.0,1.0,0.25,1.0,0.5,0.0,True,False
2023-06-15,HCLTECH,-1.0,0.0,0.0,-0.4,,,,,True
2023-06-15,TECHM,1.0,0.0,0.0,0.4,,,,,True
2023-06-15,SUNPHARMA,,,,,,,,,True
2023-06-16,ADANIGREEN,,,,,,,,,True
2023-06-16,ASIANPAINT,-1.0,0.0,0.0,-0.4,,,,,True
2023-06-16,AXISBANK,0.0,0.0,0.5,0.125,,,,,True
2023-06-16,BAJAJ-AUTO,0.0,0.0,1.0,0.25,,,,,True
2023-06-16,HDFCBANK,1.0,1.0,0.0,0.75,,,,,True
2023-06-16,HINDUNILVR,,,,,,,,,True
2023-06-16,ICICIBANK,0.0,0.0,1.0,0.25,,,,,True
2023-06-16,ITC,,,,,,,,,True
2023-06-16,KOTAKBANK,0.7143,0.5,0.0,0.4607,,,,,True
2023-06-16,M&M,1.0,0.0,0.0,0.4,,,,,True
2023-06-16,MARUTI,,,,,,,,,True
2023-06-16,NTPC,0.0,0.0,1.0,0.25,,,,,True
2023-06-16,ONGC,,,,,,,,,True
2023-06-16,POWERGRID,1.0,0.0,0.0,0.4,,,,,True
2023-06-16,RELIANCE,,,,,,,,,True
2023-06-16,SBIN,0.0,0.0,1.0,0.25,,,,,True
2023-06-16,TATAMOTORS,,,,,,,,,True
2023-06-16,TCS,,,,,,,,,True
2023-06-16,WIPRO,1.0,1.0,0.0,0.75,,,,,True
2023-06-16,CIPLA,,,,,,,,,True
2023-06-16,INFY,,,,,,,,,True
2023-06-16,DRREDDY,0.0,0.0,1.0,0.25,,,,,True
2023-06-16,HCLTECH,-1.0,0.0,0.0,-0.4,,,,,True
2023-06-16,TECHM,1.0,0.0,0.0,0.4,,,,,True
2023-06-16,SUNPHARMA,,,,,,,,,True
2023-06-19,ADANIGREEN,,,,,,,,,True
2023-06-19,ASIANPAINT,-1.0,0.0,0.0,-0.4,,,,,True
2023-06-19,AXISBANK,0.0,0.0,0.0,0.0,2.0,0.5,0.0,True,False
2023-06-19,BAJAJ-AUTO,0.0,0.0,1.0,0.25,,,,,True
2023-06-19,HDFCBANK,0.0,0.0,0.0,0.0,2.0,0.5,0.0,True,False
2023-06-19,HINDUNILVR,0.0,0.0,0.0,0.0,1.0,0.5,0.0,True,False
2023-06-19,ICICIBANK,0.0,0.0,0.0,0.0,2.0,0.5,0.0,True,False
2023-06-19,ITC,,,,,,,,,True
2023-06-19,KOTAKBANK,0.0,0.0,0.0,0.0,2.0,0.5,0.0,True,False
2023-06-19,M&M,1.0,0.0,0.0,0.4,,,,,True
2023-06-19,MARUTI,0.0,0.0,0.0,0.0,2.0,0.5,0.0,True,False
2023-06-19,NTPC,0.0,0.0,1.0,0.25,1.0,0.5,0.0,True,False
2023-06-19,ONGC,,,,,,,,,True
2023-06-19,POWERGRID,1.0,0.0,0.0,0.4,,,,,True
2023-06-19,RELIANCE,,,,,,,,,True
2023-06-19,SBIN,0.0,0.0,0.0,0.0,2.0,0.5,0.0,True,False
2023-06-19,TATAMOTORS,,,,,,,,,True
2023-06-19,TCS,0.0,0.0,0.0,0.0,1.0,0.5,0.0,True,False
2023-06-19,WIPRO,1.0,1.0,0.0,0.75,,,,,True
2023-06-19,CIPLA,,,,,,,,,True
2023-06-19,INFY,,,,,,,,,True
2023-06-19,DRREDDY,0.0,0.0,1.0,0.25,,,,,True
2023-06-19,HCLTECH,-1.0,0.0,0.0,-0.4,,,,,True
2023-06-19,TECHM,1.0,0.0,0.0,0.4,,,,,True
2023-06-19,SUNPHARMA,,,,,,,,,True
2023-06-20,ADANIGREEN,,,,,,,,,True
2023-06-20,ASIANPAINT,,,,,,,,,True
2023-06-20,AXISBANK,0.0,0.0,0.0,0.0,1.0,0.5,0.0,True,False
2023-06-20,BAJAJ-AUTO,0.0,0.0,1.0,0.25,,,,,True
2023-06-20,HDFCBANK,0.0,0.0,0.0,0.0,1.0,0.5,0.0,True,False
2023-06-20,HINDUNILVR,0.0,0.0,0.0,0.0,,,,,True
2023-06-20,ICICIBANK,0.0,0.0,0.0,0.0,1.0,0.5,0.0,True,False
2023-06-20,ITC,,,,,,,,,True
2023-06-20,KOTAKBANK,0.0,0.0,0.0,0.0,1.0,0.5,0.0,True,False
2023-06-20,M&M,0.0,0.0,0.0,0.0,1.0,0.5,0.0,True,False
2023-06-20,MARUTI,0.0,0.0,0.0,0.0,,,,,True
2023-06-20,NTPC,0.0,0.0,1.0,0.25,,,,,True
2023-06-20,ONGC,,,,,,,,,True
2023-06-20,POWERGRID,1.0,0.0,0.0,0.4,,,,,True
2023-06-20,RELIANCE,,,,,,,,,True
2023-06-20,SBIN,0.7143,0.0,0.0,0.2857,2.0,0.75,0.0,True,False
2023-06-20,TATAMOTORS,,,,,,,,,True
2023-06-20,TCS,0.0,0.0,1.0,0.25,1.0,0.5,0.0,True,False
2023-06-20,WIPRO,1.0,1.0,0.0,0.75,1.0,1.0,0.0,True,False
2023-06-20,CIPLA,,,,,,,,,True
2023-06-20,INFY,,,,,,,,,True
2023-06-20,DRREDDY,0.0,0.0,1.0,0.25,,,,,True
2023-06-20,HCLTECH,-1.0,0.0,0.0,-0.4,1.0,1.0,0.0,True,False
2023-06-20,TECHM,0.0,0.0,0.0,0.0,1.0,0.5,0.0,True,False
2023-06-20,SUNPHARMA,,,,,,,,,True
2023-06-21,ADANIGREEN,0.0,0.0,1.0,0.25,2.0,0.5,0.0,True,False
2023-06-21,ASIANPAINT,,,,,,,,,True
2023-06-21,AXISBANK,0.0,0.0,0.0,0.0,,,,,True
2023-06-21,BAJAJ-AUTO,0.0,0.0,1.0,0.25,,,,,True
2023-06-21,HDFCBANK,1.0,0.0,0.0,0.4,2.0,1.0,0.0,False,False
2023-06-21,HINDUNILVR,0.0,0.0,0.0,0.0,,,,,True
2023-06-21,ICICIBANK,1.0,0.0,0.0,0.4,1.0,1.0,0.0,True,False
2023-06-21,ITC,,,,,,,,,True
2023-06-21,KOTAKBANK,0.0,0.0,0.0,0.0,,,,,True
2023-06-21,M&M,0.0,0.0,0.0,0.0,,,,,True
2023-06-21,MARUTI,0.0,0.0,0.0,0.0,,,,,True
2023-06-21,NTPC,0.0,0.0,1.0,0.25,,,,,True
2023-06-21,ONGC,,,,,,,,,True
2023-06-21,POWERGRID,1.0,0.0,0.0,0.4,,,,,True
2023-06-21,RELIANCE,,,,,,,,,True
2023-06-21,SBIN,0.7143,0.0,0.0,0.2857,,,,,True
2023-06-21,TATAMOTORS,,,,,,,,,True
2023-06-21,TCS,1.0,0.0,0.0,0.4,1.0,1.0,0.0,True,False
2023-06-21,WIPRO,1.0,1.0,0.0,0.75,,,,,True
2023-06-21,CIPLA,1.0,0.0,0.0,0.4,1.0,1.0,0.0,True,False
2023-06-21,INFY,,,,,,,,,True
2023-06-21,DRREDDY,0.0,0.0,1.0,0.25,,,,,True
2023-06-21,HCLTECH,-1.0,0.0,0.0,-0.4,,,,,True
2023-06-21,TECHM,0.0,0.0,0.0,0.0,,,,,True
2023-06-21,SUNPHARMA,,,,,,,,,True
2023-06-22,ADANIGREEN,0.0,0.0,1.0,0.25,1.0,0.5,0.0,True,False
2023-06-22,ASIANPAINT,,,,,,,,,True
2023-06-22,AXISBANK,0.0,0.0,0.0,0.0,,,,,True
2023-06-22,BAJAJ-AUTO,0.0,0.0,0.0,0.0,1.0,0.5,0.0,True,False
2023-06-22,HDFCBANK,1.0,1.0,0.0,0.75,1.0,1.0,0.0,True,False
2023-06-22,HINDUNILVR,0.0,0.0,0.0,0.0,,,,,True
2023-06-22,ICICIBANK,1.0,0.0,0.0,0.4,,,,,True
2023-06-22,ITC,,,,,,,,,True
2023-06-22,KOTAKBANK,0.0,0.0,0.0,0.0,,,,,True
2023-06-22,M&M,0.0,0.0,1.0,0.25,1.0,0.5,0.0,True,False
2023-06-22,MARUTI,0.0,0.0,0.0,0.0,,,,,True
2023-06-22,NTPC,0.0,0.0,1.0,0.25,,,,,True
2023-06-22,ONGC,,,,,,,,,True
2023-06-22,POWERGRID,,,,,,,,,True
2023-06-22,RELIANCE,,,,,,,,,True
2023-06-22,SBIN,0.7143,0.0,0.0,0.2857,,,,,True
2023-06-22,TATAMOTORS,,,,,,,,,True
2023-06-22,TCS,1.0,0.0,0.0,0.4,,,,,True
2023-06-22,WIPRO,1.0,1.0,0.0,0.75,1.0,1.0,0.0,True,False
2023-06-22,CIPLA,1.0,0.0,0.0,0.4,,,,,True
2023-06-22,INFY,1.0,1.0,0.0,0.75,1.0,1.0,0.0,True,False
2023-06-22,DRREDDY,1.0,1.0,0.0,0.75,1.0,1.0,0.0,True,False
2023-06-22,HCLTECH,-1.0,0.0,0.0,-0.4,,,,,True
2023-06-22,TECHM,0.0,0.0,1.0,0.25,1.0,0.5,0.0,True,False
2023-06-22,SUNPHARMA,,,,,,,,,True
2023-06-23,ADANIGREEN,0.0,0.0,1.0,0.25,,,,,True
2023-06-23,ASIANPAINT,,,,,,,,,True
2023-06-23,AXISBANK,0.0,0.0,0.0,0.0,,,,,True
2023-06-23,BAJAJ-AUTO,0.0,0.0,0.0,0.0,,,,,True
2023-06-23,HDFCBANK,1.0,1.0,0.0,0.75,,,,,True
2023-06-23,HINDUNILVR,0.0,0.0,0.0,0.0,,,,,True
2023-06-23,ICICIBANK,1.0,0.0,0.0,0.4,,,,,True
2023-06-23,ITC,,,,,,,,,True
2023-06-23,KOTAKBANK,0.0,0.0,0.0,0.0,,,,,True
2023-06-23,M&M,0.0,0.0,1.0,0.25,,,,,True
2023-06-23,MARUTI,0.0,0.0,0.0,0.0,,,,,True
2023-06-23,NTPC,0.0,0.0,1.0,0.25,,,,,True
2023-06-23,ONGC,,,,,,,,,True
2023-06-23,POWERGRID,,,,,,,,,True
2023-06-23,RELIANCE,,,,,,,,,True
2023-06-23,SBIN,0.7143,0.0,0.0,0.2857,,,,,True
2023-06-23,TATAMOTORS,,,,,,,,,True
2023-06-23,TCS,1.0,0.0,0.0,0.4,,,,,True
2023-06-23,WIPRO,1.0,1.0,0.0,0.75,,,,,True
2023-06-23,CIPLA,1.0,0.0,0.0,0.4,,,,,True
2023-06-23,INFY,1.0,1.0,0.0,0.75,,,,,True
2023-06-23,DRREDDY,1.0,1.0,0.0,0.75,,,,,True
2023-06-23,HCLTECH,-1.0,0.0,0.0,-0.4,,,,,True
2023-06-23,TECHM,0.0,0.0,1.0,0.25,,,,,True
2023-06-23,SUNPHARMA,,,,,,,,,True
2023-06-26,ADANIGREEN,0.0,0.0,1.0,0.25,,,,,True
2023-06-26,ASIANPAINT,,,,,,,,,True
2023-06-26,AXISBANK,0.0,0.0,0.0,0.0,,,,,True
2023-06-26,BAJAJ-AUTO,0.0,0.0,0.0,0.0,,,,,True
2023-06-26,HDFCBANK,-1.0,0.0,0.0,-0.4,2.0,1.0,0.0,False,False
2023-06-26,HINDUNILVR,0.0,0.0,0.0,0.0,,,,,True
2023-06-26,ICICIBANK,1.0,0.0,0.0,0.4,,,,,True
2023-06-26,ITC,,,,,,,,,True
2023-06-26,KOTAKBANK,0.0,0.0,0.0,0.0,,,,,True
2023-06-26,M&M,0.0,0.0,1.0,0.25,,,,,True
2023-06-26,MARUTI,0.0,0.0,0.0,0.0,,,,,True
2023-06-26,NTPC,0.0,0.0,1.0,0.25,,,,,True
2023-06-26,ONGC,,,,,,,,,True
2023-06-26,POWERGRID,,,,,,,,,True
2023-06-26,RELIANCE,,,,,,,,,True
2023-06-26,SBIN,0.7143,0.0,0.0,0.2857,,,,,True
2023-06-26,TATAMOTORS,1.0,0.0,0.0,0.4,1.0,1.0,0.0,True,False
2023-06-26,TCS,1.0,0.0,0.0,0.4,,,,,True
2023-06-26,WIPRO,1.0,1.0,0.0,0.75,,,,,True
2023-06-26,CIPLA,1.0,0.0,0.0,0.4,,,,,True
2023-06-26,INFY,1.0,1.0,0.0,0.75,,,,,True
2023-06-26,DRREDDY,1.0,1.0,0.0,0.75,,,,,True
2023-06-26,HCLTECH,-1.0,0.0,0.0,-0.4,,,,,True
2023-06-26,TECHM,0.0,0.0,1.0,0.25,,,,,True
2023-06-26,SUNPHARMA,1.0,0.0,0.0,0.4,1.0,1.0,0.0,True,False
2023-06-27,ADANIGREEN,1.0,1.0,1.0,1.0,1.0,1.0,0.0,True,False
2023-06-27,ASIANPAINT,,,,,,,,,True
2023-06-27,AXISBANK,0.0,0.0,0.0,0.0,,,,,True
2023-06-27,BAJAJ-AUTO,0.0,0.0,0.0,0.0,,,,,True
2023-06-27,HDFCBANK,-1.0,0.0,0.0,-0.4,,,,,True
2023-06-27,HINDUNILVR,,,,,,,,,True
2023-06-27,ICICIBANK,1.0,0.0,0.0,0.4,,,,,True
2023-06-27,ITC,-0.5,0.0,0.5,-0.075,2.0,0.75,0.0,True,False
2023-06-27,KOTAKBANK,1.0,1.0,0.0,0.75,1.0,1.0,0.0,True,False
2023-06-27,M&M,0.5,0.5,0.0,0.375,2.0,0.75,0.0,True,False
2023-06-27,MARUTI,,,,,,,,,True
2023-06-27,NTPC,,,,,,,,,True
2023-06-27,ONGC,0.0,0.0,1.0,0.25,1.0,0.5,0.0,True,False
2023-06-27,POWERGRID,1.0,0.0,0.0,0.4,1.0,1.0,0.0,True,False
2023-06-27,RELIANCE,,,,,,,,,True
2023-06-27,SBIN,0.7143,0.0,0.0,0.2857,,,,,True
2023-06-27,TATAMOTORS,1.0,0.0,0.0,0.4,,,,,True
2023-06-27,TCS,1.0,0.0,0.0,0.4,,,,,True
2023-06-27,WIPRO,1.0,1.0,0.0,0.75,,,,,True
2023-06-27,CIPLA,1.0,0.0,0.0,0.4,,,,,True
2023-06-27,INFY,1.0,1.0,0.0,0.75,,,,,True
2023-06-27,DRREDDY,1.0,1.0,0.0,0.75,,,,,True
2023-06-27,HCLTECH,-1.0,0.0,0.0,-0.4,,,,,True
2023-06-27,TECHM,0.0,0.0,1.0,0.25,,,,,True
2023-06-27,SUNPHARMA,1.0,0.0,0.0,0.4,,,,,True
2023-06-28,ADANIGREEN,1.0,1.0,1.0,1.0,,,,,True
2023-06-28,ASIANPAINT,1.0,1.0,0.0,0.75,1.0,1.0,0.0,True,False
2023-06-28,AXISBANK,0.0,0.0,1.0,0.25,1.0,0.5,0.0,True,False
2023-06-28,BAJAJ-AUTO,0.0,0.0,0.0,0.0,1.0,0.5,0.0,True,False
2023-06-28,HDFCBANK,-1.0,0.0,0.0,-0.4,,,,,True
2023-06-28,HINDUNILVR,,,,,,,,,True
2023-06-28,ICICIBANK,1.0,0.0,0.0,0.4,,,,,True
2023-06-28,ITC,-0.5,0.0,0.5,-0.075,,,,,True
2023-06-28,KOTAKBANK,1.0,1.0,0.0,0.75,,,,,True
2023-06-28,M&M,1.0,0.0,0.0,0.4,1.0,1.0,0.0,True,False
2023-06-28,MARUTI,,,,,,,,,True
2023-06-28,NTPC,0.0,0.0,1.0,0.25,1.0,0.5,0.0,True,False
2023-06-28,ONGC,0.0,0.0,1.0,0.25,,,,,True
2023-06-28,POWERGRID,1.0,0.0,0.0,0.4,,,,,True
2023-06-28,RELIANCE,,,,,,,,,True
2023-06-28,SBIN,,,,,,,,,True
2023-06-28,TATAMOTORS,1.0,0.0,0.0,0.4,,,,,True
2023-06-28,TCS,1.0,0.0,0.0,0.4,,,,,True
2023-06-28,WIPRO,1.0,1.0,0.0,0.75,,,,,True
2023-06-28,CIPLA,1.0,0.0,0.0,0.4,,,,,True
2023-06-28,INFY,1.0,1.0,0.0,0.75,,,,,True
2023-06-28,DRREDDY,1.0,1.0,0.0,0.75,,,,,True
2023-06-28,HCLTECH,,,,,,,,,True
2023-06-28,TECHM,1.0,0.0,0.0,0.4,1.0,1.0,0.0,True,False
2023-06-28,SUNPHARMA,1.0,0.0,0.0,0.4,,,,,True
2023-06-29,ADANIGREEN,1.0,1.0,1.0,1.0,,,,,True
2023-06-29,ASIANPAINT,1.0,1.0,0.0,0.75,,,,,True
2023-06-29,AXISBANK,0.0,0.0,1.0,0.25,,,,,True
2023-06-29,BAJAJ-AUTO,0.0,0.0,0.0,0.0,,,,,True
2023-06-29,HDFCBANK,-1.0,0.0,0.0,-0.4,,,,,True
2023-06-29,HINDUNILVR,,,,,,,,,True
2023-06-29,ICICIBANK,,,,,,,,,True
2023-06-29,ITC,-0.5,0.0,0.5,-0.075,,,,,True
2023-06-29,KOTAKBANK,1.0,1.0,0.0,0.75,,,,,True
2023-06-29,M&M,1.0,0.0,0.0,0.4,,,,,True
2023-06-29,MARUTI,0.0,0.0,0.0,0.0,1.0,0.5,0.0,True,False
2023-06-29,NTPC,0.0,0.0,1.0,0.25,,,,,True
2023-06-29,ONGC,0.0,0.0,1.0,0.25,1.0,0.5,0.0,True,False
2023-06-29,POWERGRID,1.0,0.0,0.0,0.4,1.0,1.0,0.0,True,False
2023-06-29,RELIANCE,,,,,,,,,True
2023-06-29,SBIN,,,,,,,,,True
2023-06-29,TATAMOTORS,1.0,0.0,0.0,0.4,,,,,True
2023-06-29,TCS,,,,,,,,,True
2023-06-29,WIPRO,1.0,1.0,0.0,0.75,,,,,True
2023-06-29,CIPLA,0.0,0.0,1.0,0.25,1.0,0.5,0.0,True,False
2023-06-29,INFY,-1.0,0.0,0.0,-0.4,1.0,1.0,0.0,True,False
2023-06-29,DRREDDY,1.0,1.0,0.0,0.75,,,,,True
2023-06-29,HCLTECH,,,,,,,,,True
2023-06-29,TECHM,1.0,0.0,0.0,0.4,,,,,True
2023-06-29,SUNPHARMA,1.0,0.0,0.0,0.4,,,,,True
2023-06-30,ADANIGREEN,1.0,1.0,1.0,1.0,,,,,True
2023-06-30,ASIANPAINT,1.0,1.0,0.0,0.75,,,,,True
2023-06-30,AXISBANK,0.0,0.0,1.0,0.25,,,,,True
2023-06-30,BAJAJ-AUTO,0.0,0.0,0.0,0.0,,,,,True
2023-06-30,HDFCBANK,-1.0,0.0,0.0,-0.4,,,,,True
2023-06-30,HINDUNILVR,,,,,,,,,True
2023-06-30,ICICIBANK,,,,,,,,,True
2023-06-30,ITC,-0.5,0.0,0.5,-0.075,,,,,True
2023-06-30,KOTAKBANK,1.0,1.0,0.0,0.75,,,,,True
2023-06-30,M&M,1.0,0.0,0.0,0.4,,,,,True
2023-06-30,MARUTI,0.0,0.0,0.0,0.0,,,,,True
2023-06-30,NTPC,0.0,0.0,1.0,0.25,,,,,True
2023-06-30,ONGC,0.0,0.0,1.0,0.25,,,,,True
2023-06-30,POWERGRID,1.0,0.0,0.0,0.4,,,,,True
2023-06-30,RELIANCE,,,,,,,,,True
2023-06-30,SBIN,,,,,,,,,True
2023-06-30,TATAMOTORS,1.0,0.0,0.0,0.4,,,,,True
2023-06-30,TCS,,,,,,,,,True
2023-06-30,WIPRO,,,,,,,,,True
2023-06-30,CIPLA,0.0,0.0,1.0,0.25,,,,,True
2023-06-30,INFY,-1.0,0.0,0.0,-0.4,,,,,True
2023-06-30,DRREDDY,,,,,,,,,True
2023-06-30,HCLTECH,,,,,,,,,True
2023-06-30,TECHM,1.0,0.0,0.0,0.4,,,,,True
2023-06-30,SUNPHARMA,1.0,0.0,0.0,0.4,,,,,True
2023-07-03,ADANIGREEN,1.0,1.0,1.0,1.0,,,,,True
2023-07-03,ASIANPAINT,1.0,1.0,0.0,0.75,,,,,True
2023-07-03,AXISBANK,0.0,0.0,1.0,0.25,,,,,True
2023-07-03,BAJAJ-AUTO,0.0,0.0,0.0,0.0,,,,,True
2023-07-03,HDFCBANK,-1.0,0.0,0.0,-0.4,,,,,True
2023-07-03,HINDUNILVR,,,,,,,,,True
2023-07-03,ICICIBANK,,,,,,,,,True
2023-07-03,ITC,-0.5,0.0,0.5,-0.075,,,,,True
2023-07-03,KOTAKBANK,1.0,1.0,0.0,0.75,,,,,True
2023-07-03,M&M,0.0,0.0,0.0,0.0,1.0,0.5,0.0,True,False
2023-07-03,MARUTI,0.0,0.0,0.0,0.0,,,,,True
2023-07-03,NTPC,0.0,0.0,1.0,0.25,1.0,0.5,0.0,True,False
2023-07-03,ONGC,0.0,0.0,1.0,0.25,,,,,True
2023-07-03,POWERGRID,1.0,0.0,0.0,0.4,,,,,True
2023-07-03,RELIANCE,,,,,,,,,True
2023-07-03,SBIN,,,,,,,,,True
2023-07-03,TATAMOTORS,1.0,0.0,0.0,0.4,,,,,True
2023-07-03,TCS,,,,,,,,,True
2023-07-03,WIPRO,,,,,,,,,True
2023-07-03,CIPLA,0.0,0.0,1.0,0.25,,,,,True
2023-07-03,INFY,1.0,0.0,0.0,0.4,1.0,1.0,0.0,True,False
2023-07-03,DRREDDY,,,,,,,,,True
2023-07-03,HCLTECH,,,,,,,,,True
2023-07-03,TECHM,0.0,0.0,0.0,0.0,1.0,0.5,0.0,True,False
2023-07-03,SUNPHARMA,1.0,0.0,0.0,0.4,,,,,True
2023-07-04,ADANIGREEN,1.0,1.0,1.0,1.0,,,,,True
2023-07-04,ASIANPAINT,0.0,0.0,0.0,0.0,1.0,0.5,0.0,True,False
2023-07-04,AXISBANK,-0.5,0.0,0.0,-0.2,2.0,0.75,0.0,True,False
2023-07-04,BAJAJ-AUTO,1.0,0.0,0.0,0.4,1.0,1.0,0.0,True,False
2023-07-04,HDFCBANK,,,,,,,,,True
2023-07-04,HINDUNILVR,1.0,1.0,0.0,0.75,1.0,1.0,0.0,True,False
2023-07-04,ICICIBANK,,,,,,,,,True
2023-07-04,ITC,-0.5,0.0,0.5,-0.075,,,,,True
2023-07-04,KOTAKBANK,1.0,1.0,0.0,0.75,,,,,True
2023-07-04,M&M,0.0,0.0,0.0,0.0,,,,,True
2023-07-04,MARUTI,0.0,0.0,0.0,0.0,,,,,True
2023-07-04,NTPC,0.0,0.0,1.0,0.25,,,,,True
2023-07-04,ONGC,0.0,0.0,1.0,0.25,1.0,0.5,0.0,True,False
2023-07-04,POWERGRID,1.0,0.0,0.0,0.4,,,,,True
2023-07-04,RELIANCE,,,,,,,,,True
2023-07-04,SBIN,,,,,,,,,True
2023-07-04,TATAMOTORS,,,,,,,,,True
2023-07-04,TCS,,,,,,,,,True
2023-07-04,WIPRO,0.0,0.0,0.0,0.0,1.0,0.5,0.0,True,False
2023-07-04,CIPLA,0.0,0.0,1.0,0.25,,,,,True
2023-07-04,INFY,1.0,0.0,0.0,0.4,,,,,True
2023-07-04,DRREDDY,,,,,,,,,True
2023-07-04,HCLTECH,,,,,,,,,True
2023-07-04,TECHM,0.0,0.0,0.0,0.0,,,,,True
2023-07-04,SUNPHARMA,,,,,,,,,True
2023-07-05,ADANIGREEN,,,,,,,,,True
2023-07-05,ASIANPAINT,0.0,0.0,0.0,0.0,,,,,True
2023-07-05,AXISBANK,-0.5,0.0,0.0,-0.2,,,,,True
2023-07-05,BAJAJ-AUTO,0.0,0.0,0.0,0.0,1.0,0.5,0.0,True,False
2023-07-05,HDFCBANK,,,,,,,,,True
2023-07-05,HINDUNILVR,1.0,1.0,0.0,0.75,,,,,True
2023-07-05,ICICIBANK,,,,,,,,,True
2023-07-05,ITC,,,,,,,,,True
2023-07-05,KOTAKBANK,,,,,,,,,True
2023-07-05,M&M,0.25,0.0,0.25,0.1625,4.0,0.625,0.0,True,False
2023-07-05,MARUTI,0.0,0.0,0.0,0.0,,,,,True
2023-07-05,NTPC,0.0,0.0,1.0,0.25,,,,,True
2023-07-05,ONGC,0.0,0.0,1.0,0.25,,,,,True
2023-07-05,POWERGRID,1.0,0.0,0.0,0.4,,,,,True
2023-07-05,RELIANCE,,,,,,,,,True
2023-07-05,SBIN,,,,,,,,,True
2023-07-05,TATAMOTORS,,,,,,,,,True
2023-07-05,TCS,,,,,,,,,True
2023-07-05,WIPRO,0.0,0.0,0.0,0.0,,,,,True
2023-07-05,CIPLA,0.0,0.0,1.0,0.25,,,,,True
2023-07-05,INFY,1.0,0.0,0.0,0.4,,,,,True
2023-07-05,DRREDDY,-1.0,0.0,0.0,-0.4,1.0,1.0,0.0,True,False
2023-07-05,HCLTECH,,,,,,,,,True
2023-07-05,TECHM,0.5,0.0,0.0,0.2,2.0,0.75,0.0,True,False
2023-07-05,SUNPHARMA,,,,,,,,,True
2023-07-06,ADANIGREEN,,,,,,,,,True
2023-07-06,ASIANPAINT,-1.0,0.0,0.0,-0.4,1.0,1.0,0.0,True,False
2023-07-06,AXISBANK,-0.5,0.0,0.0,-0.2,,,,,True
2023-07-06,BAJAJ-AUTO,0.0,0.0,0.0,0.0,,,,,True
2023-07-06,HDFCBANK,1.0,1.0,0.0,0.75,1.0,1.0,0.0,True,False
2023-07-06,HINDUNILVR,1.0,1.0,0.0,0.75,1.0,1.0,0.0,True,False
2023-07-06,ICICIBANK,1.0,1.0,0.0,0.75,1.0,1.0,0.0,True,False
2023-07-06,ITC,0.0,0.0,1.0,0.25,1.0,0.5,0.0,True,False
2023-07-06,KOTAKBANK,,,,,,,,,True
2023-07-06,M&M,0.25,0.0,0.25,0.1625,,,,,True
2023-07-06,MARUTI,0.0,0.0,0.0,0.0,,,,,True
2023-07-06,NTPC,0.0,0.0,1.0,0.25,,,,,True
2023-07-06,ONGC,0.0,0.0,1.0,0.25,,,,,True
2023-07-06,POWERGRID,1.0,0.0,0.0,0.4,,,,,True
2023-07-06,RELIANCE,1.0,0.0,0.0,0.4,1.0,1.0,0.0,True,False
2023-07-06,SBIN,,,,,,,,,True
2023-07-06,TATAMOTORS,,,,,,,,,True
2023-07-06,TCS,,,,,,,,,True
2023-07-06,WIPRO,0.0,0.0,0.0,0.0,,,,,True
2023-07-06,CIPLA,0.0,0.0,1.0,0.25,,,,,True
2023-07-06,INFY,1.0,0.0,0.0,0.4,,,,,True
2023-07-06,DRREDDY,-1.0,0.0,0.0,-0.4,,,,,True
2023-07-06,HCLTECH,,,,,,,,,True
2023-07-06,TECHM,0.5,0.0,0.0,0.2,,,,,True
2023-07-06,SUNPHARMA,,,,,,,,,True
2023-07-07,ADANIGREEN,,,,,,,,,True
2023-07-07,ASIANPAINT,-1.0,0.0,0.0,-0.4,,,,,True
2023-07-07,AXISBANK,-0.5,0.0,0.0,-0.2,,,,,True
2023-07-07,BAJAJ-AUTO,0.0,0.0,0.0,0.0,,,,,True
2023-07-07,HDFCBANK,1.0,1.0,0.0,0.75,,,,,True
2023-07-07,HINDUNILVR,1.0,1.0,0.0,0.75,,,,,True
2023-07-07,ICICIBANK,1.0,1.0,0.0,0.75,,,,,True
2023-07-07,ITC,0.0,0.0,1.0,0.25,,,,,True
2023-07-07,KOTAKBANK,,,,,,,,,True
2023-07-07,M&M,0.25,0.0,0.25,0.1625,,,,,True
2023-07-07,MARUTI,,,,,,,,,True
2023-07-07,NTPC,0.0,0.0,1.0,0.25,,,,,True
2023-07-07,ONGC,0.0,0.0,1.0,0.25,,,,,True
2023-07-07,POWERGRID,,,,,,,,,True
2023-07-07,RELIANCE,1.0,0.0,0.0,0.4,,,,,True
2023-07-07,SBIN,,,,,,,,,True
2023-07-07,TATAMOTORS,,,,,,,,,True
2023-07-07,TCS,,,,,,,,,True
2023-07-07,WIPRO,0.0,0.0,0.0,0.0,,,,,True
2023-07-07,CIPLA,,,,,,,,,True
2023-07-07,INFY,1.0,0.0,0.0,0.4,,,,,True
2023-07-07,DRREDDY,-1.0,0.0,0.0,-0.4,,,,,True
2023-07-07,HCLTECH,,,,,,,,,True
2023-07-07,TECHM,0.5,0.0,0.0,0.2,,,,,True
2023-07-07,SUNPHARMA,,,,,,,,,True
2023-07-10,ADANIGREEN,,,,,,,,,True
2023-07-10,ASIANPAINT,-1.0,0.0,0.0,-0.4,,,,,True
2023-07-10,AXISBANK,-0.5,0.0,0.0,-0.2,,,,,True
2023-07-10,BAJAJ-AUTO,0.0,0.0,0.0,0.0,,,,,True
2023-07-10,HDFCBANK,1.0,1.0,0.0,0.75,,,,,True
2023-07-10,HINDUNILVR,1.0,1.0,0.0,0.75,,,,,True
2023-07-10,ICICIBANK,1.0,1.0,0.0,0.75,,,,,True
2023-07-10,ITC,0.0,0.0,1.0,0.25,,,,,True
2023-07-10,KOTAKBANK,,,,,,,,,True
2023-07-10,M&M,0.25,0.0,0.25,0.1625,,,,,True
2023-07-10,MARUTI,,,,,,,,,True
2023-07-10,NTPC,0.0,0.0,1.0,0.25,1.0,0.5,0.0,True,False
2023-07-10,ONGC,0.0,0.0,1.0,0.25,,,,,True
2023-07-10,POWERGRID,,,,,,,,,True
2023-07-10,RELIANCE,1.0,0.0,0.0,0.4,,,,,True
2023-07-10,SBIN,,,,,,,,,True
2023-07-10,TATAMOTORS,,,,,,,,,True
2023-07-10,TCS,,,,,,,,,True
2023-07-10,WIPRO,0.0,0.0,0.0,0.0,,,,,True
2023-07-10,CIPLA,,,,,,,,,True
2023-07-10,INFY,1.0,0.0,0.0,0.4,,,,,True
2023-07-10,DRREDDY,-1.0,0.0,0.0,-0.4,,,,,True
2023-07-10,HCLTECH,,,,,,,,,True
2023-07-10,TECHM,0.5,0.0,0.0,0.2,,,,,True
2023-07-10,SUNPHARMA,1.0,0.0,0.0,0.4,1.0,1.0,0.0,True,False
2023-07-11,ADANIGREEN,,,,,,,,,True
2023-07-11,ASIANPAINT,-1.0,0.0,0.0,-0.4,,,,,True
2023-07-11,AXISBANK,-0.5,0.0,0.0,-0.2,,,,,True
2023-07-11,BAJAJ-AUTO,0.0,0.0,0.0,0.0,,,,,True
2023-07-11,HDFCBANK,1.0,1.0,0.0,0.75,,,,,True
2023-07-11,HINDUNILVR,-1.0,-1.0,0.0,-0.75,1.0,1.0,0.0,True,False
2023-07-11,ICICIBANK,1.0,1.0,0.0,0.75,,,,,True
2023-07-11,ITC,0.0,0.0,1.0,0.25,,,,,True
2023-07-11,KOTAKBANK,0.0,0.0,0.0,0.0,1.0,0.5,0.0,True,False
2023-07-11,M&M,0.0,0.0,0.0,0.0,1.0,0.5,0.0,True,False
2023-07-11,MARUTI,1.0,1.0,0.0,0.75,1.0,1.0,0.0,True,False
2023-07-11,NTPC,0.0,0.0,1.0,0.25,,,,,True
2023-07-11,ONGC,0.0,0.0,1.0,0.25,,,,,True
2023-07-11,POWERGRID,1.0,0.0,0.0,0.4,1.0,1.0,0.0,True,False
2023-07-11,RELIANCE,0.0,0.0,0.0,0.0,1.0,0.5,0.0,True,False
2023-07-11,SBIN,0.0,0.0,1.0,0.25,1.0,0.5,0.0,True,False
2023-07-11,TATAMOTORS,,,,,,,,,True
2023-07-11,TCS,,,,,,,,,True
2023-07-11,WIPRO,0.0,0.0,0.0,0.0,,,,,True
2023-07-11,CIPLA,,,,,,,,,True
2023-07-11,INFY,,,,,,,,,True
2023-07-11,DRREDDY,-1.0,0.0,0.0,-0.4,,,,,True
2023-07-11,HCLTECH,0.0,0.0,1.0,0.25,1.0,0.5,0.0,True,False
2023-07-11,TECHM,0.5,0.0,0.0,0.2,,,,,True
2023-07-11,SUNPHARMA,1.0,0.0,0.0,0.4,,,,,True
2023-07-12,ADANIGREEN,1.0,1.0,1.0,1.0,1.0,1.0,0.0,True,False
2023-07-12,ASIANPAINT,-1.0,0.0,0.0,-0.4,,,,,True
2023-07-12,AXISBANK,,,,,,,,,True
2023-07-12,BAJAJ-AUTO,0.0,0.0,0.0,0.0,,,,,True
2023-07-12,HDFCBANK,1.0,1.0,0.0,0.75,,,,,True
2023-07-12,HINDUNILVR,-1.0,-1.0,0.0,-0.75,,,,,True
2023-07-12,ICICIBANK,0.0,0.0,1.0,0.25,1.0,0.5,0.0,True,False
2023-07-12,ITC,0.0,0.0,1.0,0.25,,,,,True
2023-07-12,KOTAKBANK,0.0,0.0,0.0,0.0,,,,,True
2023-07-12,M&M,0.0,0.0,0.0,0.0,,,,,True
2023-07-12,MARUTI,1.0,1.0,0.0,0.75,,,,,True
2023-07-12,NTPC,0.0,0.0,1.0,0.25,,,,,True
2023-07-12,ONGC,-1.0,0.0,0.0,-0.4,1.0,1.0,0.0,True,False
2023-07-12,POWERGRID,1.0,0.0,0.0,0.4,,,,,True
2023-07-12,RELIANCE,0.0,0.0,0.0,0.0,,,,,True
2023-07-12,SBIN,0.0,0.0,1.0,0.25,,,,,True
2023-07-12,TATAMOTORS,,,,,,,,,True
2023-07-12,TCS,,,,,,,,,True
2023-07-12,WIPRO,,,,,,,,,True
2023-07-12,CIPLA,0.0,0.0,0.0,0.0,1.0,0.5,0.0,True,False
2023-07-12,INFY,,,,,,,,,True
2023-07-12,DRREDDY,-1.0,0.0,0.0,-0.4,,,,,True
2023-07-12,HCLTECH,0.0,0.0,1.0,0.25,,,,,True
2023-07-12,TECHM,0.5,0.0,0.0,0.2,,,,,True
2023-07-12,SUNPHARMA,1.0,1.0,0.0,0.75,1.0,1.0,0.0,True,False
2023-07-13,ADANIGREEN,1.0,1.0,1.0,1.0,,,,,True
2023-07-13,ASIANPAINT,-1.0,0.0,0.0,-0.4,,,,,True
2023-07-13,AXISBANK,,,,,,,,,True
2023-07-13,BAJAJ-AUTO,,,,,,,,,True
2023-07-13,HDFCBANK,1.0,1.0,0.0,0.75,,,,,True
2023-07-13,HINDUNILVR,-1.0,-1.0,0.0,-0.75,,,,,True
2023-07-13,ICICIBANK,0.0,0.0,1.0,0.25,,,,,True
2023-07-13,ITC,0.0,0.0,1.0,0.25,,,,,True
2023-07-13,KOTAKBANK,0.0,0.0,0.0,0.0,,,,,True
2023-07-13,M&M,0.0,0.0,0.0,0.0,,,,,True
2023-07-13,MARUTI,1.0,1.0,0.0,0.75,,,,,True
2023-07-13,NTPC,0.0,0.0,1.0,0.25,,,,,True
2023-07-13,ONGC,-1.0,0.0,0.0,-0.4,,,,,True
2023-07-13,POWERGRID,1.0,0.0,0.0,0.4,,,,,True
2023-07-13,RELIANCE,1.0,0.0,0.0,0.4,1.0,1.0,0.0,True,False
2023-07-13,SBIN,0.0,0.0,1.0,0.25,,,,,True
2023-07-13,TATAMOTORS,,,,,,,,,True
2023-07-13,TCS,,,,,,,,,True
2023-07-13,WIPRO,,,,,,,,,True
2023-07-13,CIPLA,0.0,0.0,0.0,0.0,,,,,True
2023-07-13,INFY,,,,,,,,,True
2023-07-13,DRREDDY,,,,,,,,,True
2023-07-13,HCLTECH,0.0,0.0,1.0,0.25,,,,,True
2023-07-13,TECHM,,,,,,,,,True
2023-07-13,SUNPHARMA,1.0,1.0,0.0,0.75,,,,,True
2023-07-14,ADANIGREEN,1.0,1.0,1.0,1.0,,,,,True
2023-07-14,ASIANPAINT,,,,,,,,,True
2023-07-14,AXISBANK,,,,,,,,,True
2023-07-14,BAJAJ-AUTO,,,,,,,,,True
2023-07-14,HDFCBANK,,,,,,,,,True
2023-07-14,HINDUNILVR,-1.0,-1.0,0.0,-0.75,,,,,True
2023-07-14,ICICIBANK,0.0,0.0,1.0,0.25,,,,,True
2023-07-14,ITC,,,,,,,,,True
2023-07-14,KOTAKBANK,0.0,0.0,0.0,0.0,,,,,True
2023-07-14,M&M,0.0,0.0,0.0,0.0,,,,,True
2023-07-14,MARUTI,1.0,1.0,0.0,0.75,,,,,True
2023-07-14,NTPC,0.0,0.0,1.0,0.25,,,,,True
2023-07-14,ONGC,-1.0,0.0,0.0,-0.4,,,,,True
2023-07-14,POWERGRID,1.0,0.0,0.0,0.4,,,,,True
2023-07-14,RELIANCE,1.0,0.0,0.0,0.4,,,,,True
2023-07-14,SBIN,0.0,0.0,1.0,0.25,,,,,True
2023-07-14,TATAMOTORS,,,,,,,,,True
2023-07-14,TCS,,,,,,,,,True
2023-07-14,WIPRO,,,,,,,,,True
2023-07-14,CIPLA,0.0,0.0,0.0,0.0,,,,,True
2023-07-14,INFY,,,,,,,,,True
2023-07-14,DRREDDY,,,,,,,,,True
2023-07-14,HCLTECH,0.0,0.0,1.0,0.25,,,,,True
2023-07-14,TECHM,,,,,,,,,True
2023-07-14,SUNPHARMA,1.0,1.0,0.0,0.75,,,,,True
2023-07-17,ADANIGREEN,1.0,1.0,1.0,1.0,,,,,True
2023-07-17,ASIANPAINT,,,,,,,,,True
2023-07-17,AXISBANK,,,,,,,,,True
2023-07-17,BAJAJ-AUTO,0.0,0.0,0.0,0.0,1.0,0.5,0.0,True,False
2023-07-17,HDFCBANK,,,,,,,,,True
2023-07-17,HINDUNILVR,-1.0,-1.0,0.0,-0.75,,,,,True
2023-07-17,ICICIBANK,0.0,0.0,1.0,0.25,,,,,True
2023-07-17,ITC,,,,,,,,,True
2023-07-17,KOTAKBANK,0.0,0.0,0.0,0.0,,,,,True
2023-07-17,M&M,0.0,0.0,0.0,0.0,1.0,0.5,0.0,True,False
2023-07-17,MARUTI,1.0,1.0,0.0,0.75,,,,,True
2023-07-17,NTPC,0.0,0.0,1.0,0.25,,,,,True
2023-07-17,ONGC,-1.0,0.0,0.0,-0.4,,,,,True
2023-07-17,POWERGRID,1.0,0.0,0.0,0.4,,,,,True
2023-07-17,RELIANCE,1.0,0.0,0.0,0.4,,,,,True
2023-07-17,SBIN,0.0,0.0,1.0,0.25,,,,,True
2023-07-17,TATAMOTORS,,,,,,,,,True
2023-07-17,TCS,,,,,,,,,True
2023-07-17,WIPRO,,,,,,,,,True
2023-07-17,CIPLA,0.0,0.0,0.0,0.0,,,,,True
2023-07-17,INFY,,,,,,,,,True
2023-07-17,DRREDDY,,,,,,,,,True
2023-07-17,HCLTECH,0.0,0.0,1.0,0.25,,,,,True
2023-07-17,TECHM,0.0,0.0,0.0,0.0,1.0,0.5,0.0,True,False
2023-07-17,SUNPHARMA,1.0,1.0,0.0,0.75,,,,,True
2023-07-18,ADANIGREEN,1.0,1.0,1.0,1.0,,,,,True
2023-07-18,ASIANPAINT,,,,,,,,,True
2023-07-18,AXISBANK,,,,,,,,,True
2023-07-18,BAJAJ-AUTO,0.0,0.0,0.0,0.0,,,,,True
2023-07-18,HDFCBANK,,,,,,,,,True
2023-07-18,HINDUNILVR,-1.0,-1.0,0.0,-0.75,,,,,True
2023-07-18,ICICIBANK,0.0,0.0,1.0,0.25,,,,,True
2023-07-18,ITC,,,,,,,,,True
2023-07-18,KOTAKBANK,0.0,0.0,0.0,0.0,,,,,True
2023-07-18,M&M,0.0,0.0,0.0,0.0,,,,,True
2023-07-18,MARUTI,1.0,1.0,0.0,0.75,,,,,True
2023-07-18,NTPC,,,,,,,,,True
2023-07-18,ONGC,-1.0,0.0,0.0,-0.4,,,,,True
2023-07-18,POWERGRID,1.0,0.0,0.0,0.4,,,,,True
2023-07-18,RELIANCE,1.0,0.0,0.0,0.4,,,,,True
2023-07-18,SBIN,0.0,0.0,1.0,0.25,1.0,0.5,0.0,True,False
2023-07-18,TATAMOTORS,,,,,,,,,True
2023-07-18,TCS,,,,,,,,,True
2023-07-18,WIPRO,,,,,,,,,True
2023-07-18,CIPLA,0.0,0.0,0.0,0.0,1.0,0.5,0.0,True,False
2023-07-18,INFY,,,,,,,,,True
2023-07-18,DRREDDY,,,,,,,,,True
2023-07-18,HCLTECH,0.0,0.0,1.0,0.25,,,,,True
2023-07-18,TECHM,0.0,0.0,0.0,0.0,,,,,True
2023-07-18,SUNPHARMA,1.0,1.0,0.0,0.75,,,,,True
2023-07-19,ADANIGREEN,0.0,0.0,1.0,0.25,1.0,0.5,0.0,True,False
2023-07-19,ASIANPAINT,,,,,,,,,True
2023-07-19,AXISBANK,1.0,0.0,0.0,0.4,1.0,1.0,0.0,True,False
2023-07-19,BAJAJ-AUTO,1.0,1.0,0.0,0.75,1.0,1.0,0.0,True,False
2023-07-19,HDFCBANK,,,,,,,,,True
2023-07-19,HINDUNILVR,0.0,0.0,0.0,0.0,1.0,0.5,0.0,True,False
2023-07-19,ICICIBANK,0.5,0.5,0.0,0.375,2.0,0.75,0.0,True,False
2023-07-19,ITC,1.0,1.0,0.0,0.75,1.0,1.0,0.0,True,False
2023-07-19,KOTAKBANK,,,,,,,,,True
2023-07-19,M&M,0.0,0.0,0.0,0.0,,,,,True
2023-07-19,MARUTI,,,,,,,,,True
2023-07-19,NTPC,1.0,0.0,1.0,0.65,1.0,1.0,0.0,True,False
2023-07-19,ONGC,-1.0,0.0,0.0,-0.4,,,,,True
2023-07-19,POWERGRID,,,,,,,,,True
2023-07-19,RELIANCE,0.5,0.5,0.0,0.375,2.0,0.75,0.0,True,False
2023-07-19,SBIN,0.0,0.0,1.0,0.25,,,,,True
2023-07-19,TATAMOTORS,,,,,,,,,True
2023-07-19,TCS,,,,,,,,,True
2023-07-19,WIPRO,,,,,,,,,True
2023-07-19,CIPLA,0.0,0.0,1.0,0.25,1.0,0.5,0.0,True,False
2023-07-19,INFY,,,,,,,,,True
2023-07-19,DRREDDY,,,,,,,,,True
2023-07-19,HCLTECH,,,,,,,,,True
2023-07-19,TECHM,0.0,0.0,0.0,0.0,,,,,True
2023-07-19,SUNPHARMA,1.0,1.0,0.0,0.75,1.0,1.0,0.0,True,False
2023-07-20,ADANIGREEN,0.0,0.0,1.0,0.25,,,,,True
2023-07-20,ASIANPAINT,,,,,,,,,True
2023-07-20,AXISBANK,1.0,0.0,0.0,0.4,,,,,True
2023-07-20,BAJAJ-AUTO,1.0,0.0,0.0,0.4,1.0,1.0,0.0,True,False
2023-07-20,HDFCBANK,,,,,,,,,True
2023-07-20,HINDUNILVR,0.0,0.0,0.0,0.0,,,,,True
2023-07-20,ICICIBANK,0.5,0.5,0.0,0.375,,,,,True
2023-07-20,ITC,1.0,1.0,0.0,0.75,,,,,True
2023-07-20,KOTAKBANK,,,,,,,,,True
2023-07-20,M&M,0.0,0.0,0.0,0.0,,,,,True
2023-07-20,MARUTI,1.0,1.0,0.0,0.75,1.0,1.0,0.0,True,False
2023-07-20,NTPC,0.0,0.0,1.0,0.25,1.0,0.5,0.0,True,False
2023-07-20,ONGC,,,,,,,,,True
2023-07-20,POWERGRID,,,,,,,,,True
2023-07-20,RELIANCE,0.5,0.5,0.0,0.375,,,,,True
2023-07-20,SBIN,0.0,0.0,1.0,0.25,,,,,True
2023-07-20,TATAMOTORS,,,,,,,,,True
2023-07-20,TCS,,,,,,,,,True
2023-07-20,WIPRO,,,,,,,,,True
2023-07-20,CIPLA,0.0,0.0,1.0,0.25,,,,,True
2023-07-20,INFY,,,,,,,,,True
2023-07-20,DRREDDY,,,,,,,,,True
2023-07-20,HCLTECH,,,,,,,,,True
2023-07-20,TECHM,0.0,0.0,0.0,0.0,,,,,True
2023-07-20,SUNPHARMA,1.0,1.0,0.0,0.75,,,,,True
2023-07-21,ADANIGREEN,0.0,0.0,1.0,0.25,,,,,True
2023-07-21,ASIANPAINT,,,,,,,,,True
2023-07-21,AXISBANK,1.0,0.0,0.0,0.4,,,,,True
2023-07-21,BAJAJ-AUTO,1.0,0.0,0.0,0.4,,,,,True
2023-07-21,HDFCBANK,,,,,,,,,True
2023-07-21,HINDUNILVR,0.0,0.0,0.0,0.0,,,,,True
2023-07-21,ICICIBANK,0.5,0.5,0.0,0.375,,,,,True
2023-07-21,ITC,1.0,1.0,0.0,0.75,,,,,True
2023-07-21,KOTAKBANK,,,,,,,,,True
2023-07-21,M&M,0.0,0.0,0.0,0.0,,,,,True
2023-07-21,MARUTI,1.0,1.0,0.0,0.75,,,,,True
2023-07-21,NTPC,0.0,0.0,1.0,0.25,,,,,True
2023-07-21,ONGC,,,,,,,,,True
2023-07-21,POWERGRID,,,,,,,,,True
2023-07-21,RELIANCE,0.5,0.5,0.0,0.375,,,,,True
2023-07-21,SBIN,0.0,0.0,1.0,0.25,,,,,True
2023-07-21,TATAMOTORS,,,,,,,,,True
2023-07-21,TCS,,,,,,,,,True
2023-07-21,WIPRO,,,,,,,,,True
2023-07-21,CIPLA,0.0,0.0,1.0,0.25,,,,,True
2023-07-21,INFY,,,,,,,,,True
2023-07-21,DRREDDY,,,,,,,,,True
2023-07-21,HCLTECH,,,,,,,,,True
2023-07-21,TECHM,0.0,0.0,0.0,0.0,,,,,True
2023-07-21,SUNPHARMA,1.0,1.0,0.0,0.75,,,,,True
2023-07-24,ADANIGREEN,1.0,1.0,1.0,1.0,1.0,1.0,0.0,True,False
2023-07-24,ASIANPAINT,,,,,,,,,True
2023-07-24,AXISBANK,1.0,0.0,0.0,0.4,1.0,1.0,0.0,True,False
2023-07-24,BAJAJ-AUTO,1.0,0.0,0.0,0.4,,,,,True
2023-07-24,HDFCBANK,0.0,0.0,0.0,0.0,1.0,0.5,0.0,True,False
2023-07-24,HINDUNILVR,0.0,0.0,0.0,0.0,,,,,True
2023-07-24,ICICIBANK,0.5,0.5,0.0,0.375,,,,,True
2023-07-24,ITC,1.0,1.0,0.0,0.75,,,,,True
2023-07-24,KOTAKBANK,,,,,,,,,True
2023-07-24,M&M,0.0,0.0,0.5,0.125,2.0,0.5,0.0,True,False
2023-07-24,MARUTI,1.0,1.0,0.0,0.75,,,,,True
2023-07-24,NTPC,0.0,0.0,1.0,0.25,,,,,True
2023-07-24,ONGC,1.0,0.0,0.0,0.4,1.0,1.0,0.0,True,False
2023-07-24,POWERGRID,,,,,,,,,True
2023-07-24,RELIANCE,0.5,0.5,0.0,0.375,,,,,True
2023-07-24,SBIN,-1.0,0.0,0.0,-0.4,1.0,1.0,0.0,True,False
2023-07-24,TATAMOTORS,0.0,0.0,1.0,0.25,1.0,0.5,0.0,True,False
2023-07-24,TCS,1.0,1.0,0.0,0.75,1.0,1.0,0.0,True,False
2023-07-24,WIPRO,,,,,,,,,True
2023-07-24,CIPLA,0.0,0.0,1.0,0.25,,,,,True
2023-07-24,INFY,,,,,,,,,True
2023-07-24,DRREDDY,,,,,,,,,True
2023-07-24,HCLTECH,,,,,,,,,True
2023-07-24,TECHM,0.0,0.0,1.0,0.25,1.0,0.5,0.0,True,False
2023-07-24,SUNPHARMA,1.0,1.0,0.0,0.75,,,,,True
2023-07-25,ADANIGREEN,0.0,0.0,1.0,0.25,1.0,0.5,0.0,True,False
2023-07-25,ASIANPAINT,-0.5,0.0,0.0,-0.2,2.0,0.75,0.0,True,False
2023-07-25,AXISBANK,1.0,0.0,0.0,0.4,,,,,True
2023-07-25,BAJAJ-AUTO,1.0,0.0,0.0,0.4,,,,,True
2023-07-25,HDFCBANK,0.0,0.0,0.0,0.0,,,,,True
2023-07-25,HINDUNILVR,0.0,0.0,0.0,0.0,,,,,True
2023-07-25,ICICIBANK,0.5,0.5,0.0,0.375,,,,,True
2023-07-25,ITC,1.0,1.0,0.0,0.75,,,,,True
2023-07-25,KOTAKBANK,,,,,,,,,True
2023-07-25,M&M,-1.0,0.0,0.0,-0.4,1.0,1.0,0.0,True,False
2023-07-25,MARUTI,1.0,1.0,0.0,0.75,,,,,True
2023-07-25,NTPC,0.0,0.0,1.0,0.25,,,,,True
2023-07-25,ONGC,1.0,0.0,0.0,0.4,,,,,True
2023-07-25,POWERGRID,,,,,,,,,True
2023-07-25,RELIANCE,0.5,0.5,0.0,0.375,,,,,True
2023-07-25,SBIN,-1.0,0.0,0.0,-0.4,,,,,True
2023-07-25,TATAMOTORS,-1.0,0.0,0.0,-0.4,1.0,1.0,0.0,True,False
2023-07-25,TCS,1.0,0.0,0.0,0.4,1.0,1.0,0.0,True,False
2023-07-25,WIPRO,,,,,,,,,True
2023-07-25,CIPLA,0.0,0.0,1.0,0.25,,,,,True
2023-07-25,INFY,,,,,,,,,True
2023-07-25,DRREDDY,,,,,,,,,True
2023-07-25,HCLTECH,,,,,,,,,True
2023-07-25,TECHM,-1.0,0.0,0.0,-0.4,1.0,1.0,0.0,True,False
2023-07-25,SUNPHARMA,1.0,1.0,0.0,0.75,,,,,True
2023-07-26,ADANIGREEN,1.0,1.0,1.0,1.0,1.0,1.0,0.0,True,False
2023-07-26,ASIANPAINT,-0.5,0.0,0.0,-0.2,,,,,True
2023-07-26,AXISBANK,1.0,0.0,0.0,0.4,,,,,True
2023-07-26,BAJAJ-AUTO,1.0,1.0,0.0,0.75,1.0,1.0,0.0,True,False
2023-07-26,HDFCBANK,0.0,0.0,0.0,0.0,,,,,True
2023-07-26,HINDUNILVR,0.0,0.0,0.0,0.0,,,,,True
2023-07-26,ICICIBANK,0.5,0.5,0.0,0.375,,,,,True
2023-07-26,ITC,0.5,0.0,0.0,0.2,2.0,0.75,0.0,True,False
2023-07-26,KOTAKBANK,,,,,,,,,True
2023-07-26,M&M,1.0,1.0,0.0,0.75,1.0,1.0,0.0,True,False
2023-07-26,MARUTI,1.0,1.0,0.0,0.75,,,,,True
2023-07-26,NTPC,0.0,0.0,1.0,0.25,1.0,0.5,0.0,True,False
2023-07-26,ONGC,1.0,0.0,0.0,0.4,,,,,True
2023-07-26,POWERGRID,,,,,,,,,True
2023-07-26,RELIANCE,0.5,0.5,0.0,0.375,,,,,True
2023-07-26,SBIN,-1.0,0.0,0.0,-0.4,,,,,True
2023-07-26,TATAMOTORS,-1.0,0.0,0.0,-0.4,,,,,True
2023-07-26,TCS,1.0,0.0,0.0,0.4,,,,,True
2023-07-26,WIPRO,,,,,,,,,True
2023-07-26,CIPLA,0.0,0.0,1.0,0.25,,,,,True
2023-07-26,INFY,,,,,,,,,True
2023-07-26,DRREDDY,,,,,,,,,True
2023-07-26,HCLTECH,,,,,,,,,True
2023-07-26,TECHM,1.0,1.0,0.0,0.75,1.0,1.0,0.0,True,False
2023-07-26,SUNPHARMA,1.0,1.0,0.0,0.75,,,,,True
2023-07-27,ADANIGREEN,0.0,0.0,1.0,0.25,1.0,0.5,0.0,True,False
2023-07-27,ASIANPAINT,-0.5,0.0,0.0,-0.2,,,,,True
2023-07-27,AXISBANK,1.0,0.0,0.0,0.4,,,,,True
2023-07-27,BAJAJ-AUTO,1.0,1.0,0.0,0.75,,,,,True
2023-07-27,HDFCBANK,0.0,0.0,0.0,0.0,,,,,True
2023-07-27,HINDUNILVR,,,,,,,,,True
2023-07-27,ICICIBANK,,,,,,,,,True
2023-07-27,ITC,0.5,0.0,0.0,0.2,,,,,True
2023-07-27,KOTAKBANK,,,,,,,,,True
2023-07-27,M&M,1.0,1.0,0.0,0.75,,,,,True
2023-07-27,MARUTI,0.0,0.0,0.0,0.0,1.0,0.5,0.0,True,False
2023-07-27,NTPC,0.0,0.0,1.0,0.25,,,,,True
2023-07-27,ONGC,1.0,0.0,0.0,0.4,,,,,True
2023-07-27,POWERGRID,,,,,,,,,True
2023-07-27,RELIANCE,,,,,,,,,True
2023-07-27,SBIN,-1.0,0.0,0.0,-0.4,,,,,True
2023-07-27,TATAMOTORS,-1.0,0.0,0.0,-0.4,,,,,True
2023-07-27,TCS,1.0,0.0,0.0,0.4,,,,,True
2023-07-27,WIPRO,,,,,,,,,True
2023-07-27,CIPLA,,,,,,,,,True
2023-07-27,INFY,1.0,0.0,0.0,0.4,2.0,1.0,0.0,False,False
2023-07-27,DRREDDY,,,,,,,,,True
2023-07-27,HCLTECH,,,,,,,,,True
2023-07-27,TECHM,1.0,1.0,0.0,0.75,,,,,True
2023-07-27,SUNPHARMA,,,,,,,,,True
2023-07-28,ADANIGREEN,0.0,0.0,1.0,0.25,,,,,True
2023-07-28,ASIANPAINT,-0.5,0.0,0.0,-0.2,,,,,True
2023-07-28,AXISBANK,1.0,0.0,0.0,0.4,,,,,True
2023-07-28,BAJAJ-AUTO,1.0,1.0,0.0,0.75,,,,,True
2023-07-28,HDFCBANK,0.0,0.0,0.0,0.0,,,,,True
2023-07-28,HINDUNILVR,,,,,,,,,True
2023-07-28,ICICIBANK,,,,,,,,,True
2023-07-28,ITC,0.5,0.0,0.0,0.2,,,,,True
2023-07-28,KOTAKBANK,,,,,,,,,True
2023-07-28,M&M,1.0,1.0,0.0,0.75,,,,,True
2023-07-28,MARUTI,0.0,0.0,0.0,0.0,,,,,True
2023-07-28,NTPC,0.0,0.0,1.0,0.25,,,,,True
2023-07-28,ONGC,1.0,0.0,0.0,0.4,,,,,True
2023-07-28,POWERGRID,,,,,,,,,True
2023-07-28,RELIANCE,,,,,,,,,True
2023-07-28,SBIN,-1.0,0.0,0.0,-0.4,,,,,True
2023-07-28,TATAMOTORS,-1.0,0.0,0.0,-0.4,,,,,True
2023-07-28,TCS,1.0,0.0,0.0,0.4,,,,,True
2023-07-28,WIPRO,,,,,,,,,True
2023-07-28,CIPLA,,,,,,,,,True
2023-07-28,INFY,1.0,0.0,0.0,0.4,,,,,True
2023-07-28,DRREDDY,,,,,,,,,True
2023-07-28,HCLTECH,,,,,,,,,True
2023-07-28,TECHM,1.0,1.0,0.0,0.75,,,,,True
2023-07-28,SUNPHARMA,,,,,,,,,True
2023-07-31,ADANIGREEN,0.0,0.0,1.0,0.25,,,,,True
2023-07-31,ASIANPAINT,-0.5,0.0,0.0,-0.2,,,,,True
2023-07-31,AXISBANK,1.0,0.0,0.0,0.4,,,,,True
2023-07-31,BAJAJ-AUTO,0.0,0.0,0.0,0.0,1.0,0.5,0.0,True,False
2023-07-31,HDFCBANK,0.0,0.0,0.0,0.0,,,,,True
2023-07-31,HINDUNILVR,,,,,,,,,True
2023-07-31,ICICIBANK,,,,,,,,,True
2023-07-31,ITC,0.5,0.0,0.0,0.2,,,,,True
2023-07-31,KOTAKBANK,1.0,0.0,0.0,0.4,1.0,1.0,0.0,True,False
2023-07-31,M&M,1.0,0.0,0.0,0.4,1.0,1.0,0.0,True,False
2023-07-31,MARUTI,0.0,0.0,0.0,0.0,,,,,True
2023-07-31,NTPC,0.0,0.0,1.0,0.25,,,,,True
2023-07-31,ONGC,1.0,0.0,0.0,0.4,,,,,True
2023-07-31,POWERGRID,,,,,,,,,True
2023-07-31,RELIANCE,-1.0,0.0,0.0,-0.4,1.0,1.0,0.0,True,False
2023-07-31,SBIN,-1.0,0.0,0.0,-0.4,,,,,True
2023-07-31,TATAMOTORS,1.0,0.0,0.0,0.4,1.0,1.0,0.0,True,False
2023-07-31,TCS,1.0,0.0,0.0,0.4,,,,,True
2023-07-31,WIPRO,,,,,,,,,True
2023-07-31,CIPLA,,,,,,,,,True
2023-07-31,INFY,1.0,0.0,0.0,0.4,,,,,True
2023-07-31,DRREDDY,0.0,0.0,0.0,0.0,1.0,0.5,0.0,True,False
2023-07-31,HCLTECH,,,,,,,,,True
2023-07-31,TECHM,1.0,1.0,0.0,0.75,,,,,True
2023-07-31,SUNPHARMA,,,,,,,,,True
2023-08-01,ADANIGREEN,0.0,0.0,1.0,0.25,,,,,True
2023-08-01,ASIANPAINT,-0.5,0.0,0.0,-0.2,,,,,True
2023-08-01,AXISBANK,0.0,0.0,0.0,0.0,1.0,0.5,0.0,True,False
2023-08-01,BAJAJ-AUTO,0.0,0.0,0.0,0.0,,,,,True
2023-08-01,HDFCBANK,0.0,0.0,0.0,0.0,1.0,0.5,0.0,True,False
2023-08-01,HINDUNILVR,,,,,,,,,True
2023-08-01,ICICIBANK,0.0,0.0,0.0,0.0,1.0,0.5,0.0,True,False
2023-08-01,ITC,0.5,0.0,0.0,0.2,,,,,True
2023-08-01,KOTAKBANK,0.7143,0.5,0.0,0.4607,2.0,0.75,0.0,True,False
2023-08-01,M&M,0.5,0.5,0.0,0.375,2.0,0.75,0.0,True,False
2023-08-01,MARUTI,0.0,0.0,0.0,0.0,,,,,True
2023-08-01,NTPC,0.0,0.0,1.0,0.25,,,,,True
2023-08-01,ONGC,,,,,,,,,True
2023-08-01,POWERGRID,,,,,,,,,True
2023-08-01,RELIANCE,-1.0,0.0,0.0,-0.4,,,,,True
2023-08-01,SBIN,0.0,0.0,0.0,0.0,1.0,0.5,0.0,True,False
2023-08-01,TATAMOTORS,0.0,0.0,0.0,0.0,1.0,0.5,0.0,True,False
2023-08-01,TCS,1.0,0.0,0.0,0.4,,,,,True
2023-08-01,WIPRO,,,,,,,,,True
2023-08-01,CIPLA,,,,,,,,,True
2023-08-01,INFY,0.0,0.0,1.0,0.25,1.0,0.5,0.0,True,False
2023-08-01,DRREDDY,0.0,0.0,0.0,0.0,,,,,True
2023-08-01,HCLTECH,,,,,,,,,True
2023-08-01,TECHM,0.0,0.0,0.0,0.0,1.0,0.5,0.0,True,False
2023-08-01,SUNPHARMA,,,,,,,,,True
2023-08-02,ADANIGREEN,0.0,0.0,1.0,0.25,,,,,True
2023-08-02,ASIANPAINT,0.0,0.0,1.0,0.25,1.0,0.5,0.0,True,False
2023-08-02,AXISBANK,0.0,0.0,0.0,0.0,,,,,True
2023-08-02,BAJAJ-AUTO,0.0,0.0,0.0,0.0,,,,,True
2023-08-02,HDFCBANK,0.0,0.0,0.0,0.0,,,,,True
2023-08-02,HINDUNILVR,,,,,,,,,True
2023-08-02,ICICIBANK,0.0,0.0,0.0,0.0,,,,,True
2023-08-02,ITC,0.5,0.0,0.0,0.2,,,,,True
2023-08-02,KOTAKBANK,0.7143,0.5,0.0,0.4607,,,,,True
2023-08-02,M&M,0.5,0.5,0.0,0.375,,,,,True
2023-08-02,MARUTI,0.0,0.0,0.0,0.0,,,,,True
2023-08-02,NTPC,0.0,0.0,1.0,0.25,,,,,True
2023-08-02,ONGC,,,,,,,,,True
2023-08-02,POWERGRID,,,,,,,,,True
2023-08-02,RELIANCE,-1.0,0.0,0.0,-0.4,,,,,True
2023-08-02,SBIN,0.0,0.0,0.0,0.0,1.0,0.5,0.0,True,False
2023-08-02,TATAMOTORS,0.0,0.0,0.0,0.0,1.0,0.5,0.0,True,False
2023-08-02,TCS,,,,,,,,,True
2023-08-02,WIPRO,,,,,,,,,True
2023-08-02,CIPLA,0.0,0.0,1.0,0.25,1.0,0.5,0.0,True,False
2023-08-02,INFY,0.0,0.0,1.0,0.25,,,,,True
2023-08-02,DRREDDY,0.0,0.0,0.0,0.0,,,,,True
2023-08-02,HCLTECH,,,,,,,,,True
2023-08-02,TECHM,0.0,0.0,0.0,0.0,,,,,True
2023-08-02,SUNPHARMA,0.0,0.0,1.0,0.25,1.0,0.5,0.0,True,False
2023-08-03,ADANIGREEN,0.0,0.0,1.0,0.25,,,,,True
2023-08-03,ASIANPAINT,0.0,0.0,1.0,0.25,,,,,True
2023-08-03,AXISBANK,0.0,0.0,0.0,0.0,,,,,True
2023-08-03,BAJAJ-AUTO,0.0,0.0,0.0,0.0,1.0,0.5,0.0,True,False
2023-08-03,HDFCBANK,0.0,0.0,0.0,0.0,,,,,True
2023-08-03,HINDUNILVR,,,,,,,,,True
2023-08-03,ICICIBANK,0.0,0.0,0.0,0.0,,,,,True
2023-08-03,ITC,,,,,,,,,True
2023-08-03,KOTAKBANK,0.7143,0.5,0.0,0.4607,,,,,True
2023-08-03,M&M,0.5,0.5,0.0,0.375,,,,,True
2023-08-03,MARUTI,0.0,0.0,0.0,0.0,,,,,True
2023-08-03,NTPC,,,,,,,,,True
2023-08-03,ONGC,,,,,,,,,True
2023-08-03,POWERGRID,,,,,,,,,True
2023-08-03,RELIANCE,-1.0,0.0,0.0,-0.4,,,,,True
2023-08-03,SBIN,0.0,0.0,0.0,0.0,,,,,True
2023-08-03,TATAMOTORS,1.0,1.0,0.0,0.75,1.0,1.0,0.0,True,False
2023-08-03,TCS,,,,,,,,,True
2023-08-03,WIPRO,1.0,0.5,0.0,0.575,2.0,1.0,0.0,False,False
2023-08-03,CIPLA,0.0,0.0,1.0,0.25,,,,,True
2023-08-03,INFY,0.0,0.0,1.0,0.25,,,,,True
2023-08-03,DRREDDY,0.0,0.0,0.0,0.0,,,,,True
2023-08-03,HCLTECH,0.5,0.0,0.5,0.325,2.0,0.75,0.0,True,False
2023-08-03,TECHM,0.0,0.0,0.0,0.0,,,,,True
2023-08-03,SUNPHARMA,0.0,0.0,1.0,0.25,,,,,True
2023-08-04,ADANIGREEN,,,,,,,,,True
2023-08-04,ASIANPAINT,0.0,0.0,1.0,0.25,,,,,True
2023-08-04,AXISBANK,0.0,0.0,0.0,0.0,,,,,True
2023-08-04,BAJAJ-AUTO,0.0,0.0,0.0,0.0,,,,,True
2023-08-04,HDFCBANK,0.0,0.0,0.0,0.0,,,,,True
2023-08-04,HINDUNILVR,,,,,,,,,True
2023-08-04,ICICIBANK,0.0,0.0,0.0,0.0,,,,,True
2023-08-04,ITC,,,,,,,,,True
2023-08-04,KOTAKBANK,0.7143,0.5,0.0,0.4607,,,,,True
2023-08-04,M&M,0.5,0.5,0.0,0.375,,,,,True
2023-08-04,MARUTI,,,,,,,,,True
2023-08-04,NTPC,,,,,,,,,True
2023-08-04,ONGC,,,,,,,,,True
2023-08-04,POWERGRID,,,,,,,,,True
2023-08-04,RELIANCE,-1.0,0.0,0.0,-0.4,,,,,True
2023-08-04,SBIN,0.0,0.0,0.0,0.0,,,,,True
2023-08-04,TATAMOTORS,1.0,1.0,0.0,0.75,,,,,True
2023-08-04,TCS,,,,,,,,,True
2023-08-04,WIPRO,1.0,0.5,0.0,0.575,,,,,True
2023-08-04,CIPLA,0.0,0.0,1.0,0.25,,,,,True
2023-08-04,INFY,0.0,0.0,1.0,0.25,,,,,True
2023-08-04,DRREDDY,0.0,0.0,0.0,0.0,,,,,True
2023-08-04,HCLTECH,0.5,0.0,0.5,0.325,,,,,True
2023-08-04,TECHM,0.0,0.0,0.0,0.0,,,,,True
2023-08-04,SUNPHARMA,0.0,0.0,1.0,0.25,,,,,True
2023-08-07,ADANIGREEN,,,,,,,,,True
2023-08-07,ASIANPAINT,0.0,0.0,1.0,0.25,,,,,True
2023-08-07,AXISBANK,0.0,0.0,0.0,0.0,,,,,True
2023-08-07,BAJAJ-AUTO,0.0,0.0,0.0,0.0,,,,,True
2023-08-07,HDFCBANK,0.0,0.0,0.0,0.0,,,,,True
2023-08-07,HINDUNILVR,,,,,,,,,True
2023-08-07,ICICIBANK,0.0,0.0,0.0,0.0,,,,,True
2023-08-07,ITC,,,,,,,,,True
2023-08-07,KOTAKBANK,0.7143,0.5,0.0,0.4607,,,,,True
2023-08-07,M&M,0.5,0.5,0.0,0.375,,,,,True
2023-08-07,MARUTI,,,,,,,,,True
2023-08-07,NTPC,,,,,,,,,True
2023-08-07,ONGC,,,,,,,,,True
2023-08-07,POWERGRID,,,,,,,,,True
2023-08-07,RELIANCE,-1.0,0.0,0.0,-0.4,,,,,True
2023-08-07,SBIN,0.0,0.0,0.0,0.0,,,,,True
2023-08-07,TATAMOTORS,1.0,1.0,0.0,0.75,,,,,True
2023-08-07,TCS,,,,,,,,,True
2023-08-07,WIPRO,0.0,0.0,0.0,0.0,1.0,0.5,0.0,True,False
2023-08-07,CIPLA,0.0,0.0,1.0,0.25,,,,,True
2023-08-07,INFY,0.0,0.0,1.0,0.25,,,,,True
2023-08-07,DRREDDY,0.0,0.0,0.0,0.0,,,,,True
2023-08-07,HCLTECH,0.5,0.0,0.5,0.325,,,,,True
2023-08-07,TECHM,0.0,0.0,0.0,0.0,,,,,True
2023-08-07,SUNPHARMA,0.0,0.0,1.0,0.25,,,,,True
2023-08-08,ADANIGREEN,,,,,,,,,True
2023-08-08,ASIANPAINT,0.0,0.0,1.0,0.25,,,,,True
2023-08-08,AXISBANK,0.0,0.0,0.0,0.0,,,,,True
2023-08-08,BAJAJ-AUTO,1.0,0.0,0.0,0.4,1.0,1.0,0.0,True,False
2023-08-08,HDFCBANK,0.0,0.0,0.0,0.0,,,,,True
2023-08-08,HINDUNILVR,,,,,,,,,True
2023-08-08,ICICIBANK,0.0,0.0,0.0,0.0,,,,,True
2023-08-08,ITC,,,,,,,,,True
2023-08-08,KOTAKBANK,0.7143,0.5,0.0,0.4607,,,,,True
2023-08-08,M&M,0.5,0.5,0.0,0.375,,,,,True
2023-08-08,MARUTI,0.0,0.0,0.5,0.125,2.0,0.5,0.0,True,False
2023-08-08,NTPC,0.0,0.0,1.0,0.25,1.0,0.5,0.0,True,False
2023-08-08,ONGC,,,,,,,,,True
2023-08-08,POWERGRID,,,,,,,,,True
2023-08-08,RELIANCE,,,,,,,,,True
2023-08-08,SBIN,0.0,0.0,0.0,0.0,,,,,True
2023-08-08,TATAMOTORS,1.0,1.0,0.0,0.75,,,,,True
2023-08-08,TCS,1.0,1.0,0.0,0.75,1.0,1.0,0.0,True,False
2023-08-08,WIPRO,0.0,0.0,0.0,0.0,,,,,True
2023-08-08,CIPLA,0.0,0.0,1.0,0.25,,,,,True
2023-08-08,INFY,1.0,1.0,0.0,0.75,1.0,1.0,0.0,True,False
2023-08-08,DRREDDY,,,,,,,,,True
2023-08-08,HCLTECH,0.5,0.0,0.5,0.325,,,,,True
2023-08-08,TECHM,0.0,0.0,0.0,0.0,,,,,True
2023-08-08,SUNPHARMA,0.0,0.0,0.0,0.0,1.0,0.5,0.0,True,False
2023-08-09,ADANIGREEN,-1.0,-1.0,1.0,-0.5,1.0,1.0,0.0,True,False
2023-08-09,ASIANPAINT,0.0,0.0,1.0,0.25,,,,,True
2023-08-09,AXISBANK,,,,,,,,,True
2023-08-09,BAJAJ-AUTO,1.0,0.0,0.0,0.4,,,,,True
2023-08-09,HDFCBANK,,,,,,,,,True
2023-08-09,HINDUNILVR,,,,,,,,,True
2023-08-09,ICICIBANK,,,,,,,,,True
2023-08-09,ITC,,,,,,,,,True
2023-08-09,KOTAKBANK,,,,,,,,,True
2023-08-09,M&M,1.0,0.0,0.0,0.4,1.0,1.0,0.0,True,False
2023-08-09,MARUTI,0.0,0.0,0.5,0.125,,,,,True
2023-08-09,NTPC,0.0,0.0,1.0,0.25,,,,,True
2023-08-09,ONGC,,,,,,,,,True
2023-08-09,POWERGRID,,,,,,,,,True
2023-08-09,RELIANCE,,,,,,,,,True
2023-08-09,SBIN,0.0,0.0,0.0,0.0,,,,,True
2023-08-09,TATAMOTORS,0.0,0.0,1.0,0.25,1.0,0.5,0.0,True,False
2023-08-09,TCS,1.0,1.0,0.0,0.75,,,,,True
2023-08-09,WIPRO,0.0,0.0,0.0,0.0,,,,,True
2023-08-09,CIPLA,0.0,0.0,1.0,0.25,,,,,True
2023-08-09,INFY,1.0,1.0,0.0,0.75,,,,,True
2023-08-09,DRREDDY,,,,,,,,,True
2023-08-09,HCLTECH,0.5,0.0,0.5,0.325,,,,,True
2023-08-09,TECHM,,,,,,,,,True
2023-08-09,SUNPHARMA,0.0,0.0,0.0,0.0,,,,,True
2023-08-10,ADANIGREEN,-1.0,-1.0,1.0,-0.5,,,,,True
2023-08-10,ASIANPAINT,,,,,,,,,True
2023-08-10,AXISBANK,1.0,0.0,0.0,0.4,1.0,1.0,0.0,True,False
2023-08-10,BAJAJ-AUTO,1.0,0.0,0.0,0.4,,,,,True
2023-08-10,HDFCBANK,,,,,,,,,True
2023-08-10,HINDUNILVR,,,,,,,,,True
2023-08-10,ICICIBANK,,,,,,,,,True
2023-08-10,ITC,,,,,,,,,True
2023-08-10,KOTAKBANK,,,,,,,,,True
2023-08-10,M&M,1.0,0.0,0.0,0.4,,,,,True
2023-08-10,MARUTI,0.5,0.0,0.5,0.325,2.0,0.75,0.0,True,False
2023-08-10,NTPC,0.0,0.0,1.0,0.25,,,,,True
2023-08-10,ONGC,,,,,,,,,True
2023-08-10,POWERGRID,,,,,,,,,True
2023-08-10,RELIANCE,,,,,,,,,True
2023-08-10,SBIN,,,,,,,,,True
2023-08-10,TATAMOTORS,0.0,0.0,1.0,0.25,,,,,True
2023-08-10,TCS,1.0,1.0,0.0,0.75,,,,,True
2023-08-10,WIPRO,0.0,0.0,0.0,0.0,,,,,True
2023-08-10,CIPLA,,,,,,,,,True
2023-08-10,INFY,1.0,1.0,0.0,0.75,,,,,True
2023-08-10,DRREDDY,1.0,0.0,0.0,0.4,1.0,1.0,0.0,True,False
2023-08-10,HCLTECH,0.5,0.0,0.5,0.325,,,,,True
2023-08-10,TECHM,,,,,,,,,True
2023-08-10,SUNPHARMA,0.0,0.0,0.0,0.0,,,,,True
2023-08-11,ADANIGREEN,-1.0,-1.0,1.0,-0.5,,,,,True
2023-08-11,ASIANPAINT,,,,,,,,,True
2023-08-11,AXISBANK,1.0,0.0,0.0,0.4,,,,,True
2023-08-11,BAJAJ-AUTO,1.0,0.0,0.0,0.4,,,,,True
2023-08-11,HDFCBANK,,,,,,,,,True
2023-08-11,HINDUNILVR,,,,,,,,,True
2023-08-11,ICICIBANK,,,,,,,,,True
2023-08-11,ITC,,,,,,,,,True
2023-08-11,KOTAKBANK,,,,,,,,,True
2023-08-11,M&M,1.0,0.0,0.0,0.4,,,,,True
2023-08-11,MARUTI,0.5,0.0,0.5,0.325,,,,,True
2023-08-11,NTPC,0.0,0.0,1.0,0.25,,,,,True
2023-08-11,ONGC,,,,,,,,,True
2023-08-11,POWERGRID,,,,,,,,,True
2023-08-11,RELIANCE,,,,,,,,,True
2023-08-11,SBIN,,,,,,,,,True
2023-08-11,TATAMOTORS,0.0,0.0,1.0,0.25,,,,,True
2023-08-11,TCS,1.0,1.0,0.0,0.75,,,,,True
2023-08-11,WIPRO,0.0,0.0,0.0,0.0,,,,,True
2023-08-11,CIPLA,,,,,,,,,True
2023-08-11,INFY,1.0,1.0,0.0,0.75,,,,,True
2023-08-11,DRREDDY,1.0,0.0,0.0,0.4,,,,,True
2023-08-11,HCLTECH,,,,,,,,,True
2023-08-11,TECHM,,,,,,,,,True
2023-08-11,SUNPHARMA,0.0,0.0,0.0,0.0,,,,,True
2023-08-14,ADANIGREEN,-1.0,-1.0,1.0,-0.5,,,,,True
2023-08-14,ASIANPAINT,,,,,,,,,True
2023-08-14,AXISBANK,1.0,0.0,0.0,0.4,,,,,True
2023-08-14,BAJAJ-AUTO,1.0,0.0,0.0,0.4,,,,,True
2023-08-14,HDFCBANK,,,,,,,,,True
2023-08-14,HINDUNILVR,,,,,,,,,True
2023-08-14,ICICIBANK,,,,,,,,,True
2023-08-14,ITC,,,,,,,,,True
2023-08-14,KOTAKBANK,,,,,,,,,True
2023-08-14,M&M,1.0,0.0,0.0,0.4,,,,,True
2023-08-14,MARUTI,0.5,0.0,0.5,0.325,,,,,True
2023-08-14,NTPC,0.0,0.0,1.0,0.25,,,,,True
2023-08-14,ONGC,,,,,,,,,True
2023-08-14,POWERGRID,,,,,,,,,True
2023-08-14,RELIANCE,,,,,,,,,True
2023-08-14,SBIN,0.0,0.0,1.0,0.25,1.0,0.5,0.0,True,False
2023-08-14,TATAMOTORS,0.0,0.0,1.0,0.25,,,,,True
2023-08-14,TCS,1.0,1.0,0.0,0.75,,,,,True
2023-08-14,WIPRO,0.0,0.0,0.0,0.0,,,,,True
2023-08-14,CIPLA,,,,,,,,,True
2023-08-14,INFY,1.0,1.0,0.0,0.75,,,,,True
2023-08-14,DRREDDY,1.0,0.0,0.0,0.4,,,,,True
2023-08-14,HCLTECH,,,,,,,,,True
2023-08-14,TECHM,,,,,,,,,True
2023-08-14,SUNPHARMA,1.0,1.0,0.0,0.75,1.0,1.0,0.0,True,False
2023-08-15,ADANIGREEN,-1.0,-1.0,1.0,-0.5,,,,,True
2023-08-15,ASIANPAINT,,,,,,,,,True
2023-08-15,AXISBANK,1.0,0.0,0.0,0.4,,,,,True
2023-08-15,BAJAJ-AUTO,1.0,0.0,0.0,0.4,,,,,True
2023-08-15,HDFCBANK,,,,,,,,,True
2023-08-15,HINDUNILVR,,,,,,,,,True
2023-08-15,ICICIBANK,,,,,,,,,True
2023-08-15,ITC,,,,,,,,,True
2023-08-15,KOTAKBANK,,,,,,,,,True
2023-08-15,M&M,1.0,0.0,0.0,0.4,,,,,True
2023-08-15,MARUTI,1.0,1.0,0.0,0.75,1.0,1.0,0.0,True,False
2023-08-15,NTPC,0.0,0.0,1.0,0.25,,,,,True
2023-08-15,ONGC,,,,,,,,,True
2023-08-15,POWERGRID,,,,,,,,,True
2023-08-15,RELIANCE,,,,,,,,,True
2023-08-15,SBIN,0.0,0.0,1.0,0.25,,,,,True
2023-08-15,TATAMOTORS,0.0,0.0,1.0,0.25,,,,,True
2023-08-15,TCS,1.0,1.0,0.0,0.75,,,,,True
2023-08-15,WIPRO,,,,,,,,,True
2023-08-15,CIPLA,1.0,1.0,0.0,0.75,1.0,1.0,0.0,True,False
2023-08-15,INFY,1.0,1.0,0.0,0.75,,,,,True
2023-08-15,DRREDDY,1.0,0.0,0.0,0.4,,,,,True
2023-08-15,HCLTECH,,,,,,,,,True
2023-08-15,TECHM,,,,,,,,,True
2023-08-15,SUNPHARMA,1.0,1.0,0.0,0.75,,,,,True
2023-08-16,ADANIGREEN,-1.0,-1.0,1.0,-0.5,,,,,True
2023-08-16,ASIANPAINT,,,,,,,,,True
2023-08-16,AXISBANK,1.0,0.0,0.0,0.4,,,,,True
2023-08-16,BAJAJ-AUTO,,,,,,,,,True
2023-08-16,HDFCBANK,,,,,,,,,True
2023-08-16,HINDUNILVR,,,,,,,,,True
2023-08-16,ICICIBANK,,,,,,,,,True
2023-08-16,ITC,,,,,,,,,True
2023-08-16,KOTAKBANK,,,,,,,,,True
2023-08-16,M&M,1.0,0.0,0.0,0.4,,,,,True
2023-08-16,MARUTI,1.0,1.0,0.0,0.75,,,,,True
2023-08-16,NTPC,,,,,,,,,True
2023-08-16,ONGC,,,,,,,,,True
2023-08-16,POWERGRID,,,,,,,,,True
2023-08-16,RELIANCE,,,,,,,,,True
2023-08-16,SBIN,0.0,0.0,1.0,0.25,,,,,True
2023-08-16,TATAMOTORS,0.0,0.0,1.0,0.25,,,,,True
2023-08-16,TCS,,,,,,,,,True
2023-08-16,WIPRO,,,,,,,,,True
2023-08-16,CIPLA,1.0,1.0,0.0,0.75,,,,,True
2023-08-16,INFY,,,,,,,,,True
2023-08-16,DRREDDY,1.0,0.0,0.0,0.4,,,,,True
2023-08-16,HCLTECH,1.0,0.0,0.0,0.4,1.0,1.0,0.0,True,False
2023-08-16,TECHM,,,,,,,,,True
2023-08-16,SUNPHARMA,1.0,1.0,0.0,0.75,,,,,True
2023-08-17,ADANIGREEN,,,,,,,,,True
2023-08-17,ASIANPAINT,,,,,,,,,True
2023-08-17,AXISBANK,0.7143,0.0,0.0,0.2857,2.0,0.75,0.0,True,False
2023-08-17,BAJAJ-AUTO,,,,,,,,,True
2023-08-17,HDFCBANK,0.0,0.0,0.0,0.0,1.0,0.5,0.0,True,False
2023-08-17,HINDUNILVR,0.0,0.0,0.0,0.0,1.0,0.5,0.0,True,False
2023-08-17,ICICIBANK,0.0,0.0,0.0,0.0,1.0,0.5,0.0,True,False
2023-08-17,ITC,,,,,,,,,True
2023-08-17,KOTAKBANK,0.0,0.0,0.0,0.0,1.0,0.5,0.0,True,False
2023-08-17,M&M,-1.0,0.0,0.0,-0.4,1.0,1.0,0.0,True,False
2023-08-17,MARUTI,1.0,1.0,0.0,0.75,,,,,True
2023-08-17,NTPC,,,,,,,,,True
2023-08-17,ONGC,,,,,,,,,True
2023-08-17,POWERGRID,,,,,,,,,True
2023-08-17,RELIANCE,1.0,0.0,0.0,0.4,1.0,1.0,0.0,True,False
2023-08-17,SBIN,0.0,0.0,0.0,0.0,1.0,0.5,0.0,True,False
2023-08-17,TATAMOTORS,,,,,,,,,True
2023-08-17,TCS,,,,,,,,,True
2023-08-17,WIPRO,,,,,,,,,True
2023-08-17,CIPLA,1.0,1.0,0.0,0.75,,,,,True
2023-08-17,INFY,,,,,,,,,True
2023-08-17,DRREDDY,1.0,0.0,0.0,0.4,,,,,True
2023-08-17,HCLTECH,1.0,1.0,0.0,0.75,1.0,1.0,0.0,True,False
2023-08-17,TECHM,,,,,,,,,True
2023-08-17,SUNPHARMA,1.0,1.0,0.0,0.75,,,,,True
2023-08-18,ADANIGREEN,,,,,,,,,True
2023-08-18,ASIANPAINT,,,,,,,,,True
2023-08-18,AXISBANK,0.7143,0.0,0.0,0.2857,,,,,True
2023-08-18,BAJAJ-AUTO,,,,,,,,,True
2023-08-18,HDFCBANK,0.0,0.0,0.0,0.0,,,,,True
2023-08-18,HINDUNILVR,0.0,0.0,0.0,0.0,,,,,True
2023-08-18,ICICIBANK,0.0,0.0,0.0,0.0,,,,,True
2023-08-18,ITC,,,,,,,,,True
2023-08-18,KOTAKBANK,0.0,0.0,0.0,0.0,,,,,True
2023-08-18,M&M,-1.0,0.0,0.0,-0.4,,,,,True
2023-08-18,MARUTI,1.0,1.0,0.0,0.75,,,,,True
2023-08-18,NTPC,,,,,,,,,True
2023-08-18,ONGC,,,,,,,,,True
2023-08-18,POWERGRID,,,,,,,,,True
2023-08-18,RELIANCE,1.0,0.0,0.0,0.4,,,,,True
2023-08-18,SBIN,0.0,0.0,0.0,0.0,,,,,True
2023-08-18,TATAMOTORS,,,,,,,,,True
2023-08-18,TCS,,,,,,,,,True
2023-08-18,WIPRO,,,,,,,,,True
2023-08-18,CIPLA,1.0,1.0,0.0,0.75,,,,,True
2023-08-18,INFY,,,,,,,,,True
2023-08-18,DRREDDY,,,,,,,,,True
2023-08-18,HCLTECH,1.0,1.0,0.0,0.75,,,,,True
2023-08-18,TECHM,,,,,,,,,True
2023-08-18,SUNPHARMA,1.0,1.0,0.0,0.75,,,,,True
2023-08-21,ADANIGREEN,,,,,,,,,True
2023-08-21,ASIANPAINT,,,,,,,,,True
2023-08-21,AXISBANK,0.7143,0.0,0.0,0.2857,,,,,True
2023-08-21,BAJAJ-AUTO,,,,,,,,,True
2023-08-21,HDFCBANK,0.0,0.0,0.0,0.0,,,,,True
2023-08-21,HINDUNILVR,0.0,0.0,0.0,0.0,,,,,True
2023-08-21,ICICIBANK,0.0,0.0,0.0,0.0,,,,,True
2023-08-21,ITC,,,,,,,,,True
2023-08-21,KOTAKBANK,0.0,0.0,0.0,0.0,,,,,True
2023-08-21,M&M,-1.0,0.0,0.0,-0.4,,,,,True
2023-08-21,MARUTI,1.0,1.0,0.0,0.75,,,,,True
2023-08-21,NTPC,,,,,,,,,True
2023-08-21,ONGC,,,,,,,,,True
2023-08-21,POWERGRID,,,,,,,,,True
2023-08-21,RELIANCE,1.0,0.0,0.0,0.4,,,,,True
2023-08-21,SBIN,0.0,0.0,0.0,0.0,,,,,True
2023-08-21,TATAMOTORS,,,,,,,,,True
2023-08-21,TCS,,,,,,,,,True
2023-08-21,WIPRO,,,,,,,,,True
2023-08-21,CIPLA,1.0,1.0,0.0,0.75,,,,,True
2023-08-21,INFY,,,,,,,,,True
2023-08-21,DRREDDY,,,,,,,,,True
2023-08-21,HCLTECH,1.0,0.0,0.0,0.4,1.0,1.0,0.0,True,False
2023-08-21,TECHM,,,,,,,,,True
2023-08-21,SUNPHARMA,1.0,1.0,0.0,0.75,,,,,True
2023-08-22,ADANIGREEN,,,,,,,,,True
2023-08-22,ASIANPAINT,1.0,0.0,0.0,0.4,1.0,1.0,0.0,True,False
2023-08-22,AXISBANK,0.7143,0.0,0.0,0.2857,,,,,True
2023-08-22,BAJAJ-AUTO,0.0,0.0,0.0,0.0,1.0,0.5,0.0,True,False
2023-08-22,HDFCBANK,0.0,0.0,1.0,0.25,1.0,0.5,0.0,True,False
2023-08-22,HINDUNILVR,0.0,0.0,0.0,0.0,,,,,True
2023-08-22,ICICIBANK,0.0,0.0,0.0,0.0,,,,,True
2023-08-22,ITC,0.0,0.0,1.0,0.25,1.0,0.5,0.0,True,False
2023-08-22,KOTAKBANK,0.0,0.0,0.0,0.0,,,,,True
2023-08-22,M&M,0.5,0.0,0.0,0.2,2.0,0.75,0.0,True,False
2023-08-22,MARUTI,1.0,1.0,0.0,0.75,,,,,True
2023-08-22,NTPC,0.0,0.0,1.0,0.25,1.0,0.5,0.0,True,False
2023-08-22,ONGC,,,,,,,,,True
2023-08-22,POWERGRID,,,,,,,,,True
2023-08-22,RELIANCE,1.0,0.0,0.0,0.4,,,,,True
2023-08-22,SBIN,0.0,0.0,0.0,0.0,,,,,True
2023-08-22,TATAMOTORS,,,,,,,,,True
2023-08-22,TCS,,,,,,,,,True
2023-08-22,WIPRO,,,,,,,,,True
2023-08-22,CIPLA,0.0,0.0,0.0,0.0,1.0,0.5,0.0,True,False
2023-08-22,INFY,,,,,,,,,True
2023-08-22,DRREDDY,0.0,0.0,0.0,0.0,1.0,0.5,0.0,True,False
2023-08-22,HCLTECH,-1.0,0.0,0.0,-0.4,1.0,1.0,0.0,True,False
2023-08-22,TECHM,0.0,0.0,0.0,0.0,1.0,0.5,0.0,True,False
2023-08-22,SUNPHARMA,,,,,,,,,True
2023-08-23,ADANIGREEN,,,,,,,,,True
2023-08-23,ASIANPAINT,1.0,0.0,0.0,0.4,,,,,True
2023-08-23,AXISBANK,0.7143,0.0,0.0,0.2857,,,,,True
2023-08-23,BAJAJ-AUTO,0.0,0.0,1.0,0.25,1.0,0.5,0.0,True,False
2023-08-23,HDFCBANK,0.0,0.0,1.0,0.25,,,,,True
2023-08-23,HINDUNILVR,0.0,0.0,0.0,0.0,,,,,True
2023-08-23,ICICIBANK,0.0,0.0,0.0,0.0,1.0,0.5,0.0,True,False
2023-08-23,ITC,0.0,0.0,1.0,0.25,,,,,True
2023-08-23,KOTAKBANK,0.0,0.0,0.0,0.0,,,,,True
2023-08-23,M&M,0.5,0.0,0.0,0.2,,,,,True
2023-08-23,MARUTI,,,,,,,,,True
2023-08-23,NTPC,0.0,0.0,1.0,0.25,,,,,True
2023-08-23,ONGC,,,,,,,,,True
2023-08-23,POWERGRID,,,,,,,,,True
2023-08-23,RELIANCE,1.0,0.0,0.0,0.4,,,,,True
2023-08-23,SBIN,0.0,0.0,0.0,0.0,,,,,True
2023-08-23,TATAMOTORS,0.0,0.0,0.0,0.0,1.0,0.5,0.0,True,False
2023-08-23,TCS,,,,,,,,,True
2023-08-23,WIPRO,,,,,,,,,True
2023-08-23,CIPLA,0.0,0.0,0.0,0.0,,,,,True
2023-08-23,INFY,-1.0,0.0,0.0,-0.4,1.0,1.0,0.0,True,False
2023-08-23,DRREDDY,0.0,0.0,0.0,0.0,,,,,True
2023-08-23,HCLTECH,-1.0,0.0,0.0,-0.4,,,,,True
2023-08-23,TECHM,0.0,0.0,0.0,0.0,,,,,True
2023-08-23,SUNPHARMA,,,,,,,,,True
2023-08-24,ADANIGREEN,,,,,,,,,True
2023-08-24,ASIANPAINT,1.0,0.0,0.0,0.4,,,,,True
2023-08-24,AXISBANK,0.7143,0.0,0.0,0.2857,,,,,True
2023-08-24,BAJAJ-AUTO,0.0,0.0,1.0,0.25,,,,,True
2023-08-24,HDFCBANK,0.0,0.0,1.0,0.25,,,,,True
2023-08-24,HINDUNILVR,0.0,0.0,0.0,0.0,,,,,True
2023-08-24,ICICIBANK,0.0,0.0,0.0,0.0,,,,,True
2023-08-24,ITC,0.0,0.0,1.0,0.25,,,,,True
2023-08-24,KOTAKBANK,0.0,0.0,0.0,0.0,,,,,True
2023-08-24,M&M,0.5,0.0,0.0,0.2,,,,,True
2023-08-24,MARUTI,,,,,,,,,True
2023-08-24,NTPC,0.0,0.0,1.0,0.25,,,,,True
2023-08-24,ONGC,,,,,,,,,True
2023-08-24,POWERGRID,,,,,,,,,True
2023-08-24,RELIANCE,1.0,0.0,0.0,0.4,,,,,True
2023-08-24,SBIN,0.0,0.0,0.0,0.0,,,,,True
2023-08-24,TATAMOTORS,0.0,0.0,1.0,0.25,1.0,0.5,0.0,True,False
2023-08-24,TCS,,,,,,,,,True
2023-08-24,WIPRO,1.0,1.0,0.0,0.75,1.0,1.0,0.0,True,False
2023-08-24,CIPLA,1.0,0.0,0.0,0.4,1.0,1.0,0.0,True,False
2023-08-24,INFY,-1.0,0.0,0.0,-0.4,,,,,True
2023-08-24,DRREDDY,0.0,0.0,0.0,0.0,,,,,True
2023-08-24,HCLTECH,-1.0,0.0,0.0,-0.4,,,,,True
2023-08-24,TECHM,0.0,0.0,0.0,0.0,,,,,True
2023-08-24,SUNPHARMA,,,,,,,,,True
2023-08-25,ADANIGREEN,,,,,,,,,True
2023-08-25,ASIANPAINT,1.0,0.0,0.0,0.4,,,,,True
2023-08-25,AXISBANK,,,,,,,,,True
2023-08-25,BAJAJ-AUTO,0.0,0.0,1.0,0.25,,,,,True
2023-08-25,HDFCBANK,0.0,0.0,1.0,0.25,,,,,True
2023-08-25,HINDUNILVR,,,,,,,,,True
2023-08-25,ICICIBANK,0.0,0.0,0.0,0.0,,,,,True
2023-08-25,ITC,0.0,0.0,1.0,0.25,,,,,True
2023-08-25,KOTAKBANK,,,,,,,,,True
2023-08-25,M&M,0.5,0.0,0.0,0.2,,,,,True
2023-08-25,MARUTI,,,,,,,,,True
2023-08-25,NTPC,0.0,0.0,1.0,0.25,,,,,True
2023-08-25,ONGC,,,,,,,,,True
2023-08-25,POWERGRID,,,,,,,,,True
2023-08-25,RELIANCE,,,,,,,,,True
2023-08-25,SBIN,,,,,,,,,True
2023-08-25,TATAMOTORS,0.0,0.0,1.0,0.25,,,,,True
2023-08-25,TCS,,,,,,,,,True
2023-08-25,WIPRO,1.0,1.0,0.0,0.75,,,,,True
2023-08-25,CIPLA,1.0,0.0,0.0,0.4,,,,,True
2023-08-25,INFY,-1.0,0.0,0.0,-0.4,,,,,True
2023-08-25,DRREDDY,0.0,0.0,0.0,0.0,,,,,True
2023-08-25,HCLTECH,-1.0,0.0,0.0,-0.4,,,,,True
2023-08-25,TECHM,0.0,0.0,0.0,0.0,,,,,True
2023-08-25,SUNPHARMA,,,,,,,,,True
2023-08-28,ADANIGREEN,,,,,,,,,True
2023-08-28,ASIANPAINT,1.0,0.0,0.0,0.4,,,,,True
2023-08-28,AXISBANK,,,,,,,,,True
2023-08-28,BAJAJ-AUTO,0.0,0.0,1.0,0.25,,,,,True
2023-08-28,HDFCBANK,0.0,0.0,1.0,0.25,,,,,True
2023-08-28,HINDUNILVR,0.0,0.0,0.0,0.0,1.0,0.5,0.0,True,False
2023-08-28,ICICIBANK,0.0,0.0,0.0,0.0,,,,,True
2023-08-28,ITC,0.0,0.0,1.0,0.25,1.0,0.5,0.0,True,False
2023-08-28,KOTAKBANK,,,,,,,,,True
2023-08-28,M&M,0.5,0.5,0.0,0.375,2.0,0.75,0.0,True,False
2023-08-28,MARUTI,,,,,,,,,True
2023-08-28,NTPC,0.0,0.0,1.0,0.25,,,,,True
2023-08-28,ONGC,0.0,0.0,0.0,0.0,1.0,0.5,0.0,True,False
2023-08-28,POWERGRID,,,,,,,,,True
2023-08-28,RELIANCE,,,,,,,,,True
2023-08-28,SBIN,1.0,1.0,0.0,0.75,1.0,1.0,0.0,True,False
2023-08-28,TATAMOTORS,0.0,0.0,1.0,0.25,,,,,True
2023-08-28,TCS,,,,,,,,,True
2023-08-28,WIPRO,1.0,1.0,0.0,0.75,,,,,True
2023-08-28,CIPLA,1.0,0.0,0.0,0.4,,,,,True
2023-08-28,INFY,-1.0,0.0,0.0,-0.4,,,,,True
2023-08-28,DRREDDY,0.0,0.0,0.0,0.0,,,,,True
2023-08-28,HCLTECH,-1.0,0.0,0.0,-0.4,,,,,True
2023-08-28,TECHM,1.0,1.0,0.0,0.75,1.0,1.0,0.0,True,False
2023-08-28,SUNPHARMA,,,,,,,,,True
2023-08-29,ADANIGREEN,,,,,,,,,True
2023-08-29,ASIANPAINT,0.0,0.0,1.0,0.25,1.0,0.5,0.0,True,False
2023-08-29,AXISBANK,0.0,0.0,0.0,0.0,1.0,0.5,0.0,True,False
2023-08-29,BAJAJ-AUTO,0.0,0.0,1.0,0.25,,,,,True
2023-08-29,HDFCBANK,0.0,0.0,0.0,0.0,1.0,0.5,0.0,True,False
2023-08-29,HINDUNILVR,0.0,0.0,0.0,0.0,,,,,True
2023-08-29,ICICIBANK,0.0,0.0,0.0,0.0,2.0,0.5,0.0,True,False
2023-08-29,ITC,0.0,0.0,1.0,0.25,,,,,True
2023-08-29,KOTAKBANK,0.0,0.0,0.0,0.0,1.0,0.5,0.0,True,False
2023-08-29,M&M,0.5,0.5,0.0,0.375,,,,,True
2023-08-29,MARUTI,,,,,,,,,True
2023-08-29,NTPC,0.0,0.0,1.0,0.25,,,,,True
2023-08-29,ONGC,0.0,0.0,0.0,0.0,,,,,True
2023-08-29,POWERGRID,,,,,,,,,True
2023-08-29,RELIANCE,,,,,,,,,True
2023-08-29,SBIN,0.0,0.0,0.5,0.125,2.0,0.5,0.0,True,False
2023-08-29,TATAMOTORS,0.0,0.0,1.0,0.25,,,,,True
2023-08-29,TCS,,,,,,,,,True
2023-08-29,WIPRO,1.0,1.0,0.0,0.75,,,,,True
2023-08-29,CIPLA,1.0,0.0,0.0,0.4,,,,,True
2023-08-29,INFY,-1.0,0.0,0.0,-0.4,,,,,True
2023-08-29,DRREDDY,0.0,0.0,0.0,0.0,,,,,True
2023-08-29,HCLTECH,-1.0,0.0,0.0,-0.4,,,,,True
2023-08-29,TECHM,1.0,1.0,0.0,0.75,,,,,True
2023-08-29,SUNPHARMA,,,,,,,,,True
2023-08-30,ADANIGREEN,0.0,0.0,1.0,0.25,1.0,0.5,0.0,True,False
2023-08-30,ASIANPAINT,0.0,0.0,1.0,0.25,,,,,True
2023-08-30,AXISBANK,0.0,0.0,0.0,0.0,,,,,True
2023-08-30,BAJAJ-AUTO,0.0,0.0,1.0,0.25,,,,,True
2023-08-30,HDFCBANK,0.0,0.0,0.0,0.0,,,,,True
2023-08-30,HINDUNILVR,0.0,0.0,0.0,0.0,,,,,True
2023-08-30,ICICIBANK,0.0,0.0,0.0,0.0,,,,,True
2023-08-30,ITC,0.0,0.0,1.0,0.25,,,,,True
2023-08-30,KOTAKBANK,0.0,0.0,0.0,0.0,,,,,True
2023-08-30,M&M,0.5,0.5,0.0,0.375,,,,,True
2023-08-30,MARUTI,,,,,,,,,True
2023-08-30,NTPC,,,,,,,,,True
2023-08-30,ONGC,0.0,0.0,0.0,0.0,,,,,True
2023-08-30,POWERGRID,,,,,,,,,True
2023-08-30,RELIANCE,,,,,,,,,True
2023-08-30,SBIN,0.0,0.0,0.5,0.125,2.0,0.5,0.0,True,False
2023-08-30,TATAMOTORS,0.0,0.0,1.0,0.25,,,,,True
2023-08-30,TCS,,,,,,,,,True
2023-08-30,WIPRO,1.0,1.0,0.0,0.75,,,,,True
2023-08-30,CIPLA,1.0,0.0,0.0,0.4,,,,,True
2023-08-30,INFY,-1.0,0.0,0.0,-0.4,,,,,True
2023-08-30,DRREDDY,,,,,,,,,True
2023-08-30,HCLTECH,,,,,,,,,True
2023-08-30,TECHM,1.0,1.0,0.0,0.75,,,,,True
2023-08-30,SUNPHARMA,1.0,0.0,0.0,0.4,1.0,1.0,0.0,True,False
2023-08-31,ADANIGREEN,0.0,0.0,1.0,0.25,,,,,True
2023-08-31,ASIANPAINT,0.0,0.0,1.0,0.25,,,,,True
2023-08-31,AXISBANK,0.0,0.0,0.0,0.0,,,,,True
2023-08-31,BAJAJ-AUTO,,,,,,,,,True
2023-08-31,HDFCBANK,0.0,0.0,0.0,0.0,,,,,True
2023-08-31,HINDUNILVR,0.0,0.0,1.0,0.25,1.0,0.5,0.0,True,False
2023-08-31,ICICIBANK,0.0,0.0,0.0,0.0,,,,,True
2023-08-31,ITC,0.0,0.0,1.0,0.25,,,,,True
2023-08-31,KOTAKBANK,0.0,0.0,0.0,0.0,,,,,True
2023-08-31,M&M,0.5,0.5,0.0,0.375,,,,,True
2023-08-31,MARUTI,,,,,,,,,True
2023-08-31,NTPC,,,,,,,,,True
2023-08-31,ONGC,0.0,0.0,0.0,0.0,,,,,True
2023-08-31,POWERGRID,,,,,,,,,True
2023-08-31,RELIANCE,0.0,0.0,1.0,0.25,1.0,0.5,0.0,True,False
2023-08-31,SBIN,0.0,0.0,0.5,0.125,,,,,True
2023-08-31,TATAMOTORS,0.0,0.0,1.0,0.25,,,,,True
2023-08-31,TCS,,,,,,,,,True
2023-08-31,WIPRO,1.0,1.0,0.0,0.75,,,,,True
2023-08-31,CIPLA,1.0,0.0,0.0,0.4,,,,,True
2023-08-31,INFY,,,,,,,,,True
2023-08-31,DRREDDY,-1.0,0.0,0.0,-0.4,1.0,1.0,0.0,True,False
2023-08-31,HCLTECH,,,,,,,,,True
2023-08-31,TECHM,1.0,1.0,0.0,0.75,,,,,True
2023-08-31,SUNPHARMA,1.0,0.0,0.0,0.4,,,,,True
2023-09-01,ADANIGREEN,0.0,0.0,1.0,0.25,,,,,True
2023-09-01,ASIANPAINT,0.0,0.0,1.0,0.25,,,,,True
2023-09-01,AXISBANK,0.0,0.0,0.0,0.0,,,,,True
2023-09-01,BAJAJ-AUTO,,,,,,,,,True
2023-09-01,HDFCBANK,0.0,0.0,0.0,0.0,,,,,True
2023-09-01,HINDUNILVR,0.0,0.0,1.0,0.25,,,,,True
2023-09-01,ICICIBANK,0.0,0.0,0.0,0.0,,,,,True
2023-09-01,ITC,0.0,0.0,1.0,0.25,,,,,True
2023-09-01,KOTAKBANK,0.0,0.0,0.0,0.0,,,,,True
2023-09-01,M&M,0.5,0.5,0.0,0.375,,,,,True
2023-09-01,MARUTI,,,,,,,,,True
2023-09-01,NTPC,,,,,,,,,True
2023-09-01,ONGC,0.0,0.0,0.0,0.0,,,,,True
2023-09-01,POWERGRID,,,,,,,,,True
2023-09-01,RELIANCE,0.0,0.0,1.0,0.25,,,,,True
2023-09-01,SBIN,0.0,0.0,0.5,0.125,,,,,True
2023-09-01,TATAMOTORS,,,,,,,,,True
2023-09-01,TCS,,,,,,,,,True
2023-09-01,WIPRO,,,,,,,,,True
2023-09-01,CIPLA,,,,,,,,,True
2023-09-01,INFY,,,,,,,,,True
2023-09-01,DRREDDY,-1.0,0.0,0.0,-0.4,,,,,True
2023-09-01,HCLTECH,,,,,,,,,True
2023-09-01,TECHM,1.0,1.0,0.0,0.75,,,,,True
2023-09-01,SUNPHARMA,1.0,0.0,0.0,0.4,,,,,True
2023-09-04,ADANIGREEN,0.0,0.0,1.0,0.25,,,,,True
2023-09-04,ASIANPAINT,0.0,0.0,1.0,0.25,,,,,True
2023-09-04,AXISBANK,0.0,0.0,0.0,0.0,1.0,0.5,0.0,True,False
2023-09-04,BAJAJ-AUTO,,,,,,,,,True
2023-09-04,HDFCBANK,0.0,0.0,1.0,0.25,1.0,0.5,0.0,True,False
2023-09-04,HINDUNILVR,0.0,0.0,1.0,0.25,,,,,True
2023-09-04,ICICIBANK,0.0,0.0,0.0,0.0,,,,,True
2023-09-04,ITC,0.0,0.0,1.0,0.25,,,,,True
2023-09-04,KOTAKBANK,0.0,0.0,0.0,0.0,,,,,True
2023-09-04,M&M,0.0,0.0,1.0,0.25,1.0,0.5,0.0,True,False
2023-09-04,MARUTI,,,,,,,,,True
2023-09-04,NTPC,1.0,0.0,1.0,0.65,1.0,1.0,0.0,True,False
2023-09-04,ONGC,0.0,0.0,1.0,0.25,1.0,0.5,0.0,True,False
2023-09-04,POWERGRID,,,,,,,,,True
2023-09-04,RELIANCE,0.0,0.0,1.0,0.25,,,,,True
2023-09-04,SBIN,0.0,0.0,0.5,0.125,,,,,True
2023-09-04,TATAMOTORS,0.0,0.0,0.0,0.0,1.0,0.5,0.0,True,False
2023-09-04,TCS,,,,,,,,,True
2023-09-04,WIPRO,,,,,,,,,True
2023-09-04,CIPLA,,,,,,,,,True
2023-09-04,INFY,,,,,,,,,True
2023-09-04,DRREDDY,-1.0,0.0,0.0,-0.4,1.0,1.0,0.0,True,False
2023-09-04,HCLTECH,,,,,,,,,True
2023-09-04,TECHM,1.0,1.0,0.0,0.75,,,,,True
2023-09-04,SUNPHARMA,1.0,0.0,0.0,0.4,,,,,True
2023-09-05,ADANIGREEN,0.0,0.0,1.0,0.25,,,,,True
2023-09-05,ASIANPAINT,0.0,0.0,1.0,0.25,,,,,True
2023-09-05,AXISBANK,0.0,0.0,0.0,0.0,,,,,True
2023-09-05,BAJAJ-AUTO,,,,,,,,,True
2023-09-05,HDFCBANK,0.0,0.0,1.0,0.25,,,,,True
2023-09-05,HINDUNILVR,0.0,0.0,1.0,0.25,,,,,True
2023-09-05,ICICIBANK,0.0,0.0,0.0,0.0,,,,,True
2023-09-05,ITC,,,,,,,,,True
2023-09-05,KOTAKBANK,0.0,0.0,1.0,0.25,1.0,0.5,0.0,True,False
2023-09-05,M&M,0.0,0.0,1.0,0.25,1.0,0.5,0.0,True,False
2023-09-05,MARUTI,,,,,,,,,True
2023-09-05,NTPC,1.0,1.0,1.0,1.0,2.0,1.0,0.0,False,False
2023-09-05,ONGC,0.0,0.0,1.0,0.25,,,,,True
2023-09-05,POWERGRID,1.0,1.0,0.0,0.75,1.0,1.0,0.0,True,False
2023-09-05,RELIANCE,0.0,0.0,1.0,0.25,,,,,True
2023-09-05,SBIN,0.0,0.0,0.5,0.125,,,,,True
2023-09-05,TATAMOTORS,0.0,0.0,0.0,0.0,,,,,True
2023-09-05,TCS,1.0,0.0,0.0,0.4,1.0,1.0,0.0,True,False
2023-09-05,WIPRO,,,,,,,,,True
2023-09-05,CIPLA,,,,,,,,,True
2023-09-05,INFY,,,,,,,,,True
2023-09-05,DRREDDY,-1.0,0.0,0.0,-0.4,,,,,True
2023-09-05,HCLTECH,,,,,,,,,True
2023-09-05,TECHM,,,,,,,,,True
2023-09-05,SUNPHARMA,1.0,0.0,0.0,0.4,,,,,True
2023-09-06,ADANIGREEN,0.0,0.0,1.0,0.25,,,,,True
2023-09-06,ASIANPAINT,,,,,,,,,True
2023-09-06,AXISBANK,0.0,0.0,0.0,0.0,,,,,True
2023-09-06,BAJAJ-AUTO,,,,,,,,,True
2023-09-06,HDFCBANK,0.0,0.0,1.0,0.25,,,,,True
2023-09-06,HINDUNILVR,0.0,0.0,1.0,0.25,,,,,True
2023-09-06,ICICIBANK,,,,,,,,,True
2023-09-06,ITC,,,,,,,,,True
2023-09-06,KOTAKBANK,0.0,0.0,1.0,0.25,,,,,True
2023-09-06,M&M,0.0,0.0,1.0,0.25,1.0,0.5,0.0,True,False
2023-09-06,MARUTI,1.0,1.0,0.0,0.75,1.0,1.0,0.0,True,False
2023-09-06,NTPC,1.0,1.0,1.0,1.0,,,,,True
2023-09-06,ONGC,0.0,0.0,1.0,0.25,,,,,True
2023-09-06,POWERGRID,1.0,1.0,0.0,0.75,,,,,True
2023-09-06,RELIANCE,1.0,1.0,0.0,0.75,1.0,1.0,0.0,True,False
2023-09-06,SBIN,0.0,0.0,0.5,0.125,,,,,True
2023-09-06,TATAMOTORS,0.0,0.0,0.0,0.0,,,,,True
2023-09-06,TCS,1.0,0.0,0.0,0.4,,,,,True
2023-09-06,WIPRO,,,,,,,,,True
2023-09-06,CIPLA,,,,,,,,,True
2023-09-06,INFY,,,,,,,,,True
2023-09-06,DRREDDY,-1.0,0.0,0.0,-0.4,,,,,True
2023-09-06,HCLTECH,,,,,,,,,True
2023-09-06,TECHM,,,,,,,,,True
2023-09-06,SUNPHARMA,1.0,0.0,0.0,0.4,,,,,True
2023-09-07,ADANIGREEN,,,,,,,,,True
2023-09-07,ASIANPAINT,,,,,,,,,True
2023-09-07,AXISBANK,0.0,0.0,0.0,0.0,,,,,True
2023-09-07,BAJAJ-AUTO,,,,,,,,,True
2023-09-07,HDFCBANK,0.0,0.0,1.0,0.25,,,,,True
2023-09-07,HINDUNILVR,0.0,0.0,1.0,0.25,,,,,True
2023-09-07,ICICIBANK,,,,,,,,,True
2023-09-07,ITC,,,,,,,,,True
2023-09-07,KOTAKBANK,0.0,0.0,1.0,0.25,,,,,True
2023-09-07,M&M,0.0,0.0,1.0,0.25,,,,,True
2023-09-07,MARUTI,1.0,1.0,0.0,0.75,,,,,True
2023-09-07,NTPC,1.0,1.0,1.0,1.0,1.0,1.0,0.0,True,False
2023-09-07,ONGC,0.0,0.0,1.0,0.25,,,,,True
2023-09-07,POWERGRID,1.0,1.0,0.0,0.75,,,,,True
2023-09-07,RELIANCE,1.0,1.0,0.0,0.75,,,,,True
2023-09-07,SBIN,,,,,,,,,True
2023-09-07,TATAMOTORS,0.0,0.0,0.0,0.0,,,,,True
2023-09-07,TCS,1.0,0.0,0.0,0.4,,,,,True
2023-09-07,WIPRO,,,,,,,,,True
2023-09-07,CIPLA,1.0,0.0,0.0,0.4,1.0,1.0,0.0,True,False
2023-09-07,INFY,,,,,,,,,True
2023-09-07,DRREDDY,0.0,0.0,1.0,0.25,1.0,0.5,0.0,True,False
2023-09-07,HCLTECH,,,,,,,,,True
2023-09-07,TECHM,,,,,,,,,True
2023-09-07,SUNPHARMA,,,,,,,,,True
2023-09-08,ADANIGREEN,,,,,,,,,True
2023-09-08,ASIANPAINT,,,,,,,,,True
2023-09-08,AXISBANK,0.0,0.0,0.0,0.0,,,,,True
2023-09-08,BAJAJ-AUTO,,,,,,,,,True
2023-09-08,HDFCBANK,0.0,0.0,1.0,0.25,,,,,True
2023-09-08,HINDUNILVR,,,,,,,,,True
2023-09-08,ICICIBANK,,,,,,,,,True
2023-09-08,ITC,,,,,,,,,True
2023-09-08,KOTAKBANK,0.0,0.0,1.0,0.25,,,,,True
2023-09-08,M&M,0.0,0.0,1.0,0.25,,,,,True
2023-09-08,MARUTI,1.0,1.0,0.0,0.75,,,,,True
2023-09-08,NTPC,1.0,1.0,1.0,1.0,,,,,True
2023-09-08,ONGC,0.0,0.0,1.0,0.25,,,,,True
2023-09-08,POWERGRID,1.0,1.0,0.0,0.75,,,,,True
2023-09-08,RELIANCE,1.0,1.0,0.0,0.75,,,,,True
2023-09-08,SBIN,,,,,,,,,True
2023-09-08,TATAMOTORS,0.0,0.0,0.0,0.0,,,,,True
2023-09-08,TCS,1.0,0.0,0.0,0.4,,,,,True
2023-09-08,WIPRO,,,,,,,,,True
2023-09-08,CIPLA,1.0,0.0,0.0,0.4,,,,,True
2023-09-08,INFY,,,,,,,,,True
2023-09-08,DRREDDY,0.0,0.0,1.0,0.25,,,,,True
2023-09-08,HCLTECH,,,,,,,,,True
2023-09-08,TECHM,,,,,,,,,True
2023-09-08,SUNPHARMA,,,,,,,,,True
2023-09-11,ADANIGREEN,,,,,,,,,True
2023-09-11,ASIANPAINT,,,,,,,,,True
2023-09-11,AXISBANK,0.0,0.0,0.0,0.0,,,,,True
2023-09-11,BAJAJ-AUTO,,,,,,,,,True
2023-09-11,HDFCBANK,0.0,0.0,1.0,0.25,,,,,True
2023-09-11,HINDUNILVR,,,,,,,,,True
2023-09-11,ICICIBANK,,,,,,,,,True
2023-09-11,ITC,,,,,,,,,True
2023-09-11,KOTAKBANK,0.0,0.0,1.0,0.25,,,,,True
2023-09-11,M&M,0.0,0.0,1.0,0.25,,,,,True
2023-09-11,MARUTI,0.0,0.0,1.0,0.25,1.0,0.5,0.0,True,False
2023-09-11,NTPC,1.0,1.0,1.0,1.0,,,,,True
2023-09-11,ONGC,1.0,1.0,0.0,0.75,1.0,1.0,0.0,True,False
2023-09-11,POWERGRID,1.0,1.0,0.0,0.75,,,,,True
2023-09-11,RELIANCE,1.0,1.0,0.0,0.75,,,,,True
2023-09-11,SBIN,,,,,,,,,True
2023-09-11,TATAMOTORS,0.0,0.0,1.0,0.25,1.0,0.5,0.0,True,False
2023-09-11,TCS,1.0,0.0,0.0,0.4,,,,,True
2023-09-11,WIPRO,,,,,,,,,True
2023-09-11,CIPLA,1.0,0.0,0.0,0.4,,,,,True
2023-09-11,INFY,1.0,0.0,0.0,0.4,1.0,1.0,0.0,True,False
2023-09-11,DRREDDY,0.0,0.0,1.0,0.25,,,,,True
2023-09-11,HCLTECH,,,,,,,,,True
2023-09-11,TECHM,,,,,,,,,True
2023-09-11,SUNPHARMA,,,,,,,,,True
2023-09-12,ADANIGREEN,,,,,,,,,True
2023-09-12,ASIANPAINT,,,,,,,,,True
2023-09-12,AXISBANK,,,,,,,,,True
2023-09-12,BAJAJ-AUTO,,,,,,,,,True
2023-09-12,HDFCBANK,,,,,,,,,True
2023-09-12,HINDUNILVR,,,,,,,,,True
2023-09-12,ICICIBANK,,,,,,,,,True
2023-09-12,ITC,,,,,,,,,True
2023-09-12,KOTAKBANK,0.0,0.0,1.0,0.25,,,,,True
2023-09-12,M&M,0.0,0.0,0.0,0.0,1.0,0.5,0.0,True,False
2023-09-12,MARUTI,0.0,0.0,1.0,0.25,,,,,True
2023-09-12,NTPC,1.0,1.0,1.0,1.0,,,,,True
2023-09-12,ONGC,1.0,1.0,0.0,0.75,,,,,True
2023-09-12,POWERGRID,0.0,0.0,1.0,0.25,1.0,0.5,0.0,True,False
2023-09-12,RELIANCE,0.0,0.0,0.0,0.0,1.0,0.5,0.0,True,False
2023-09-12,SBIN,,,,,,,,,True
2023-09-12,TATAMOTORS,0.0,0.0,1.0,0.25,,,,,True
2023-09-12,TCS,1.0,0.0,0.0,0.4,,,,,True
2023-09-12,WIPRO,,,,,,,,,True
2023-09-12,CIPLA,-1.0,0.0,0.0,-0.4,1.0,1.0,0.0,True,False
2023-09-12,INFY,1.0,0.0,0.0,0.4,,,,,True
2023-09-12,DRREDDY,1.0,1.0,0.0,0.75,1.0,1.0,0.0,True,False
2023-09-12,HCLTECH,,,,,,,,,True
2023-09-12,TECHM,0.0,0.0,0.0,0.0,1.0,0.5,0.0,True,False
2023-09-12,SUNPHARMA,,,,,,,,,True
2023-09-13,ADANIGREEN,1.0,1.0,1.0,1.0,1.0,1.0,0.0,True,False
2023-09-13,ASIANPAINT,,,,,,,,,True
2023-09-13,AXISBANK,,,,,,,,,True
2023-09-13,BAJAJ-AUTO,-1.0,0.0,0.0,-0.4,1.0,1.0,0.0,True,False
2023-09-13,HDFCBANK,,,,,,,,,True
2023-09-13,HINDUNILVR,,,,,,,,,True
2023-09-13,ICICIBANK,,,,,,,,,True
2023-09-13,ITC,1.0,0.0,0.0,0.4,1.0,1.0,0.0,True,False
2023-09-13,KOTAKBANK,,,,,,,,,True
2023-09-13,M&M,0.0,0.0,0.0,0.0,,,,,True
2023-09-13,MARUTI,0.0,0.0,1.0,0.25,,,,,True
2023-09-13,NTPC,1.0,1.0,1.0,1.0,,,,,True
2023-09-13,ONGC,1.0,1.0,0.0,0.75,,,,,True
2023-09-13,POWERGRID,0.0,0.0,1.0,0.25,,,,,True
2023-09-13,RELIANCE,0.0,0.0,0.0,0.0,,,,,True
2023-09-13,SBIN,,,,,,,,,True
2023-09-13,TATAMOTORS,0.0,0.0,1.0,0.25,,,,,True
2023-09-13,TCS,1.0,1.0,0.0,0.75,1.0,1.0,0.0,True,False
2023-09-13,WIPRO,,,,,,,,,True
2023-09-13,CIPLA,-1.0,0.0,0.0,-0.4,1.0,1.0,0.0,True,False
2023-09-13,INFY,1.0,0.0,0.0,0.4,,,,,True
2023-09-13,DRREDDY,-1.0,0.0,0.0,-0.4,1.0,1.0,0.0,True,False
2023-09-13,HCLTECH,,,,,,,,,True
2023-09-13,TECHM,0.0,0.0,0.0,0.0,,,,,True
2023-09-13,SUNPHARMA,,,,,,,,,True
2023-09-14,ADANIGREEN,1.0,1.0,1.0,1.0,,,,,True
2023-09-14,ASIANPAINT,1.0,0.0,0.0,0.4,1.0,1.0,0.0,True,False
2023-09-14,AXISBANK,,,,,,,,,True
2023-09-14,BAJAJ-AUTO,-1.0,0.0,0.0,-0.4,,,,,True
2023-09-14,HDFCBANK,1.0,1.0,0.0,0.75,1.0,1.0,0.0,True,False
2023-09-14,HINDUNILVR,,,,,,,,,True
2023-09-14,ICICIBANK,,,,,,,,,True
2023-09-14,ITC,1.0,0.0,0.0,0.4,,,,,True
2023-09-14,KOTAKBANK,,,,,,,,,True
2023-09-14,M&M,1.0,1.0,0.0,0.75,1.0,1.0,0.0,True,False
2023-09-14,MARUTI,0.0,0.0,1.0,0.25,,,,,True
2023-09-14,NTPC,0.0,0.0,1.0,0.25,1.0,0.5,0.0,True,False
2023-09-14,ONGC,1.0,1.0,0.0,0.75,,,,,True
2023-09-14,POWERGRID,0.0,0.0,1.0,0.25,,,,,True
2023-09-14,RELIANCE,0.0,0.0,0.0,0.0,,,,,True
2023-09-14,SBIN,,,,,,,,,True
2023-09-14,TATAMOTORS,0.0,0.0,1.0,0.25,1.0,0.5,0.0,True,False
2023-09-14,TCS,1.0,1.0,0.0,0.75,,,,,True
2023-09-14,WIPRO,,,,,,,,,True
2023-09-14,CIPLA,-1.0,0.0,0.0,-0.4,,,,,True
2023-09-14,INFY,1.0,0.0,0.0,0.4,,,,,True
2023-09-14,DRREDDY,-1.0,0.0,0.0,-0.4,,,,,True
2023-09-14,HCLTECH,,,,,,,,,True
2023-09-14,TECHM,1.0,1.0,0.0,0.75,1.0,1.0,0.0,True,False
2023-09-14,SUNPHARMA,,,,,,,,,True
2023-09-15,ADANIGREEN,1.0,1.0,1.0,1.0,,,,,True
2023-09-15,ASIANPAINT,1.0,0.0,0.0,0.4,,,,,True
2023-09-15,AXISBANK,,,,,,,,,True
2023-09-15,BAJAJ-AUTO,-1.0,0.0,0.0,-0.4,,,,,True
2023-09-15,HDFCBANK,1.0,1.0,0.0,0.75,,,,,True
2023-09-15,HINDUNILVR,,,,,,,,,True
2023-09-15,ICICIBANK,,,,,,,,,True
2023-09-15,ITC,1.0,0.0,0.0,0.4,,,,,True
2023-09-15,KOTAKBANK,,,,,,,,,True
2023-09-15,M&M,1.0,1.0,0.0,0.75,,,,,True
2023-09-15,MARUTI,0.0,0.0,1.0,0.25,,,,,True
2023-09-15,NTPC,0.0,0.0,1.0,0.25,,,,,True
2023-09-15,ONGC,1.0,1.0,0.0,0.75,,,,,True
2023-09-15,POWERGRID,0.0,0.0,1.0,0.25,,,,,True
2023-09-15,RELIANCE,0.0,0.0,0.0,0.0,,,,,True
2023-09-15,SBIN,,,,,,,,,True
2023-09-15,TATAMOTORS,0.0,0.0,1.0,0.25,,,,,True
2023-09-15,TCS,1.0,1.0,0.0,0.75,,,,,True
2023-09-15,WIPRO,,,,,,,,,True
2023-09-15,CIPLA,-1.0,0.0,0.0,-0.4,,,,,True
2023-09-15,INFY,1.0,0.0,0.0,0.4,,,,,True
2023-09-15,DRREDDY,-1.0,0.0,0.0,-0.4,,,,,True
2023-09-15,HCLTECH,,,,,,,,,True
2023-09-15,TECHM,1.0,1.0,0.0,0.75,,,,,True
2023-09-15,SUNPHARMA,,,,,,,,,True
2023-09-18,ADANIGREEN,0.0,0.0,1.0,0.25,1.0,0.5,0.0,True,False
2023-09-18,ASIANPAINT,1.0,0.0,0.0,0.4,,,,,True
2023-09-18,AXISBANK,,,,,,,,,True
2023-09-18,BAJAJ-AUTO,-1.0,0.0,0.0,-0.4,,,,,True
2023-09-18,HDFCBANK,1.0,1.0,0.0,0.75,,,,,True
2023-09-18,HINDUNILVR,,,,,,,,,True
2023-09-18,ICICIBANK,,,,,,,,,True
2023-09-18,ITC,1.0,0.0,0.0,0.4,,,,,True
2023-09-18,KOTAKBANK,,,,,,,,,True
2023-09-18,M&M,1.0,1.0,0.0,0.75,,,,,True
2023-09-18,MARUTI,0.0,0.0,1.0,0.25,,,,,True
2023-09-18,NTPC,0.0,0.0,1.0,0.25,,,,,True
2023-09-18,ONGC,0.0,0.0,1.0,0.25,1.0,0.5,0.0,True,False
2023-09-18,POWERGRID,0.0,0.0,1.0,0.25,,,,,True
2023-09-18,RELIANCE,0.0,0.0,0.0,0.0,,,,,True
2023-09-18,SBIN,0.0,0.0,1.0,0.25,1.0,0.5,0.0,True,False
2023-09-18,TATAMOTORS,0.0,0.0,1.0,0.25,,,,,True
2023-09-18,TCS,1.0,1.0,0.0,0.75,,,,,True
2023-09-18,WIPRO,1.0,1.0,0.0,0.75,1.0,1.0,0.0,True,False
2023-09-18,CIPLA,-1.0,0.0,0.0,-0.4,,,,,True
2023-09-18,INFY,1.0,0.0,0.0,0.4,,,,,True
2023-09-18,DRREDDY,-1.0,0.0,0.0,-0.4,,,,,True
2023-09-18,HCLTECH,,,,,,,,,True
2023-09-18,TECHM,1.0,1.0,0.0,0.75,,,,,True
2023-09-18,SUNPHARMA,0.0,0.0,0.0,0.0,1.0,0.5,0.0,True,False
2023-09-19,ADANIGREEN,0.0,0.0,1.0,0.25,,,,,True
2023-09-19,ASIANPAINT,1.0,0.0,0.0,0.4,,,,,True
2023-09-19,AXISBANK,0.0,0.0,0.0,0.0,1.0,0.5,0.0,True,False
2023-09-19,BAJAJ-AUTO,-1.0,0.0,0.0,-0.4,,,,,True
2023-09-19,HDFCBANK,0.0,0.0,0.0,0.0,1.0,0.5,0.0,True,False
2023-09-19,HINDUNILVR,,,,,,,,,True
2023-09-19,ICICIBANK,0.0,0.0,0.0,0.0,1.0,0.5,0.0,True,False
2023-09-19,ITC,1.0,0.0,0.0,0.4,,,,,True
2023-09-19,KOTAKBANK,0.0,0.0,0.0,0.0,1.0,0.5,0.0,True,False
2023-09-19,M&M,1.0,1.0,0.0,0.75,,,,,True
2023-09-19,MARUTI,,,,,,,,,True
2023-09-19,NTPC,0.0,0.0,1.0,0.25,,,,,True
2023-09-19,ONGC,0.0,0.0,1.0,0.25,,,,,True
2023-09-19,POWERGRID,0.0,0.0,1.0,0.25,,,,,True
2023-09-19,RELIANCE,0.0,0.0,1.0,0.25,1.0,0.5,0.0,True,False
2023-09-19,SBIN,0.0,0.0,0.0,0.0,1.0,0.5,0.0,True,False
2023-09-19,TATAMOTORS,0.0,0.0,1.0,0.25,1.0,0.5,0.0,True,False
2023-09-19,TCS,1.0,1.0,0.0,0.75,,,,,True
2023-09-19,WIPRO,0.0,0.0,0.0,0.0,1.0,0.5,0.0,True,False
2023-09-19,CIPLA,-1.0,0.0,0.0,-0.4,,,,,True
2023-09-19,INFY,,,,,,,,,True
2023-09-19,DRREDDY,-1.0,0.0,0.0,-0.4,,,,,True
2023-09-19,HCLTECH,,,,,,,,,True
2023-09-19,TECHM,1.0,1.0,0.0,0.75,,,,,True
2023-09-19,SUNPHARMA,0.0,0.0,0.0,0.0,,,,,True
2023-09-20,ADANIGREEN,0.0,0.0,1.0,0.25,,,,,True
2023-09-20,ASIANPAINT,1.0,0.0,0.0,0.4,,,,,True
2023-09-20,AXISBANK,0.0,0.0,0.0,0.0,,,,,True
2023-09-20,BAJAJ-AUTO,-1.0,0.0,0.0,-0.4,,,,,True
2023-09-20,HDFCBANK,0.0,0.0,0.0,0.0,,,,,True
2023-09-20,HINDUNILVR,,,,,,,,,True
2023-09-20,ICICIBANK,0.0,0.0,0.0,0.0,,,,,True
2023-09-20,ITC,1.0,0.0,0.0,0.4,,,,,True
2023-09-20,KOTAKBANK,0.0,0.0,0.0,0.0,,,,,True
2023-09-20,M&M,0.0,0.0,0.0,0.0,2.0,1.0,0.5,False,False
2023-09-20,MARUTI,,,,,,,,,True
2023-09-20,NTPC,0.0,0.0,1.0,0.25,,,,,True
2023-09-20,ONGC,1.0,0.0,0.0,0.4,1.0,1.0,0.0,True,False
2023-09-20,POWERGRID,,,,,,,,,True
2023-09-20,RELIANCE,0.0,0.0,1.0,0.25,,,,,True
2023-09-20,SBIN,0.0,0.0,0.0,0.0,,,,,True
2023-09-20,TATAMOTORS,0.0,0.0,1.0,0.25,,,,,True
2023-09-20,TCS,1.0,0.0,0.0,0.4,1.0,1.0,0.0,True,False
2023-09-20,WIPRO,0.0,0.0,0.0,0.0,,,,,True
2023-09-20,CIPLA,-1.0,0.0,0.0,-0.4,,,,,True
2023-09-20,INFY,,,,,,,,,True
2023-09-20,DRREDDY,-1.0,0.0,0.0,-0.4,,,,,True
2023-09-20,HCLTECH,,,,,,,,,True
2023-09-20,TECHM,0.0,0.0,0.0,0.0,2.0,1.0,0.5,False,False
2023-09-20,SUNPHARMA,0.0,0.0,0.0,0.0,,,,,True
2023-09-21,ADANIGREEN,0.0,0.0,1.0,0.25,,,,,True
2023-09-21,ASIANPAINT,1.0,0.0,0.0,0.4,,,,,True
2023-09-21,AXISBANK,1.0,0.0,0.0,0.4,1.0,1.0,0.0,True,False
2023-09-21,BAJAJ-AUTO,,,,,,,,,True
2023-09-21,HDFCBANK,0.0,0.0,0.0,0.0,,,,,True
2023-09-21,HINDUNILVR,,,,,,,,,True
2023-09-21,ICICIBANK,0.0,0.0,0.0,0.0,,,,,True
2023-09-21,ITC,,,,,,,,,True
2023-09-21,KOTAKBANK,0.0,0.0,0.0,0.0,,,,,True
2023-09-21,M&M,0.0,0.0,0.0,0.0,,,,,True
2023-09-21,MARUTI,0.0,0.0,0.0,0.0,1.0,0.5,0.0,True,False
2023-09-21,NTPC,0.0,0.0,1.0,0.25,1.0,0.5,0.0,True,False
2023-09-21,ONGC,1.0,0.0,0.0,0.4,,,,,True
2023-09-21,POWERGRID,0.0,0.0,0.0,0.0,1.0,0.5,0.0,True,False
2023-09-21,RELIANCE,0.0,0.0,1.0,0.25,,,,,True
2023-09-21,SBIN,0.0,0.0,0.0,0.0,,,,,True
2023-09-21,TATAMOTORS,0.0,0.0,1.0,0.25,,,,,True
2023-09-21,TCS,0.0,0.0,0.0,0.0,1.0,0.5,0.0,True,False
2023-09-21,WIPRO,0.0,0.0,0.0,0.0,,,,,True
2023-09-21,CIPLA,0.0,0.0,1.0,0.25,1.0,0.5,0.0,True,False
2023-09-21,INFY,,,,,,,,,True
2023-09-21,DRREDDY,1.0,0.0,0.0,0.4,1.0,1.0,0.0,True,False
2023-09-21,HCLTECH,,,,,,,,,True
2023-09-21,TECHM,0.0,0.0,0.0,0.0,,,,,True
2023-09-21,SUNPHARMA,0.0,0.0,1.0,0.25,1.0,0.5,0.0,True,False
2023-09-22,ADANIGREEN,0.0,0.0,1.0,0.25,,,,,True
2023-09-22,ASIANPAINT,,,,,,,,,True
2023-09-22,AXISBANK,1.0,0.0,0.0,0.4,,,,,True
2023-09-22,BAJAJ-AUTO,,,,,,,,,True
2023-09-22,HDFCBANK,0.0,0.0,0.0,0.0,,,,,True
2023-09-22,HINDUNILVR,,,,,,,,,True
2023-09-22,ICICIBANK,0.0,0.0,0.0,0.0,,,,,True
2023-09-22,ITC,,,,,,,,,True
2023-09-22,KOTAKBANK,0.0,0.0,0.0,0.0,,,,,True
2023-09-22,M&M,0.0,0.0,0.0,0.0,,,,,True
2023-09-22,MARUTI,0.0,0.0,0.0,0.0,,,,,True
2023-09-22,NTPC,0.0,0.0,1.0,0.25,,,,,True
2023-09-22,ONGC,1.0,0.0,0.0,0.4,,,,,True
2023-09-22,POWERGRID,0.0,0.0,0.0,0.0,,,,,True
2023-09-22,RELIANCE,0.0,0.0,1.0,0.25,,,,,True
2023-09-22,SBIN,0.0,0.0,0.0,0.0,,,,,True
2023-09-22,TATAMOTORS,0.0,0.0,1.0,0.25,,,,,True
2023-09-22,TCS,0.0,0.0,0.0,0.0,,,,,True
2023-09-22,WIPRO,0.0,0.0,0.0,0.0,,,,,True
2023-09-22,CIPLA,0.0,0.0,1.0,0.25,,,,,True
2023-09-22,INFY,,,,,,,,,True
2023-09-22,DRREDDY,1.0,0.0,0.0,0.4,,,,,True
2023-09-22,HCLTECH,,,,,,,,,True
2023-09-22,TECHM,0.0,0.0,0.0,0.0,,,,,True
2023-09-22,SUNPHARMA,0.0,0.0,1.0,0.25,,,,,True
2023-09-25,ADANIGREEN,0.0,0.0,1.0,0.25,,,,,True
2023-09-25,ASIANPAINT,,,,,,,,,True
2023-09-25,AXISBANK,1.0,0.0,0.0,0.4,,,,,True
2023-09-25,BAJAJ-AUTO,,,,,,,,,True
2023-09-25,HDFCBANK,0.0,0.0,0.0,0.0,,,,,True
2023-09-25,HINDUNILVR,0.0,0.0,0.0,0.0,1.0,0.5,0.0,True,False
2023-09-25,ICICIBANK,0.0,0.0,0.0,0.0,,,,,True
2023-09-25,ITC,,,,,,,,,True
2023-09-25,KOTAKBANK,0.0,0.0,0.0,0.0,,,,,True
2023-09-25,M&M,0.0,0.0,1.0,0.25,2.0,0.5,0.0,True,False
2023-09-25,MARUTI,0.0,0.0,0.0,0.0,,,,,True
2023-09-25,NTPC,0.0,0.0,1.0,0.25,,,,,True
2023-09-25,ONGC,1.0,0.0,0.0,0.4,,,,,True
2023-09-25,POWERGRID,0.0,0.0,0.0,0.0,,,,,True
2023-09-25,RELIANCE,0.0,0.0,1.0,0.25,,,,,True
2023-09-25,SBIN,0.0,0.0,0.0,0.0,,,,,True
2023-09-25,TATAMOTORS,0.0,0.0,1.0,0.25,,,,,True
2023-09-25,TCS,0.0,0.0,0.0,0.0,1.0,0.5,0.0,True,False
2023-09-25,WIPRO,0.0,0.0,0.0,0.0,,,,,True
2023-09-25,CIPLA,0.0,0.0,1.0,0.25,,,,,True
2023-09-25,INFY,0.0,0.0,1.0,0.25,1.0,0.5,0.0,True,False
2023-09-25,DRREDDY,1.0,0.0,0.0,0.4,,,,,True
2023-09-25,HCLTECH,,,,,,,,,True
2023-09-25,TECHM,0.0,0.0,1.0,0.25,2.0,0.5,0.0,True,False
2023-09-25,SUNPHARMA,0.0,0.0,1.0,0.25,,,,,True
2023-09-26,ADANIGREEN,0.0,0.0,1.0,0.25,1.0,0.5,0.0,True,False
2023-09-26,ASIANPAINT,,,,,,,,,True
2023-09-26,AXISBANK,0.0,0.0,0.0,0.0,1.0,0.5,0.0,True,False
2023-09-26,BAJAJ-AUTO,,,,,,,,,True
2023-09-26,HDFCBANK,0.0,0.0,0.0,0.0,,,,,True
2023-09-26,HINDUNILVR,0.0,0.0,0.0,0.0,,,,,True
2023-09-26,ICICIBANK,0.0,0.0,0.0,0.0,,,,,True
2023-09-26,ITC,,,,,,,,,True
2023-09-26,KOTAKBANK,0.0,0.0,0.0,0.0,,,,,True
2023-09-26,M&M,0.0,0.0,1.0,0.25,,,,,True
2023-09-26,MARUTI,0.0,0.0,0.0,0.0,,,,,True
2023-09-26,NTPC,0.0,0.0,1.0,0.25,,,,,True
2023-09-26,ONGC,1.0,0.0,0.0,0.4,,,,,True
2023-09-26,POWERGRID,0.0,0.0,0.0,0.0,,,,,True
2023-09-26,RELIANCE,0.0,0.0,1.0,0.25,,,,,True
2023-09-26,SBIN,0.0,0.0,0.0,0.0,,,,,True
2023-09-26,TATAMOTORS,0.0,0.0,1.0,0.25,,,,,True
2023-09-26,TCS,0.0,0.0,0.0,0.0,,,,,True
2023-09-26,WIPRO,0.0,0.0,0.0,0.0,1.0,0.5,0.0,True,False
2023-09-26,CIPLA,0.0,0.0,1.0,0.25,,,,,True
2023-09-26,INFY,0.0,0.0,1.0,0.25,,,,,True
2023-09-26,DRREDDY,1.0,0.0,0.0,0.4,,,,,True
2023-09-26,HCLTECH,,,,,,,,,True
2023-09-26,TECHM,0.0,0.0,1.0,0.25,,,,,True
2023-09-26,SUNPHARMA,0.0,0.0,1.0,0.25,,,,,True
2023-09-27,ADANIGREEN,0.0,0.0,1.0,0.25,,,,,True
2023-09-27,ASIANPAINT,,,,,,,,,True
2023-09-27,AXISBANK,1.0,1.0,0.0,0.75,2.0,1.0,0.0,False,False
2023-09-27,BAJAJ-AUTO,0.0,0.0,1.0,0.25,1.0,0.5,0.0,True,False
2023-09-27,HDFCBANK,,,,,,,,,True
2023-09-27,HINDUNILVR,0.0,0.0,0.0,0.0,,,,,True
2023-09-27,ICICIBANK,,,,,,,,,True
2023-09-27,ITC,,,,,,,,,True
2023-09-27,KOTAKBANK,1.0,1.0,0.0,0.75,1.0,1.0,0.0,True,False
2023-09-27,M&M,0.5,0.5,0.5,0.5,2.0,0.75,0.0,True,False
2023-09-27,MARUTI,0.0,0.0,0.0,0.0,,,,,True
2023-09-27,NTPC,0.0,0.0,1.0,0.25,,,,,True
2023-09-27,ONGC,1.0,0.0,0.0,0.4,,,,,True
2023-09-27,POWERGRID,0.0,0.0,0.0,0.0,,,,,True
2023-09-27,RELIANCE,,,,,,,,,True
2023-09-27,SBIN,,,,,,,,,True
2023-09-27,TATAMOTORS,,,,,,,,,True
2023-09-27,TCS,-1.0,0.0,0.0,-0.4,1.0,1.0,0.0,True,False
2023-09-27,WIPRO,0.0,0.0,0.0,0.0,,,,,True
2023-09-27,CIPLA,0.0,0.0,1.0,0.25,,,,,True
2023-09-27,INFY,0.0,0.0,0.0,0.0,1.0,0.5,0.0,True,False
2023-09-27,DRREDDY,0.0,0.0,0.5,0.125,2.0,0.5,0.0,True,False
2023-09-27,HCLTECH,,,,,,,,,True
2023-09-27,TECHM,0.0,0.0,1.0,0.25,1.0,0.5,0.0,True,False
2023-09-27,SUNPHARMA,0.0,0.0,0.0,0.0,1.0,0.5,0.0,True,False
2023-09-28,ADANIGREEN,0.0,0.0,1.0,0.25,,,,,True
2023-09-28,ASIANPAINT,1.0,1.0,0.0,0.75,1.0,1.0,0.0,True,False
2023-09-28,AXISBANK,1.0,1.0,0.0,0.75,,,,,True
2023-09-28,BAJAJ-AUTO,0.0,0.0,1.0,0.25,,,,,True
2023-09-28,HDFCBANK,1.0,0.0,0.0,0.4,1.0,1.0,0.0,True,False
2023-09-28,HINDUNILVR,0.0,0.0,0.0,0.0,,,,,True
2023-09-28,ICICIBANK,0.0,0.0,1.0,0.25,1.0,0.5,0.0,True,False
2023-09-28,ITC,,,,,,,,,True
2023-09-28,KOTAKBANK,1.0,1.0,0.0,0.75,,,,,True
2023-09-28,M&M,0.5,0.5,0.5,0.5,,,,,True
2023-09-28,MARUTI,0.0,0.0,0.0,0.0,,,,,True
2023-09-28,NTPC,0.0,0.0,1.0,0.25,,,,,True
2023-09-28,ONGC,,,,,,,,,True
2023-09-28,POWERGRID,0.0,0.0,0.0,0.0,,,,,True
2023-09-28,RELIANCE,,,,,,,,,True
2023-09-28,SBIN,,,,,,,,,True
2023-09-28,TATAMOTORS,,,,,,,,,True
2023-09-28,TCS,-1.0,0.0,0.0,-0.4,,,,,True
2023-09-28,WIPRO,0.0,0.0,0.0,0.0,,,,,True
2023-09-28,CIPLA,0.0,0.0,1.0,0.25,,,,,True
2023-09-28,INFY,0.0,0.0,0.0,0.0,,,,,True
2023-09-28,DRREDDY,0.0,0.0,0.5,0.125,,,,,True
2023-09-28,HCLTECH,,,,,,,,,True
2023-09-28,TECHM,0.0,0.0,1.0,0.25,,,,,True
2023-09-28,SUNPHARMA,0.0,0.0,0.0,0.0,,,,,True
2023-09-29,ADANIGREEN,0.0,0.0,1.0,0.25,,,,,True
2023-09-29,ASIANPAINT,1.0,1.0,0.0,0.75,,,,,True
2023-09-29,AXISBANK,1.0,1.0,0.0,0.75,,,,,True
2023-09-29,BAJAJ-AUTO,0.0,0.0,1.0,0.25,,,,,True
2023-09-29,HDFCBANK,1.0,0.0,0.0,0.4,,,,,True
2023-09-29,HINDUNILVR,0.0,0.0,0.0,0.0,,,,,True
2023-09-29,ICICIBANK,0.0,0.0,1.0,0.25,,,,,True
2023-09-29,ITC,,,,,,,,,True
2023-09-29,KOTAKBANK,1.0,1.0,0.0,0.75,,,,,True
2023-09-29,M&M,0.5,0.5,0.5,0.5,,,,,True
2023-09-29,MARUTI,,,,,,,,,True
2023-09-29,NTPC,,,,,,,,,True
2023-09-29,ONGC,,,,,,,,,True
2023-09-29,POWERGRID,,,,,,,,,True
2023-09-29,RELIANCE,,,,,,,,,True
2023-09-29,SBIN,,,,,,,,,True
2023-09-29,TATAMOTORS,,,,,,,,,True
2023-09-29,TCS,-1.0,0.0,0.0,-0.4,,,,,True
2023-09-29,WIPRO,0.0,0.0,0.0,0.0,,,,,True
2023-09-29,CIPLA,,,,,,,,,True
2023-09-29,INFY,0.0,0.0,0.0,0.0,,,,,True
2023-09-29,DRREDDY,0.0,0.0,0.5,0.125,,,,,True
2023-09-29,HCLTECH,,,,,,,,,True
2023-09-29,TECHM,0.0,0.0,1.0,0.25,,,,,True
2023-09-29,SUNPHARMA,0.0,0.0,0.0,0.0,,,,,True
2023-10-02,ADANIGREEN,0.0,0.0,1.0,0.25,1.0,0.5,0.0,True,False
2023-10-02,ASIANPAINT,1.0,1.0,0.0,0.75,,,,,True
2023-10-02,AXISBANK,0.0,0.0,0.0,0.0,1.0,0.5,0.0,True,False
2023-10-02,BAJAJ-AUTO,0.0,0.0,1.0,0.25,,,,,True
2023-10-02,HDFCBANK,0.0,0.0,0.0,0.0,1.0,0.5,0.0,True,False
2023-10-02,HINDUNILVR,0.0,0.0,0.0,0.0,,,,,True
2023-10-02,ICICIBANK,0.4167,0.3333,0.3333,0.3667,3.0,0.6667,0.0,True,False
2023-10-02,ITC,,,,,,,,,True
2023-10-02,KOTAKBANK,0.0,0.0,0.0,0.0,1.0,0.5,0.0,True,False
2023-10-02,M&M,1.0,0.0,0.0,0.4,1.0,1.0,0.0,True,False
2023-10-02,MARUTI,,,,,,,,,True
2023-10-02,NTPC,0.0,0.0,1.0,0.25,2.0,0.5,0.0,True,False
2023-10-02,ONGC,,,,,,,,,True
2023-10-02,POWERGRID,,,,,,,,,True
2023-10-02,RELIANCE,,,,,,,,,True
2023-10-02,SBIN,0.0,0.0,0.5,0.125,2.0,0.5,0.0,True,False
2023-10-02,TATAMOTORS,,,,,,,,,True
2023-10-02,TCS,-1.0,0.0,0.0,-0.4,,,,,True
2023-10-02,WIPRO,0.0,0.0,0.0,0.0,1.0,0.5,0.0,True,False
2023-10-02,CIPLA,,,,,,,,,True
2023-10-02,INFY,0.0,0.0,0.0,0.0,,,,,True
2023-10-02,DRREDDY,0.0,0.0,0.5,0.125,,,,,True
2023-10-02,HCLTECH,,,,,,,,,True
2023-10-02,TECHM,0.0,0.0,1.0,0.25,,,,,True
2023-10-02,SUNPHARMA,0.0,0.0,0.0,0.0,,,,,True
2023-10-03,ADANIGREEN,0.0,0.0,1.0,0.25,,,,,True
2023-10-03,ASIANPAINT,0.0,0.0,0.0,0.0,1.0,0.5,0.0,True,False
2023-10-03,AXISBANK,0.0,0.0,0.0,0.0,,,,,True
2023-10-03,BAJAJ-AUTO,1.0,1.0,0.0,0.75,1.0,1.0,0.0,True,False
2023-10-03,HDFCBANK,0.0,0.0,0.0,0.0,,,,,True
2023-10-03,HINDUNILVR,,,,,,,,,True
2023-10-03,ICICIBANK,0.4167,0.3333,0.3333,0.3667,,,,,True
2023-10-03,ITC,,,,,,,,,True
2023-10-03,KOTAKBANK,0.0,0.0,0.0,0.0,1.0,0.5,0.0,True,False
2023-10-03,M&M,0.5,0.0,0.0,0.2,2.0,0.75,0.0,True,False
2023-10-03,MARUTI,,,,,,,,,True
2023-10-03,NTPC,0.0,0.0,1.0,0.25,1.0,0.5,0.0,True,False
2023-10-03,ONGC,,,,,,,,,True
2023-10-03,POWERGRID,1.0,0.0,0.0,0.4,1.0,1.0,0.0,True,False
2023-10-03,RELIANCE,,,,,,,,,True
2023-10-03,SBIN,1.0,1.0,0.0,0.75,1.0,1.0,0.0,True,False
2023-10-03,TATAMOTORS,,,,,,,,,True
2023-10-03,TCS,-1.0,0.0,0.0,-0.4,,,,,True
2023-10-03,WIPRO,0.0,0.0,0.0,0.0,,,,,True
2023-10-03,CIPLA,,,,,,,,,True
2023-10-03,INFY,0.0,0.0,0.0,0.0,,,,,True
2023-10-03,DRREDDY,0.0,0.0,0.5,0.125,,,,,True
2023-10-03,HCLTECH,,,,,,,,,True
2023-10-03,TECHM,0.0,0.0,1.0,0.25,,,,,True
2023-10-03,SUNPHARMA,0.0,0.0,0.0,0.0,,,,,True
2023-10-04,ADANIGREEN,0.0,0.0,1.0,0.25,,,,,True
2023-10-04,ASIANPAINT,0.0,0.0,0.0,0.0,,,,,True
2023-10-04,AXISBANK,0.0,0.0,0.0,0.0,1.0,0.5,0.0,True,False
2023-10-04,BAJAJ-AUTO,1.0,0.0,0.0,0.4,1.0,1.0,0.0,True,False
2023-10-04,HDFCBANK,0.0,0.0,0.0,0.0,,,,,True
2023-10-04,HINDUNILVR,0.0,0.0,1.0,0.25,1.0,0.5,0.0,True,False
2023-10-04,ICICIBANK,0.4167,0.3333,0.3333,0.3667,,,,,True
2023-10-04,ITC,,,,,,,,,True
2023-10-04,KOTAKBANK,0.0,0.0,0.0,0.0,,,,,True
2023-10-04,M&M,0.5,0.0,0.0,0.2,,,,,True
2023-10-04,MARUTI,0.0,0.0,1.0,0.25,1.0,0.5,0.0,True,False
2023-10-04,NTPC,1.0,0.0,1.0,0.65,1.0,1.0,0.0,True,False
2023-10-04,ONGC,,,,,,,,,True
2023-10-04,POWERGRID,1.0,0.0,0.0,0.4,,,,,True
2023-10-04,RELIANCE,,,,,,,,,True
2023-10-04,SBIN,1.0,1.0,0.0,0.75,,,,,True
2023-10-04,TATAMOTORS,,,,,,,,,True
2023-10-04,TCS,-1.0,0.0,0.0,-0.4,,,,,True
2023-10-04,WIPRO,0.0,0.0,0.0,0.0,,,,,True
2023-10-04,CIPLA,,,,,,,,,True
2023-10-04,INFY,0.0,0.0,0.0,0.0,,,,,True
2023-10-04,DRREDDY,0.0,0.0,0.5,0.125,,,,,True
2023-10-04,HCLTECH,,,,,,,,,True
2023-10-04,TECHM,0.0,0.0,1.0,0.25,,,,,True
2023-10-04,SUNPHARMA,0.0,0.0,0.0,0.0,,,,,True
2023-10-05,ADANIGREEN,0.0,0.0,1.0,0.25,,,,,True
2023-10-05,ASIANPAINT,0.0,0.0,0.0,0.0,,,,,True
2023-10-05,AXISBANK,0.0,0.0,0.0,0.0,,,,,True
2023-10-05,BAJAJ-AUTO,1.0,0.0,0.0,0.4,,,,,True
2023-10-05,HDFCBANK,0.0,0.0,0.0,0.0,,,,,True
2023-10-05,HINDUNILVR,0.0,0.0,1.0,0.25,,,,,True
2023-10-05,ICICIBANK,0.4167,0.3333,0.3333,0.3667,,,,,True
2023-10-05,ITC,,,,,,,,,True
2023-10-05,KOTAKBANK,0.0,0.0,0.0,0.0,,,,,True
2023-10-05,M&M,0.5,0.5,0.5,0.5,2.0,0.75,0.0,True,False
2023-10-05,MARUTI,0.0,0.0,1.0,0.25,,,,,True
2023-10-05,NTPC,1.0,0.0,1.0,0.65,,,,,True
2023-10-05,ONGC,,,,,,,,,True
2023-10-05,POWERGRID,1.0,0.0,0.0,0.4,,,,,True
2023-10-05,RELIANCE,,,,,,,,,True
2023-10-05,SBIN,1.0,1.0,0.0,0.75,,,,,True
2023-10-05,TATAMOTORS,0.0,0.0,0.0,0.0,1.0,0.5,0.0,True,False
2023-10-05,TCS,,,,,,,,,True
2023-10-05,WIPRO,0.0,0.0,0.0,0.0,,,,,True
2023-10-05,CIPLA,,,,,,,,,True
2023-10-05,INFY,,,,,,,,,True
2023-10-05,DRREDDY,,,,,,,,,True
2023-10-05,HCLTECH,,,,,,,,,True
2023-10-05,TECHM,,,,,,,,,True
2023-10-05,SUNPHARMA,,,,,,,,,True
2023-10-06,ADANIGREEN,0.0,0.0,1.0,0.25,,,,,True
2023-10-06,ASIANPAINT,0.0,0.0,0.0,0.0,,,,,True
2023-10-06,AXISBANK,0.0,0.0,0.0,0.0,,,,,True
2023-10-06,BAJAJ-AUTO,1.0,0.0,0.0,0.4,,,,,True
2023-10-06,HDFCBANK,0.0,0.0,0.0,0.0,,,,,True
2023-10-06,HINDUNILVR,0.0,0.0,1.0,0.25,,,,,True
2023-10-06,ICICIBANK,0.4167,0.3333,0.3333,0.3667,,,,,True
2023-10-06,ITC,,,,,,,,,True
2023-10-06,KOTAKBANK,0.0,0.0,0.0,0.0,,,,,True
2023-10-06,M&M,0.5,0.5,0.5,0.5,,,,,True
2023-10-06,MARUTI,0.0,0.0,1.0,0.25,,,,,True
2023-10-06,NTPC,1.0,0.0,1.0,0.65,,,,,True
2023-10-06,ONGC,,,,,,,,,True
2023-10-06,POWERGRID,1.0,0.0,0.0,0.4,,,,,True
2023-10-06,RELIANCE,,,,,,,,,True
2023-10-06,SBIN,1.0,1.0,0.0,0.75,,,,,True
2023-10-06,TATAMOTORS,0.0,0.0,0.0,0.0,,,,,True
2023-10-06,TCS,,,,,,,,,True
2023-10-06,WIPRO,0.0,0.0,0.0,0.0,,,,,True
2023-10-06,CIPLA,,,,,,,,,True
2023-10-06,INFY,,,,,,,,,True
2023-10-06,DRREDDY,,,,,,,,,True
2023-10-06,HCLTECH,,,,,,,,,True
2023-10-06,TECHM,,,,,,,,,True
2023-10-06,SUNPHARMA,,,,,,,,,True
2023-10-09,ADANIGREEN,0.0,0.0,1.0,0.25,,,,,True
2023-10-09,ASIANPAINT,0.0,0.0,0.0,0.0,,,,,True
2023-10-09,AXISBANK,0.0,0.0,0.0,0.0,1.0,0.5,0.0,True,False
2023-10-09,BAJAJ-AUTO,-1.0,0.0,0.0,-0.4,1.0,1.0,0.0,True,False
2023-10-09,HDFCBANK,0.0,0.0,0.0,0.0,1.0,0.5,0.0,True,False
2023-10-09,HINDUNILVR,0.0,0.0,1.0,0.25,,,,,True
2023-10-09,ICICIBANK,0.0,0.0,0.0,0.0,1.0,0.5,0.0,True,False
2023-10-09,ITC,1.0,0.0,0.0,0.4,1.0,1.0,0.0,True,False
2023-10-09,KOTAKBANK,0.0,0.0,0.0,0.0,1.0,0.5,0.0,True,False
2023-10-09,M&M,0.5,0.5,0.5,0.5,,,,,True
2023-10-09,MARUTI,0.0,0.0,1.0,0.25,1.0,0.5,0.0,True,False
2023-10-09,NTPC,1.0,0.0,1.0,0.65,,,,,True
2023-10-09,ONGC,,,,,,,,,True
2023-10-09,POWERGRID,1.0,0.0,0.0,0.4,,,,,True
2023-10-09,RELIANCE,,,,,,,,,True
2023-10-09,SBIN,0.0,0.0,0.0,0.0,1.0,0.5,0.0,True,False
2023-10-09,TATAMOTORS,0.0,0.0,0.0,0.0,,,,,True
2023-10-09,TCS,,,,,,,,,True
2023-10-09,WIPRO,0.0,0.0,0.0,0.0,,,,,True
2023-10-09,CIPLA,,,,,,,,,True
2023-10-09,INFY,,,,,,,,,True
2023-10-09,DRREDDY,0.5,0.0,0.5,0.325,2.0,0.75,0.0,True,False
2023-10-09,HCLTECH,,,,,,,,,True
2023-10-09,TECHM,,,,,,,,,True
2023-10-09,SUNPHARMA,,,,,,,,,True
2023-10-10,ADANIGREEN,,,,,,,,,True
2023-10-10,ASIANPAINT,0.0,0.0,0.0,0.0,,,,,True
2023-10-10,AXISBANK,0.0,0.0,0.0,0.0,,,,,True
2023-10-10,BAJAJ-AUTO,-1.0,0.0,0.0,-0.4,,,,,True
2023-10-10,HDFCBANK,1.0,1.0,0.0,0.75,1.0,1.0,0.0,True,False
2023-10-10,HINDUNILVR,0.0,0.0,1.0,0.25,,,,,True
2023-10-10,ICICIBANK,1.0,1.0,0.0,0.75,1.0,1.0,0.0,True,False
2023-10-10,ITC,1.0,0.0,0.0,0.4,,,,,True
2023-10-10,KOTAKBANK,0.0,0.0,0.0,0.0,,,,,True
2023-10-10,M&M,0.5,0.5,0.5,0.5,,,,,True
2023-10-10,MARUTI,0.0,0.0,1.0,0.25,,,,,True
2023-10-10,NTPC,0.0,0.0,1.0,0.25,1.0,0.5,0.0,True,False
2023-10-10,ONGC,,,,,,,,,True
2023-10-10,POWERGRID,0.0,0.0,0.0,0.0,1.0,0.5,0.0,True,False
2023-10-10,RELIANCE,,,,,,,,,True
2023-10-10,SBIN,0.0,0.0,0.0,0.0,,,,,True
2023-10-10,TATAMOTORS,0.0,0.0,0.0,0.0,,,,,True
2023-10-10,TCS,,,,,,,,,True
2023-10-10,WIPRO,1.0,0.0,0.0,0.4,1.0,1.0,0.0,True,False
2023-10-10,CIPLA,,,,,,,,,True
2023-10-10,INFY,,,,,,,,,True
2023-10-10,DRREDDY,0.5,0.0,0.5,0.325,,,,,True
2023-10-10,HCLTECH,,,,,,,,,True
2023-10-10,TECHM,,,,,,,,,True
2023-10-10,SUNPHARMA,1.0,0.0,0.0,0.4,1.0,1.0,0.0,True,False
2023-10-11,ADANIGREEN,1.0,1.0,1.0,1.0,1.0,1.0,0.0,True,False
2023-10-11,ASIANPAINT,,,,,,,,,True
2023-10-11,AXISBANK,0.0,0.0,0.0,0.0,,,,,True
2023-10-11,BAJAJ-AUTO,-1.0,0.0,0.0,-0.4,,,,,True
2023-10-11,HDFCBANK,-1.0,0.0,0.0,-0.4,1.0,1.0,0.0,True,False
2023-10-11,HINDUNILVR,0.0,0.0,1.0,0.25,1.0,0.5,0.0,True,False
2023-10-11,ICICIBANK,1.0,1.0,0.0,0.75,,,,,True
2023-10-11,ITC,1.0,0.0,0.0,0.4,,,,,True
2023-10-11,KOTAKBANK,0.0,0.0,0.0,0.0,,,,,True
2023-10-11,M&M,0.0,0.0,0.5,0.125,2.0,0.5,0.0,True,False
2023-10-11,MARUTI,0.5,0.0,0.5,0.325,2.0,0.75,0.0,True,False
2023-10-11,NTPC,0.0,0.0,1.0,0.25,,,,,True
2023-10-11,ONGC,,,,,,,,,True
2023-10-11,POWERGRID,0.0,0.0,0.0,0.0,,,,,True
2023-10-11,RELIANCE,,,,,,,,,True
2023-10-11,SBIN,0.0,0.0,0.0,0.0,,,,,True
2023-10-11,TATAMOTORS,0.0,0.0,0.0,0.0,,,,,True
2023-10-11,TCS,,,,,,,,,True
2023-10-11,WIPRO,1.0,0.0,0.0,0.4,,,,,True
2023-10-11,CIPLA,,,,,,,,,True
2023-10-11,INFY,,,,,,,,,True
2023-10-11,DRREDDY,0.5,0.0,0.5,0.325,,,,,True
2023-10-11,HCLTECH,0.5,0.5,0.5,0.5,2.0,0.75,0.0,True,False
2023-10-11,TECHM,0.0,0.0,0.5,0.125,2.0,0.5,0.0,True,False
2023-10-11,SUNPHARMA,1.0,0.0,0.0,0.4,,,,,True
2023-10-12,ADANIGREEN,1.0,1.0,1.0,1.0,,,,,True
2023-10-12,ASIANPAINT,,,,,,,,,True
2023-10-12,AXISBANK,0.0,0.0,0.5,0.125,2.0,0.5,0.0,True,False
2023-10-12,BAJAJ-AUTO,-1.0,0.0,0.0,-0.4,,,,,True
2023-10-12,HDFCBANK,0.0,0.0,0.5,0.125,2.0,0.5,0.0,True,False
2023-10-12,HINDUNILVR,0.0,0.0,1.0,0.25,,,,,True
2023-10-12,ICICIBANK,0.0,0.0,0.0,0.0,1.0,0.5,0.0,True,False
2023-10-12,ITC,1.0,0.0,0.0,0.4,,,,,True
2023-10-12,KOTAKBANK,0.0,0.0,0.0,0.0,1.0,0.5,0.0,True,False
2023-10-12,M&M,0.0,0.0,0.0,0.0,1.0,0.5,0.0,True,False
2023-10-12,MARUTI,0.5,0.0,0.5,0.325,,,,,True
2023-10-12,NTPC,0.0,0.0,1.0,0.25,,,,,True
2023-10-12,ONGC,,,,,,,,,True
2023-10-12,POWERGRID,0.0,0.0,0.0,0.0,,,,,True
2023-10-12,RELIANCE,,,,,,,,,True
2023-10-12,SBIN,0.0,0.0,0.0,0.0,1.0,0.5,0.0,True,False
2023-10-12,TATAMOTORS,0.0,0.0,0.0,0.0,1.0,0.5,0.0,True,False
2023-10-12,TCS,,,,,,,,,True
2023-10-12,WIPRO,1.0,0.0,0.0,0.4,,,,,True
2023-10-12,CIPLA,,,,,,,,,True
2023-10-12,INFY,,,,,,,,,True
2023-10-12,DRREDDY,0.5,0.0,0.5,0.325,,,,,True
2023-10-12,HCLTECH,0.5,0.5,0.5,0.5,,,,,True
2023-10-12,TECHM,0.0,0.0,0.5,0.125,,,,,True
2023-10-12,SUNPHARMA,1.0,0.0,0.0,0.4,,,,,True
2023-10-13,ADANIGREEN,1.0,1.0,1.0,1.0,,,,,True
2023-10-13,ASIANPAINT,,,,,,,,,True
2023-10-13,AXISBANK,0.0,0.0,0.5,0.125,,,,,True
2023-10-13,BAJAJ-AUTO,-1.0,0.0,0.0,-0.4,,,,,True
2023-10-13,HDFCBANK,0.0,0.0,0.5,0.125,,,,,True
2023-10-13,HINDUNILVR,0.0,0.0,1.0,0.25,,,,,True
2023-10-13,ICICIBANK,0.0,0.0,0.0,0.0,,,,,True
2023-10-13,ITC,1.0,0.0,0.0,0.4,,,,,True
2023-10-13,KOTAKBANK,0.0,0.0,0.0,0.0,,,,,True
2023-10-13,M&M,0.0,0.0,0.0,0.0,,,,,True
2023-10-13,MARUTI,0.5,0.0,0.5,0.325,,,,,True
2023-10-13,NTPC,0.0,0.0,1.0,0.25,,,,,True
2023-10-13,ONGC,,,,,,,,,True
2023-10-13,POWERGRID,0.0,0.0,0.0,0.0,,,,,True
2023-10-13,RELIANCE,,,,,,,,,True
2023-10-13,SBIN,0.0,0.0,0.0,0.0,,,,,True
2023-10-13,TATAMOTORS,0.0,0.0,0.0,0.0,,,,,True
2023-10-13,TCS,,,,,,,,,True
2023-10-13,WIPRO,1.0,0.0,0.0,0.4,,,,,True
2023-10-13,CIPLA,,,,,,,,,True
2023-10-13,INFY,,,,,,,,,True
2023-10-13,DRREDDY,0.5,0.0,0.5,0.325,,,,,True
2023-10-13,HCLTECH,0.5,0.5,0.5,0.5,,,,,True
2023-10-13,TECHM,0.0,0.0,0.5,0.125,,,,,True
2023-10-13,SUNPHARMA,1.0,0.0,0.0,0.4,,,,,True
2023-10-16,ADANIGREEN,1.0,1.0,1.0,1.0,1.0,1.0,0.0,True,False
2023-10-16,ASIANPAINT,1.0,0.0,0.0,0.4,1.0,1.0,0.0,True,False
2023-10-16,AXISBANK,0.0,0.0,1.0,0.25,1.0,0.5,0.0,True,False
2023-10-16,BAJAJ-AUTO,-1.0,0.0,0.0,-0.4,,,,,True
2023-10-16,HDFCBANK,0.0,0.0,0.5,0.125,,,,,True
2023-10-16,HINDUNILVR,0.0,0.0,1.0,0.25,,,,,True
2023-10-16,ICICIBANK,0.0,0.0,0.0,0.0,,,,,True
2023-10-16,ITC,-0.0,0.5,0.0,0.175,2.0,1.0,0.5,False,False
2023-10-16,KOTAKBANK,0.0,0.0,0.0,0.0,,,,,True
2023-10-16,M&M,0.0,0.0,0.0,0.0,1.0,0.5,0.0,True,False
2023-10-16,MARUTI,0.5,0.0,0.5,0.325,,,,,True
2023-10-16,NTPC,0.0,0.0,1.0,0.25,,,,,True
2023-10-16,ONGC,,,,,,,,,True
2023-10-16,POWERGRID,0.0,0.0,0.0,0.0,,,,,True
2023-10-16,RELIANCE,,,,,,,,,True
2023-10-16,SBIN,0.0,0.0,0.0,0.0,,,,,True
2023-10-16,TATAMOTORS,0.0,0.0,0.0,0.0,,,,,True
2023-10-16,TCS,,,,,,,,,True
2023-10-16,WIPRO,1.0,0.0,0.0,0.4,,,,,True
2023-10-16,CIPLA,,,,,,,,,True
2023-10-16,INFY,1.0,0.0,0.0,0.4,1.0,1.0,0.0,True,False
2023-10-16,DRREDDY,0.5,0.0,0.5,0.325,,,,,True
2023-10-16,HCLTECH,0.5,0.5,0.5,0.5,,,,,True
2023-10-16,TECHM,0.0,0.0,0.5,0.125,,,,,True
2023-10-16,SUNPHARMA,1.0,0.0,0.0,0.4,,,,,True
2023-10-17,ADANIGREEN,1.0,1.0,1.0,1.0,,,,,True
2023-10-17,ASIANPAINT,1.0,0.0,0.0,0.4,,,,,True
2023-10-17,AXISBANK,0.0,0.0,1.0,0.25,,,,,True
2023-10-17,BAJAJ-AUTO,,,,,,,,,True
2023-10-17,HDFCBANK,0.0,0.0,0.5,0.125,,,,,True
2023-10-17,HINDUNILVR,0.0,0.0,0.0,0.0,1.0,0.5,0.0,True,False
2023-10-17,ICICIBANK,0.0,0.0,0.0,0.0,,,,,True
2023-10-17,ITC,-0.0,0.5,0.0,0.175,,,,,True
2023-10-17,KOTAKBANK,0.0,0.0,0.0,0.0,,,,,True
2023-10-17,M&M,0.0,0.0,0.0,0.0,,,,,True
2023-10-17,MARUTI,0.5,0.0,0.5,0.325,,,,,True
2023-10-17,NTPC,0.0,0.0,1.0,0.25,,,,,True
2023-10-17,ONGC,-1.0,0.0,0.0,-0.4,1.0,1.0,0.0,True,False
2023-10-17,POWERGRID,0.0,0.0,0.0,0.0,,,,,True
2023-10-17,RELIANCE,,,,,,,,,True
2023-10-17,SBIN,0.0,0.0,0.0,0.0,,,,,True
2023-10-17,TATAMOTORS,0.0,0.0,0.0,0.0,,,,,True
2023-10-17,TCS,,,,,,,,,True
2023-10-17,WIPRO,1.0,0.0,0.0,0.4,,,,,True
2023-10-17,CIPLA,,,,,,,,,True
2023-10-17,INFY,-0.5,0.0,0.0,-0.2,2.0,0.75,0.0,True,False
2023-10-17,DRREDDY,,,,,,,,,True
2023-10-17,HCLTECH,0.5,0.5,0.5,0.5,,,,,True
2023-10-17,TECHM,0.0,0.0,0.5,0.125,,,,,True
2023-10-17,SUNPHARMA,1.0,0.0,0.0,0.4,,,,,True
2023-10-18,ADANIGREEN,1.0,1.0,1.0,1.0,,,,,True
2023-10-18,ASIANPAINT,0.5,0.0,0.5,0.325,2.0,0.75,0.0,True,False
2023-10-18,AXISBANK,0.0,0.0,1.0,0.25,,,,,True
2023-10-18,BAJAJ-AUTO,,,,,,,,,True
2023-10-18,HDFCBANK,0.0,0.0,1.0,0.25,1.0,0.5,0.0,True,False
2023-10-18,HINDUNILVR,0.0,0.0,0.0,0.0,,,,,True
2023-10-18,ICICIBANK,0.0,0.0,0.0,0.0,,,,,True
2023-10-18,ITC,-0.0,0.5,0.0,0.175,,,,,True
2023-10-18,KOTAKBANK,0.0,0.0,0.0,0.0,,,,,True
2023-10-18,M&M,1.0,1.0,0.0,0.75,1.0,1.0,0.0,True,False
2023-10-18,MARUTI,0.5,0.0,0.5,0.325,,,,,True
2023-10-18,NTPC,,,,,,,,,True
2023-10-18,ONGC,-1.0,0.0,0.0,-0.4,,,,,True
2023-10-18,POWERGRID,,,,,,,,,True
2023-10-18,RELIANCE,,,,,,,,,True
2023-10-18,SBIN,0.0,0.0,0.0,0.0,,,,,True
2023-10-18,TATAMOTORS,-0.5,0.0,0.5,-0.075,2.0,0.75,0.0,True,False
2023-10-18,TCS,,,,,,,,,True
2023-10-18,WIPRO,,,,,,,,,True
2023-10-18,CIPLA,1.0,1.0,0.0,0.75,1.0,1.0,0.0,True,False
2023-10-18,INFY,-0.5,0.0,0.0,-0.2,,,,,True
2023-10-18,DRREDDY,0.0,0.0,0.0,0.0,1.0,0.5,0.0,True,False
2023-10-18,HCLTECH,0.5,0.5,0.5,0.5,,,,,True
2023-10-18,TECHM,0.0,0.0,0.5,0.125,,,,,True
2023-10-18,SUNPHARMA,,,,,,,,,True
2023-10-19,ADANIGREEN,1.0,1.0,1.0,1.0,,,,,True
2023-10-19,ASIANPAINT,0.5,0.0,0.5,0.325,,,,,True
2023-10-19,AXISBANK,0.0,0.0,1.0,0.25,,,,,True
2023-10-19,BAJAJ-AUTO,,,,,,,,,True
2023-10-19,HDFCBANK,0.0,0.0,1.0,0.25,,,,,True
2023-10-19,HINDUNILVR,0.0,0.0,0.0,0.0,,,,,True
2023-10-19,ICICIBANK,1.0,1.0,0.0,0.75,1.0,1.0,0.0,True,False
2023-10-19,ITC,-0.0,0.0,0.0,-0.0,2.0,1.0,0.5,False,False
2023-10-19,KOTAKBANK,0.0,0.0,0.0,0.0,,,,,True
2023-10-19,M&M,1.0,1.0,0.0,0.75,,,,,True
2023-10-19,MARUTI,,,,,,,,,True
2023-10-19,NTPC,,,,,,,,,True
2023-10-19,ONGC,-1.0,0.0,0.0,-0.4,,,,,True
2023-10-19,POWERGRID,0.0,0.0,1.0,0.25,1.0,0.5,0.0,True,False
2023-10-19,RELIANCE,,,,,,,,,True
2023-10-19,SBIN,-1.0,0.0,0.0,-0.4,1.0,1.0,0.0,True,False
2023-10-19,TATAMOTORS,-0.5,0.0,0.5,-0.075,,,,,True
2023-10-19,TCS,,,,,,,,,True
2023-10-19,WIPRO,,,,,,,,,True
2023-10-19,CIPLA,1.0,1.0,0.0,0.75,,,,,True
2023-10-19,INFY,0.0,0.0,0.0,0.0,2.0,0.5,0.0,True,False
2023-10-19,DRREDDY,0.0,0.0,0.0,0.0,,,,,True
2023-10-19,HCLTECH,,,,,,,,,True
2023-10-19,TECHM,,,,,,,,,True
2023-10-19,SUNPHARMA,,,,,,,,,True
2023-10-20,ADANIGREEN,1.0,1.0,1.0,1.0,,,,,True
2023-10-20,ASIANPAINT,0.5,0.0,0.5,0.325,,,,,True
2023-10-20,AXISBANK,0.0,0.0,1.0,0.25,,,,,True
2023-10-20,BAJAJ-AUTO,,,,,,,,,True
2023-10-20,HDFCBANK,0.0,0.0,1.0,0.25,,,,,True
2023-10-20,HINDUNILVR,0.0,0.0,0.0,0.0,,,,,True
2023-10-20,ICICIBANK,1.0,1.0,0.0,0.75,,,,,True
2023-10-20,ITC,-0.0,0.0,0.0,-0.0,,,,,True
2023-10-20,KOTAKBANK,,,,,,,,,True
2023-10-20,M&M,1.0,1.0,0.0,0.75,,,,,True
2023-10-20,MARUTI,,,,,,,,,True
2023-10-20,NTPC,,,,,,,,,True
2023-10-20,ONGC,-1.0,0.0,0.0,-0.4,,,,,True
2023-10-20,POWERGRID,0.0,0.0,1.0,0.25,,,,,True
2023-10-20,RELIANCE,,,,,,,,,True
2023-10-20,SBIN,-1.0,0.0,0.0,-0.4,,,,,True
2023-10-20,TATAMOTORS,-0.5,0.0,0.5,-0.075,,,,,True
2023-10-20,TCS,,,,,,,,,True
2023-10-20,WIPRO,,,,,,,,,True
2023-10-20,CIPLA,1.0,1.0,0.0,0.75,,,,,True
2023-10-20,INFY,0.0,0.0,0.0,0.0,,,,,True
2023-10-20,DRREDDY,0.0,0.0,0.0,0.0,,,,,True
2023-10-20,HCLTECH,,,,,,,,,True
2023-10-20,TECHM,,,,,,,,,True
2023-10-20,SUNPHARMA,,,,,,,,,True
2023-10-23,ADANIGREEN,1.0,1.0,1.0,1.0,,,,,True
2023-10-23,ASIANPAINT,0.5,0.0,0.5,0.325,,,,,True
2023-10-23,AXISBANK,0.0,0.0,1.0,0.25,,,,,True
2023-10-23,BAJAJ-AUTO,,,,,,,,,True
2023-10-23,HDFCBANK,0.0,0.0,1.0,0.25,,,,,True
2023-10-23,HINDUNILVR,0.0,0.0,0.0,0.0,1.0,0.5,0.0,True,False
2023-10-23,ICICIBANK,1.0,1.0,0.0,0.75,,,,,True
2023-10-23,ITC,1.0,0.0,0.0,0.4,1.0,1.0,0.0,True,False
2023-10-23,KOTAKBANK,,,,,,,,,True
2023-10-23,M&M,0.0,0.0,0.0,0.0,1.0,0.5,0.0,True,False
2023-10-23,MARUTI,,,,,,,,,True
2023-10-23,NTPC,,,,,,,,,True
2023-10-23,ONGC,-1.0,0.0,0.0,-0.4,,,,,True
2023-10-23,POWERGRID,0.0,0.0,1.0,0.25,,,,,True
2023-10-23,RELIANCE,,,,,,,,,True
2023-10-23,SBIN,-1.0,0.0,0.0,-0.4,,,,,True
2023-10-23,TATAMOTORS,-0.5,0.0,0.5,-0.075,,,,,True
2023-10-23,TCS,,,,,,,,,True
2023-10-23,WIPRO,,,,,,,,,True
2023-10-23,CIPLA,0.0,0.0,0.0,0.0,1.0,0.5,0.0,True,False
2023-10-23,INFY,0.0,0.0,0.0,0.0,2.0,0.5,0.0,True,False
2023-10-23,DRREDDY,1.0,1.0,0.0,0.75,1.0,1.0,0.0,True,False
2023-10-23,HCLTECH,,,,,,,,,True
2023-10-23,TECHM,,,,,,,,,True
2023-10-23,SUNPHARMA,1.0,0.0,0.0,0.4,1.0,1.0,0.0,True,False
2023-10-24,ADANIGREEN,,,,,,,,,True
2023-10-24,ASIANPAINT,-1.0,0.0,0.0,-0.4,1.0,1.0,0.0,True,False
2023-10-24,AXISBANK,,,,,,,,,True
2023-10-24,BAJAJ-AUTO,-1.0,0.0,0.0,-0.4,1.0,1.0,0.0,True,False
2023-10-24,HDFCBANK,0.0,0.0,1.0,0.25,,,,,True
2023-10-24,HINDUNILVR,0.0,0.0,0.0,0.0,,,,,True
2023-10-24,ICICIBANK,1.0,1.0,0.0,0.75,1.0,1.0,0.0,True,False
2023-10-24,ITC,1.0,0.0,0.0,0.4,,,,,True
2023-10-24,KOTAKBANK,,,,,,,,,True
2023-10-24,M&M,1.0,0.0,0.0,0.4,1.0,1.0,0.0,True,False
2023-10-24,MARUTI,,,,,,,,,True
2023-10-24,NTPC,,,,,,,,,True
2023-10-24,ONGC,-1.0,0.0,0.0,-0.4,,,,,True
2023-10-24,POWERGRID,0.0,0.0,0.0,0.0,1.0,0.5,0.0,True,False
2023-10-24,RELIANCE,,,,,,,,,True
2023-10-24,SBIN,-1.0,0.0,0.0,-0.4,,,,,True
2023-10-24,TATAMOTORS,-0.5,0.0,0.0,-0.2,2.0,0.75,0.0,True,False
2023-10-24,TCS,1.0,0.0,0.0,0.4,1.0,1.0,0.0,True,False
2023-10-24,WIPRO,,,,,,,,,True
2023-10-24,CIPLA,0.0,0.0,0.0,0.0,,,,,True
2023-10-24,INFY,0.2222,0.3333,0.0,0.2056,3.0,1.0,0.3333,False,False
2023-10-24,DRREDDY,1.0,1.0,0.0,0.75,,,,,True
2023-10-24,HCLTECH,,,,,,,,,True
2023-10-24,TECHM,,,,,,,,,True
2023-10-24,SUNPHARMA,1.0,0.0,0.0,0.4,,,,,True
2023-10-25,ADANIGREEN,,,,,,,,,True
2023-10-25,ASIANPAINT,-1.0,0.0,0.0,-0.4,,,,,True
2023-10-25,AXISBANK,,,,,,,,,True
2023-10-25,BAJAJ-AUTO,-1.0,0.0,0.0,-0.4,,,,,True
2023-10-25,HDFCBANK,0.0,0.0,1.0,0.25,,,,,True
2023-10-25,HINDUNILVR,0.0,0.0,0.0,0.0,,,,,True
2023-10-25,ICICIBANK,-1.0,0.0,0.0,-0.4,1.0,1.0,0.0,True,False
2023-10-25,ITC,1.0,0.0,0.0,0.4,,,,,True
2023-10-25,KOTAKBANK,,,,,,,,,True
2023-10-25,M&M,1.0,0.0,0.0,0.4,,,,,True
2023-10-25,MARUTI,,,,,,,,,True
2023-10-25,NTPC,,,,,,,,,True
2023-10-25,ONGC,,,,,,,,,True
2023-10-25,POWERGRID,1.0,0.0,0.0,0.4,1.0,1.0,0.0,True,False
2023-10-25,RELIANCE,,,,,,,,,True
2023-10-25,SBIN,-1.0,0.0,0.0,-0.4,,,,,True
2023-10-25,TATAMOTORS,1.0,1.0,0.0,0.75,1.0,1.0,0.0,True,False
2023-10-25,TCS,1.0,0.0,0.0,0.4,,,,,True
2023-10-25,WIPRO,,,,,,,,,True
2023-10-25,CIPLA,0.0,0.0,0.0,0.0,,,,,True
2023-10-25,INFY,0.2222,0.3333,0.0,0.2056,,,,,True
2023-10-25,DRREDDY,1.0,1.0,0.0,0.75,,,,,True
2023-10-25,HCLTECH,,,,,,,,,True
2023-10-25,TECHM,,,,,,,,,True
2023-10-25,SUNPHARMA,1.0,0.0,0.0,0.4,,,,,True
2023-10-26,ADANIGREEN,0.0,0.0,1.0,0.25,1.0,0.5,0.0,True,False
2023-10-26,ASIANPAINT,-1.0,0.0,0.0,-0.4,,,,,True
2023-10-26,AXISBANK,0.0,0.0,0.0,0.0,1.0,0.5,0.0,True,False
2023-10-26,BAJAJ-AUTO,-1.0,0.0,0.0,-0.4,,,,,True
2023-10-26,HDFCBANK,0.0,0.0,0.0,0.0,1.0,0.5,0.0,True,False
2023-10-26,HINDUNILVR,0.0,0.0,0.0,0.0,,,,,True
2023-10-26,ICICIBANK,0.0,0.0,0.0,0.0,1.0,0.5,0.0,True,False
2023-10-26,ITC,1.0,0.0,0.0,0.4,,,,,True
2023-10-26,KOTAKBANK,-0.7143,0.0,0.0,-0.2857,2.0,0.75,0.0,True,False
2023-10-26,M&M,-0.5,0.0,0.0,-0.2,2.0,0.75,0.0,True,False
2023-10-26,MARUTI,,,,,,,,,True
2023-10-26,NTPC,,,,,,,,,True
2023-10-26,ONGC,,,,,,,,,True
2023-10-26,POWERGRID,1.0,0.0,0.0,0.4,,,,,True
2023-10-26,RELIANCE,,,,,,,,,True
2023-10-26,SBIN,0.0,0.0,0.0,0.0,1.0,0.5,0.0,True,False
2023-10-26,TATAMOTORS,1.0,1.0,0.0,0.75,,,,,True
2023-10-26,TCS,1.0,0.0,0.0,0.4,,,,,True
2023-10-26,WIPRO,,,,,,,,,True
2023-10-26,CIPLA,0.0,0.0,0.0,0.0,,,,,True
2023-10-26,INFY,0.2222,0.3333,0.0,0.2056,,,,,True
2023-10-26,DRREDDY,1.0,1.0,0.0,0.75,,,,,True
2023-10-26,HCLTECH,,,,,,,,,True
2023-10-26,TECHM,,,,,,,,,True
2023-10-26,SUNPHARMA,1.0,0.0,0.0,0.4,,,,,True
2023-10-27,ADANIGREEN,0.0,0.0,1.0,0.25,,,,,True
2023-10-27,ASIANPAINT,-1.0,0.0,0.0,-0.4,,,,,True
2023-10-27,AXISBANK,0.0,0.0,0.0,0.0,,,,,True
2023-10-27,BAJAJ-AUTO,-1.0,0.0,0.0,-0.4,,,,,True
2023-10-27,HDFCBANK,0.0,0.0,0.0,0.0,,,,,True
2023-10-27,HINDUNILVR,0.0,0.0,0.0,0.0,,,,,True
2023-10-27,ICICIBANK,0.0,0.0,0.0,0.0,,,,,True
2023-10-27,ITC,1.0,0.0,0.0,0.4,,,,,True
2023-10-27,KOTAKBANK,-0.7143,0.0,0.0,-0.2857,,,,,True
2023-10-27,M&M,-0.5,0.0,0.0,-0.2,,,,,True
2023-10-27,MARUTI,,,,,,,,,True
2023-10-27,NTPC,,,,,,,,,True
2023-10-27,ONGC,,,,,,,,,True
2023-10-27,POWERGRID,1.0,0.0,0.0,0.4,,,,,True
2023-10-27,RELIANCE,,,,,,,,,True
2023-10-27,SBIN,0.0,0.0,0.0,0.0,,,,,True
2023-10-27,TATAMOTORS,1.0,1.0,0.0,0.75,,,,,True
2023-10-27,TCS,1.0,0.0,0.0,0.4,,,,,True
2023-10-27,WIPRO,,,,,,,,,True
2023-10-27,CIPLA,0.0,0.0,0.0,0.0,,,,,True
2023-10-27,INFY,0.2222,0.3333,0.0,0.2056,,,,,True
2023-10-27,DRREDDY,1.0,1.0,0.0,0.75,,,,,True
2023-10-27,HCLTECH,,,,,,,,,True
2023-10-27,TECHM,,,,,,,,,True
2023-10-27,SUNPHARMA,1.0,0.0,0.0,0.4,,,,,True
2023-10-30,ADANIGREEN,0.0,0.0,1.0,0.25,,,,,True
2023-10-30,ASIANPAINT,0.0,0.0,0.0,0.0,1.0,0.5,0.0,True,False
2023-10-30,AXISBANK,0.5,0.5,0.0,0.375,2.0,0.75,0.0,True,False
2023-10-30,BAJAJ-AUTO,-1.0,0.0,0.0,-0.4,,,,,True
2023-10-30,HDFCBANK,0.0,0.0,0.0,0.0,,,,,True
2023-10-30,HINDUNILVR,0.0,0.0,0.0,0.0,,,,,True
2023-10-30,ICICIBANK,0.0,0.0,0.0,0.0,,,,,True
2023-10-30,ITC,1.0,0.0,0.0,0.4,,,,,True
2023-10-30,KOTAKBANK,-0.7143,0.0,0.0,-0.2857,,,,,True
2023-10-30,M&M,-0.5,0.0,0.0,-0.2,,,,,True
2023-10-30,MARUTI,,,,,,,,,True
2023-10-30,NTPC,0.0,0.0,1.0,0.25,1.0,0.5,0.0,True,False
2023-10-30,ONGC,,,,,,,,,True
2023-10-30,POWERGRID,0.0,0.0,0.0,0.0,1.0,0.5,0.0,True,False
2023-10-30,RELIANCE,,,,,,,,,True
2023-10-30,SBIN,0.0,0.0,0.0,0.0,,,,,True
2023-10-30,TATAMOTORS,1.0,1.0,0.0,0.75,,,,,True
2023-10-30,TCS,0.0,0.0,1.0,0.25,1.0,0.5,0.0,True,False
2023-10-30,WIPRO,,,,,,,,,True
2023-10-30,CIPLA,0.0,0.0,0.0,0.0,,,,,True
2023-10-30,INFY,-0.0,0.0,0.0,-0.0,2.0,1.0,0.5,False,False
2023-10-30,DRREDDY,1.0,1.0,0.0,0.75,,,,,True
2023-10-30,HCLTECH,,,,,,,,,True
2023-10-30,TECHM,,,,,,,,,True
2023-10-30,SUNPHARMA,1.0,0.0,0.0,0.4,,,,,True
2023-10-31,ADANIGREEN,0.0,0.0,1.0,0.25,,,,,True
2023-10-31,ASIANPAINT,-1.0,0.0,0.0,-0.4,1.0,1.0,0.0,True,False
2023-10-31,AXISBANK,0.5,0.5,0.0,0.375,,,,,True
2023-10-31,BAJAJ-AUTO,1.0,0.0,0.0,0.4,1.0,1.0,0.0,True,False
2023-10-31,HDFCBANK,1.0,1.0,0.0,0.75,1.0,1.0,0.0,True,False
2023-10-31,HINDUNILVR,,,,,,,,,True
2023-10-31,ICICIBANK,0.0,0.0,0.0,0.0,,,,,True
2023-10-31,ITC,,,,,,,,,True
2023-10-31,KOTAKBANK,-0.7143,0.0,0.0,-0.2857,,,,,True
2023-10-31,M&M,-0.5,0.0,0.0,-0.2,,,,,True
2023-10-31,MARUTI,,,,,,,,,True
2023-10-31,NTPC,0.0,0.0,1.0,0.25,,,,,True
2023-10-31,ONGC,1.0,0.0,0.0,0.4,1.0,1.0,0.0,True,False
2023-10-31,POWERGRID,0.0,0.0,0.0,0.0,,,,,True
2023-10-31,RELIANCE,,,,,,,,,True
2023-10-31,SBIN,0.0,0.0,0.0,0.0,1.0,0.5,0.0,True,False
2023-10-31,TATAMOTORS,1.0,0.0,0.0,0.4,1.0,1.0,0.0,True,False
2023-10-31,TCS,0.0,0.0,1.0,0.25,,,,,True
2023-10-31,WIPRO,,,,,,,,,True
2023-10-31,CIPLA,,,,,,,,,True
2023-10-31,INFY,-0.0,0.0,0.0,-0.0,,,,,True
2023-10-31,DRREDDY,,,,,,,,,True
2023-10-31,HCLTECH,1.0,1.0,0.0,0.75,1.0,1.0,0.0,True,False
2023-10-31,TECHM,,,,,,,,,True
2023-10-31,SUNPHARMA,,,,,,,,,True
2023-11-01,ADANIGREEN,0.0,0.0,1.0,0.25,,,,,True
2023-11-01,ASIANPAINT,-1.0,0.0,0.0,-0.4,,,,,True
2023-11-01,AXISBANK,0.5,0.5,0.0,0.375,,,,,True
2023-11-01,BAJAJ-AUTO,1.0,0.0,0.0,0.4,,,,,True
2023-11-01,HDFCBANK,0.0,0.0,1.0,0.25,1.0,0.5,0.0,True,False
2023-11-01,HINDUNILVR,,,,,,,,,True
2023-11-01,ICICIBANK,1.0,1.0,0.0,0.75,1.0,1.0,0.0,True,False
2023-11-01,ITC,-1.0,0.0,0.0,-0.4,1.0,1.0,0.0,True,False
2023-11-01,KOTAKBANK,-0.7143,0.0,0.0,-0.2857,,,,,True
2023-11-01,M&M,-0.5,0.0,0.0,-0.2,,,,,True
2023-11-01,MARUTI,0.0,0.0,0.0,0.0,1.0,0.5,0.0,True,False
2023-11-01,NTPC,0.0,0.0,1.0,0.25,,,,,True
2023-11-01,ONGC,0.0,0.5,0.0,0.175,2.0,1.0,0.5,False,False
2023-11-01,POWERGRID,0.0,0.0,0.0,0.0,,,,,True
2023-11-01,RELIANCE,-1.0,0.0,0.0,-0.4,1.0,1.0,0.0,True,False
2023-11-01,SBIN,0.0,0.0,0.0,0.0,,,,,True
2023-11-01,TATAMOTORS,1.0,0.0,0.0,0.4,,,,,True
2023-11-01,TCS,0.0,0.0,1.0,0.25,,,,,True
2023-11-01,WIPRO,0.0,0.0,1.0,0.25,1.0,0.5,0.0,True,False
2023-11-01,CIPLA,,,,,,,,,True
2023-11-01,INFY,-0.0,0.0,0.0,-0.0,,,,,True
2023-11-01,DRREDDY,,,,,,,,,True
2023-11-01,HCLTECH,-1.0,0.0,0.0,-0.4,1.0,1.0,0.0,True,False
2023-11-01,TECHM,,,,,,,,,True
2023-11-01,SUNPHARMA,,,,,,,,,True
2023-11-02,ADANIGREEN,0.0,0.0,1.0,0.25,,,,,True
2023-11-02,ASIANPAINT,1.0,1.0,0.0,0.75,1.0,1.0,0.0,True,False
2023-11-02,AXISBANK,0.5,0.5,0.0,0.375,,,,,True
2023-11-02,BAJAJ-AUTO,1.0,0.0,0.0,0.4,,,,,True
2023-11-02,HDFCBANK,0.0,0.0,1.0,0.25,,,,,True
2023-11-02,HINDUNILVR,,,,,,,,,True
2023-11-02,ICICIBANK,0.0,0.0,1.0,0.25,1.0,0.5,0.0,True,False
2023-11-02,ITC,0.0,0.0,1.0,0.25,1.0,0.5,0.0,True,False
2023-11-02,KOTAKBANK,-0.7143,0.0,0.0,-0.2857,,,,,True
2023-11-02,M&M,1.0,0.5,0.0,0.575,2.0,1.0,0.0,False,False
2023-11-02,MARUTI,0.0,0.0,0.0,0.0,,,,,True
2023-11-02,NTPC,0.0,0.0,1.0,0.25,1.0,0.5,0.0,True,False
2023-11-02,ONGC,0.0,0.5,0.0,0.175,,,,,True
2023-11-02,POWERGRID,0.0,0.0,0.0,0.0,,,,,True
2023-11-02,RELIANCE,-1.0,0.0,0.0,-0.4,,,,,True
2023-11-02,SBIN,0.0,0.0,0.0,0.0,,,,,True
2023-11-02,TATAMOTORS,0.0,0.0,0.0,0.0,1.0,0.5,0.0,True,False
2023-11-02,TCS,0.0,0.0,0.0,0.0,1.0,0.5,0.0,True,False
2023-11-02,WIPRO,0.0,0.0,1.0,0.25,1.0,0.5,0.0,True,False
2023-11-02,CIPLA,1.0,1.0,0.0,0.75,1.0,1.0,0.0,True,False
2023-11-02,INFY,-0.0,0.0,0.0,-0.0,,,,,True
2023-11-02,DRREDDY,,,,,,,,,True
2023-11-02,HCLTECH,-1.0,0.0,0.0,-0.4,,,,,True
2023-11-02,TECHM,1.0,1.0,0.0,0.75,1.0,1.0,0.0,True,False
2023-11-02,SUNPHARMA,0.0,0.0,0.0,0.0,1.0,0.5,0.0,True,False
2023-11-03,ADANIGREEN,,,,,,,,,True
2023-11-03,ASIANPAINT,1.0,1.0,0.0,0.75,,,,,True
2023-11-03,AXISBANK,0.5,0.5,0.0,0.375,,,,,True
2023-11-03,BAJAJ-AUTO,1.0,0.0,0.0,0.4,,,,,True
2023-11-03,HDFCBANK,0.0,0.0,1.0,0.25,,,,,True
2023-11-03,HINDUNILVR,,,,,,,,,True
2023-11-03,ICICIBANK,0.0,0.0,1.0,0.25,,,,,True
2023-11-03,ITC,0.0,0.0,1.0,0.25,,,,,True
2023-11-03,KOTAKBANK,,,,,,,,,True
2023-11-03,M&M,1.0,0.5,0.0,0.575,,,,,True
2023-11-03,MARUTI,0.0,0.0,0.0,0.0,,,,,True
2023-11-03,NTPC,0.0,0.0,1.0,0.25,,,,,True
2023-11-03,ONGC,0.0,0.5,0.0,0.175,,,,,True
2023-11-03,POWERGRID,0.0,0.0,0.0,0.0,,,,,True
2023-11-03,RELIANCE,-1.0,0.0,0.0,-0.4,,,,,True
2023-11-03,SBIN,0.0,0.0,0.0,0.0,,,,,True
2023-11-03,TATAMOTORS,0.0,0.0,0.0,0.0,,,,,True
2023-11-03,TCS,0.0,0.0,0.0,0.0,,,,,True
2023-11-03,WIPRO,0.0,0.0,1.0,0.25,,,,,True
2023-11-03,CIPLA,1.0,1.0,0.0,0.75,,,,,True
2023-11-03,INFY,-0.0,0.0,0.0,-0.0,,,,,True
2023-11-03,DRREDDY,,,,,,,,,True
2023-11-03,HCLTECH,-1.0,0.0,0.0,-0.4,,,,,True
2023-11-03,TECHM,1.0,1.0,0.0,0.75,,,,,True
2023-11-03,SUNPHARMA,0.0,0.0,0.0,0.0,,,,,True
2023-11-06,ADANIGREEN,1.0,1.0,1.0,1.0,1.0,1.0,0.0,True,False
2023-11-06,ASIANPAINT,1.0,1.0,0.0,0.75,,,,,True
2023-11-06,AXISBANK,0.5,0.0,0.5,0.325,2.0,0.75,0.0,True,False
2023-11-06,BAJAJ-AUTO,1.0,0.0,0.0,0.4,,,,,True
2023-11-06,HDFCBANK,0.0,0.0,1.0,0.25,,,,,True
2023-11-06,HINDUNILVR,,,,,,,,,True
2023-11-06,ICICIBANK,0.0,0.0,1.0,0.25,,,,,True
2023-11-06,ITC,0.0,0.0,1.0,0.25,,,,,True
2023-11-06,KOTAKBANK,,,,,,,,,True
2023-11-06,M&M,1.0,0.5,0.0,0.575,,,,,True
2023-11-06,MARUTI,0.0,0.0,0.0,0.0,,,,,True
2023-11-06,NTPC,0.0,0.0,1.0,0.25,,,,,True
2023-11-06,ONGC,0.0,0.5,0.0,0.175,,,,,True
2023-11-06,POWERGRID,0.0,0.0,0.0,0.0,,,,,True
2023-11-06,RELIANCE,-1.0,0.0,0.0,-0.4,,,,,True
2023-11-06,SBIN,0.0,0.0,0.5,0.125,2.0,0.5,0.0,True,False
2023-11-06,TATAMOTORS,0.0,0.0,0.0,0.0,,,,,True
2023-11-06,TCS,0.0,0.0,0.0,0.0,,,,,True
2023-11-06,WIPRO,0.0,0.0,1.0,0.25,,,,,True
2023-11-06,CIPLA,1.0,1.0,0.0,0.75,,,,,True
2023-11-06,INFY,-0.0,0.0,0.0,-0.0,,,,,True
2023-11-06,DRREDDY,,,,,,,,,True
2023-11-06,HCLTECH,-1.0,0.0,0.0,-0.4,,,,,True
2023-11-06,TECHM,1.0,1.0,0.0,0.75,,,,,True
2023-11-06,SUNPHARMA,0.5,0.0,0.5,0.325,2.0,0.75,0.0,True,False
2023-11-07,ADANIGREEN,1.0,1.0,1.0,1.0,,,,,True
2023-11-07,ASIANPAINT,1.0,1.0,0.0,0.75,,,,,True
2023-11-07,AXISBANK,0.5,0.0,0.5,0.325,,,,,True
2023-11-07,BAJAJ-AUTO,1.0,0.0,0.0,0.4,,,,,True
2023-11-07,HDFCBANK,0.0,0.0,1.0,0.25,,,,,True
2023-11-07,HINDUNILVR,,,,,,,,,True
2023-11-07,ICICIBANK,0.0,0.0,1.0,0.25,,,,,True
2023-11-07,ITC,0.0,0.0,1.0,0.25,,,,,True
2023-11-07,KOTAKBANK,,,,,,,,,True
2023-11-07,M&M,1.0,0.0,0.0,0.4,1.0,1.0,0.0,True,False
2023-11-07,MARUTI,1.0,1.0,0.0,0.75,1.0,1.0,0.0,True,False
2023-11-07,NTPC,0.0,0.0,1.0,0.25,,,,,True
2023-11-07,ONGC,0.0,0.5,0.0,0.175,,,,,True
2023-11-07,POWERGRID,,,,,,,,,True
2023-11-07,RELIANCE,-1.0,0.0,0.0,-0.4,,,,,True
2023-11-07,SBIN,0.0,0.0,0.5,0.125,,,,,True
2023-11-07,TATAMOTORS,0.0,0.0,0.0,0.0,,,,,True
2023-11-07,TCS,0.0,0.0,0.0,0.0,,,,,True
2023-11-07,WIPRO,0.0,0.0,0.0,0.0,1.0,0.5,0.0,True,False
2023-11-07,CIPLA,0.0,0.0,1.0,0.25,1.0,0.5,0.0,True,False
2023-11-07,INFY,,,,,,,,,True
2023-11-07,DRREDDY,,,,,,,,,True
2023-11-07,HCLTECH,-1.0,0.0,0.0,-0.4,,,,,True
2023-11-07,TECHM,1.0,0.0,0.0,0.4,1.0,1.0,0.0,True,False
2023-11-07,SUNPHARMA,0.5,0.0,0.5,0.325,,,,,True
2023-11-08,ADANIGREEN,1.0,1.0,1.0,1.0,,,,,True
2023-11-08,ASIANPAINT,1.0,1.0,0.0,0.75,,,,,True
2023-11-08,AXISBANK,0.5,0.0,0.5,0.325,,,,,True
2023-11-08,BAJAJ-AUTO,,,,,,,,,True
2023-11-08,HDFCBANK,0.0,0.0,1.0,0.25,,,,,True
2023-11-08,HINDUNILVR,,,,,,,,,True
2023-11-08,ICICIBANK,0.0,0.0,1.0,0.25,,,,,True
2023-11-08,ITC,0.0,0.0,1.0,0.25,,,,,True
2023-11-08,KOTAKBANK,,,,,,,,,True
2023-11-08,M&M,1.0,0.0,0.0,0.4,1.0,1.0,0.0,True,False
2023-11-08,MARUTI,1.0,1.0,0.0,0.75,,,,,True
2023-11-08,NTPC,0.0,0.0,1.0,0.25,,,,,True
2023-11-08,ONGC,-1.0,0.0,0.0,-0.4,1.0,1.0,0.0,True,False
2023-11-08,POWERGRID,-1.0,0.0,0.0,-0.4,1.0,1.0,0.0,True,False
2023-11-08,RELIANCE,-1.0,0.0,0.0,-0.4,,,,,True
2023-11-08,SBIN,0.0,0.0,0.5,0.125,,,,,True
2023-11-08,TATAMOTORS,0.0,0.0,0.0,0.0,,,,,True
2023-11-08,TCS,0.0,0.0,0.0,0.0,,,,,True
2023-11-08,WIPRO,0.0,0.0,0.0,0.0,,,,,True
2023-11-08,CIPLA,0.0,0.0,1.0,0.25,,,,,True
2023-11-08,INFY,0.0,0.0,1.0,0.25,1.0,0.5,0.0,True,False
2023-11-08,DRREDDY,,,,,,,,,True
2023-11-08,HCLTECH,-1.0,0.0,0.0,-0.4,,,,,True
2023-11-08,TECHM,1.0,0.0,0.0,0.4,,,,,True
2023-11-08,SUNPHARMA,0.5,0.0,0.5,0.325,,,,,True
2023-11-09,ADANIGREEN,1.0,1.0,1.0,1.0,,,,,True
2023-11-09,ASIANPAINT,1.0,1.0,0.0,0.75,,,,,True
2023-11-09,AXISBANK,0.0,0.0,0.0,0.0,1.0,0.5,0.0,True,False
2023-11-09,BAJAJ-AUTO,0.0,0.0,1.0,0.25,1.0,0.5,0.0,True,False
2023-11-09,HDFCBANK,0.0,0.0,0.0,0.0,1.0,0.5,0.0,True,False
2023-11-09,HINDUNILVR,,,,,,,,,True
2023-11-09,ICICIBANK,0.7143,0.0,0.0,0.2857,2.0,0.75,0.0,True,False
2023-11-09,ITC,0.0,0.0,1.0,0.25,,,,,True
2023-11-09,KOTAKBANK,0.0,0.0,0.0,0.0,1.0,0.5,0.0,True,False
2023-11-09,M&M,0.0,0.0,0.0,0.0,1.0,0.5,0.0,True,False
2023-11-09,MARUTI,1.0,1.0,0.0,0.75,,,,,True
2023-11-09,NTPC,0.0,0.0,1.0,0.25,,,,,True
2023-11-09,ONGC,-1.0,0.0,0.0,-0.4,,,,,True
2023-11-09,POWERGRID,-1.0,0.0,0.0,-0.4,,,,,True
2023-11-09,RELIANCE,,,,,,,,,True
2023-11-09,SBIN,0.0,0.0,0.0,0.0,1.0,0.5,0.0,True,False
2023-11-09,TATAMOTORS,0.0,0.0,0.0,0.0,,,,,True
2023-11-09,TCS,0.0,0.0,0.0,0.0,,,,,True
2023-11-09,WIPRO,0.0,0.0,0.0,0.0,,,,,True
2023-11-09,CIPLA,0.0,0.0,1.0,0.25,,,,,True
2023-11-09,INFY,0.0,0.0,1.0,0.25,,,,,True
2023-11-09,DRREDDY,0.0,0.0,1.0,0.25,1.0,0.5,0.0,True,False
2023-11-09,HCLTECH,,,,,,,,,True
2023-11-09,TECHM,0.0,0.0,0.0,0.0,1.0,0.5,0.0,True,False
2023-11-09,SUNPHARMA,0.5,0.0,0.5,0.325,,,,,True
2023-11-10,ADANIGREEN,1.0,1.0,1.0,1.0,,,,,True
2023-11-10,ASIANPAINT,,,,,,,,,True
2023-11-10,AXISBANK,0.0,0.0,0.0,0.0,,,,,True
2023-11-10,BAJAJ-AUTO,0.0,0.0,1.0,0.25,,,,,True
2023-11-10,HDFCBANK,0.0,0.0,0.0,0.0,,,,,True
2023-11-10,HINDUNILVR,,,,,,,,,True
2023-11-10,ICICIBANK,0.7143,0.0,0.0,0.2857,,,,,True
2023-11-10,ITC,,,,,,,,,True
2023-11-10,KOTAKBANK,0.0,0.0,0.0,0.0,,,,,True
2023-11-10,M&M,0.0,0.0,0.0,0.0,,,,,True
2023-11-10,MARUTI,1.0,1.0,0.0,0.75,,,,,True
2023-11-10,NTPC,,,,,,,,,True
2023-11-10,ONGC,-1.0,0.0,0.0,-0.4,,,,,True
2023-11-10,POWERGRID,-1.0,0.0,0.0,-0.4,,,,,True
2023-11-10,RELIANCE,,,,,,,,,True
2023-11-10,SBIN,0.0,0.0,0.0,0.0,,,,,True
2023-11-10,TATAMOTORS,,,,,,,,,True
2023-11-10,TCS,,,,,,,,,True
2023-11-10,WIPRO,0.0,0.0,0.0,0.0,,,,,True
2023-11-10,CIPLA,0.0,0.0,1.0,0.25,,,,,True
2023-11-10,INFY,0.0,0.0,1.0,0.25,,,,,True
2023-11-10,DRREDDY,0.0,0.0,1.0,0.25,,,,,True
2023-11-10,HCLTECH,,,,,,,,,True
2023-11-10,TECHM,0.0,0.0,0.0,0.0,,,,,True
2023-11-10,SUNPHARMA,0.5,0.0,0.5,0.325,,,,,True
2023-11-13,ADANIGREEN,1.0,1.0,1.0,1.0,,,,,True
2023-11-13,ASIANPAINT,,,,,,,,,True
2023-11-13,AXISBANK,0.0,0.0,1.0,0.25,1.0,0.5,0.0,True,False
2023-11-13,BAJAJ-AUTO,0.0,0.0,1.0,0.25,,,,,True
2023-11-13,HDFCBANK,0.0,0.0,0.0,0.0,,,,,True
2023-11-13,HINDUNILVR,,,,,,,,,True
2023-11-13,ICICIBANK,0.7143,0.0,0.0,0.2857,,,,,True
2023-11-13,ITC,,,,,,,,,True
2023-11-13,KOTAKBANK,0.0,0.0,0.0,0.0,,,,,True
2023-11-13,M&M,0.0,0.0,0.0,0.0,,,,,True
2023-11-13,MARUTI,1.0,1.0,0.0,0.75,,,,,True
2023-11-13,NTPC,,,,,,,,,True
2023-11-13,ONGC,-1.0,0.0,0.0,-0.4,,,,,True
2023-11-13,POWERGRID,-1.0,0.0,0.0,-0.4,,,,,True
2023-11-13,RELIANCE,,,,,,,,,True
2023-11-13,SBIN,0.0,0.0,0.0,0.0,,,,,True
2023-11-13,TATAMOTORS,,,,,,,,,True
2023-11-13,TCS,,,,,,,,,True
2023-11-13,WIPRO,0.0,0.0,0.0,0.0,,,,,True
2023-11-13,CIPLA,0.0,0.0,1.0,0.25,,,,,True
2023-11-13,INFY,0.0,0.0,1.0,0.25,,,,,True
2023-11-13,DRREDDY,0.0,0.0,1.0,0.25,1.0,0.5,0.0,True,False
2023-11-13,HCLTECH,1.0,0.0,0.0,0.4,1.0,1.0,0.0,True,False
2023-11-13,TECHM,0.0,0.0,0.0,0.0,,,,,True
2023-11-13,SUNPHARMA,0.0,0.0,0.0,0.0,1.0,0.5,0.0,True,False
2023-11-14,ADANIGREEN,,,,,,,,,True
2023-11-14,ASIANPAINT,,,,,,,,,True
2023-11-14,AXISBANK,0.0,0.0,0.0,0.0,1.0,0.5,0.0,True,False
2023-11-14,BAJAJ-AUTO,0.0,0.0,1.0,0.25,,,,,True
2023-11-14,HDFCBANK,0.0,0.0,0.0,0.0,1.0,0.5,0.0,True,False
2023-11-14,HINDUNILVR,,,,,,,,,True
2023-11-14,ICICIBANK,0.0,0.0,0.0,0.0,1.0,0.5,0.0,True,False
2023-11-14,ITC,,,,,,,,,True
2023-11-14,KOTAKBANK,0.0,0.0,0.0,0.0,1.0,0.5,0.0,True,False
2023-11-14,M&M,0.0,0.0,0.0,0.0,,,,,True
2023-11-14,MARUTI,1.0,1.0,0.0,0.75,,,,,True
2023-11-14,NTPC,,,,,,,,,True
2023-11-14,ONGC,-1.0,0.0,0.0,-0.4,,,,,True
2023-11-14,POWERGRID,-1.0,0.0,0.0,-0.4,,,,,True
2023-11-14,RELIANCE,0.0,0.0,0.0,0.0,1.0,0.5,0.0,True,False
2023-11-14,SBIN,0.0,0.0,0.0,0.0,1.0,0.5,0.0,True,False
2023-11-14,TATAMOTORS,,,,,,,,,True
2023-11-14,TCS,,,,,,,,,True
2023-11-14,WIPRO,0.0,0.0,0.0,0.0,,,,,True
2023-11-14,CIPLA,0.0,0.0,1.0,0.25,,,,,True
2023-11-14,INFY,0.0,0.0,1.0,0.25,,,,,True
2023-11-14,DRREDDY,0.0,0.0,1.0,0.25,,,,,True
2023-11-14,HCLTECH,1.0,0.0,0.0,0.4,,,,,True
2023-11-14,TECHM,0.0,0.0,0.0,0.0,,,,,True
2023-11-14,SUNPHARMA,0.0,0.0,0.0,0.0,,,,,True
2023-11-15,ADANIGREEN,,,,,,,,,True
2023-11-15,ASIANPAINT,,,,,,,,,True
2023-11-15,AXISBANK,0.0,0.0,0.0,0.0,,,,,True
2023-11-15,BAJAJ-AUTO,0.0,0.0,1.0,0.25,,,,,True
2023-11-15,HDFCBANK,0.0,0.0,0.0,0.0,,,,,True
2023-11-15,HINDUNILVR,,,,,,,,,True
2023-11-15,ICICIBANK,0.0,0.0,0.0,0.0,,,,,True
2023-11-15,ITC,,,,,,,,,True
2023-11-15,KOTAKBANK,0.0,0.0,0.0,0.0,,,,,True
2023-11-15,M&M,0.0,0.0,0.0,0.0,1.0,0.5,0.0,True,False
2023-11-15,MARUTI,,,,,,,,,True
2023-11-15,NTPC,,,,,,,,,True
2023-11-15,ONGC,-1.0,0.0,0.0,-0.4,,,,,True
2023-11-15,POWERGRID,-1.0,0.0,0.0,-0.4,,,,,True
2023-11-15,RELIANCE,1.0,1.0,0.0,0.75,1.0,1.0,0.0,True,False
2023-11-15,SBIN,-1.0,0.0,0.0,-0.4,1.0,1.0,0.0,True,False
2023-11-15,TATAMOTORS,,,,,,,,,True
2023-11-15,TCS,0.0,0.0,0.0,0.0,1.0,0.5,0.0,True,False
2023-11-15,WIPRO,,,,,,,,,True
2023-11-15,CIPLA,,,,,,,,,True
2023-11-15,INFY,0.0,0.0,1.0,0.25,,,,,True
2023-11-15,DRREDDY,0.0,0.0,1.0,0.25,,,,,True
2023-11-15,HCLTECH,1.0,0.0,0.0,0.4,,,,,True
2023-11-15,TECHM,0.0,0.0,0.0,0.0,,,,,True
2023-11-15,SUNPHARMA,0.0,0.0,0.0,0.0,,,,,True
2023-11-16,ADANIGREEN,,,,,,,,,True
2023-11-16,ASIANPAINT,,,,,,,,,True
2023-11-16,AXISBANK,-0.5,0.0,0.5,-0.075,2.0,0.75,0.0,True,False
2023-11-16,BAJAJ-AUTO,1.0,0.0,0.0,0.4,1.0,1.0,0.0,True,False
2023-11-16,HDFCBANK,0.0,0.0,0.0,0.0,,,,,True
2023-11-16,HINDUNILVR,,,,,,,,,True
2023-11-16,ICICIBANK,0.0,0.0,0.0,0.0,,,,,True
2023-11-16,ITC,0.0,0.0,0.0,0.0,1.0,0.5,0.0,True,False
2023-11-16,KOTAKBANK,0.0,0.0,0.0,0.0,,,,,True
2023-11-16,M&M,0.0,0.0,0.0,0.0,1.0,0.5,0.0,True,False
2023-11-16,MARUTI,,,,,,,,,True
2023-11-16,NTPC,,,,,,,,,True
2023-11-16,ONGC,,,,,,,,,True
2023-11-16,POWERGRID,,,,,,,,,True
2023-11-16,RELIANCE,1.0,1.0,0.0,0.75,,,,,True
2023-11-16,SBIN,-1.0,0.0,0.0,-0.4,,,,,True
2023-11-16,TATAMOTORS,,,,,,,,,True
2023-11-16,TCS,0.0,0.0,0.0,0.0,,,,,True
2023-11-16,WIPRO,-1.0,0.0,0.0,-0.4,1.0,1.0,0.0,True,False
2023-11-16,CIPLA,,,,,,,,,True
2023-11-16,INFY,,,,,,,,,True
2023-11-16,DRREDDY,0.0,0.0,1.0,0.25,,,,,True
2023-11-16,HCLTECH,1.0,0.0,0.0,0.4,,,,,True
2023-11-16,TECHM,0.0,0.0,0.0,0.0,1.0,0.5,0.0,True,False
2023-11-16,SUNPHARMA,0.0,0.0,0.0,0.0,,,,,True
2023-11-17,ADANIGREEN,,,,,,,,,True
2023-11-17,ASIANPAINT,,,,,,,,,True
2023-11-17,AXISBANK,-0.5,0.0,0.5,-0.075,,,,,True
2023-11-17,BAJAJ-AUTO,1.0,0.0,0.0,0.4,,,,,True
2023-11-17,HDFCBANK,0.0,0.0,0.0,0.0,,,,,True
2023-11-17,HINDUNILVR,,,,,,,,,True
2023-11-17,ICICIBANK,0.0,0.0,0.0,0.0,,,,,True
2023-11-17,ITC,0.0,0.0,0.0,0.0,,,,,True
2023-11-17,KOTAKBANK,0.0,0.0,0.0,0.0,,,,,True
2023-11-17,M&M,0.0,0.0,0.0,0.0,,,,,True
2023-11-17,MARUTI,,,,,,,,,True
2023-11-17,NTPC,,,,,,,,,True
2023-11-17,ONGC,,,,,,,,,True
2023-11-17,POWERGRID,,,,,,,,,True
2023-11-17,RELIANCE,1.0,1.0,0.0,0.75,,,,,True
2023-11-17,SBIN,-1.0,0.0,0.0,-0.4,,,,,True
2023-11-17,TATAMOTORS,,,,,,,,,True
2023-11-17,TCS,0.0,0.0,0.0,0.0,,,,,True
2023-11-17,WIPRO,-1.0,0.0,0.0,-0.4,,,,,True
2023-11-17,CIPLA,,,,,,,,,True
2023-11-17,INFY,,,,,,,,,True
2023-11-17,DRREDDY,0.0,0.0,1.0,0.25,,,,,True
2023-11-17,HCLTECH,1.0,0.0,0.0,0.4,,,,,True
2023-11-17,TECHM,0.0,0.0,0.0,0.0,,,,,True
2023-11-17,SUNPHARMA,0.0,0.0,0.0,0.0,,,,,True
2023-11-20,ADANIGREEN,0.0,0.0,1.0,0.25,1.0,0.5,0.0,True,False
2023-11-20,ASIANPAINT,,,,,,,,,True
2023-11-20,AXISBANK,-0.5,0.0,0.5,-0.075,,,,,True
2023-11-20,BAJAJ-AUTO,1.0,0.0,0.0,0.4,,,,,True
2023-11-20,HDFCBANK,0.0,0.0,0.0,0.0,,,,,True
2023-11-20,HINDUNILVR,,,,,,,,,True
2023-11-20,ICICIBANK,0.0,0.0,0.0,0.0,,,,,True
2023-11-20,ITC,0.0,0.0,0.0,0.0,,,,,True
2023-11-20,KOTAKBANK,0.0,0.0,1.0,0.25,1.0,0.5,0.0,True,False
2023-11-20,M&M,0.0,0.0,1.0,0.25,1.0,0.5,0.0,True,False
2023-11-20,MARUTI,,,,,,,,,True
2023-11-20,NTPC,,,,,,,,,True
2023-11-20,ONGC,1.0,1.0,0.0,0.75,1.0,1.0,0.0,True,False
2023-11-20,POWERGRID,0.0,0.0,1.0,0.25,1.0,0.5,0.0,True,False
2023-11-20,RELIANCE,1.0,1.0,0.0,0.75,,,,,True
2023-11-20,SBIN,-1.0,0.0,0.0,-0.4,,,,,True
2023-11-20,TATAMOTORS,0.0,0.0,1.0,0.25,1.0,0.5,0.0,True,False
2023-11-20,TCS,0.0,0.0,0.0,0.0,,,,,True
2023-11-20,WIPRO,0.0,0.0,1.0,0.25,1.0,0.5,0.0,True,False
2023-11-20,CIPLA,0.0,0.0,1.0,0.25,1.0,0.5,0.0,True,False
2023-11-20,INFY,,,,,,,,,True
2023-11-20,DRREDDY,0.0,0.0,1.0,0.25,,,,,True
2023-11-20,HCLTECH,1.0,0.0,0.0,0.4,,,,,True
2023-11-20,TECHM,0.0,0.0,0.0,0.0,,,,,True
2023-11-20,SUNPHARMA,0.0,0.0,0.0,0.0,,,,,True
2023-11-21,ADANIGREEN,0.0,0.0,1.0,0.25,,,,,True
2023-11-21,ASIANPAINT,,,,,,,,,True
2023-11-21,AXISBANK,-0.5,0.0,0.5,-0.075,,,,,True
2023-11-21,BAJAJ-AUTO,1.0,0.0,0.0,0.4,,,,,True
2023-11-21,HDFCBANK,0.0,0.0,0.0,0.0,,,,,True
2023-11-21,HINDUNILVR,,,,,,,,,True
2023-11-21,ICICIBANK,0.0,0.0,0.0,0.0,,,,,True
2023-11-21,ITC,0.0,0.0,1.0,0.25,1.0,0.5,0.0,True,False
2023-11-21,KOTAKBANK,0.0,0.0,1.0,0.25,,,,,True
2023-11-21,M&M,0.0,0.0,1.0,0.25,,,,,True
2023-11-21,MARUTI,,,,,,,,,True
2023-11-21,NTPC,0.0,0.0,1.0,0.25,2.0,0.5,0.0,True,False
2023-11-21,ONGC,1.0,1.0,0.0,0.75,,,,,True
2023-11-21,POWERGRID,0.0,0.0,1.0,0.25,,,,,True
2023-11-21,RELIANCE,1.0,1.0,0.0,0.75,,,,,True
2023-11-21,SBIN,-1.0,0.0,0.0,-0.4,,,,,True
2023-11-21,TATAMOTORS,0.0,0.0,1.0,0.25,1.0,0.5,0.0,True,False
2023-11-21,TCS,0.0,0.0,0.0,0.0,,,,,True
2023-11-21,WIPRO,0.0,0.0,1.0,0.25,,,,,True
2023-11-21,CIPLA,0.0,0.0,1.0,0.25,,,,,True
2023-11-21,INFY,,,,,,,,,True
2023-11-21,DRREDDY,,,,,,,,,True
2023-11-21,HCLTECH,,,,,,,,,True
2023-11-21,TECHM,0.0,0.0,0.0,0.0,,,,,True
2023-11-21,SUNPHARMA,,,,,,,,,True
2023-11-22,ADANIGREEN,0.0,0.0,1.0,0.25,,,,,True
2023-11-22,ASIANPAINT,,,,,,,,,True
2023-11-22,AXISBANK,0.0,0.0,0.0,0.0,1.0,0.5,0.0,True,False
2023-11-22,BAJAJ-AUTO,1.0,0.0,0.0,0.4,,,,,True
2023-11-22,HDFCBANK,0.0,0.0,0.0,0.0,1.0,0.5,0.0,True,False
2023-11-22,HINDUNILVR,,,,,,,,,True
2023-11-22,ICICIBANK,0.0,0.0,0.0,0.0,1.0,0.5,0.0,True,False
2023-11-22,ITC,0.0,0.0,1.0,0.25,,,,,True
2023-11-22,KOTAKBANK,0.0,0.0,0.0,0.0,1.0,0.5,0.0,True,False
2023-11-22,M&M,0.0,0.0,1.0,0.25,,,,,True
2023-11-22,MARUTI,,,,,,,,,True
2023-11-22,NTPC,0.0,0.0,1.0,0.25,,,,,True
2023-11-22,ONGC,1.0,1.0,0.0,0.75,,,,,True
2023-11-22,POWERGRID,0.0,0.0,1.0,0.25,,,,,True
2023-11-22,RELIANCE,1.0,1.0,0.0,0.75,,,,,True
2023-11-22,SBIN,0.0,0.0,0.0,0.0,1.0,0.5,0.0,True,False
2023-11-22,TATAMOTORS,0.0,0.0,1.0,0.25,,,,,True
2023-11-22,TCS,0.0,0.0,0.0,0.0,,,,,True
2023-11-22,WIPRO,0.0,0.0,1.0,0.25,,,,,True
2023-11-22,CIPLA,0.0,0.0,1.0,0.25,,,,,True
2023-11-22,INFY,-1.0,0.0,0.0,-0.4,1.0,1.0,0.0,True,False
2023-11-22,DRREDDY,,,,,,,,,True
2023-11-22,HCLTECH,,,,,,,,,True
2023-11-22,TECHM,0.0,0.0,0.0,0.0,,,,,True
2023-11-22,SUNPHARMA,,,,,,,,,True
2023-11-23,ADANIGREEN,0.0,0.0,1.0,0.25,,,,,True
2023-11-23,ASIANPAINT,1.0,1.0,0.0,0.75,1.0,1.0,0.0,True,False
2023-11-23,AXISBANK,0.0,0.0,0.0,0.0,,,,,True
2023-11-23,BAJAJ-AUTO,1.0,0.0,0.0,0.4,,,,,True
2023-11-23,HDFCBANK,0.0,0.0,0.0,0.0,,,,,True
2023-11-23,HINDUNILVR,-1.0,-1.0,0.0,-0.75,1.0,1.0,0.0,True,False
2023-11-23,ICICIBANK,0.0,0.0,0.0,0.0,,,,,True
2023-11-23,ITC,0.0,0.0,1.0,0.25,,,,,True
2023-11-23,KOTAKBANK,1.0,1.0,0.0,0.75,1.0,1.0,0.0,True,False
2023-11-23,M&M,1.0,1.0,0.0,0.75,2.0,1.0,0.0,False,False
2023-11-23,MARUTI,,,,,,,,,True
2023-11-23,NTPC,0.0,0.0,1.0,0.25,,,,,True
2023-11-23,ONGC,1.0,1.0,0.0,0.75,,,,,True
2023-11-23,POWERGRID,0.0,0.0,1.0,0.25,,,,,True
2023-11-23,RELIANCE,,,,,,,,,True
2023-11-23,SBIN,-1.0,0.0,0.0,-0.4,1.0,1.0,0.0,True,False
2023-11-23,TATAMOTORS,0.0,0.0,1.0,0.25,,,,,True
2023-11-23,TCS,,,,,,,,,True
2023-11-23,WIPRO,0.0,0.0,0.0,0.0,1.0,0.5,0.0,True,False
2023-11-23,CIPLA,0.0,0.0,1.0,0.25,,,,,True
2023-11-23,INFY,-1.0,0.0,0.0,-0.4,,,,,True
2023-11-23,DRREDDY,1.0,1.0,0.0,0.75,1.0,1.0,0.0,True,False
2023-11-23,HCLTECH,,,,,,,,,True
2023-11-23,TECHM,1.0,1.0,0.0,0.75,1.0,1.0,0.0,True,False
2023-11-23,SUNPHARMA,,,,,,,,,True
2023-11-24,ADANIGREEN,0.0,0.0,1.0,0.25,,,,,True
2023-11-24,ASIANPAINT,1.0,1.0,0.0,0.75,,,,,True
2023-11-24,AXISBANK,0.0,0.0,0.0,0.0,,,,,True
2023-11-24,BAJAJ-AUTO,,,,,,,,,True
2023-11-24,HDFCBANK,0.0,0.0,0.0,0.0,,,,,True
2023-11-24,HINDUNILVR,-1.0,-1.0,0.0,-0.75,,,,,True
2023-11-24,ICICIBANK,0.0,0.0,0.0,0.0,,,,,True
2023-11-24,ITC,0.0,0.0,1.0,0.25,,,,,True
2023-11-24,KOTAKBANK,1.0,1.0,0.0,0.75,,,,,True
2023-11-24,M&M,1.0,1.0,0.0,0.75,,,,,True
2023-11-24,MARUTI,,,,,,,,,True
2023-11-24,NTPC,0.0,0.0,1.0,0.25,,,,,True
2023-11-24,ONGC,1.0,1.0,0.0,0.75,,,,,True
2023-11-24,POWERGRID,0.0,0.0,1.0,0.25,,,,,True
2023-11-24,RELIANCE,,,,,,,,,True
2023-11-24,SBIN,-1.0,0.0,0.0,-0.4,,,,,True
2023-11-24,TATAMOTORS,0.0,0.0,1.0,0.25,,,,,True
2023-11-24,TCS,,,,,,,,,True
2023-11-24,WIPRO,0.0,0.0,0.0,0.0,,,,,True
2023-11-24,CIPLA,0.0,0.0,1.0,0.25,,,,,True
2023-11-24,INFY,-1.0,0.0,0.0,-0.4,,,,,True
2023-11-24,DRREDDY,1.0,1.0,0.0,0.75,,,,,True
2023-11-24,HCLTECH,,,,,,,,,True
2023-11-24,TECHM,1.0,1.0,0.0,0.75,,,,,True
2023-11-24,SUNPHARMA,,,,,,,,,True
2023-11-27,ADANIGREEN,0.0,0.0,1.0,0.25,,,,,True
2023-11-27,ASIANPAINT,1.0,1.0,0.0,0.75,,,,,True
2023-11-27,AXISBANK,0.0,0.0,0.0,0.0,,,,,True
2023-11-27,BAJAJ-AUTO,,,,,,,,,True
2023-11-27,HDFCBANK,0.0,0.0,0.0,0.0,,,,,True
2023-11-27,HINDUNILVR,0.0,0.0,0.0,0.0,1.0,0.5,0.0,True,False
2023-11-27,ICICIBANK,0.0,0.0,0.0,0.0,,,,,True
2023-11-27,ITC,0.0,0.0,1.0,0.25,,,,,True
2023-11-27,KOTAKBANK,1.0,1.0,0.0,0.75,,,,,True
2023-11-27,M&M,1.0,1.0,0.0,0.75,,,,,True
2023-11-27,MARUTI,,,,,,,,,True
2023-11-27,NTPC,0.0,0.0,1.0,0.25,,,,,True
2023-11-27,ONGC,1.0,1.0,0.0,0.75,,,,,True
2023-11-27,POWERGRID,0.0,0.0,1.0,0.25,,,,,True
2023-11-27,RELIANCE,,,,,,,,,True
2023-11-27,SBIN,-1.0,0.0,0.0,-0.4,,,,,True
2023-11-27,TATAMOTORS,0.0,0.0,1.0,0.25,,,,,True
2023-11-27,TCS,1.0,0.0,0.0,0.4,1.0,1.0,0.0,True,False
2023-11-27,WIPRO,0.0,0.0,1.0,0.25,1.0,0.5,0.0,True,False
2023-11-27,CIPLA,0.0,0.0,1.0,0.25,,,,,True
2023-11-27,INFY,0.0,0.0,0.0,0.0,1.0,0.5,0.0,True,False
2023-11-27,DRREDDY,1.0,1.0,0.0,0.75,,,,,True
2023-11-27,HCLTECH,,,,,,,,,True
2023-11-27,TECHM,1.0,1.0,0.0,0.75,,,,,True
2023-11-27,SUNPHARMA,,,,,,,,,True
2023-11-28,ADANIGREEN,,,,,,,,,True
2023-11-28,ASIANPAINT,1.0,1.0,0.0,0.75,,,,,True
2023-11-28,AXISBANK,0.0,0.0,0.0,0.0,,,,,True
2023-11-28,BAJAJ-AUTO,0.5,0.0,0.0,0.2,2.0,0.75,0.0,True,False
2023-11-28,HDFCBANK,0.0,0.0,0.0,0.0,1.0,0.5,0.0,True,False
2023-11-28,HINDUNILVR,0.0,0.0,0.0,0.0,,,,,True
2023-11-28,ICICIBANK,0.0,0.0,0.0,0.0,,,,,True
2023-11-28,ITC,0.0,0.0,1.0,0.25,1.0,0.5,0.0,True,False
2023-11-28,KOTAKBANK,1.0,1.0,0.0,0.75,,,,,True
2023-11-28,M&M,1.0,1.0,0.0,0.75,,,,,True
2023-11-28,MARUTI,,,,,,,,,True
2023-11-28,NTPC,0.0,0.0,1.0,0.25,,,,,True
2023-11-28,ONGC,,,,,,,,,True
2023-11-28,POWERGRID,,,,,,,,,True
2023-11-28,RELIANCE,,,,,,,,,True
2023-11-28,SBIN,0.0,0.0,0.0,0.0,1.0,0.5,0.0,True,False
2023-11-28,TATAMOTORS,0.0,0.0,1.0,0.25,,,,,True
2023-11-28,TCS,1.0,0.0,0.0,0.4,,,,,True
2023-11-28,WIPRO,0.0,0.0,1.0,0.25,,,,,True
2023-11-28,CIPLA,,,,,,,,,True
2023-11-28,INFY,0.0,0.0,0.0,0.0,,,,,True
2023-11-28,DRREDDY,1.0,1.0,0.0,0.75,,,,,True
2023-11-28,HCLTECH,,,,,,,,,True
2023-11-28,TECHM,1.0,1.0,0.0,0.75,,,,,True
2023-11-28,SUNPHARMA,,,,,,,,,True
2023-11-29,ADANIGREEN,,,,,,,,,True
2023-11-29,ASIANPAINT,1.0,1.0,0.0,0.75,,,,,True
2023-11-29,AXISBANK,0.0,0.0,0.0,0.0,,,,,True
2023-11-29,BAJAJ-AUTO,0.5,0.0,0.0,0.2,,,,,True
2023-11-29,HDFCBANK,0.0,0.0,0.0,0.0,,,,,True
2023-11-29,HINDUNILVR,0.0,0.0,0.0,0.0,,,,,True
2023-11-29,ICICIBANK,0.0,0.0,0.0,0.0,,,,,True
2023-11-29,ITC,0.0,0.0,1.0,0.25,,,,,True
2023-11-29,KOTAKBANK,1.0,1.0,0.0,0.75,,,,,True
2023-11-29,M&M,1.0,1.0,0.0,0.75,,,,,True
2023-11-29,MARUTI,,,,,,,,,True
2023-11-29,NTPC,,,,,,,,,True
2023-11-29,ONGC,,,,,,,,,True
2023-11-29,POWERGRID,,,,,,,,,True
2023-11-29,RELIANCE,,,,,,,,,True
2023-11-29,SBIN,1.0,0.0,0.0,0.4,1.0,1.0,0.0,True,False
2023-11-29,TATAMOTORS,,,,,,,,,True
2023-11-29,TCS,0.0,0.0,1.0,0.25,1.0,0.5,0.0,True,False
2023-11-29,WIPRO,1.0,0.0,0.0,0.4,2.0,1.0,0.0,False,False
2023-11-29,CIPLA,1.0,1.0,0.0,0.75,1.0,1.0,0.0,True,False
2023-11-29,INFY,0.0,0.0,0.0,0.0,,,,,True
2023-11-29,DRREDDY,1.0,1.0,0.0,0.75,,,,,True
2023-11-29,HCLTECH,,,,,,,,,True
2023-11-29,TECHM,1.0,1.0,0.0,0.75,,,,,True
2023-11-29,SUNPHARMA,,,,,,,,,True
2023-11-30,ADANIGREEN,,,,,,,,,True
2023-11-30,ASIANPAINT,1.0,1.0,0.0,0.75,,,,,True
2023-11-30,AXISBANK,,,,,,,,,True
2023-11-30,BAJAJ-AUTO,1.0,0.0,0.0,0.4,1.0,1.0,0.0,True,False
2023-11-30,HDFCBANK,0.0,0.0,0.0,0.0,,,,,True
2023-11-30,HINDUNILVR,0.0,0.0,0.0,0.0,,,,,True
2023-11-30,ICICIBANK,,,,,,,,,True
2023-11-30,ITC,0.0,0.0,1.0,0.25,,,,,True
2023-11-30,KOTAKBANK,1.0,1.0,0.0,0.75,,,,,True
2023-11-30,M&M,1.0,1.0,0.0,0.75,,,,,True
2023-11-30,MARUTI,,,,,,,,,True
2023-11-30,NTPC,,,,,,,,,True
2023-11-30,ONGC,,,,,,,,,True
2023-11-30,POWERGRID,,,,,,,,,True
2023-11-30,RELIANCE,,,,,,,,,True
2023-11-30,SBIN,1.0,0.0,0.0,0.4,,,,,True
2023-11-30,TATAMOTORS,,,,,,,,,True
2023-11-30,TCS,1.0,1.0,0.0,0.75,1.0,1.0,0.0,True,False
2023-11-30,WIPRO,1.0,0.0,0.0,0.4,,,,,True
2023-11-30,CIPLA,1.0,1.0,0.0,0.75,,,,,True
2023-11-30,INFY,0.0,0.0,0.0,0.0,,,,,True
2023-11-30,DRREDDY,1.0,1.0,0.0,0.75,,,,,True
2023-11-30,HCLTECH,,,,,,,,,True
2023-11-30,TECHM,1.0,1.0,0.0,0.75,,,,,True
2023-11-30,SUNPHARMA,,,,,,,,,True
2023-12-01,ADANIGREEN,,,,,,,,,True
2023-12-01,ASIANPAINT,,,,,,,,,True
2023-12-01,AXISBANK,,,,,,,,,True
2023-12-01,BAJAJ-AUTO,1.0,0.0,0.0,0.4,,,,,True
2023-12-01,HDFCBANK,0.0,0.0,0.0,0.0,,,,,True
2023-12-01,HINDUNILVR,0.0,0.0,0.0,0.0,,,,,True
2023-12-01,ICICIBANK,,,,,,,,,True
2023-12-01,ITC,0.0,0.0,1.0,0.25,,,,,True
2023-12-01,KOTAKBANK,,,,,,,,,True
2023-12-01,M&M,,,,,,,,,True
2023-12-01,MARUTI,,,,,,,,,True
2023-12-01,NTPC,,,,,,,,,True
2023-12-01,ONGC,,,,,,,,,True
2023-12-01,POWERGRID,,,,,,,,,True
2023-12-01,RELIANCE,,,,,,,,,True
2023-12-01,SBIN,1.0,0.0,0.0,0.4,,,,,True
2023-12-01,TATAMOTORS,,,,,,,,,True
2023-12-01,TCS,1.0,1.0,0.0,0.75,,,,,True
2023-12-01,WIPRO,1.0,0.0,0.0,0.4,,,,,True
2023-12-01,CIPLA,1.0,1.0,0.0,0.75,,,,,True
2023-12-01,INFY,0.0,0.0,0.0,0.0,,,,,True
2023-12-01,DRREDDY,,,,,,,,,True
2023-12-01,HCLTECH,,,,,,,,,True
2023-12-01,TECHM,,,,,,,,,True
2023-12-01,SUNPHARMA,,,,,,,,,True
2023-12-04,ADANIGREEN,,,,,,,,,True
2023-12-04,ASIANPAINT,,,,,,,,,True
2023-12-04,AXISBANK,,,,,,,,,True
2023-12-04,BAJAJ-AUTO,1.0,0.0,0.0,0.4,,,,,True
2023-12-04,HDFCBANK,0.0,0.0,0.0,0.0,,,,,True
2023-12-04,HINDUNILVR,0.0,0.0,0.0,0.0,,,,,True
2023-12-04,ICICIBANK,1.0,1.0,0.0,0.75,1.0,1.0,0.0,True,False
2023-12-04,ITC,1.0,0.0,0.0,0.4,1.0,1.0,0.0,True,False
2023-12-04,KOTAKBANK,,,,,,,,,True
2023-12-04,M&M,0.0,0.0,1.0,0.25,1.0,0.5,0.0,True,False
2023-12-04,MARUTI,,,,,,,,,True
2023-12-04,NTPC,,,,,,,,,True
2023-12-04,ONGC,,,,,,,,,True
2023-12-04,POWERGRID,,,,,,,,,True
2023-12-04,RELIANCE,,,,,,,,,True
2023-12-04,SBIN,1.0,0.0,0.0,0.4,,,,,True
2023-12-04,TATAMOTORS,0.0,0.0,0.0,0.0,1.0,0.5,0.0,True,False
2023-12-04,TCS,1.0,1.0,0.0,0.75,,,,,True
2023-12-04,WIPRO,1.0,0.0,0.0,0.4,,,,,True
2023-12-04,CIPLA,0.0,0.0,1.0,0.25,1.0,0.5,0.0,True,False
2023-12-04,INFY,0.0,0.0,0.0,0.0,,,,,True
2023-12-04,DRREDDY,,,,,,,,,True
2023-12-04,HCLTECH,,,,,,,,,True
2023-12-04,TECHM,,,,,,,,,True
2023-12-04,SUNPHARMA,,,,,,,,,True
2023-12-05,ADANIGREEN,,,,,,,,,True
2023-12-05,ASIANPAINT,,,,,,,,,True
2023-12-05,AXISBANK,,,,,,,,,True
2023-12-05,BAJAJ-AUTO,1.0,0.0,0.0,0.4,,,,,True
2023-12-05,HDFCBANK,0.0,0.0,0.0,0.0,,,,,True
2023-12-05,HINDUNILVR,,,,,,,,,True
2023-12-05,ICICIBANK,1.0,1.0,0.0,0.75,,,,,True
2023-12-05,ITC,1.0,0.0,0.0,0.4,,,,,True
2023-12-05,KOTAKBANK,,,,,,,,,True
2023-12-05,M&M,0.0,0.0,1.0,0.25,,,,,True
2023-12-05,MARUTI,,,,,,,,,True
2023-12-05,NTPC,,,,,,,,,True
2023-12-05,ONGC,,,,,,,,,True
2023-12-05,POWERGRID,-1.0,0.0,0.0,-0.4,1.0,1.0,0.0,True,False
2023-12-05,RELIANCE,,,,,,,,,True
2023-12-05,SBIN,0.0,0.0,0.0,0.0,1.0,0.5,0.0,True,False
2023-12-05,TATAMOTORS,0.0,0.0,0.0,0.0,,,,,True
2023-12-05,TCS,1.0,1.0,0.0,0.75,,,,,True
2023-12-05,WIPRO,-1.0,0.0,0.0,-0.4,1.0,1.0,0.0,True,False
2023-12-05,CIPLA,0.0,0.0,1.0,0.25,,,,,True
2023-12-05,INFY,,,,,,,,,True
2023-12-05,DRREDDY,,,,,,,,,True
2023-12-05,HCLTECH,,,,,,,,,True
2023-12-05,TECHM,,,,,,,,,True
2023-12-05,SUNPHARMA,,,,,,,,,True
2023-12-06,ADANIGREEN,,,,,,,,,True
2023-12-06,ASIANPAINT,,,,,,,,,True
2023-12-06,AXISBANK,,,,,,,,,True
2023-12-06,BAJAJ-AUTO,1.0,0.0,0.0,0.4,,,,,True
2023-12-06,HDFCBANK,0.0,0.0,1.0,0.25,1.0,0.5,0.0,True,False
2023-12-06,HINDUNILVR,,,,,,,,,True
2023-12-06,ICICIBANK,1.0,1.0,0.0,0.75,,,,,True
2023-12-06,ITC,0.0,0.0,1.0,0.25,1.0,0.5,0.0,True,False
2023-12-06,KOTAKBANK,,,,,,,,,True
2023-12-06,M&M,0.0,0.0,1.0,0.25,,,,,True
2023-12-06,MARUTI,,,,,,,,,True
2023-12-06,NTPC,,,,,,,,,True
2023-12-06,ONGC,1.0,1.0,0.0,0.75,1.0,1.0,0.0,True,False
2023-12-06,POWERGRID,-1.0,0.0,0.0,-0.4,,,,,True
2023-12-06,RELIANCE,,,,,,,,,True
2023-12-06,SBIN,0.0,0.0,0.0,0.0,,,,,True
2023-12-06,TATAMOTORS,0.0,0.0,0.0,0.0,,,,,True
2023-12-06,TCS,1.0,1.0,0.0,0.75,,,,,True
2023-12-06,WIPRO,-1.0,0.0,0.0,-0.4,,,,,True
2023-12-06,CIPLA,0.0,0.0,1.0,0.25,,,,,True
2023-12-06,INFY,,,,,,,,,True
2023-12-06,DRREDDY,0.0,0.0,0.0,0.0,1.0,0.5,0.0,True,False
2023-12-06,HCLTECH,,,,,,,,,True
2023-12-06,TECHM,,,,,,,,,True
2023-12-06,SUNPHARMA,,,,,,,,,True
2023-12-07,ADANIGREEN,,,,,,,,,True
2023-12-07,ASIANPAINT,,,,,,,,,True
2023-12-07,AXISBANK,0.0,0.0,0.0,0.0,1.0,0.5,0.0,True,False
2023-12-07,BAJAJ-AUTO,0.0,0.0,0.0,0.0,1.0,0.5,0.0,True,False
2023-12-07,HDFCBANK,0.0,0.0,1.0,0.25,,,,,True
2023-12-07,HINDUNILVR,0.0,0.0,1.0,0.25,1.0,0.5,0.0,True,False
2023-12-07,ICICIBANK,1.0,1.0,0.0,0.75,,,,,True
2023-12-07,ITC,0.0,0.0,1.0,0.25,,,,,True
2023-12-07,KOTAKBANK,,,,,,,,,True
2023-12-07,M&M,0.0,0.0,1.0,0.25,,,,,True
2023-12-07,MARUTI,0.0,0.0,1.0,0.25,1.0,0.5,0.0,True,False
2023-12-07,NTPC,,,,,,,,,True
2023-12-07,ONGC,1.0,1.0,0.0,0.75,,,,,True
2023-12-07,POWERGRID,-1.0,0.0,0.0,-0.4,,,,,True
2023-12-07,RELIANCE,,,,,,,,,True
2023-12-07,SBIN,0.0,0.0,0.0,0.0,,,,,True
2023-12-07,TATAMOTORS,0.0,0.0,0.0,0.0,,,,,True
2023-12-07,TCS,1.0,1.0,0.0,0.75,,,,,True
2023-12-07,WIPRO,-1.0,0.0,0.0,-0.4,,,,,True
2023-12-07,CIPLA,0.0,0.0,1.0,0.25,,,,,True
2023-12-07,INFY,,,,,,,,,True
2023-12-07,DRREDDY,0.0,0.0,0.0,0.0,,,,,True
2023-12-07,HCLTECH,0.0,0.0,0.0,0.0,1.0,0.5,0.0,True,False
2023-12-07,TECHM,,,,,,,,,True
2023-12-07,SUNPHARMA,,,,,,,,,True
2023-12-08,ADANIGREEN,,,,,,,,,True
2023-12-08,ASIANPAINT,,,,,,,,,True
2023-12-08,AXISBANK,0.0,0.0,0.0,0.0,,,,,True
2023-12-08,BAJAJ-AUTO,0.0,0.0,0.0,0.0,,,,,True
2023-12-08,HDFCBANK,0.0,0.0,1.0,0.25,,,,,True
2023-12-08,HINDUNILVR,0.0,0.0,1.0,0.25,,,,,True
2023-12-08,ICICIBANK,1.0,1.0,0.0,0.75,,,,,True
2023-12-08,ITC,0.0,0.0,1.0,0.25,,,,,True
2023-12-08,KOTAKBANK,,,,,,,,,True
2023-12-08,M&M,0.0,0.0,1.0,0.25,,,,,True
2023-12-08,MARUTI,0.0,0.0,1.0,0.25,,,,,True
2023-12-08,NTPC,,,,,,,,,True
2023-12-08,ONGC,1.0,1.0,0.0,0.75,,,,,True
2023-12-08,POWERGRID,-1.0,0.0,0.0,-0.4,,,,,True
2023-12-08,RELIANCE,,,,,,,,,True
2023-12-08,SBIN,0.0,0.0,0.0,0.0,,,,,True
2023-12-08,TATAMOTORS,0.0,0.0,0.0,0.0,,,,,True
2023-12-08,TCS,,,,,,,,,True
2023-12-08,WIPRO,-1.0,0.0,0.0,-0.4,,,,,True
2023-12-08,CIPLA,0.0,0.0,1.0,0.25,,,,,True
2023-12-08,INFY,,,,,,,,,True
2023-12-08,DRREDDY,0.0,0.0,0.0,0.0,,,,,True
2023-12-08,HCLTECH,0.0,0.0,0.0,0.0,,,,,True
2023-12-08,TECHM,,,,,,,,,True
2023-12-08,SUNPHARMA,,,,,,,,,True
2023-12-11,ADANIGREEN,,,,,,,,,True
2023-12-11,ASIANPAINT,1.0,1.0,0.0,0.75,1.0,1.0,0.0,True,False
2023-12-11,AXISBANK,0.0,0.0,0.0,0.0,,,,,True
2023-12-11,BAJAJ-AUTO,0.0,0.0,0.0,0.0,,,,,True
2023-12-11,HDFCBANK,0.0,0.0,1.0,0.25,,,,,True
2023-12-11,HINDUNILVR,-1.0,-1.0,0.0,-0.75,1.0,1.0,0.0,True,False
2023-12-11,ICICIBANK,1.0,1.0,0.0,0.75,,,,,True
2023-12-11,ITC,0.0,0.0,1.0,0.25,,,,,True
2023-12-11,KOTAKBANK,,,,,,,,,True
2023-12-11,M&M,0.0,0.0,1.0,0.25,,,,,True
2023-12-11,MARUTI,0.0,0.0,1.0,0.25,,,,,True
2023-12-11,NTPC,,,,,,,,,True
2023-12-11,ONGC,1.0,1.0,0.0,0.75,,,,,True
2023-12-11,POWERGRID,-1.0,0.0,0.0,-0.4,,,,,True
2023-12-11,RELIANCE,,,,,,,,,True
2023-12-11,SBIN,0.0,0.0,0.0,0.0,,,,,True
2023-12-11,TATAMOTORS,0.0,0.0,0.0,0.0,,,,,True
2023-12-11,TCS,,,,,,,,,True
2023-12-11,WIPRO,-1.0,0.0,0.0,-0.4,,,,,True
2023-12-11,CIPLA,0.0,0.0,1.0,0.25,,,,,True
2023-12-11,INFY,,,,,,,,,True
2023-12-11,DRREDDY,0.0,0.0,0.0,0.0,,,,,True
2023-12-11,HCLTECH,0.0,0.0,0.5,0.125,2.0,0.5,0.0,True,False
2023-12-11,TECHM,,,,,,,,,True
2023-12-11,SUNPHARMA,,,,,,,,,True
2023-12-12,ADANIGREEN,,,,,,,,,True
2023-12-12,ASIANPAINT,0.3333,0.3333,0.6667,0.4167,3.0,0.6667,0.0,True,False
2023-12-12,AXISBANK,0.0,0.0,0.0,0.0,,,,,True
2023-12-12,BAJAJ-AUTO,0.0,0.0,1.0,0.25,1.0,0.5,0.0,True,False
2023-12-12,HDFCBANK,0.0,0.0,1.0,0.25,1.0,0.5,0.0,True,False
2023-12-12,HINDUNILVR,0.0,0.0,1.0,0.25,1.0,0.5,0.0,True,False
2023-12-12,ICICIBANK,,,,,,,,,True
2023-12-12,ITC,0.0,0.0,1.0,0.25,,,,,True
2023-12-12,KOTAKBANK,,,,,,,,,True
2023-12-12,M&M,,,,,,,,,True
2023-12-12,MARUTI,0.0,0.0,1.0,0.25,,,,,True
2023-12-12,NTPC,,,,,,,,,True
2023-12-12,ONGC,1.0,1.0,0.0,0.75,,,,,True
2023-12-12,POWERGRID,-1.0,0.0,0.0,-0.4,,,,,True
2023-12-12,RELIANCE,1.0,1.0,0.0,0.75,1.0,1.0,0.0,True,False
2023-12-12,SBIN,0.0,0.0,0.0,0.0,,,,,True
2023-12-12,TATAMOTORS,1.0,0.0,0.0,0.4,1.0,1.0,0.0,True,False
2023-12-12,TCS,,,,,,,,,True
2023-12-12,WIPRO,-1.0,0.0,0.0,-0.4,,,,,True
2023-12-12,CIPLA,,,,,,,,,True
2023-12-12,INFY,,,,,,,,,True
2023-12-12,DRREDDY,0.0,0.0,0.0,0.0,,,,,True
2023-12-12,HCLTECH,0.0,0.0,0.5,0.125,,,,,True
2023-12-12,TECHM,,,,,,,,,True
2023-12-12,SUNPHARMA,,,,,,,,,True
2023-12-13,ADANIGREEN,,,,,,,,,True
2023-12-13,ASIANPAINT,0.3333,0.3333,0.6667,0.4167,,,,,True
2023-12-13,AXISBANK,0.0,0.0,0.0,0.0,1.0,0.5,0.0,True,False
2023-12-13,BAJAJ-AUTO,0.0,0.0,1.0,0.25,,,,,True
2023-12-13,HDFCBANK,0.0,0.0,0.0,0.0,1.0,0.5,0.0,True,False
2023-12-13,HINDUNILVR,0.0,0.0,1.0,0.25,,,,,True
2023-12-13,ICICIBANK,0.0,0.0,0.0,0.0,1.0,0.5,0.0,True,False
2023-12-13,ITC,0.0,0.0,1.0,0.25,,,,,True
2023-12-13,KOTAKBANK,-0.0,0.0,0.0,-0.0,2.0,1.0,0.5,False,False
2023-12-13,M&M,-0.0,0.0,0.0,-0.0,2.0,1.0,0.5,False,False
2023-12-13,MARUTI,0.0,0.0,1.0,0.25,,,,,True
2023-12-13,NTPC,,,,,,,,,True
2023-12-13,ONGC,1.0,1.0,0.0,0.75,,,,,True
2023-12-13,POWERGRID,,,,,,,,,True
2023-12-13,RELIANCE,1.0,1.0,0.0,0.75,1.0,1.0,0.0,True,False
2023-12-13,SBIN,0.0,0.0,0.0,0.0,1.0,0.5,0.0,True,False
2023-12-13,TATAMOTORS,1.0,0.0,0.0,0.4,,,,,True
2023-12-13,TCS,,,,,,,,,True
2023-12-13,WIPRO,,,,,,,,,True
2023-12-13,CIPLA,,,,,,,,,True
2023-12-13,INFY,,,,,,,,,True
2023-12-13,DRREDDY,0.0,0.0,0.0,0.0,,,,,True
2023-12-13,HCLTECH,0.0,0.0,0.5,0.125,,,,,True
2023-12-13,TECHM,,,,,,,,,True
2023-12-13,SUNPHARMA,,,,,,,,,True
2023-12-14,ADANIGREEN,,,,,,,,,True
2023-12-14,ASIANPAINT,0.3333,0.3333,0.6667,0.4167,,,,,True
2023-12-14,AXISBANK,0.0,0.0,0.0,0.0,1.0,0.5,0.0,True,False
2023-12-14,BAJAJ-AUTO,0.0,0.0,0.0,0.0,1.0,0.5,0.0,True,False
2023-12-14,HDFCBANK,0.0,0.0,0.0,0.0,1.0,0.5,0.0,True,False
2023-12-14,HINDUNILVR,0.0,0.0,0.0,0.0,1.0,0.5,0.0,True,False
2023-12-14,ICICIBANK,0.0,0.0,0.0,0.0,1.0,0.5,0.0,True,False
2023-12-14,ITC,,,,,,,,,True
2023-12-14,KOTAKBANK,0.0,0.0,0.0,0.0,1.0,0.5,0.0,True,False
2023-12-14,M&M,-0.0,0.0,0.0,-0.0,,,,,True
2023-12-14,MARUTI,0.0,0.0,1.0,0.25,,,,,True
2023-12-14,NTPC,1.0,0.5,1.0,0.825,2.0,1.0,0.0,False,False
2023-12-14,ONGC,,,,,,,,,True
2023-12-14,POWERGRID,,,,,,,,,True
2023-12-14,RELIANCE,1.0,1.0,0.0,0.75,,,,,True
2023-12-14,SBIN,0.0,0.0,0.0,0.0,1.0,0.5,0.0,True,False
2023-12-14,TATAMOTORS,1.0,0.0,0.0,0.4,,,,,True
2023-12-14,TCS,,,,,,,,,True
2023-12-14,WIPRO,0.0,0.0,1.0,0.25,1.0,0.5,0.0,True,False
2023-12-14,CIPLA,,,,,,,,,True
2023-12-14,INFY,0.0,0.0,1.0,0.25,1.0,0.5,0.0,True,False
2023-12-14,DRREDDY,1.0,0.0,0.0,0.4,1.0,1.0,0.0,True,False
2023-12-14,HCLTECH,0.0,0.0,0.5,0.125,,,,,True
2023-12-14,TECHM,,,,,,,,,True
2023-12-14,SUNPHARMA,,,,,,,,,True
2023-12-15,ADANIGREEN,,,,,,,,,True
2023-12-15,ASIANPAINT,0.3333,0.3333,0.6667,0.4167,,,,,True
2023-12-15,AXISBANK,0.0,0.0,0.0,0.0,,,,,True
2023-12-15,BAJAJ-AUTO,0.0,0.0,0.0,0.0,,,,,True
2023-12-15,HDFCBANK,0.0,0.0,0.0,0.0,,,,,True
2023-12-15,HINDUNILVR,0.0,0.0,0.0,0.0,,,,,True
2023-12-15,ICICIBANK,0.0,0.0,0.0,0.0,,,,,True
2023-12-15,ITC,,,,,,,,,True
2023-12-15,KOTAKBANK,0.0,0.0,0.0,0.0,,,,,True
2023-12-15,M&M,-0.0,0.0,0.0,-0.0,,,,,True
2023-12-15,MARUTI,,,,,,,,,True
2023-12-15,NTPC,1.0,0.5,1.0,0.825,,,,,True
2023-12-15,ONGC,,,,,,,,,True
2023-12-15,POWERGRID,,,,,,,,,True
2023-12-15,RELIANCE,1.0,1.0,0.0,0.75,,,,,True
2023-12-15,SBIN,0.0,0.0,0.0,0.0,,,,,True
2023-12-15,TATAMOTORS,1.0,0.0,0.0,0.4,,,,,True
2023-12-15,TCS,,,,,,,,,True
2023-12-15,WIPRO,0.0,0.0,1.0,0.25,,,,,True
2023-12-15,CIPLA,,,,,,,,,True
2023-12-15,INFY,0.0,0.0,1.0,0.25,,,,,True
2023-12-15,DRREDDY,1.0,0.0,0.0,0.4,,,,,True
2023-12-15,HCLTECH,0.0,0.0,0.5,0.125,,,,,True
2023-12-15,TECHM,,,,,,,,,True
2023-12-15,SUNPHARMA,,,,,,,,,True
2023-12-18,ADANIGREEN,,,,,,,,,True
2023-12-18,ASIANPAINT,0.3333,0.3333,0.6667,0.4167,,,,,True
2023-12-18,AXISBANK,0.0,0.0,1.0,0.25,1.0,0.5,0.0,True,False
2023-12-18,BAJAJ-AUTO,0.0,0.0,0.0,0.0,,,,,True
2023-12-18,HDFCBANK,0.0,0.0,1.0,0.25,1.0,0.5,0.0,True,False
2023-12-18,HINDUNILVR,0.0,0.0,0.0,0.0,,,,,True
2023-12-18,ICICIBANK,0.0,0.0,0.0,0.0,,,,,True
2023-12-18,ITC,,,,,,,,,True
2023-12-18,KOTAKBANK,0.0,0.0,0.0,0.0,,,,,True
2023-12-18,M&M,0.0,0.0,0.0,0.0,1.0,0.5,0.0,True,False
2023-12-18,MARUTI,,,,,,,,,True
2023-12-18,NTPC,1.0,1.0,1.0,1.0,1.0,1.0,0.0,True,False
2023-12-18,ONGC,,,,,,,,,True
2023-12-18,POWERGRID,,,,,,,,,True
2023-12-18,RELIANCE,0.0,0.0,1.0,0.25,1.0,0.5,0.0,True,False
2023-12-18,SBIN,1.0,0.0,0.0,0.4,1.0,1.0,0.0,True,False
2023-12-18,TATAMOTORS,0.0,0.0,1.0,0.25,1.0,0.5,0.0,True,False
2023-12-18,TCS,,,,,,,,,True
2023-12-18,WIPRO,0.0,0.0,1.0,0.25,,,,,True
2023-12-18,CIPLA,0.0,0.0,0.0,0.0,1.0,0.5,0.0,True,False
2023-12-18,INFY,-1.0,0.0,0.0,-0.4,1.0,1.0,0.0,True,False
2023-12-18,DRREDDY,1.0,0.0,0.0,0.4,,,,,True
2023-12-18,HCLTECH,0.0,0.0,0.5,0.125,,,,,True
2023-12-18,TECHM,,,,,,,,,True
2023-12-18,SUNPHARMA,,,,,,,,,True
2023-12-19,ADANIGREEN,0.0,0.0,1.0,0.25,1.0,0.5,0.0,True,False
2023-12-19,ASIANPAINT,0.3333,0.3333,0.6667,0.4167,,,,,True
2023-12-19,AXISBANK,0.0,0.0,0.0,0.0,1.0,0.5,0.0,True,False
2023-12-19,BAJAJ-AUTO,0.0,0.0,0.0,0.0,,,,,True
2023-12-19,HDFCBANK,0.0,0.0,0.0,0.0,1.0,0.5,0.0,True,False
2023-12-19,HINDUNILVR,0.0,0.0,0.0,0.0,1.0,0.5,0.0,True,False
2023-12-19,ICICIBANK,0.7143,0.5,0.0,0.4607,2.0,0.75,0.0,True,False
2023-12-19,ITC,,,,,,,,,True
2023-12-19,KOTAKBANK,0.0,0.0,0.0,0.0,1.0,0.5,0.0,True,False
2023-12-19,M&M,0.0,0.0,0.0,0.0,,,,,True
2023-12-19,MARUTI,,,,,,,,,True
2023-12-19,NTPC,1.0,1.0,1.0,1.0,,,,,True
2023-12-19,ONGC,,,,,,,,,True
2023-12-19,POWERGRID,,,,,,,,,True
2023-12-19,RELIANCE,0.0,0.0,1.0,0.25,,,,,True
2023-12-19,SBIN,-0.7143,0.0,0.0,-0.2857,2.0,0.75,0.0,True,False
2023-12-19,TATAMOTORS,0.0,0.0,1.0,0.25,,,,,True
2023-12-19,TCS,,,,,,,,,True
2023-12-19,WIPRO,0.0,0.0,1.0,0.25,,,,,True
2023-12-19,CIPLA,0.0,0.0,0.0,0.0,,,,,True
2023-12-19,INFY,0.0,0.0,0.0,0.0,1.0,0.5,0.0,True,False
2023-12-19,DRREDDY,1.0,0.0,0.0,0.4,,,,,True
2023-12-19,HCLTECH,0.0,0.0,1.0,0.25,1.0,0.5,0.0,True,False
2023-12-19,TECHM,,,,,,,,,True
2023-12-19,SUNPHARMA,,,,,,,,,True
2023-12-20,ADANIGREEN,0.0,0.0,1.0,0.25,1.0,0.5,0.0,True,False
2023-12-20,ASIANPAINT,,,,,,,,,True
2023-12-20,AXISBANK,0.0,0.0,0.0,0.0,,,,,True
2023-12-20,BAJAJ-AUTO,0.0,0.0,0.0,0.0,,,,,True
2023-12-20,HDFCBANK,0.0,0.0,0.0,0.0,,,,,True
2023-12-20,HINDUNILVR,0.0,0.0,0.0,0.0,,,,,True
2023-12-20,ICICIBANK,0.0,0.0,1.0,0.25,1.0,0.5,0.0,True,False
2023-12-20,ITC,,,,,,,,,True
2023-12-20,KOTAKBANK,0.0,0.0,0.0,0.0,,,,,True
2023-12-20,M&M,1.0,1.0,0.0,0.75,1.0,1.0,0.0,True,False
2023-12-20,MARUTI,1.0,0.0,0.0,0.4,1.0,1.0,0.0,True,False
2023-12-20,NTPC,1.0,1.0,1.0,1.0,,,,,True
2023-12-20,ONGC,,,,,,,,,True
2023-12-20,POWERGRID,,,,,,,,,True
2023-12-20,RELIANCE,0.0,0.0,1.0,0.25,,,,,True
2023-12-20,SBIN,-0.7143,0.0,0.0,-0.2857,,,,,True
2023-12-20,TATAMOTORS,0.0,0.0,1.0,0.25,,,,,True
2023-12-20,TCS,,,,,,,,,True
2023-12-20,WIPRO,-1.0,0.0,0.0,-0.4,1.0,1.0,0.0,True,False
2023-12-20,CIPLA,0.0,0.0,0.0,0.0,,,,,True
2023-12-20,INFY,0.0,0.0,0.0,0.0,,,,,True
2023-12-20,DRREDDY,1.0,0.0,0.0,0.4,,,,,True
2023-12-20,HCLTECH,0.0,0.0,1.0,0.25,,,,,True
2023-12-20,TECHM,1.0,1.0,0.0,0.75,1.0,1.0,0.0,True,False
2023-12-20,SUNPHARMA,,,,,,,,,True
2023-12-21,ADANIGREEN,0.0,0.0,1.0,0.25,,,,,True
2023-12-21,ASIANPAINT,,,,,,,,,True
2023-12-21,AXISBANK,0.0,0.0,0.0,0.0,,,,,True
2023-12-21,BAJAJ-AUTO,0.0,0.0,0.0,0.0,,,,,True
2023-12-21,HDFCBANK,0.0,0.0,0.0,0.0,,,,,True
2023-12-21,HINDUNILVR,0.0,0.0,0.0,0.0,,,,,True
2023-12-21,ICICIBANK,0.0,0.0,1.0,0.25,1.0,0.5,0.0,True,False
2023-12-21,ITC,,,,,,,,,True
2023-12-21,KOTAKBANK,0.0,0.0,0.0,0.0,,,,,True
2023-12-21,M&M,1.0,1.0,0.0,0.75,,,,,True
2023-12-21,MARUTI,1.0,0.0,0.0,0.4,,,,,True
2023-12-21,NTPC,1.0,1.0,1.0,1.0,,,,,True
2023-12-21,ONGC,,,,,,,,,True
2023-12-21,POWERGRID,1.0,1.0,0.0,0.75,1.0,1.0,0.0,True,False
2023-12-21,RELIANCE,0.0,0.0,1.0,0.25,,,,,True
2023-12-21,SBIN,-0.7143,0.0,0.0,-0.2857,,,,,True
2023-12-21,TATAMOTORS,0.0,0.0,1.0,0.25,,,,,True
2023-12-21,TCS,,,,,,,,,True
2023-12-21,WIPRO,-1.0,0.0,0.0,-0.4,,,,,True
2023-12-21,CIPLA,0.0,0.0,0.0,0.0,,,,,True
2023-12-21,INFY,0.0,0.0,0.0,0.0,,,,,True
2023-12-21,DRREDDY,1.0,0.0,0.0,0.4,,,,,True
2023-12-21,HCLTECH,1.0,0.0,0.0,0.4,1.0,1.0,0.0,True,False
2023-12-21,TECHM,1.0,1.0,0.0,0.75,,,,,True
2023-12-21,SUNPHARMA,,,,,,,,,True
2023-12-22,ADANIGREEN,0.0,0.0,1.0,0.25,,,,,True
2023-12-22,ASIANPAINT,,,,,,,,,True
2023-12-22,AXISBANK,0.0,0.0,0.0,0.0,,,,,True
2023-12-22,BAJAJ-AUTO,,,,,,,,,True
2023-12-22,HDFCBANK,0.0,0.0,0.0,0.0,,,,,True
2023-12-22,HINDUNILVR,0.0,0.0,0.0,0.0,,,,,True
2023-12-22,ICICIBANK,0.0,0.0,1.0,0.25,,,,,True
2023-12-22,ITC,,,,,,,,,True
2023-12-22,KOTAKBANK,0.0,0.0,0.0,0.0,,,,,True
2023-12-22,M&M,1.0,1.0,0.0,0.75,,,,,True
2023-12-22,MARUTI,1.0,0.0,0.0,0.4,,,,,True
2023-12-22,NTPC,1.0,1.0,1.0,1.0,,,,,True
2023-12-22,ONGC,,,,,,,,,True
2023-12-22,POWERGRID,1.0,1.0,0.0,0.75,,,,,True
2023-12-22,RELIANCE,0.0,0.0,1.0,0.25,,,,,True
2023-12-22,SBIN,-0.7143,0.0,0.0,-0.2857,,,,,True
2023-12-22,TATAMOTORS,0.0,0.0,1.0,0.25,,,,,True
2023-12-22,TCS,,,,,,,,,True
2023-12-22,WIPRO,-1.0,0.0,0.0,-0.4,,,,,True
2023-12-22,CIPLA,0.0,0.0,0.0,0.0,,,,,True
2023-12-22,INFY,0.0,0.0,0.0,0.0,,,,,True
2023-12-22,DRREDDY,,,,,,,,,True
2023-12-22,HCLTECH,1.0,0.0,0.0,0.4,,,,,True
2023-12-22,TECHM,1.0,1.0,0.0,0.75,,,,,True
2023-12-22,SUNPHARMA,,,,,,,,,True
2023-12-25,ADANIGREEN,0.0,0.0,1.0,0.25,1.0,0.5,0.0,True,False
2023-12-25,ASIANPAINT,,,,,,,,,True
2023-12-25,AXISBANK,1.0,1.0,0.0,0.75,1.0,1.0,0.0,True,False
2023-12-25,BAJAJ-AUTO,,,,,,,,,True
2023-12-25,HDFCBANK,0.0,0.0,0.0,0.0,,,,,True
2023-12-25,HINDUNILVR,0.0,0.0,0.0,0.0,,,,,True
2023-12-25,ICICIBANK,0.0,0.0,1.0,0.25,,,,,True
2023-12-25,ITC,-1.0,0.0,0.0,-0.4,1.0,1.0,0.0,True,False
2023-12-25,KOTAKBANK,0.0,0.0,1.0,0.25,1.0,0.5,0.0,True,False
2023-12-25,M&M,0.25,0.25,0.75,0.375,4.0,0.625,0.0,True,False
2023-12-25,MARUTI,1.0,0.0,0.0,0.4,,,,,True
2023-12-25,NTPC,1.0,1.0,1.0,1.0,,,,,True
2023-12-25,ONGC,0.0,0.0,1.0,0.25,1.0,0.5,0.0,True,False
2023-12-25,POWERGRID,1.0,1.0,0.0,0.75,,,,,True
2023-12-25,RELIANCE,0.0,0.0,1.0,0.25,1.0,0.5,0.0,True,False
2023-12-25,SBIN,0.0,0.0,1.0,0.25,1.0,0.5,0.0,True,False
2023-12-25,TATAMOTORS,0.0,0.0,1.0,0.25,,,,,True
2023-12-25,TCS,,,,,,,,,True
2023-12-25,WIPRO,-1.0,0.0,0.0,-0.4,,,,,True
2023-12-25,CIPLA,0.0,0.0,0.0,0.0,,,,,True
2023-12-25,INFY,0.0,0.0,0.0,0.0,,,,,True
2023-12-25,DRREDDY,1.0,0.0,0.0,0.4,1.0,1.0,0.0,True,False
2023-12-25,HCLTECH,0.0,0.0,1.0,0.25,1.0,0.5,0.0,True,False
2023-12-25,TECHM,0.0,0.0,1.0,0.25,1.0,0.5,0.0,True,False
2023-12-25,SUNPHARMA,1.0,1.0,0.0,0.75,1.0,1.0,0.0,True,False
2023-12-26,ADANIGREEN,0.0,0.0,1.0,0.25,,,,,True
2023-12-26,ASIANPAINT,,,,,,,,,True
2023-12-26,AXISBANK,1.0,1.0,0.0,0.75,,,,,True
2023-12-26,BAJAJ-AUTO,,,,,,,,,True
2023-12-26,HDFCBANK,0.0,0.0,0.0,0.0,,,,,True
2023-12-26,HINDUNILVR,0.0,0.0,0.0,0.0,,,,,True
2023-12-26,ICICIBANK,0.0,0.0,1.0,0.25,,,,,True
2023-12-26,ITC,-1.0,0.0,0.0,-0.4,,,,,True
2023-12-26,KOTAKBANK,0.0,0.0,1.0,0.25,,,,,True
2023-12-26,M&M,0.25,0.25,0.75,0.375,,,,,True
2023-12-26,MARUTI,0.0,0.0,1.0,0.25,1.0,0.5,0.0,True,False
2023-12-26,NTPC,0.0,0.0,1.0,0.25,1.0,0.5,0.0,True,False
2023-12-26,ONGC,1.0,1.0,0.0,0.75,1.0,1.0,0.0,True,False
2023-12-26,POWERGRID,1.0,1.0,0.0,0.75,,,,,True
2023-12-26,RELIANCE,0.0,0.0,1.0,0.25,,,,,True
2023-12-26,SBIN,0.0,0.0,1.0,0.25,,,,,True
2023-12-26,TATAMOTORS,,,,,,,,,True
2023-12-26,TCS,,,,,,,,,True
2023-12-26,WIPRO,-1.0,0.0,0.0,-0.4,,,,,True
2023-12-26,CIPLA,,,,,,,,,True
2023-12-26,INFY,0.0,0.0,0.0,0.0,,,,,True
2023-12-26,DRREDDY,-1.0,0.0,0.0,-0.4,1.0,1.0,0.0,True,False
2023-12-26,HCLTECH,0.0,0.0,1.0,0.25,,,,,True
2023-12-26,TECHM,0.0,0.0,1.0,0.25,,,,,True
2023-12-26,SUNPHARMA,0.5,0.5,0.0,0.375,2.0,0.75,0.0,True,False
2023-12-27,ADANIGREEN,0.0,0.0,1.0,0.25,,,,,True
2023-12-27,ASIANPAINT,1.0,0.0,0.0,0.4,1.0,1.0,0.0,True,False
2023-12-27,AXISBANK,1.0,1.0,0.0,0.75,,,,,True
2023-12-27,BAJAJ-AUTO,,,,,,,,,True
2023-12-27,HDFCBANK,,,,,,,,,True
2023-12-27,HINDUNILVR,,,,,,,,,True
2023-12-27,ICICIBANK,0.0,0.0,1.0,0.25,,,,,True
2023-12-27,ITC,-1.0,0.0,0.0,-0.4,,,,,True
2023-12-27,KOTAKBANK,0.0,0.0,1.0,0.25,,,,,True
2023-12-27,M&M,0.25,0.25,0.75,0.375,,,,,True
2023-12-27,MARUTI,0.0,0.0,1.0,0.25,,,,,True
2023-12-27,NTPC,0.0,0.0,1.0,0.25,,,,,True
2023-12-27,ONGC,1.0,1.0,0.0,0.75,,,,,True
2023-12-27,POWERGRID,1.0,1.0,0.0,0.75,,,,,True
2023-12-27,RELIANCE,1.0,1.0,0.0,0.75,1.0,1.0,0.0,True,False
2023-12-27,SBIN,0.0,0.0,1.0,0.25,,,,,True
2023-12-27,TATAMOTORS,,,,,,,,,True
2023-12-27,TCS,,,,,,,,,True
2023-12-27,WIPRO,-1.0,0.0,0.0,-0.4,,,,,True
2023-12-27,CIPLA,,,,,,,,,True
2023-12-27,INFY,,,,,,,,,True
2023-12-27,DRREDDY,-1.0,0.0,0.0,-0.4,,,,,True
2023-12-27,HCLTECH,0.0,0.0,1.0,0.25,,,,,True
2023-12-27,TECHM,0.0,0.0,1.0,0.25,,,,,True
2023-12-27,SUNPHARMA,0.5,0.5,0.0,0.375,,,,,True
2023-12-28,ADANIGREEN,0.0,0.0,1.0,0.25,,,,,True
2023-12-28,ASIANPAINT,1.0,0.0,0.0,0.4,,,,,True
2023-12-28,AXISBANK,1.0,1.0,0.0,0.75,,,,,True
2023-12-28,BAJAJ-AUTO,,,,,,,,,True
2023-12-28,HDFCBANK,,,,,,,,,True
2023-12-28,HINDUNILVR,,,,,,,,,True
2023-12-28,ICICIBANK,0.0,0.0,1.0,0.25,,,,,True
2023-12-28,ITC,-1.0,0.0,0.0,-0.4,,,,,True
2023-12-28,KOTAKBANK,1.0,0.0,0.0,0.4,1.0,1.0,0.0,True,False
2023-12-28,M&M,1.0,0.0,0.0,0.4,1.0,1.0,0.0,True,False
2023-12-28,MARUTI,0.0,0.0,1.0,0.25,,,,,True
2023-12-28,NTPC,0.0,0.0,1.0,0.25,,,,,True
2023-12-28,ONGC,1.0,1.0,0.0,0.75,,,,,True
2023-12-28,POWERGRID,1.0,1.0,0.0,0.75,,,,,True
2023-12-28,RELIANCE,1.0,1.0,0.0,0.75,,,,,True
2023-12-28,SBIN,0.0,0.0,1.0,0.25,,,,,True
2023-12-28,TATAMOTORS,0.0,0.0,1.0,0.25,1.0,0.5,0.0,True,False
2023-12-28,TCS,,,,,,,,,True
2023-12-28,WIPRO,,,,,,,,,True
2023-12-28,CIPLA,,,,,,,,,True
2023-12-28,INFY,1.0,0.0,0.0,0.4,1.0,1.0,0.0,True,False
2023-12-28,DRREDDY,-1.0,0.0,0.0,-0.4,,,,,True
2023-12-28,HCLTECH,0.0,0.0,1.0,0.25,,,,,True
2023-12-28,TECHM,0.0,0.0,1.0,0.25,,,,,True
2023-12-28,SUNPHARMA,0.5,0.5,0.0,0.375,,,,,True
2023-12-29,ADANIGREEN,0.0,0.0,1.0,0.25,,,,,True
2023-12-29,ASIANPAINT,1.0,0.0,0.0,0.4,,,,,True
2023-12-29,AXISBANK,1.0,1.0,0.0,0.75,,,,,True
2023-12-29,BAJAJ-AUTO,,,,,,,,,True
2023-12-29,HDFCBANK,,,,,,,,,True
2023-12-29,HINDUNILVR,,,,,,,,,True
2023-12-29,ICICIBANK,,,,,,,,,True
2023-12-29,ITC,-1.0,0.0,0.0,-0.4,,,,,True
2023-12-29,KOTAKBANK,1.0,0.0,0.0,0.4,,,,,True
2023-12-29,M&M,1.0,0.0,0.0,0.4,,,,,True
2023-12-29,MARUTI,0.0,0.0,1.0,0.25,,,,,True
2023-12-29,NTPC,0.0,0.0,1.0,0.25,,,,,True
2023-12-29,ONGC,1.0,1.0,0.0,0.75,,,,,True
2023-12-29,POWERGRID,,,,,,,,,True
2023-12-29,RELIANCE,1.0,1.0,0.0,0.75,,,,,True
2023-12-29,SBIN,0.0,0.0,1.0,0.25,,,,,True
2023-12-29,TATAMOTORS,0.0,0.0,1.0,0.25,,,,,True
2023-12-29,TCS,,,,,,,,,True
2023-12-29,WIPRO,,,,,,,,,True
2023-12-29,CIPLA,,,,,,,,,True
2023-12-29,INFY,1.0,0.0,0.0,0.4,,,,,True
2023-12-29,DRREDDY,-1.0,0.0,0.0,-0.4,,,,,True
2023-12-29,HCLTECH,0.0,0.0,1.0,0.25,,,,,True
2023-12-29,TECHM,0.0,0.0,1.0,0.25,,,,,True
2023-12-29,SUNPHARMA,0.5,0.5,0.0,0.375,,,,,True
2024-01-01,ADANIGREEN,0.0,0.0,1.0,0.25,,,,,True
2024-01-01,ASIANPAINT,1.0,0.0,0.0,0.4,,,,,True
2024-01-01,AXISBANK,1.0,1.0,0.0,0.75,,,,,True
2024-01-01,BAJAJ-AUTO,,,,,,,,,True
2024-01-01,HDFCBANK,,,,,,,,,True
2024-01-01,HINDUNILVR,,,,,,,,,True
2024-01-01,ICICIBANK,,,,,,,,,True
2024-01-01,ITC,0.0,0.0,1.0,0.25,1.0,0.5,0.0,True,False
2024-01-01,KOTAKBANK,1.0,0.0,0.0,0.4,,,,,True
2024-01-01,M&M,0.0,0.0,0.0,0.0,1.0,0.5,0.0,True,False
2024-01-01,MARUTI,0.0,0.0,1.0,0.25,1.0,0.5,0.0,True,False
2024-01-01,NTPC,0.0,0.0,1.0,0.25,,,,,True
2024-01-01,ONGC,1.0,1.0,0.0,0.75,,,,,True
2024-01-01,POWERGRID,,,,,,,,,True
2024-01-01,RELIANCE,1.0,1.0,0.0,0.75,,,,,True
2024-01-01,SBIN,0.0,0.0,1.0,0.25,1.0,0.5,0.0,True,False
2024-01-01,TATAMOTORS,0.5,0.0,0.0,0.2,2.0,0.75,0.0,True,False
2024-01-01,TCS,,,,,,,,,True
2024-01-01,WIPRO,,,,,,,,,True
2024-01-01,CIPLA,,,,,,,,,True
2024-01-01,INFY,1.0,0.0,0.0,0.4,,,,,True
2024-01-01,DRREDDY,-1.0,0.0,0.0,-0.4,,,,,True
2024-01-01,HCLTECH,0.0,0.0,1.0,0.25,,,,,True
2024-01-01,TECHM,0.0,0.0,0.0,0.0,1.0,0.5,0.0,True,False
2024-01-01,SUNPHARMA,0.5,0.5,0.0,0.375,,,,,True
2024-01-02,ADANIGREEN,-1.0,-1.0,1.0,-0.5,1.0,1.0,0.0,True,False
2024-01-02,ASIANPAINT,1.0,0.0,0.0,0.4,,,,,True
2024-01-02,AXISBANK,,,,,,,,,True
2024-01-02,BAJAJ-AUTO,,,,,,,,,True
2024-01-02,HDFCBANK,,,,,,,,,True
2024-01-02,HINDUNILVR,,,,,,,,,True
2024-01-02,ICICIBANK,,,,,,,,,True
2024-01-02,ITC,1.0,1.0,0.0,0.75,1.0,1.0,0.0,True,False
2024-01-02,KOTAKBANK,1.0,0.0,0.0,0.4,,,,,True
2024-01-02,M&M,0.0,0.0,0.0,0.0,,,,,True
2024-01-02,MARUTI,0.0,0.0,1.0,0.25,,,,,True
2024-01-02,NTPC,0.0,0.0,1.0,0.25,,,,,True
2024-01-02,ONGC,1.0,1.0,0.0,0.75,,,,,True
2024-01-02,POWERGRID,,,,,,,,,True
2024-01-02,RELIANCE,1.0,1.0,0.0,0.75,,,,,True
2024-01-02,SBIN,0.0,0.0,1.0,0.25,,,,,True
2024-01-02,TATAMOTORS,0.5,0.0,0.0,0.2,,,,,True
2024-01-02,TCS,,,,,,,,,True
2024-01-02,WIPRO,,,,,,,,,True
2024-01-02,CIPLA,,,,,,,,,True
2024-01-02,INFY,1.0,0.0,0.0,0.4,,,,,True
2024-01-02,DRREDDY,-1.0,0.0,0.0,-0.4,,,,,True
2024-01-02,HCLTECH,,,,,,,,,True
2024-01-02,TECHM,0.0,0.0,0.0,0.0,,,,,True
2024-01-02,SUNPHARMA,0.5,0.5,0.0,0.375,,,,,True
2024-01-03,ADANIGREEN,-1.0,-1.0,1.0,-0.5,,,,,True
2024-01-03,ASIANPAINT,1.0,0.0,0.0,0.4,1.0,1.0,0.0,True,False
2024-01-03,AXISBANK,,,,,,,,,True
2024-01-03,BAJAJ-AUTO,,,,,,,,,True
2024-01-03,HDFCBANK,,,,,,,,,True
2024-01-03,HINDUNILVR,,,,,,,,,True
2024-01-03,ICICIBANK,,,,,,,,,True
2024-01-03,ITC,1.0,1.0,0.0,0.75,,,,,True
2024-01-03,KOTAKBANK,1.0,0.0,0.0,0.4,,,,,True
2024-01-03,M&M,0.0,0.0,0.0,0.0,,,,,True
2024-01-03,MARUTI,0.0,0.0,1.0,0.25,,,,,True
2024-01-03,NTPC,,,,,,,,,True
2024-01-03,ONGC,,,,,,,,,True
2024-01-03,POWERGRID,,,,,,,,,True
2024-01-03,RELIANCE,1.0,0.0,0.0,0.4,1.0,1.0,0.0,True,False
2024-01-03,SBIN,0.0,0.0,1.0,0.25,,,,,True
2024-01-03,TATAMOTORS,0.5,0.0,0.0,0.2,,,,,True
2024-01-03,TCS,,,,,,,,,True
2024-01-03,WIPRO,,,,,,,,,True
2024-01-03,CIPLA,,,,,,,,,True
2024-01-03,INFY,1.0,0.0,0.0,0.4,,,,,True
2024-01-03,DRREDDY,0.0,0.0,0.0,0.0,1.0,0.5,0.0,True,False
2024-01-03,HCLTECH,1.0,1.0,0.0,0.75,1.0,1.0,0.0,True,False
2024-01-03,TECHM,0.0,0.0,0.0,0.0,,,,,True
2024-01-03,SUNPHARMA,,,,,,,,,True
2024-01-04,ADANIGREEN,-1.0,-1.0,1.0,-0.5,,,,,True
2024-01-04,ASIANPAINT,1.0,0.0,0.0,0.4,,,,,True
2024-01-04,AXISBANK,,,,,,,,,True
2024-01-04,BAJAJ-AUTO,,,,,,,,,True
2024-01-04,HDFCBANK,,,,,,,,,True
2024-01-04,HINDUNILVR,,,,,,,,,True
2024-01-04,ICICIBANK,,,,,,,,,True
2024-01-04,ITC,1.0,1.0,0.0,0.75,,,,,True
2024-01-04,KOTAKBANK,1.0,0.0,0.0,0.4,,,,,True
2024-01-04,M&M,0.0,0.0,0.0,0.0,,,,,True
2024-01-04,MARUTI,0.0,0.0,1.0,0.25,,,,,True
2024-01-04,NTPC,,,,,,,,,True
2024-01-04,ONGC,0.0,0.0,1.0,0.25,1.0,0.5,0.0,True,False
2024-01-04,POWERGRID,,,,,,,,,True
2024-01-04,RELIANCE,1.0,0.0,0.0,0.4,,,,,True
2024-01-04,SBIN,0.0,0.0,1.0,0.25,,,,,True
2024-01-04,TATAMOTORS,0.5,0.0,0.0,0.2,,,,,True
2024-01-04,TCS,0.0,0.0,1.0,0.25,1.0,0.5,0.0,True,False
2024-01-04,WIPRO,,,,,,,,,True
2024-01-04,CIPLA,,,,,,,,,True
2024-01-04,INFY,1.0,0.0,0.0,0.4,,,,,True
2024-01-04,DRREDDY,0.0,0.0,0.0,0.0,,,,,True
2024-01-04,HCLTECH,1.0,1.0,0.0,0.75,,,,,True
2024-01-04,TECHM,0.0,0.0,0.0,0.0,,,,,True
2024-01-04,SUNPHARMA,,,,,,,,,True
2024-01-05,ADANIGREEN,-1.0,-1.0,1.0,-0.5,,,,,True
2024-01-05,ASIANPAINT,1.0,0.0,0.0,0.4,,,,,True
2024-01-05,AXISBANK,,,,,,,,,True
2024-01-05,BAJAJ-AUTO,,,,,,,,,True
2024-01-05,HDFCBANK,,,,,,,,,True
2024-01-05,HINDUNILVR,,,,,,,,,True
2024-01-05,ICICIBANK,,,,,,,,,True
2024-01-05,ITC,1.0,1.0,0.0,0.75,,,,,True
2024-01-05,KOTAKBANK,,,,,,,,,True
2024-01-05,M&M,0.0,0.0,0.0,0.0,,,,,True
2024-01-05,MARUTI,0.0,0.0,1.0,0.25,,,,,True
2024-01-05,NTPC,,,,,,,,,True
2024-01-05,ONGC,0.0,0.0,1.0,0.25,,,,,True
2024-01-05,POWERGRID,,,,,,,,,True
2024-01-05,RELIANCE,1.0,0.0,0.0,0.4,,,,,True
2024-01-05,SBIN,0.0,0.0,1.0,0.25,,,,,True
2024-01-05,TATAMOTORS,0.5,0.0,0.0,0.2,,,,,True
2024-01-05,TCS,0.0,0.0,1.0,0.25,,,,,True
2024-01-05,WIPRO,,,,,,,,,True
2024-01-05,CIPLA,,,,,,,,,True
2024-01-05,INFY,,,,,,,,,True
2024-01-05,DRREDDY,0.0,0.0,0.0,0.0,,,,,True
2024-01-05,HCLTECH,1.0,1.0,0.0,0.75,,,,,True
2024-01-05,TECHM,0.0,0.0,0.0,0.0,,,,,True
2024-01-05,SUNPHARMA,,,,,,,,,True
2024-01-08,ADANIGREEN,-1.0,-1.0,1.0,-0.5,,,,,True
2024-01-08,ASIANPAINT,1.0,0.0,0.0,0.4,,,,,True
2024-01-08,AXISBANK,,,,,,,,,True
2024-01-08,BAJAJ-AUTO,1.0,0.0,0.0,0.4,1.0,1.0,0.0,True,False
2024-01-08,HDFCBANK,,,,,,,,,True
2024-01-08,HINDUNILVR,1.0,1.0,0.0,0.75,1.0,1.0,0.0,True,False
2024-01-08,ICICIBANK,,,,,,,,,True
2024-01-08,ITC,1.0,1.0,0.0,0.75,,,,,True
2024-01-08,KOTAKBANK,,,,,,,,,True
2024-01-08,M&M,0.0,0.0,0.0,0.0,,,,,True
2024-01-08,MARUTI,0.0,0.0,1.0,0.25,,,,,True
2024-01-08,NTPC,,,,,,,,,True
2024-01-08,ONGC,0.0,0.0,1.0,0.25,1.0,0.5,0.0,True,False
2024-01-08,POWERGRID,,,,,,,,,True
2024-01-08,RELIANCE,1.0,0.0,0.0,0.4,,,,,True
2024-01-08,SBIN,0.0,0.0,1.0,0.25,,,,,True
2024-01-08,TATAMOTORS,0.5,0.0,0.0,0.2,,,,,True
2024-01-08,TCS,0.0,0.0,0.0,0.0,1.0,0.5,0.0,True,False
2024-01-08,WIPRO,,,,,,,,,True
2024-01-08,CIPLA,,,,,,,,,True
2024-01-08,INFY,,,,,,,,,True
2024-01-08,DRREDDY,0.0,0.0,0.0,0.0,,,,,True
2024-01-08,HCLTECH,1.0,1.0,0.0,0.75,,,,,True
2024-01-08,TECHM,0.0,0.0,0.0,0.0,,,,,True
2024-01-08,SUNPHARMA,,,,,,,,,True
2024-01-09,ADANIGREEN,0.0,0.0,1.0,0.25,1.0,0.5,0.0,True,False
2024-01-09,ASIANPAINT,0.0,0.0,0.0,0.0,2.0,1.0,0.5,False,False
2024-01-09,AXISBANK,1.0,1.0,0.0,0.75,1.0,1.0,0.0,True,False
2024-01-09,BAJAJ-AUTO,1.0,0.0,0.0,0.4,,,,,True
2024-01-09,HDFCBANK,,,,,,,,,True
2024-01-09,HINDUNILVR,1.0,1.0,0.0,0.75,,,,,True
2024-01-09,ICICIBANK,,,,,,,,,True
2024-01-09,ITC,1.0,1.0,0.0,0.75,,,,,True
2024-01-09,KOTAKBANK,,,,,,,,,True
2024-01-09,M&M,,,,,,,,,True
2024-01-09,MARUTI,0.0,0.0,0.0,0.0,1.0,0.5,0.0,True,False
2024-01-09,NTPC,,,,,,,,,True
2024-01-09,ONGC,0.0,0.0,1.0,0.25,,,,,True
2024-01-09,POWERGRID,,,,,,,,,True
2024-01-09,RELIANCE,1.0,0.0,0.0,0.4,,,,,True
2024-01-09,SBIN,,,,,,,,,True
2024-01-09,TATAMOTORS,,,,,,,,,True
2024-01-09,TCS,0.0,0.0,0.0,0.0,,,,,True
2024-01-09,WIPRO,,,,,,,,,True
2024-01-09,CIPLA,,,,,,,,,True
2024-01-09,INFY,,,,,,,,,True
2024-01-09,DRREDDY,0.0,0.0,0.0,0.0,,,,,True
2024-01-09,HCLTECH,1.0,1.0,0.0,0.75,,,,,True
2024-01-09,TECHM,,,,,,,,,True
2024-01-09,SUNPHARMA,,,,,,,,,True
2024-01-10,ADANIGREEN,0.0,0.0,1.0,0.25,,,,,True
2024-01-10,ASIANPAINT,0.0,0.0,0.0,0.0,,,,,True
2024-01-10,AXISBANK,1.0,0.0,0.0,0.4,1.0,1.0,0.0,True,False
2024-01-10,BAJAJ-AUTO,1.0,0.0,0.0,0.4,,,,,True
2024-01-10,HDFCBANK,1.0,1.0,0.0,0.75,1.0,1.0,0.0,True,False
2024-01-10,HINDUNILVR,1.0,1.0,0.0,0.75,1.0,1.0,0.0,True,False
2024-01-10,ICICIBANK,,,,,,,,,True
2024-01-10,ITC,,,,,,,,,True
2024-01-10,KOTAKBANK,,,,,,,,,True
2024-01-10,M&M,1.0,1.0,0.0,0.75,1.0,1.0,0.0,True,False
2024-01-10,MARUTI,0.0,0.0,0.0,0.0,1.0,0.5,0.0,True,False
2024-01-10,NTPC,,,,,,,,,True
2024-01-10,ONGC,0.0,0.0,1.0,0.25,,,,,True
2024-01-10,POWERGRID,0.5,0.0,0.0,0.2,2.0,0.75,0.0,True,False
2024-01-10,RELIANCE,1.0,0.0,0.0,0.4,,,,,True
2024-01-10,SBIN,0.0,0.0,0.0,0.0,1.0,0.5,0.0,True,False
2024-01-10,TATAMOTORS,0.0,0.0,0.0,0.0,1.0,0.5,0.0,True,False
2024-01-10,TCS,0.0,0.0,0.0,0.0,,,,,True
2024-01-10,WIPRO,0.0,0.0,0.0,0.0,1.0,0.5,0.0,True,False
2024-01-10,CIPLA,-1.0,0.0,0.0,-0.4,1.0,1.0,0.0,True,False
2024-01-10,INFY,,,,,,,,,True
2024-01-10,DRREDDY,0.0,0.0,0.0,0.0,,,,,True
2024-01-10,HCLTECH,1.0,1.0,0.0,0.75,,,,,True
2024-01-10,TECHM,,,,,,,,,True
2024-01-10,SUNPHARMA,,,,,,,,,True
2024-01-11,ADANIGREEN,0.0,0.0,1.0,0.25,,,,,True
2024-01-11,ASIANPAINT,1.0,0.0,0.0,0.4,1.0,1.0,0.0,True,False
2024-01-11,AXISBANK,1.0,0.0,0.0,0.4,,,,,True
2024-01-11,BAJAJ-AUTO,1.0,0.0,0.0,0.4,,,,,True
2024-01-11,HDFCBANK,1.0,1.0,0.0,0.75,,,,,True
2024-01-11,HINDUNILVR,1.0,1.0,0.0,0.75,,,,,True
2024-01-11,ICICIBANK,,,,,,,,,True
2024-01-11,ITC,,,,,,,,,True
2024-01-11,KOTAKBANK,,,,,,,,,True
2024-01-11,M&M,1.0,1.0,0.0,0.75,,,,,True
2024-01-11,MARUTI,0.0,0.0,0.0,0.0,,,,,True
2024-01-11,NTPC,,,,,,,,,True
2024-01-11,ONGC,0.0,0.0,1.0,0.25,1.0,0.5,0.0,True,False
2024-01-11,POWERGRID,0.5,0.0,0.0,0.2,,,,,True
2024-01-11,RELIANCE,,,,,,,,,True
2024-01-11,SBIN,0.0,0.0,0.0,0.0,,,,,True
2024-01-11,TATAMOTORS,0.0,0.0,1.0,0.25,1.0,0.5,0.0,True,False
2024-01-11,TCS,0.0,0.0,0.0,0.0,,,,,True
2024-01-11,WIPRO,0.0,0.0,0.0,0.0,,,,,True
2024-01-11,CIPLA,0.0,0.0,0.0,0.0,1.0,0.5,0.0,True,False
2024-01-11,INFY,0.0,0.0,1.0,0.25,1.0,0.5,0.0,True,False
2024-01-11,DRREDDY,,,,,,,,,True
2024-01-11,HCLTECH,,,,,,,,,True
2024-01-11,TECHM,,,,,,,,,True
2024-01-11,SUNPHARMA,,,,,,,,,True
2024-01-12,ADANIGREEN,0.0,0.0,1.0,0.25,,,,,True
2024-01-12,ASIANPAINT,1.0,0.0,0.0,0.4,,,,,True
2024-01-12,AXISBANK,1.0,0.0,0.0,0.4,,,,,True
2024-01-12,BAJAJ-AUTO,1.0,0.0,0.0,0.4,,,,,True
2024-01-12,HDFCBANK,1.0,1.0,0.0,0.75,,,,,True
2024-01-12,HINDUNILVR,1.0,1.0,0.0,0.75,,,,,True
2024-01-12,ICICIBANK,,,,,,,,,True
2024-01-12,ITC,,,,,,,,,True
2024-01-12,KOTAKBANK,,,,,,,,,True
2024-01-12,M&M,1.0,1.0,0.0,0.75,,,,,True
2024-01-12,MARUTI,0.0,0.0,0.0,0.0,,,,,True
2024-01-12,NTPC,,,,,,,,,True
2024-01-12,ONGC,0.0,0.0,1.0,0.25,,,,,True
2024-01-12,POWERGRID,0.5,0.0,0.0,0.2,,,,,True
2024-01-12,RELIANCE,,,,,,,,,True
2024-01-12,SBIN,0.0,0.0,0.0,0.0,,,,,True
2024-01-12,TATAMOTORS,0.0,0.0,1.0,0.25,,,,,True
2024-01-12,TCS,0.0,0.0,0.0,0.0,,,,,True
2024-01-12,WIPRO,0.0,0.0,0.0,0.0,,,,,True
2024-01-12,CIPLA,0.0,0.0,0.0,0.0,,,,,True
2024-01-12,INFY,0.0,0.0,1.0,0.25,,,,,True
2024-01-12,DRREDDY,,,,,,,,,True
2024-01-12,HCLTECH,,,,,,,,,True
2024-01-12,TECHM,,,,,,,,,True
2024-01-12,SUNPHARMA,,,,,,,,,True
2024-01-15,ADANIGREEN,0.0,0.0,1.0,0.25,,,,,True
2024-01-15,ASIANPAINT,1.0,0.0,0.0,0.4,,,,,True
2024-01-15,AXISBANK,1.0,0.0,0.0,0.4,,,,,True
2024-01-15,BAJAJ-AUTO,1.0,0.0,0.0,0.4,,,,,True
2024-01-15,HDFCBANK,1.0,1.0,0.0,0.75,,,,,True
2024-01-15,HINDUNILVR,1.0,1.0,0.0,0.75,,,,,True
2024-01-15,ICICIBANK,,,,,,,,,True
2024-01-15,ITC,,,,,,,,,True
2024-01-15,KOTAKBANK,,,,,,,,,True
2024-01-15,M&M,1.0,1.0,0.0,0.75,,,,,True
2024-01-15,MARUTI,0.0,0.0,0.0,0.0,,,,,True
2024-01-15,NTPC,,,,,,,,,True
2024-01-15,ONGC,0.0,0.0,1.0,0.25,,,,,True
2024-01-15,POWERGRID,0.5,0.0,0.0,0.2,,,,,True
2024-01-15,RELIANCE,,,,,,,,,True
2024-01-15,SBIN,0.0,0.0,0.0,0.0,,,,,True
2024-01-15,TATAMOTORS,0.0,0.0,1.0,0.25,,,,,True
2024-01-15,TCS,0.0,0.0,1.0,0.25,1.0,0.5,0.0,True,False
2024-01-15,WIPRO,0.0,0.0,0.0,0.0,,,,,True
2024-01-15,CIPLA,0.0,0.0,0.0,0.0,,,,,True
2024-01-15,INFY,0.0,0.0,1.0,0.25,,,,,True
2024-01-15,DRREDDY,,,,,,,,,True
2024-01-15,HCLTECH,,,,,,,,,True
2024-01-15,TECHM,,,,,,,,,True
2024-01-15,SUNPHARMA,,,,,,,,,True
2024-01-16,ADANIGREEN,1.0,1.0,1.0,1.0,1.0,1.0,0.0,True,False
2024-01-16,ASIANPAINT,1.0,1.0,0.0,0.75,1.0,1.0,0.0,True,False
2024-01-16,AXISBANK,1.0,0.0,0.0,0.4,,,,,True
2024-01-16,BAJAJ-AUTO,0.0,0.0,1.0,0.25,1.0,0.5,0.0,True,False
2024-01-16,HDFCBANK,1.0,1.0,0.0,0.75,,,,,True
2024-01-16,HINDUNILVR,1.0,1.0,0.0,0.75,,,,,True
2024-01-16,ICICIBANK,,,,,,,,,True
2024-01-16,ITC,0.0,0.0,0.0,0.0,1.0,0.5,0.0,True,False
2024-01-16,KOTAKBANK,0.0,0.0,1.0,0.25,1.0,0.5,0.0,True,False
2024-01-16,M&M,0.0,0.0,1.0,0.25,1.0,0.5,0.0,True,False
2024-01-16,MARUTI,0.0,0.0,0.0,0.0,,,,,True
2024-01-16,NTPC,,,,,,,,,True
2024-01-16,ONGC,0.0,0.0,1.0,0.25,,,,,True
2024-01-16,POWERGRID,0.5,0.0,0.0,0.2,,,,,True
2024-01-16,RELIANCE,,,,,,,,,True
2024-01-16,SBIN,0.0,0.0,0.0,0.0,1.0,0.5,0.0,True,False
2024-01-16,TATAMOTORS,0.0,0.0,1.0,0.25,,,,,True
2024-01-16,TCS,0.0,0.0,1.0,0.25,,,,,True
2024-01-16,WIPRO,0.0,0.0,0.0,0.0,,,,,True
2024-01-16,CIPLA,0.0,0.0,0.0,0.0,,,,,True
2024-01-16,INFY,0.0,0.0,1.0,0.25,,,,,True
2024-01-16,DRREDDY,0.0,0.0,1.0,0.25,1.0,0.5,0.0,True,False
2024-01-16,HCLTECH,,,,,,,,,True
2024-01-16,TECHM,,,,,,,,,True
2024-01-16,SUNPHARMA,,,,,,,,,True
2024-01-17,ADANIGREEN,-1.0,-1.0,1.0,-0.5,1.0,1.0,0.0,True,False
2024-01-17,ASIANPAINT,1.0,1.0,0.0,0.75,,,,,True
2024-01-17,AXISBANK,1.0,0.0,0.0,0.4,,,,,True
2024-01-17,BAJAJ-AUTO,0.0,0.0,1.0,0.25,,,,,True
2024-01-17,HDFCBANK,1.0,1.0,0.0,0.75,,,,,True
2024-01-17,HINDUNILVR,1.0,1.0,0.0,0.75,,,,,True
2024-01-17,ICICIBANK,,,,,,,,,True
2024-01-17,ITC,0.0,0.0,0.0,0.0,,,,,True
2024-01-17,KOTAKBANK,1.0,1.0,0.0,0.75,1.0,1.0,0.0,True,False
2024-01-17,M&M,1.0,1.0,0.0,0.75,2.0,1.0,0.0,False,False
2024-01-17,MARUTI,0.0,0.0,0.0,0.0,,,,,True
2024-01-17,NTPC,,,,,,,,,True
2024-01-17,ONGC,0.0,0.0,1.0,0.25,,,,,True
2024-01-17,POWERGRID,0.5,0.0,0.0,0.2,,,,,True
2024-01-17,RELIANCE,,,,,,,,,True
2024-01-17,SBIN,0.0,0.0,0.0,0.0,,,,,True
2024-01-17,TATAMOTORS,0.0,0.0,1.0,0.25,,,,,True
2024-01-17,TCS,0.0,0.0,0.0,0.0,1.0,0.5,0.0,True,False
2024-01-17,WIPRO,0.0,0.0,0.0,0.0,,,,,True
2024-01-17,CIPLA,0.0,0.0,0.0,0.0,,,,,True
2024-01-17,INFY,0.0,0.0,1.0,0.25,,,,,True
2024-01-17,DRREDDY,0.0,0.0,1.0,0.25,,,,,True
2024-01-17,HCLTECH,,,,,,,,,True
2024-01-17,TECHM,,,,,,,,,True
2024-01-17,SUNPHARMA,,,,,,,,,True
2024-01-18,ADANIGREEN,-1.0,-1.0,1.0,-0.5,,,,,True
2024-01-18,ASIANPAINT,1.0,1.0,0.0,0.75,,,,,True
2024-01-18,AXISBANK,,,,,,,,,True
2024-01-18,BAJAJ-AUTO,0.0,0.0,1.0,0.25,,,,,True
2024-01-18,HDFCBANK,,,,,,,,,True
2024-01-18,HINDUNILVR,,,,,,,,,True
2024-01-18,ICICIBANK,,,,,,,,,True
2024-01-18,ITC,0.0,0.0,0.0,0.0,,,,,True
2024-01-18,KOTAKBANK,1.0,1.0,0.0,0.75,,,,,True
2024-01-18,M&M,1.0,1.0,0.0,0.75,,,,,True
2024-01-18,MARUTI,,,,,,,,,True
2024-01-18,NTPC,,,,,,,,,True
2024-01-18,ONGC,0.0,0.0,1.0,0.25,,,,,True
2024-01-18,POWERGRID,-1.0,0.0,0.0,-0.4,1.0,1.0,0.0,True,False
2024-01-18,RELIANCE,,,,,,,,,True
2024-01-18,SBIN,0.0,0.0,1.0,0.25,1.0,0.5,0.0,True,False
2024-01-18,TATAMOTORS,0.0,0.0,1.0,0.25,,,,,True
2024-01-18,TCS,0.0,0.0,0.0,0.0,,,,,True
2024-01-18,WIPRO,,,,,,,,,True
2024-01-18,CIPLA,0.0,0.0,0.0,0.0,,,,,True
2024-01-18,INFY,0.0,0.0,1.0,0.25,,,,,True
2024-01-18,DRREDDY,0.0,0.0,1.0,0.25,,,,,True
2024-01-18,HCLTECH,,,,,,,,,True
2024-01-18,TECHM,,,,,,,,,True
2024-01-18,SUNPHARMA,,,,,,,,,True
2024-01-19,ADANIGREEN,-1.0,-1.0,1.0,-0.5,,,,,True
2024-01-19,ASIANPAINT,1.0,1.0,0.0,0.75,,,,,True
2024-01-19,AXISBANK,,,,,,,,,True
2024-01-19,BAJAJ-AUTO,0.0,0.0,1.0,0.25,,,,,True
2024-01-19,HDFCBANK,,,,,,,,,True
2024-01-19,HINDUNILVR,,,,,,,,,True
2024-01-19,ICICIBANK,,,,,,,,,True
2024-01-19,ITC,0.0,0.0,0.0,0.0,,,,,True
2024-01-19,KOTAKBANK,1.0,1.0,0.0,0.75,,,,,True
2024-01-19,M&M,1.0,1.0,0.0,0.75,,,,,True
2024-01-19,MARUTI,,,,,,,,,True
2024-01-19,NTPC,,,,,,,,,True
2024-01-19,ONGC,,,,,,,,,True
2024-01-19,POWERGRID,-1.0,0.0,0.0,-0.4,,,,,True
2024-01-19,RELIANCE,,,,,,,,,True
2024-01-19,SBIN,0.0,0.0,1.0,0.25,,,,,True
2024-01-19,TATAMOTORS,,,,,,,,,True
2024-01-19,TCS,0.0,0.0,0.0,0.0,,,,,True
2024-01-19,WIPRO,,,,,,,,,True
2024-01-19,CIPLA,,,,,,,,,True
2024-01-19,INFY,,,,,,,,,True
2024-01-19,DRREDDY,0.0,0.0,1.0,0.25,,,,,True
2024-01-19,HCLTECH,,,,,,,,,True
2024-01-19,TECHM,,,,,,,,,True
2024-01-19,SUNPHARMA,,,,,,,,,True
2024-01-22,ADANIGREEN,-1.0,-1.0,1.0,-0.5,,,,,True
2024-01-22,ASIANPAINT,1.0,1.0,0.0,0.75,,,,,True
2024-01-22,AXISBANK,,,,,,,,,True
2024-01-22,BAJAJ-AUTO,0.0,0.0,1.0,0.25,,,,,True
2024-01-22,HDFCBANK,,,,,,,,,True
2024-01-22,HINDUNILVR,,,,,,,,,True
2024-01-22,ICICIBANK,,,,,,,,,True
2024-01-22,ITC,-0.3333,0.0,0.0,-0.1333,3.0,0.6667,0.0,True,False
2024-01-22,KOTAKBANK,1.0,1.0,0.0,0.75,,,,,True
2024-01-22,M&M,1.0,1.0,0.0,0.75,,,,,True
2024-01-22,MARUTI,,,,,,,,,True
2024-01-22,NTPC,,,,,,,,,True
2024-01-22,ONGC,,,,,,,,,True
2024-01-22,POWERGRID,-1.0,0.0,0.0,-0.4,,,,,True
2024-01-22,RELIANCE,,,,,,,,,True
2024-01-22,SBIN,0.0,0.0,1.0,0.25,,,,,True
2024-01-22,TATAMOTORS,1.0,1.0,0.0,0.75,1.0,1.0,0.0,True,False
2024-01-22,TCS,0.0,0.0,0.5,0.125,2.0,0.5,0.0,True,False
2024-01-22,WIPRO,,,,,,,,,True
2024-01-22,CIPLA,,,,,,,,,True
2024-01-22,INFY,0.0,0.0,1.0,0.25,1.0,0.5,0.0,True,False
2024-01-22,DRREDDY,0.0,0.0,1.0,0.25,,,,,True
2024-01-22,HCLTECH,,,,,,,,,True
2024-01-22,TECHM,,,,,,,,,True
2024-01-22,SUNPHARMA,,,,,,,,,True
2024-01-23,ADANIGREEN,-1.0,-1.0,1.0,-0.5,,,,,True
2024-01-23,ASIANPAINT,1.0,1.0,0.0,0.75,,,,,True
2024-01-23,AXISBANK,,,,,,,,,True
2024-01-23,BAJAJ-AUTO,0.0,0.0,1.0,0.25,,,,,True
2024-01-23,HDFCBANK,,,,,,,,,True
2024-01-23,HINDUNILVR,,,,,,,,,True
2024-01-23,ICICIBANK,,,,,,,,,True
2024-01-23,ITC,0.0,0.0,0.0,0.0,1.0,0.5,0.0,True,False
2024-01-23,KOTAKBANK,1.0,1.0,0.0,0.75,,,,,True
2024-01-23,M&M,1.0,1.0,0.0,0.75,,,,,True
2024-01-23,MARUTI,,,,,,,,,True
2024-01-23,NTPC,,,,,,,,,True
2024-01-23,ONGC,,,,,,,,,True
2024-01-23,POWERGRID,-1.0,0.0,0.0,-0.4,,,,,True
2024-01-23,RELIANCE,,,,,,,,,True
2024-01-23,SBIN,0.0,0.0,1.0,0.25,,,,,True
2024-01-23,TATAMOTORS,1.0,1.0,0.0,0.75,,,,,True
2024-01-23,TCS,0.0,0.0,0.5,0.125,,,,,True
2024-01-23,WIPRO,,,,,,,,,True
2024-01-23,CIPLA,1.0,0.0,0.0,0.4,1.0,1.0,0.0,True,False
2024-01-23,INFY,0.0,0.0,1.0,0.25,,,,,True
2024-01-23,DRREDDY,1.0,1.0,0.0,0.75,1.0,1.0,0.0,True,False
2024-01-23,HCLTECH,,,,,,,,,True
2024-01-23,TECHM,,,,,,,,,True
2024-01-23,SUNPHARMA,,,,,,,,,True
2024-01-24,ADANIGREEN,-1.0,-1.0,1.0,-0.5,,,,,True
2024-01-24,ASIANPAINT,,,,,,,,,True
2024-01-24,AXISBANK,,,,,,,,,True
2024-01-24,BAJAJ-AUTO,,,,,,,,,True
2024-01-24,HDFCBANK,,,,,,,,,True
2024-01-24,HINDUNILVR,,,,,,,,,True
2024-01-24,ICICIBANK,0.0,0.0,1.0,0.25,1.0,0.5,0.0,True,False
2024-01-24,ITC,0.0,0.0,0.0,0.0,,,,,True
2024-01-24,KOTAKBANK,0.0,0.0,1.0,0.25,1.0,0.5,0.0,True,False
2024-01-24,M&M,0.0,0.0,1.0,0.25,1.0,0.5,0.0,True,False
2024-01-24,MARUTI,,,,,,,,,True
2024-01-24,NTPC,,,,,,,,,True
2024-01-24,ONGC,,,,,,,,,True
2024-01-24,POWERGRID,-1.0,0.0,0.0,-0.4,,,,,True
2024-01-24,RELIANCE,,,,,,,,,True
2024-01-24,SBIN,0.0,0.0,1.0,0.25,,,,,True
2024-01-24,TATAMOTORS,1.0,1.0,0.0,0.75,,,,,True
2024-01-24,TCS,0.0,0.0,0.5,0.125,,,,,True
2024-01-24,WIPRO,,,,,,,,,True
2024-01-24,CIPLA,1.0,0.0,0.0,0.4,,,,,True
2024-01-24,INFY,0.0,0.0,1.0,0.25,,,,,True
2024-01-24,DRREDDY,1.0,1.0,0.0,0.75,,,,,True
2024-01-24,HCLTECH,-1.0,0.0,0.0,-0.4,1.0,1.0,0.0,True,False
2024-01-24,TECHM,,,,,,,,,True
2024-01-24,SUNPHARMA,,,,,,,,,True
2024-01-25,ADANIGREEN,,,,,,,,,True
2024-01-25,ASIANPAINT,,,,,,,,,True
2024-01-25,AXISBANK,,,,,,,,,True
2024-01-25,BAJAJ-AUTO,,,,,,,,,True
2024-01-25,HDFCBANK,1.0,1.0,0.0,0.75,1.0,1.0,0.0,True,False
2024-01-25,HINDUNILVR,,,,,,,,,True
2024-01-25,ICICIBANK,0.0,0.0,1.0,0.25,,,,,True
2024-01-25,ITC,0.0,0.0,0.0,0.0,,,,,True
2024-01-25,KOTAKBANK,0.0,0.0,1.0,0.25,,,,,True
2024-01-25,M&M,0.0,0.0,1.0,0.25,,,,,True
2024-01-25,MARUTI,,,,,,,,,True
2024-01-25,NTPC,,,,,,,,,True
2024-01-25,ONGC,,,,,,,,,True
2024-01-25,POWERGRID,-1.0,0.0,0.0,-0.4,,,,,True
2024-01-25,RELIANCE,0.0,0.0,1.0,0.25,1.0,0.5,0.0,True,False
2024-01-25,SBIN,0.0,0.0,0.0,0.0,1.0,0.5,0.0,True,False
2024-01-25,TATAMOTORS,1.0,1.0,0.0,0.75,,,,,True
2024-01-25,TCS,0.0,0.0,0.5,0.125,,,,,True
2024-01-25,WIPRO,,,,,,,,,True
2024-01-25,CIPLA,1.0,0.0,0.0,0.4,,,,,True
2024-01-25,INFY,0.0,0.0,1.0,0.25,,,,,True
2024-01-25,DRREDDY,1.0,1.0,0.0,0.75,,,,,True
2024-01-25,HCLTECH,-1.0,0.0,0.0,-0.4,,,,,True
2024-01-25,TECHM,,,,,,,,,True
2024-01-25,SUNPHARMA,,,,,,,,,True
2024-01-26,ADANIGREEN,,,,,,,,,True
2024-01-26,ASIANPAINT,,,,,,,,,True
2024-01-26,AXISBANK,,,,,,,,,True
2024-01-26,BAJAJ-AUTO,,,,,,,,,True
2024-01-26,HDFCBANK,1.0,1.0,0.0,0.75,,,,,True
2024-01-26,HINDUNILVR,,,,,,,,,True
2024-01-26,ICICIBANK,0.0,0.0,1.0,0.25,,,,,True
2024-01-26,ITC,0.0,0.0,0.0,0.0,,,,,True
2024-01-26,KOTAKBANK,0.0,0.0,1.0,0.25,,,,,True
2024-01-26,M&M,0.0,0.0,1.0,0.25,,,,,True
2024-01-26,MARUTI,,,,,,,,,True
2024-01-26,NTPC,,,,,,,,,True
2024-01-26,ONGC,,,,,,,,,True
2024-01-26,POWERGRID,,,,,,,,,True
2024-01-26,RELIANCE,0.0,0.0,1.0,0.25,,,,,True
2024-01-26,SBIN,0.0,0.0,0.0,0.0,,,,,True
2024-01-26,TATAMOTORS,1.0,1.0,0.0,0.75,,,,,True
2024-01-26,TCS,0.0,0.0,0.5,0.125,,,,,True
2024-01-26,WIPRO,,,,,,,,,True
2024-01-26,CIPLA,1.0,0.0,0.0,0.4,,,,,True
2024-01-26,INFY,0.0,0.0,1.0,0.25,,,,,True
2024-01-26,DRREDDY,1.0,1.0,0.0,0.75,,,,,True
2024-01-26,HCLTECH,-1.0,0.0,0.0,-0.4,,,,,True
2024-01-26,TECHM,,,,,,,,,True
2024-01-26,SUNPHARMA,,,,,,,,,True
2024-01-29,ADANIGREEN,0.0,0.0,1.0,0.25,1.0,0.5,0.0,True,False
2024-01-29,ASIANPAINT,,,,,,,,,True
2024-01-29,AXISBANK,,,,,,,,,True
2024-01-29,BAJAJ-AUTO,,,,,,,,,True
2024-01-29,HDFCBANK,1.0,1.0,0.0,0.75,,,,,True
2024-01-29,HINDUNILVR,,,,,,,,,True
2024-01-29,ICICIBANK,0.0,0.0,1.0,0.25,,,,,True
2024-01-29,ITC,-0.5,0.0,0.0,-0.2,2.0,0.75,0.0,True,False
2024-01-29,KOTAKBANK,0.0,0.0,1.0,0.25,,,,,True
2024-01-29,M&M,0.0,0.0,1.0,0.25,,,,,True
2024-01-29,MARUTI,,,,,,,,,True
2024-01-29,NTPC,,,,,,,,,True
2024-01-29,ONGC,,,,,,,,,True
2024-01-29,POWERGRID,,,,,,,,,True
2024-01-29,RELIANCE,0.0,0.0,1.0,0.25,,,,,True
2024-01-29,SBIN,0.0,0.0,0.0,0.0,,,,,True
2024-01-29,TATAMOTORS,1.0,0.0,0.0,0.4,1.0,1.0,0.0,True,False
2024-01-29,TCS,0.0,0.0,0.0,0.0,1.0,0.5,0.0,True,False
2024-01-29,WIPRO,0.0,0.0,1.0,0.25,1.0,0.5,0.0,True,False
2024-01-29,CIPLA,-1.0,0.0,0.0,-0.4,1.0,1.0,0.0,True,False
2024-01-29,INFY,0.0,0.0,1.0,0.25,,,,,True
2024-01-29,DRREDDY,1.0,1.0,0.0,0.75,,,,,True
2024-01-29,HCLTECH,-1.0,0.0,0.0,-0.4,,,,,True
2024-01-29,TECHM,,,,,,,,,True
2024-01-29,SUNPHARMA,,,,,,,,,True
2024-01-30,ADANIGREEN,0.0,0.0,1.0,0.25,1.0,0.5,0.0,True,False
2024-01-30,ASIANPAINT,,,,,,,,,True
2024-01-30,AXISBANK,,,,,,,,,True
2024-01-30,BAJAJ-AUTO,,,,,,,,,True
2024-01-30,HDFCBANK,1.0,1.0,0.0,0.75,,,,,True
2024-01-30,HINDUNILVR,,,,,,,,,True
2024-01-30,ICICIBANK,0.0,0.0,1.0,0.25,,,,,True
2024-01-30,ITC,-0.5,0.0,0.0,-0.2,,,,,True
2024-01-30,KOTAKBANK,0.0,0.0,1.0,0.25,,,,,True
2024-01-30,M&M,0.0,0.0,1.0,0.25,,,,,True
2024-01-30,MARUTI,,,,,,,,,True
2024-01-30,NTPC,0.0,0.0,1.0,0.25,1.0,0.5,0.0,True,False
2024-01-30,ONGC,,,,,,,,,True
2024-01-30,POWERGRID,,,,,,,,,True
2024-01-30,RELIANCE,0.0,0.0,1.0,0.25,1.0,0.5,0.0,True,False
2024-01-30,SBIN,0.0,0.0,0.0,0.0,,,,,True
2024-01-30,TATAMOTORS,1.0,0.0,0.0,0.4,,,,,True
2024-01-30,TCS,0.0,0.0,0.0,0.0,,,,,True
2024-01-30,WIPRO,0.0,0.0,1.0,0.25,1.0,0.5,0.0,True,False
2024-01-30,CIPLA,-1.0,0.0,0.0,-0.4,,,,,True
2024-01-30,INFY,,,,,,,,,True
2024-01-30,DRREDDY,0.0,0.0,0.0,0.0,1.0,0.5,0.0,True,False
2024-01-30,HCLTECH,-1.0,0.0,0.0,-0.4,,,,,True
2024-01-30,TECHM,,,,,,,,,True
2024-01-30,SUNPHARMA,,,,,,,,,True
2024-01-31,ADANIGREEN,0.0,0.0,1.0,0.25,,,,,True
2024-01-31,ASIANPAINT,,,,,,,,,True
2024-01-31,AXISBANK,1.0,1.0,0.0,0.75,1.0,1.0,0.0,True,False
2024-01-31,BAJAJ-AUTO,,,,,,,,,True
2024-01-31,HDFCBANK,1.0,1.0,0.0,0.75,,,,,True
2024-01-31,HINDUNILVR,,,,,,,,,True
2024-01-31,ICICIBANK,0.0,0.0,1.0,0.25,,,,,True
2024-01-31,ITC,0.0,0.0,1.0,0.25,1.0,0.5,0.0,True,False
2024-01-31,KOTAKBANK,0.0,0.0,1.0,0.25,,,,,True
2024-01-31,M&M,1.0,0.0,0.0,0.4,1.0,1.0,0.0,True,False
2024-01-31,MARUTI,,,,,,,,,True
2024-01-31,NTPC,0.0,0.0,1.0,0.25,,,,,True
2024-01-31,ONGC,,,,,,,,,True
2024-01-31,POWERGRID,,,,,,,,,True
2024-01-31,RELIANCE,0.0,0.0,1.0,0.25,,,,,True
2024-01-31,SBIN,-1.0,0.0,0.0,-0.4,1.0,1.0,0.0,True,False
2024-01-31,TATAMOTORS,0.0,0.0,0.0,0.0,1.0,0.5,0.0,True,False
2024-01-31,TCS,0.0,0.0,0.0,0.0,,,,,True
2024-01-31,WIPRO,1.0,0.0,0.0,0.4,1.0,1.0,0.0,True,False
2024-01-31,CIPLA,1.0,0.0,0.0,0.4,1.0,1.0,0.0,True,False
2024-01-31,INFY,-1.0,0.0,0.0,-0.4,1.0,1.0,0.0,True,False
2024-01-31,DRREDDY,0.0,0.0,0.0,0.0,,,,,True
2024-01-31,HCLTECH,0.0,0.0,0.0,0.0,1.0,0.5,0.0,True,False
2024-01-31,TECHM,1.0,0.0,0.0,0.4,1.0,1.0,0.0,True,False
2024-01-31,SUNPHARMA,,,,,,,,,True
2024-02-01,ADANIGREEN,0.0,0.0,1.0,0.25,,,,,True
2024-02-01,ASIANPAINT,,,,,,,,,True
2024-02-01,AXISBANK,0.0,0.0,0.0,0.0,1.0,0.5,0.0,True,False
2024-02-01,BAJAJ-AUTO,,,,,,,,,True
2024-02-01,HDFCBANK,0.0,0.0,0.0,0.0,1.0,0.5,0.0,True,False
2024-02-01,HINDUNILVR,1.0,1.0,0.0,0.75,1.0,1.0,0.0,True,False
2024-02-01,ICICIBANK,0.0,0.0,0.5,0.125,2.0,0.5,0.0,True,False
2024-02-01,ITC,0.0,0.0,1.0,0.25,,,,,True
2024-02-01,KOTAKBANK,0.0,0.0,0.0,0.0,1.0,0.5,0.0,True,False
2024-02-01,M&M,1.0,0.0,0.0,0.4,,,,,True
2024-02-01,MARUTI,1.0,1.0,0.0,0.75,1.0,1.0,0.0,True,False
2024-02-01,NTPC,1.0,0.0,1.0,0.65,1.0,1.0,0.0,True,False
2024-02-01,ONGC,1.0,0.0,0.0,0.4,1.0,1.0,0.0,True,False
2024-02-01,POWERGRID,,,,,,,,,True
2024-02-01,RELIANCE,0.0,0.0,1.0,0.25,,,,,True
2024-02-01,SBIN,0.0,0.0,0.0,0.0,1.0,0.5,0.0,True,False
2024-02-01,TATAMOTORS,0.0,0.0,0.0,0.0,,,,,True
2024-02-01,TCS,0.0,0.0,0.0,0.0,,,,,True
2024-02-01,WIPRO,1.0,0.0,0.0,0.4,,,,,True
2024-02-01,CIPLA,1.0,0.0,0.0,0.4,,,,,True
2024-02-01,INFY,-1.0,0.0,0.0,-0.4,,,,,True
2024-02-01,DRREDDY,0.0,0.0,0.0,0.0,,,,,True
2024-02-01,HCLTECH,0.0,0.0,0.0,0.0,,,,,True
2024-02-01,TECHM,1.0,0.0,0.0,0.4,,,,,True
2024-02-01,SUNPHARMA,,,,,,,,,True
2024-02-02,ADANIGREEN,0.0,0.0,1.0,0.25,,,,,True
2024-02-02,ASIANPAINT,,,,,,,,,True
2024-02-02,AXISBANK,0.0,0.0,0.0,0.0,,,,,True
2024-02-02,BAJAJ-AUTO,,,,,,,,,True
2024-02-02,HDFCBANK,0.0,0.0,0.0,0.0,,,,,True
2024-02-02,HINDUNILVR,1.0,1.0,0.0,0.75,,,,,True
2024-02-02,ICICIBANK,0.0,0.0,0.5,0.125,,,,,True
2024-02-02,ITC,0.0,0.0,1.0,0.25,,,,,True
2024-02-02,KOTAKBANK,0.0,0.0,0.0,0.0,,,,,True
2024-02-02,M&M,1.0,0.0,0.0,0.4,,,,,True
2024-02-02,MARUTI,1.0,1.0,0.0,0.75,,,,,True
2024-02-02,NTPC,1.0,0.0,1.0,0.65,,,,,True
2024-02-02,ONGC,1.0,0.0,0.0,0.4,,,,,True
2024-02-02,POWERGRID,,,,,,,,,True
2024-02-02,RELIANCE,0.0,0.0,1.0,0.25,,,,,True
2024-02-02,SBIN,0.0,0.0,0.0,0.0,,,,,True
2024-02-02,TATAMOTORS,0.0,0.0,0.0,0.0,,,,,True
2024-02-02,TCS,0.0,0.0,0.0,0.0,,,,,True
2024-02-02,WIPRO,1.0,0.0,0.0,0.4,,,,,True
2024-02-02,CIPLA,1.0,0.0,0.0,0.4,,,,,True
2024-02-02,INFY,-1.0,0.0,0.0,-0.4,,,,,True
2024-02-02,DRREDDY,0.0,0.0,0.0,0.0,,,,,True
2024-02-02,HCLTECH,0.0,0.0,0.0,0.0,,,,,True
2024-02-02,TECHM,1.0,0.0,0.0,0.4,,,,,True
2024-02-02,SUNPHARMA,,,,,,,,,True
2024-02-05,ADANIGREEN,0.0,0.0,1.0,0.25,,,,,True
2024-02-05,ASIANPAINT,1.0,1.0,0.0,0.75,1.0,1.0,0.0,True,False
2024-02-05,AXISBANK,0.0,0.0,0.0,0.0,,,,,True
2024-02-05,BAJAJ-AUTO,,,,,,,,,True
2024-02-05,HDFCBANK,1.0,0.0,0.0,0.4,1.0,1.0,0.0,True,False
2024-02-05,HINDUNILVR,1.0,1.0,0.0,0.75,,,,,True
2024-02-05,ICICIBANK,0.0,0.0,0.5,0.125,,,,,True
2024-02-05,ITC,0.0,0.0,1.0,0.25,,,,,True
2024-02-05,KOTAKBANK,0.0,0.0,0.0,0.0,,,,,True
2024-02-05,M&M,0.0,0.0,0.5,0.125,2.0,0.5,0.0,True,False
2024-02-05,MARUTI,1.0,1.0,0.0,0.75,,,,,True
2024-02-05,NTPC,1.0,0.0,1.0,0.65,,,,,True
2024-02-05,ONGC,1.0,0.0,0.0,0.4,,,,,True
2024-02-05,POWERGRID,,,,,,,,,True
2024-02-05,RELIANCE,0.0,0.0,1.0,0.25,,,,,True
2024-02-05,SBIN,1.0,0.0,0.0,0.4,1.0,1.0,0.0,True,False
2024-02-05,TATAMOTORS,0.0,0.0,0.0,0.0,,,,,True
2024-02-05,TCS,0.0,0.0,0.0,0.0,,,,,True
2024-02-05,WIPRO,1.0,0.0,0.0,0.4,,,,,True
2024-02-05,CIPLA,1.0,0.0,0.0,0.4,,,,,True
2024-02-05,INFY,-1.0,0.0,0.0,-0.4,,,,,True
2024-02-05,DRREDDY,1.0,1.0,0.0,0.75,1.0,1.0,0.0,True,False
2024-02-05,HCLTECH,0.0,0.0,0.0,0.0,,,,,True
2024-02-05,TECHM,0.0,0.0,0.5,0.125,2.0,0.5,0.0,True,False
2024-02-05,SUNPHARMA,,,,,,,,,True
2024-02-06,ADANIGREEN,0.0,0.0,1.0,0.25,,,,,True
2024-02-06,ASIANPAINT,1.0,1.0,0.0,0.75,,,,,True
2024-02-06,AXISBANK,0.0,0.0,0.0,0.0,,,,,True
2024-02-06,BAJAJ-AUTO,,,,,,,,,True
2024-02-06,HDFCBANK,1.0,0.0,0.0,0.4,,,,,True
2024-02-06,HINDUNILVR,1.0,1.0,0.0,0.75,,,,,True
2024-02-06,ICICIBANK,0.0,0.0,0.5,0.125,,,,,True
2024-02-06,ITC,1.0,0.0,0.0,0.4,1.0,1.0,0.0,True,False
2024-02-06,KOTAKBANK,0.0,0.0,0.0,0.0,,,,,True
2024-02-06,M&M,0.0,0.0,0.5,0.125,,,,,True
2024-02-06,MARUTI,1.0,1.0,0.0,0.75,,,,,True
2024-02-06,NTPC,1.0,0.0,1.0,0.65,,,,,True
2024-02-06,ONGC,1.0,0.0,0.0,0.4,,,,,True
2024-02-06,POWERGRID,,,,,,,,,True
2024-02-06,RELIANCE,0.0,0.0,1.0,0.25,,,,,True
2024-02-06,SBIN,1.0,0.0,0.0,0.4,1.0,1.0,0.0,True,False
2024-02-06,TATAMOTORS,0.0,0.0,0.0,0.0,,,,,True
2024-02-06,TCS,,,,,,,,,True
2024-02-06,WIPRO,1.0,1.0,0.0,0.75,1.0,1.0,0.0,True,False
2024-02-06,CIPLA,1.0,0.0,0.0,0.4,,,,,True
2024-02-06,INFY,-1.0,0.0,0.0,-0.4,,,,,True
2024-02-06,DRREDDY,1.0,1.0,0.0,0.75,,,,,True
2024-02-06,HCLTECH,0.0,0.0,0.0,0.0,,,,,True
2024-02-06,TECHM,0.0,0.0,0.5,0.125,,,,,True
2024-02-06,SUNPHARMA,,,,,,,,,True
2024-02-07,ADANIGREEN,,,,,,,,,True
2024-02-07,ASIANPAINT,1.0,1.0,0.0,0.75,,,,,True
2024-02-07,AXISBANK,0.0,0.0,0.0,0.0,,,,,True
2024-02-07,BAJAJ-AUTO,,,,,,,,,True
2024-02-07,HDFCBANK,1.0,0.0,0.0,0.4,,,,,True
2024-02-07,HINDUNILVR,1.0,1.0,0.0,0.75,,,,,True
2024-02-07,ICICIBANK,0.0,0.0,0.5,0.125,,,,,True
2024-02-07,ITC,1.0,0.0,0.0,0.4,,,,,True
2024-02-07,KOTAKBANK,0.0,0.0,1.0,0.25,1.0,0.5,0.0,True,False
2024-02-07,M&M,0.5,0.0,0.5,0.325,2.0,0.75,0.0,True,False
2024-02-07,MARUTI,1.0,1.0,0.0,0.75,,,,,True
2024-02-07,NTPC,1.0,0.0,1.0,0.65,,,,,True
2024-02-07,ONGC,1.0,0.0,0.0,0.4,,,,,True
2024-02-07,POWERGRID,,,,,,,,,True
2024-02-07,RELIANCE,0.0,0.0,0.0,0.0,1.0,0.5,0.0,True,False
2024-02-07,SBIN,1.0,0.0,0.0,0.4,,,,,True
2024-02-07,TATAMOTORS,0.0,0.0,0.0,0.0,,,,,True
2024-02-07,TCS,1.0,0.0,0.0,0.4,1.0,1.0,0.0,True,False
2024-02-07,WIPRO,1.0,1.0,0.0,0.75,,,,,True
2024-02-07,CIPLA,1.0,0.0,0.0,0.4,,,,,True
2024-02-07,INFY,-1.0,0.0,0.0,-0.4,,,,,True
2024-02-07,DRREDDY,1.0,0.0,0.0,0.4,1.0,1.0,0.0,True,False
2024-02-07,HCLTECH,0.0,0.0,1.0,0.25,1.0,0.5,0.0,True,False
2024-02-07,TECHM,0.0,0.0,0.5,0.125,,,,,True
2024-02-07,SUNPHARMA,1.0,1.0,0.0,0.75,1.0,1.0,0.0,True,False
2024-02-08,ADANIGREEN,,,,,,,,,True
2024-02-08,ASIANPAINT,1.0,1.0,0.0,0.75,,,,,True
2024-02-08,AXISBANK,0.0,0.0,0.0,0.0,,,,,True
2024-02-08,BAJAJ-AUTO,,,,,,,,,True
2024-02-08,HDFCBANK,1.0,0.0,0.0,0.4,,,,,True
2024-02-08,HINDUNILVR,1.0,1.0,0.0,0.75,,,,,True
2024-02-08,ICICIBANK,0.0,0.0,0.5,0.125,,,,,True
2024-02-08,ITC,1.0,0.0,0.0,0.4,,,,,True
2024-02-08,KOTAKBANK,0.0,0.0,1.0,0.25,,,,,True
2024-02-08,M&M,0.5,0.5,0.0,0.375,2.0,0.75,0.0,True,False
2024-02-08,MARUTI,1.0,1.0,0.0,0.75,,,,,True
2024-02-08,NTPC,1.0,0.0,1.0,0.65,1.0,1.0,0.0,True,False
2024-02-08,ONGC,1.0,0.0,0.0,0.4,,,,,True
2024-02-08,POWERGRID,,,,,,,,,True
2024-02-08,RELIANCE,0.0,0.0,0.0,0.0,,,,,True
2024-02-08,SBIN,1.0,0.0,0.0,0.4,,,,,True
2024-02-08,TATAMOTORS,,,,,,,,,True
2024-02-08,TCS,1.0,0.0,0.0,0.4,,,,,True
2024-02-08,WIPRO,1.0,1.0,0.0,0.75,,,,,True
2024-02-08,CIPLA,,,,,,,,,True
2024-02-08,INFY,,,,,,,,,True
2024-02-08,DRREDDY,1.0,0.0,0.0,0.4,1.0,1.0,0.0,True,False
2024-02-08,HCLTECH,0.0,0.0,1.0,0.25,,,,,True
2024-02-08,TECHM,0.0,0.0,0.5,0.125,,,,,True
2024-02-08,SUNPHARMA,1.0,1.0,0.0,0.75,,,,,True
2024-02-09,ADANIGREEN,,,,,,,,,True
2024-02-09,ASIANPAINT,1.0,1.0,0.0,0.75,,,,,True
2024-02-09,AXISBANK,,,,,,,,,True
2024-02-09,BAJAJ-AUTO,,,,,,,,,True
2024-02-09,HDFCBANK,1.0,0.0,0.0,0.4,,,,,True
2024-02-09,HINDUNILVR,,,,,,,,,True
2024-02-09,ICICIBANK,,,,,,,,,True
2024-02-09,ITC,1.0,0.0,0.0,0.4,,,,,True
2024-02-09,KOTAKBANK,0.0,0.0,1.0,0.25,,,,,True
2024-02-09,M&M,0.5,0.5,0.0,0.375,,,,,True
2024-02-09,MARUTI,,,,,,,,,True
2024-02-09,NTPC,1.0,0.0,1.0,0.65,,,,,True
2024-02-09,ONGC,,,,,,,,,True
2024-02-09,POWERGRID,,,,,,,,,True
2024-02-09,RELIANCE,0.0,0.0,0.0,0.0,,,,,True
2024-02-09,SBIN,1.0,0.0,0.0,0.4,,,,,True
2024-02-09,TATAMOTORS,,,,,,,,,True
2024-02-09,TCS,1.0,0.0,0.0,0.4,,,,,True
2024-02-09,WIPRO,1.0,1.0,0.0,0.75,,,,,True
2024-02-09,CIPLA,,,,,,,,,True
2024-02-09,INFY,,,,,,,,,True
2024-02-09,DRREDDY,1.0,0.0,0.0,0.4,,,,,True
2024-02-09,HCLTECH,0.0,0.0,1.0,0.25,,,,,True
2024-02-09,TECHM,0.0,0.0,0.5,0.125,,,,,True
2024-02-09,SUNPHARMA,1.0,1.0,0.0,0.75,,,,,True
2024-02-12,ADANIGREEN,,,,,,,,,True
2024-02-12,ASIANPAINT,1.0,1.0,0.0,0.75,,,,,True
2024-02-12,AXISBANK,,,,,,,,,True
2024-02-12,BAJAJ-AUTO,,,,,,,,,True
2024-02-12,HDFCBANK,1.0,0.5,0.0,0.575,2.0,1.0,0.0,False,False
2024-02-12,HINDUNILVR,,,,,,,,,True
2024-02-12,ICICIBANK,,,,,,,,,True
2024-02-12,ITC,1.0,0.0,0.0,0.4,,,,,True
2024-02-12,KOTAKBANK,0.0,0.0,1.0,0.25,,,,,True
2024-02-12,M&M,0.0,0.0,1.0,0.25,1.0,0.5,0.0,True,False
2024-02-12,MARUTI,,,,,,,,,True
2024-02-12,NTPC,0.0,0.0,1.0,0.25,1.0,0.5,0.0,True,False
2024-02-12,ONGC,,,,,,,,,True
2024-02-12,POWERGRID,,,,,,,,,True
2024-02-12,RELIANCE,0.0,0.0,0.0,0.0,,,,,True
2024-02-12,SBIN,1.0,0.0,0.0,0.4,,,,,True
2024-02-12,TATAMOTORS,,,,,,,,,True
2024-02-12,TCS,1.0,0.0,0.0,0.4,,,,,True
2024-02-12,WIPRO,1.0,1.0,0.0,0.75,,,,,True
2024-02-12,CIPLA,,,,,,,,,True
2024-02-12,INFY,,,,,,,,,True
2024-02-12,DRREDDY,1.0,0.0,0.0,0.4,,,,,True
2024-02-12,HCLTECH,0.0,0.0,1.0,0.25,,,,,True
2024-02-12,TECHM,0.0,0.0,1.0,0.25,1.0,0.5,0.0,True,False
2024-02-12,SUNPHARMA,1.0,1.0,0.0,0.75,,,,,True
2024-02-13,ADANIGREEN,,,,,,,,,True
2024-02-13,ASIANPAINT,,,,,,,,,True
2024-02-13,AXISBANK,,,,,,,,,True
2024-02-13,BAJAJ-AUTO,0.0,0.0,0.0,0.0,1.0,0.5,0.0,True,False
2024-02-13,HDFCBANK,1.0,0.5,0.0,0.575,,,,,True
2024-02-13,HINDUNILVR,,,,,,,,,True
2024-02-13,ICICIBANK,,,,,,,,,True
2024-02-13,ITC,1.0,0.0,0.0,0.4,,,,,True
2024-02-13,KOTAKBANK,0.0,0.0,1.0,0.25,,,,,True
2024-02-13,M&M,0.0,0.0,1.0,0.25,,,,,True
2024-02-13,MARUTI,,,,,,,,,True
2024-02-13,NTPC,-1.0,0.0,1.0,-0.15,1.0,1.0,0.0,True,False
2024-02-13,ONGC,,,,,,,,,True
2024-02-13,POWERGRID,,,,,,,,,True
2024-02-13,RELIANCE,0.0,0.0,0.0,0.0,1.0,0.5,0.0,True,False
2024-02-13,SBIN,1.0,0.0,0.0,0.4,,,,,True
2024-02-13,TATAMOTORS,0.0,0.0,1.0,0.25,1.0,0.5,0.0,True,False
2024-02-13,TCS,1.0,0.0,0.0,0.4,,,,,True
2024-02-13,WIPRO,1.0,1.0,0.0,0.75,,,,,True
2024-02-13,CIPLA,,,,,,,,,True
2024-02-13,INFY,-1.0,0.0,0.0,-0.4,1.0,1.0,0.0,True,False
2024-02-13,DRREDDY,1.0,1.0,0.0,0.75,1.0,1.0,0.0,True,False
2024-02-13,HCLTECH,0.0,0.0,1.0,0.25,,,,,True
2024-02-13,TECHM,0.0,0.0,1.0,0.25,,,,,True
2024-02-13,SUNPHARMA,1.0,1.0,0.0,0.75,,,,,True
2024-02-14,ADANIGREEN,,,,,,,,,True
2024-02-14,ASIANPAINT,,,,,,,,,True
2024-02-14,AXISBANK,0.0,0.0,0.0,0.0,1.0,0.5,0.0,True,False
2024-02-14,BAJAJ-AUTO,0.0,0.0,0.0,0.0,,,,,True
2024-02-14,HDFCBANK,0.0,0.0,0.0,0.0,1.0,0.5,0.0,True,False
2024-02-14,HINDUNILVR,,,,,,,,,True
2024-02-14,ICICIBANK,0.0,0.0,0.0,0.0,1.0,0.5,0.0,True,False
2024-02-14,ITC,0.0,0.0,0.0,0.0,1.0,0.5,0.0,True,False
2024-02-14,KOTAKBANK,0.0,0.0,0.0,0.0,1.0,0.5,0.0,True,False
2024-02-14,M&M,0.0,0.0,1.0,0.25,,,,,True
2024-02-14,MARUTI,,,,,,,,,True
2024-02-14,NTPC,0.0,0.0,1.0,0.25,1.0,0.5,0.0,True,False
2024-02-14,ONGC,,,,,,,,,True
2024-02-14,POWERGRID,,,,,,,,,True
2024-02-14,RELIANCE,0.0,0.0,0.0,0.0,,,,,True
2024-02-14,SBIN,0.0,0.0,0.0,0.0,1.0,0.5,0.0,True,False
2024-02-14,TATAMOTORS,0.0,0.0,1.0,0.25,,,,,True
2024-02-14,TCS,1.0,0.0,0.0,0.4,,,,,True
2024-02-14,WIPRO,,,,,,,,,True
2024-02-14,CIPLA,,,,,,,,,True
2024-02-14,INFY,-1.0,0.0,0.0,-0.4,,,,,True
2024-02-14,DRREDDY,1.0,1.0,0.0,0.75,,,,,True
2024-02-14,HCLTECH,0.0,0.0,1.0,0.25,,,,,True
2024-02-14,TECHM,0.0,0.0,1.0,0.25,,,,,True
2024-02-14,SUNPHARMA,1.0,1.0,0.0,0.75,,,,,True
2024-02-15,ADANIGREEN,1.0,1.0,1.0,1.0,1.0,1.0,0.0,True,False
2024-02-15,ASIANPAINT,,,,,,,,,True
2024-02-15,AXISBANK,0.0,0.0,0.0,0.0,,,,,True
2024-02-15,BAJAJ-AUTO,1.0,0.0,0.0,0.4,1.0,1.0,0.0,True,False
2024-02-15,HDFCBANK,0.0,0.0,0.0,0.0,,,,,True
2024-02-15,HINDUNILVR,,,,,,,,,True
2024-02-15,ICICIBANK,0.0,0.0,0.0,0.0,,,,,True
2024-02-15,ITC,0.0,0.0,0.0,0.0,,,,,True
2024-02-15,KOTAKBANK,0.0,0.0,0.0,0.0,,,,,True
2024-02-15,M&M,0.0,0.0,1.0,0.25,,,,,True
2024-02-15,MARUTI,,,,,,,,,True
2024-02-15,NTPC,1.0,0.0,1.0,0.65,1.0,1.0,0.0,True,False
2024-02-15,ONGC,,,,,,,,,True
2024-02-15,POWERGRID,,,,,,,,,True
2024-02-15,RELIANCE,0.0,0.0,0.0,0.0,,,,,True
2024-02-15,SBIN,0.0,0.0,0.0,0.0,,,,,True
2024-02-15,TATAMOTORS,0.0,0.0,1.0,0.25,,,,,True
2024-02-15,TCS,,,,,,,,,True
2024-02-15,WIPRO,,,,,,,,,True
2024-02-15,CIPLA,,,,,,,,,True
2024-02-15,INFY,-1.0,0.0,0.0,-0.4,,,,,True
2024-02-15,DRREDDY,1.0,1.0,0.0,0.75,,,,,True
2024-02-15,HCLTECH,1.0,1.0,0.0,0.75,1.0,1.0,0.0,True,False
2024-02-15,TECHM,0.0,0.0,1.0,0.25,,,,,True
2024-02-15,SUNPHARMA,,,,,,,,,True
2024-02-16,ADANIGREEN,1.0,1.0,1.0,1.0,,,,,True
2024-02-16,ASIANPAINT,,,,,,,,,True
2024-02-16,AXISBANK,0.0,0.0,0.0,0.0,,,,,True
2024-02-16,BAJAJ-AUTO,1.0,0.0,0.0,0.4,,,,,True
2024-02-16,HDFCBANK,0.0,0.0,0.0,0.0,,,,,True
2024-02-16,HINDUNILVR,,,,,,,,,True
2024-02-16,ICICIBANK,0.0,0.0,0.0,0.0,,,,,True
2024-02-16,ITC,0.0,0.0,0.0,0.0,,,,,True
2024-02-16,KOTAKBANK,0.0,0.0,0.0,0.0,,,,,True
2024-02-16,M&M,0.0,0.0,1.0,0.25,,,,,True
2024-02-16,MARUTI,,,,,,,,,True
2024-02-16,NTPC,1.0,0.0,1.0,0.65,,,,,True
2024-02-16,ONGC,,,,,,,,,True
2024-02-16,POWERGRID,,,,,,,,,True
2024-02-16,RELIANCE,0.0,0.0,0.0,0.0,,,,,True
2024-02-16,SBIN,0.0,0.0,0.0,0.0,,,,,True
2024-02-16,TATAMOTORS,0.0,0.0,1.0,0.25,,,,,True
2024-02-16,TCS,,,,,,,,,True
2024-02-16,WIPRO,,,,,,,,,True
2024-02-16,CIPLA,,,,,,,,,True
2024-02-16,INFY,-1.0,0.0,0.0,-0.4,,,,,True
2024-02-16,DRREDDY,1.0,1.0,0.0,0.75,,,,,True
2024-02-16,HCLTECH,1.0,1.0,0.0,0.75,,,,,True
2024-02-16,TECHM,0.0,0.0,1.0,0.25,,,,,True
2024-02-16,SUNPHARMA,,,,,,,,,True
2024-02-19,ADANIGREEN,1.0,1.0,1.0,1.0,,,,,True
2024-02-19,ASIANPAINT,,,,,,,,,True
2024-02-19,AXISBANK,0.0,0.0,0.0,0.0,,,,,True
2024-02-19,BAJAJ-AUTO,1.0,0.0,0.0,0.4,,,,,True
2024-02-19,HDFCBANK,0.0,0.0,0.0,0.0,,,,,True
2024-02-19,HINDUNILVR,,,,,,,,,True
2024-02-19,ICICIBANK,0.0,0.0,0.0,0.0,,,,,True
2024-02-19,ITC,1.0,1.0,0.0,0.75,1.0,1.0,0.0,True,False
2024-02-19,KOTAKBANK,0.0,0.0,0.0,0.0,,,,,True
2024-02-19,M&M,0.0,0.0,1.0,0.25,,,,,True
2024-02-19,MARUTI,1.0,1.0,0.0,0.75,1.0,1.0,0.0,True,False
2024-02-19,NTPC,1.0,0.0,1.0,0.65,,,,,True
2024-02-19,ONGC,,,,,,,,,True
2024-02-19,POWERGRID,,,,,,,,,True
2024-02-19,RELIANCE,0.0,0.0,0.0,0.0,,,,,True
2024-02-19,SBIN,0.0,0.0,0.0,0.0,,,,,True
2024-02-19,TATAMOTORS,0.0,0.0,1.0,0.25,,,,,True
2024-02-19,TCS,,,,,,,,,True
2024-02-19,WIPRO,,,,,,,,,True
2024-02-19,CIPLA,,,,,,,,,True
2024-02-19,INFY,-1.0,0.0,0.0,-0.4,,,,,True
2024-02-19,DRREDDY,1.0,1.0,0.0,0.75,,,,,True
2024-02-19,HCLTECH,1.0,1.0,0.0,0.75,,,,,True
2024-02-19,TECHM,0.0,0.0,1.0,0.25,,,,,True
2024-02-19,SUNPHARMA,,,,,,,,,True
2024-02-20,ADANIGREEN,1.0,1.0,1.0,1.0,,,,,True
2024-02-20,ASIANPAINT,,,,,,,,,True
2024-02-20,AXISBANK,0.0,0.0,0.0,0.0,,,,,True
2024-02-20,BAJAJ-AUTO,1.0,0.0,0.0,0.4,,,,,True
2024-02-20,HDFCBANK,0.0,0.0,0.0,0.0,,,,,True
2024-02-20,HINDUNILVR,,,,,,,,,True
2024-02-20,ICICIBANK,0.0,0.0,1.0,0.25,1.0,0.5,0.0,True,False
2024-02-20,ITC,1.0,1.0,0.0,0.75,,,,,True
2024-02-20,KOTAKBANK,0.0,0.0,0.0,0.0,,,,,True
2024-02-20,M&M,,,,,,,,,True
2024-02-20,MARUTI,1.0,1.0,0.0,0.75,,,,,True
2024-02-20,NTPC,1.0,1.0,1.0,1.0,1.0,1.0,0.0,True,False
2024-02-20,ONGC,,,,,,,,,True
2024-02-20,POWERGRID,,,,,,,,,True
2024-02-20,RELIANCE,0.0,0.0,0.0,0.0,,,,,True
2024-02-20,SBIN,0.0,0.0,0.0,0.0,1.0,0.5,0.0,True,False
2024-02-20,TATAMOTORS,0.0,0.0,1.0,0.25,,,,,True
2024-02-20,TCS,,,,,,,,,True
2024-02-20,WIPRO,,,,,,,,,True
2024-02-20,CIPLA,,,,,,,,,True
2024-02-20,INFY,-1.0,0.0,0.0,-0.4,,,,,True
2024-02-20,DRREDDY,1.0,1.0,0.0,0.75,,,,,True
2024-02-20,HCLTECH,1.0,1.0,0.0,0.75,,,,,True
2024-02-20,TECHM,,,,,,,,,True
2024-02-20,SUNPHARMA,,,,,,,,,True
2024-02-21,ADANIGREEN,1.0,1.0,1.0,1.0,,,,,True
2024-02-21,ASIANPAINT,,,,,,,,,True
2024-02-21,AXISBANK,0.0,0.0,0.0,0.0,,,,,True
2024-02-21,BAJAJ-AUTO,1.0,0.0,0.0,0.4,,,,,True
2024-02-21,HDFCBANK,0.0,0.0,1.0,0.25,1.0,0.5,0.0,True,False
2024-02-21,HINDUNILVR,1.0,1.0,0.0,0.75,1.0,1.0,0.0,True,False
2024-02-21,ICICIBANK,0.0,0.0,0.0,0.0,1.0,0.5,0.0,True,False
2024-02-21,ITC,1.0,1.0,0.0,0.75,,,,,True
2024-02-21,KOTAKBANK,0.0,0.0,0.0,0.0,1.0,0.5,0.0,True,False
2024-02-21,M&M,0.0,0.0,0.0,0.0,2.0,0.5,0.0,True,False
2024-02-21,MARUTI,1.0,1.0,0.0,0.75,,,,,True
2024-02-21,NTPC,1.0,1.0,1.0,1.0,,,,,True
2024-02-21,ONGC,,,,,,,,,True
2024-02-21,POWERGRID,,,,,,,,,True
2024-02-21,RELIANCE,,,,,,,,,True
2024-02-21,SBIN,0.0,0.0,0.0,0.0,,,,,True
2024-02-21,TATAMOTORS,,,,,,,,,True
2024-02-21,TCS,,,,,,,,,True
2024-02-21,WIPRO,,,,,,,,,True
2024-02-21,CIPLA,,,,,,,,,True
2024-02-21,INFY,,,,,,,,,True
2024-02-21,DRREDDY,,,,,,,,,True
2024-02-21,HCLTECH,1.0,1.0,0.0,0.75,,,,,True
2024-02-21,TECHM,,,,,,,,,True
2024-02-21,SUNPHARMA,,,,,,,,,True
2024-02-22,ADANIGREEN,1.0,1.0,1.0,1.0,,,,,True
2024-02-22,ASIANPAINT,0.0,0.0,0.0,0.0,1.0,0.5,0.0,True,False
2024-02-22,AXISBANK,,,,,,,,,True
2024-02-22,BAJAJ-AUTO,1.0,0.0,0.0,0.4,1.0,1.0,0.0,True,False
2024-02-22,HDFCBANK,0.0,0.0,1.0,0.25,,,,,True
2024-02-22,HINDUNILVR,1.0,1.0,0.0,0.75,,,,,True
2024-02-22,ICICIBANK,0.0,0.0,0.0,0.0,,,,,True
2024-02-22,ITC,1.0,1.0,0.0,0.75,,,,,True
2024-02-22,KOTAKBANK,0.0,0.0,0.0,0.0,,,,,True
2024-02-22,M&M,1.0,1.0,0.0,0.75,1.0,1.0,0.0,True,False
2024-02-22,MARUTI,1.0,1.0,0.0,0.75,,,,,True
2024-02-22,NTPC,1.0,1.0,1.0,1.0,,,,,True
2024-02-22,ONGC,0.0,0.5,0.0,0.175,2.0,1.0,0.5,False,False
2024-02-22,POWERGRID,,,,,,,,,True
2024-02-22,RELIANCE,0.0,0.0,0.0,0.0,1.0,0.5,0.0,True,False
2024-02-22,SBIN,0.0,0.0,0.0,0.0,,,,,True
2024-02-22,TATAMOTORS,0.0,0.0,1.0,0.25,1.0,0.5,0.0,True,False
2024-02-22,TCS,,,,,,,,,True
2024-02-22,WIPRO,,,,,,,,,True
2024-02-22,CIPLA,,,,,,,,,True
2024-02-22,INFY,,,,,,,,,True
2024-02-22,DRREDDY,1.0,0.0,0.0,0.4,1.0,1.0,0.0,True,False
2024-02-22,HCLTECH,1.0,1.0,0.0,0.75,,,,,True
2024-02-22,TECHM,1.0,1.0,0.0,0.75,1.0,1.0,0.0,True,False
2024-02-22,SUNPHARMA,,,,,,,,,True
2024-02-23,ADANIGREEN,,,,,,,,,True
2024-02-23,ASIANPAINT,0.0,0.0,0.0,0.0,,,,,True
2024-02-23,AXISBANK,,,,,,,,,True
2024-02-23,BAJAJ-AUTO,1.0,0.0,0.0,0.4,,,,,True
2024-02-23,HDFCBANK,0.0,0.0,1.0,0.25,,,,,True
2024-02-23,HINDUNILVR,1.0,1.0,0.0,0.75,,,,,True
2024-02-23,ICICIBANK,0.0,0.0,0.0,0.0,,,,,True
2024-02-23,ITC,1.0,1.0,0.0,0.75,,,,,True
2024-02-23,KOTAKBANK,0.0,0.0,0.0,0.0,,,,,True
2024-02-23,M&M,1.0,1.0,0.0,0.75,,,,,True
2024-02-23,MARUTI,1.0,1.0,0.0,0.75,,,,,True
2024-02-23,NTPC,1.0,1.0,1.0,1.0,,,,,True
2024-02-23,ONGC,0.0,0.5,0.0,0.175,,,,,True
2024-02-23,POWERGRID,,,,,,,,,True
2024-02-23,RELIANCE,0.0,0.0,0.0,0.0,,,,,True
2024-02-23,SBIN,0.0,0.0,0.0,0.0,,,,,True
2024-02-23,TATAMOTORS,0.0,0.0,1.0,0.25,,,,,True
2024-02-23,TCS,,,,,,,,,True
2024-02-23,WIPRO,,,,,,,,,True
2024-02-23,CIPLA,,,,,,,,,True
2024-02-23,INFY,,,,,,,,,True
2024-02-23,DRREDDY,1.0,0.0,0.0,0.4,,,,,True
2024-02-23,HCLTECH,,,,,,,,,True
2024-02-23,TECHM,1.0,1.0,0.0,0.75,,,,,True
2024-02-23,SUNPHARMA,,,,,,,,,True
2024-02-26,ADANIGREEN,,,,,,,,,True
2024-02-26,ASIANPAINT,0.0,0.0,0.0,0.0,,,,,True
2024-02-26,AXISBANK,,,,,,,,,True
2024-02-26,BAJAJ-AUTO,1.0,0.0,0.0,0.4,,,,,True
2024-02-26,HDFCBANK,0.0,0.0,1.0,0.25,,,,,True
2024-02-26,HINDUNILVR,1.0,1.0,0.0,0.75,,,,,True
2024-02-26,ICICIBANK,0.0,0.0,0.0,0.0,,,,,True
2024-02-26,ITC,0.5,0.5,0.5,0.5,2.0,0.75,0.0,True,False
2024-02-26,KOTAKBANK,1.0,1.0,0.0,0.75,1.0,1.0,0.0,True,False
2024-02-26,M&M,0.5,0.5,0.0,0.375,2.0,0.75,0.0,True,False
2024-02-26,MARUTI,1.0,1.0,0.0,0.75,,,,,True
2024-02-26,NTPC,1.0,1.0,1.0,1.0,,,,,True
2024-02-26,ONGC,0.0,0.5,0.0,0.175,,,,,True
2024-02-26,POWERGRID,,,,,,,,,True
2024-02-26,RELIANCE,-1.0,0.0,0.0,-0.4,1.0,1.0,0.0,True,False
2024-02-26,SBIN,0.0,0.0,0.0,0.0,,,,,True
2024-02-26,TATAMOTORS,0.0,0.0,1.0,0.25,,,,,True
2024-02-26,TCS,,,,,,,,,True
2024-02-26,WIPRO,,,,,,,,,True
2024-02-26,CIPLA,,,,,,,,,True
2024-02-26,INFY,,,,,,,,,True
2024-02-26,DRREDDY,1.0,0.0,0.0,0.4,,,,,True
2024-02-26,HCLTECH,,,,,,,,,True
2024-02-26,TECHM,0.0,0.0,0.0,0.0,1.0,0.5,0.0,True,False
2024-02-26,SUNPHARMA,,,,,,,,,True
2024-02-27,ADANIGREEN,,,,,,,,,True
2024-02-27,ASIANPAINT,0.0,0.0,0.0,0.0,,,,,True
2024-02-27,AXISBANK,,,,,,,,,True
2024-02-27,BAJAJ-AUTO,1.0,0.0,0.0,0.4,,,,,True
2024-02-27,HDFCBANK,0.0,0.0,1.0,0.25,,,,,True
2024-02-27,HINDUNILVR,1.0,1.0,0.0,0.75,,,,,True
2024-02-27,ICICIBANK,0.0,0.0,0.0,0.0,,,,,True
2024-02-27,ITC,0.5,0.5,0.5,0.5,,,,,True
2024-02-27,KOTAKBANK,1.0,1.0,0.0,0.75,,,,,True
2024-02-27,M&M,0.5,0.5,0.0,0.375,,,,,True
2024-02-27,MARUTI,,,,,,,,,True
2024-02-27,NTPC,1.0,1.0,1.0,1.0,,,,,True
2024-02-27,ONGC,0.0,0.5,0.0,0.175,,,,,True
2024-02-27,POWERGRID,,,,,,,,,True
2024-02-27,RELIANCE,-1.0,0.0,0.0,-0.4,,,,,True
2024-02-27,SBIN,0.0,0.0,0.0,0.0,,,,,True
2024-02-27,TATAMOTORS,0.0,0.0,1.0,0.25,,,,,True
2024-02-27,TCS,,,,,,,,,True
2024-02-27,WIPRO,,,,,,,,,True
2024-02-27,CIPLA,,,,,,,,,True
2024-02-27,INFY,,,,,,,,,True
2024-02-27,DRREDDY,1.0,0.0,0.0,0.4,,,,,True
2024-02-27,HCLTECH,,,,,,,,,True
2024-02-27,TECHM,0.0,0.0,0.0,0.0,,,,,True
2024-02-27,SUNPHARMA,0.0,0.0,0.5,0.125,2.0,0.5,0.0,True,False
2024-02-28,ADANIGREEN,,,,,,,,,True
2024-02-28,ASIANPAINT,0.0,0.0,0.0,0.0,,,,,True
2024-02-28,AXISBANK,,,,,,,,,True
2024-02-28,BAJAJ-AUTO,1.0,0.0,0.0,0.4,,,,,True
2024-02-28,HDFCBANK,0.0,0.0,1.0,0.25,1.0,0.5,0.0,True,False
2024-02-28,HINDUNILVR,1.0,1.0,0.0,0.75,,,,,True
2024-02-28,ICICIBANK,0.0,0.0,0.0,0.0,,,,,True
2024-02-28,ITC,0.5,0.5,0.5,0.5,,,,,True
2024-02-28,KOTAKBANK,1.0,1.0,0.0,0.75,,,,,True
2024-02-28,M&M,0.5,0.5,0.0,0.375,,,,,True
2024-02-28,MARUTI,,,,,,,,,True
2024-02-28,NTPC,,,,,,,,,True
2024-02-28,ONGC,0.0,0.5,0.0,0.175,,,,,True
2024-02-28,POWERGRID,,,,,,,,,True
2024-02-28,RELIANCE,-1.0,0.0,0.0,-0.4,,,,,True
2024-02-28,SBIN,,,,,,,,,True
2024-02-28,TATAMOTORS,1.0,0.0,0.0,0.4,1.0,1.0,0.0,True,False
2024-02-28,TCS,,,,,,,,,True
2024-02-28,WIPRO,,,,,,,,,True
2024-02-28,CIPLA,,,,,,,,,True
2024-02-28,INFY,1.0,1.0,0.0,0.75,1.0,1.0,0.0,True,False
2024-02-28,DRREDDY,1.0,0.0,0.0,0.4,,,,,True
2024-02-28,HCLTECH,0.0,0.0,1.0,0.25,3.0,0.5,0.0,True,False
2024-02-28,TECHM,0.0,0.0,0.0,0.0,,,,,True
2024-02-28,SUNPHARMA,0.0,0.0,0.5,0.125,,,,,True
2024-02-29,ADANIGREEN,1.0,1.0,1.0,1.0,1.0,1.0,0.0,True,False
2024-02-29,ASIANPAINT,0.0,0.0,0.0,0.0,,,,,True
2024-02-29,AXISBANK,,,,,,,,,True
2024-02-29,BAJAJ-AUTO,-1.0,0.0,0.0,-0.4,1.0,1.0,0.0,True,False
2024-02-29,HDFCBANK,0.0,0.0,1.0,0.25,1.0,0.5,0.0,True,False
2024-02-29,HINDUNILVR,,,,,,,,,True
2024-02-29,ICICIBANK,,,,,,,,,True
2024-02-29,ITC,0.5,0.5,0.5,0.5,,,,,True
2024-02-29,KOTAKBANK,0.0,0.0,1.0,0.25,1.0,0.5,0.0,True,False
2024-02-29,M&M,0.0,0.0,0.6667,0.1667,3.0,0.5,0.0,True,False
2024-02-29,MARUTI,1.0,0.0,0.0,0.4,1.0,1.0,0.0,True,False
2024-02-29,NTPC,,,,,,,,,True
2024-02-29,ONGC,0.0,0.5,0.0,0.175,,,,,True
2024-02-29,POWERGRID,,,,,,,,,True
2024-02-29,RELIANCE,-1.0,0.0,0.0,-0.4,,,,,True
2024-02-29,SBIN,,,,,,,,,True
2024-02-29,TATAMOTORS,1.0,0.0,0.0,0.4,1.0,1.0,0.0,True,False
2024-02-29,TCS,0.0,0.0,1.0,0.25,1.0,0.5,0.0,True,False
2024-02-29,WIPRO,,,,,,,,,True
2024-02-29,CIPLA,,,,,,,,,True
2024-02-29,INFY,1.0,1.0,0.0,0.75,,,,,True
2024-02-29,DRREDDY,1.0,0.0,0.0,0.4,,,,,True
2024-02-29,HCLTECH,0.0,0.0,1.0,0.25,,,,,True
2024-02-29,TECHM,0.0,0.0,1.0,0.25,1.0,0.5,0.0,True,False
2024-02-29,SUNPHARMA,0.0,0.0,0.5,0.125,,,,,True
2024-03-01,ADANIGREEN,1.0,1.0,1.0,1.0,,,,,True
2024-03-01,ASIANPAINT,,,,,,,,,True
2024-03-01,AXISBANK,,,,,,,,,True
2024-03-01,BAJAJ-AUTO,-1.0,0.0,0.0,-0.4,,,,,True
2024-03-01,HDFCBANK,0.0,0.0,1.0,0.25,,,,,True
2024-03-01,HINDUNILVR,,,,,,,,,True
2024-03-01,ICICIBANK,,,,,,,,,True
2024-03-01,ITC,0.5,0.5,0.5,0.5,,,,,True
2024-03-01,KOTAKBANK,0.0,0.0,1.0,0.25,,,,,True
2024-03-01,M&M,0.0,0.0,0.6667,0.1667,,,,,True
2024-03-01,MARUTI,1.0,0.0,0.0,0.4,,,,,True
2024-03-01,NTPC,,,,,,,,,True
2024-03-01,ONGC,,,,,,,,,True
2024-03-01,POWERGRID,,,,,,,,,True
2024-03-01,RELIANCE,-1.0,0.0,0.0,-0.4,,,,,True
2024-03-01,SBIN,,,,,,,,,True
2024-03-01,TATAMOTORS,1.0,0.0,0.0,0.4,,,,,True
2024-03-01,TCS,0.0,0.0,1.0,0.25,,,,,True
2024-03-01,WIPRO,,,,,,,,,True
2024-03-01,CIPLA,,,,,,,,,True
2024-03-01,INFY,1.0,1.0,0.0,0.75,,,,,True
2024-03-01,DRREDDY,,,,,,,,,True
2024-03-01,HCLTECH,0.0,0.0,1.0,0.25,,,,,True
2024-03-01,TECHM,0.0,0.0,1.0,0.25,,,,,True
2024-03-01,SUNPHARMA,0.0,0.0,0.5,0.125,,,,,True
2024-03-04,ADANIGREEN,1.0,1.0,1.0,1.0,,,,,True
2024-03-04,ASIANPAINT,,,,,,,,,True
2024-03-04,AXISBANK,,,,,,,,,True
2024-03-04,BAJAJ-AUTO,1.0,1.0,0.0,0.75,1.0,1.0,0.0,True,False
2024-03-04,HDFCBANK,0.0,0.0,1.0,0.25,,,,,True
2024-03-04,HINDUNILVR,,,,,,,,,True
2024-03-04,ICICIBANK,,,,,,,,,True
2024-03-04,ITC,0.5,0.5,0.5,0.5,,,,,True
2024-03-04,KOTAKBANK,0.0,0.0,1.0,0.25,,,,,True
2024-03-04,M&M,0.0,0.0,0.6667,0.1667,,,,,True
2024-03-04,MARUTI,1.0,0.0,0.0,0.4,1.0,1.0,0.0,True,False
2024-03-04,NTPC,,,,,,,,,True
2024-03-04,ONGC,0.0,0.0,0.0,0.0,1.0,0.5,0.0,True,False
2024-03-04,POWERGRID,,,,,,,,,True
2024-03-04,RELIANCE,-1.0,0.0,0.0,-0.4,,,,,True
2024-03-04,SBIN,,,,,,,,,True
2024-03-04,TATAMOTORS,1.0,0.0,0.0,0.4,,,,,True
2024-03-04,TCS,0.0,0.0,1.0,0.25,,,,,True
2024-03-04,WIPRO,,,,,,,,,True
2024-03-04,CIPLA,0.0,0.0,0.0,0.0,1.0,0.5,0.0,True,False
2024-03-04,INFY,1.0,1.0,0.0,0.75,1.0,1.0,0.0,True,False
2024-03-04,DRREDDY,,,,,,,,,True
2024-03-04,HCLTECH,0.0,0.0,1.0,0.25,,,,,True
2024-03-04,TECHM,0.0,0.0,1.0,0.25,,,,,True
2024-03-04,SUNPHARMA,0.0,0.0,0.5,0.125,,,,,True
2024-03-05,ADANIGREEN,1.0,1.0,1.0,1.0,,,,,True
2024-03-05,ASIANPAINT,-1.0,0.0,0.0,-0.4,1.0,1.0,0.0,True,False
2024-03-05,AXISBANK,,,,,,,,,True
2024-03-05,BAJAJ-AUTO,1.0,1.0,0.0,0.75,,,,,True
2024-03-05,HDFCBANK,0.0,0.0,1.0,0.25,,,,,True
2024-03-05,HINDUNILVR,0.0,0.0,0.0,0.0,1.0,0.5,0.0,True,False
2024-03-05,ICICIBANK,0.5,0.5,0.0,0.375,2.0,0.75,0.0,True,False
2024-03-05,ITC,,,,,,,,,True
2024-03-05,KOTAKBANK,0.0,0.0,1.0,0.25,,,,,True
2024-03-05,M&M,1.0,0.0,0.0,0.4,1.0,1.0,0.0,True,False
2024-03-05,MARUTI,1.0,0.0,0.0,0.4,,,,,True
2024-03-05,NTPC,,,,,,,,,True
2024-03-05,ONGC,0.0,0.0,0.0,0.0,,,,,True
2024-03-05,POWERGRID,,,,,,,,,True
2024-03-05,RELIANCE,,,,,,,,,True
2024-03-05,SBIN,,,,,,,,,True
2024-03-05,TATAMOTORS,1.0,0.0,0.0,0.4,,,,,True
2024-03-05,TCS,0.0,0.0,1.0,0.25,,,,,True
2024-03-05,WIPRO,1.0,0.0,0.0,0.4,1.0,1.0,0.0,True,False
2024-03-05,CIPLA,0.0,0.0,0.0,0.0,,,,,True
2024-03-05,INFY,1.0,1.0,0.0,0.75,,,,,True
2024-03-05,DRREDDY,0.0,0.0,0.0,0.0,1.0,0.5,0.0,True,False
2024-03-05,HCLTECH,0.0,0.0,1.0,0.25,,,,,True
2024-03-05,TECHM,1.0,0.0,0.0,0.4,1.0,1.0,0.0,True,False
2024-03-05,SUNPHARMA,0.0,0.0,0.5,0.125,,,,,True
2024-03-06,ADANIGREEN,1.0,1.0,1.0,1.0,,,,,True
2024-03-06,ASIANPAINT,-1.0,0.0,0.0,-0.4,,,,,True
2024-03-06,AXISBANK,,,,,,,,,True
2024-03-06,BAJAJ-AUTO,1.0,1.0,0.0,0.75,,,,,True
2024-03-06,HDFCBANK,0.0,0.0,1.0,0.25,,,,,True
2024-03-06,HINDUNILVR,0.0,0.0,0.0,0.0,,,,,True
2024-03-06,ICICIBANK,0.0,0.0,0.0,0.0,1.0,0.5,0.0,True,False
2024-03-06,ITC,,,,,,,,,True
2024-03-06,KOTAKBANK,0.0,0.0,0.0,0.0,1.0,0.5,0.0,True,False
2024-03-06,M&M,0.0,0.0,0.0,0.0,1.0,0.5,0.0,True,False
2024-03-06,MARUTI,1.0,0.0,0.0,0.4,,,,,True
2024-03-06,NTPC,0.0,0.0,1.0,0.25,1.0,0.5,0.0,True,False
2024-03-06,ONGC,0.0,0.0,0.0,0.0,,,,,True
2024-03-06,POWERGRID,,,,,,,,,True
2024-03-06,RELIANCE,,,,,,,,,True
2024-03-06,SBIN,,,,,,,,,True
2024-03-06,TATAMOTORS,1.0,0.0,0.0,0.4,,,,,True
2024-03-06,TCS,0.0,0.0,1.0,0.25,,,,,True
2024-03-06,WIPRO,-1.0,0.0,0.0,-0.4,1.0,1.0,0.0,True,False
2024-03-06,CIPLA,0.0,0.0,0.0,0.0,,,,,True
2024-03-06,INFY,1.0,1.0,0.0,0.75,,,,,True
2024-03-06,DRREDDY,0.0,0.0,0.0,0.0,,,,,True
2024-03-06,HCLTECH,0.0,0.0,1.0,0.25,1.0,0.5,0.0,True,False
2024-03-06,TECHM,1.0,0.0,0.0,0.4,,,,,True
2024-03-06,SUNPHARMA,,,,,,,,,True
2024-03-07,ADANIGREEN,1.0,1.0,1.0,1.0,,,,,True
2024-03-07,ASIANPAINT,-1.0,0.0,0.0,-0.4,,,,,True
2024-03-07,AXISBANK,,,,,,,,,True
2024-03-07,BAJAJ-AUTO,1.0,1.0,0.0,0.75,,,,,True
2024-03-07,HDFCBANK,0.0,0.0,1.0,0.25,,,,,True
2024-03-07,HINDUNILVR,0.0,0.0,0.0,0.0,,,,,True
2024-03-07,ICICIBANK,0.0,0.0,0.0,0.0,,,,,True
2024-03-07,ITC,,,,,,,,,True
2024-03-07,KOTAKBANK,0.0,0.0,0.0,0.0,,,,,True
2024-03-07,M&M,0.0,0.0,0.0,0.0,,,,,True
2024-03-07,MARUTI,1.0,0.0,0.0,0.4,,,,,True
2024-03-07,NTPC,0.0,0.0,1.0,0.25,,,,,True
2024-03-07,ONGC,0.0,0.0,0.0,0.0,,,,,True
2024-03-07,POWERGRID,,,,,,,,,True
2024-03-07,RELIANCE,,,,,,,,,True
2024-03-07,SBIN,,,,,,,,,True
2024-03-07,TATAMOTORS,1.0,0.0,0.0,0.4,,,,,True
2024-03-07,TCS,0.0,0.0,1.0,0.25,,,,,True
2024-03-07,WIPRO,-1.0,0.0,0.0,-0.4,,,,,True
2024-03-07,CIPLA,0.0,0.0,0.0,0.0,,,,,True
2024-03-07,INFY,1.0,1.0,0.0,0.75,,,,,True
2024-03-07,DRREDDY,0.0,0.0,0.0,0.0,,,,,True
2024-03-07,HCLTECH,0.0,0.0,1.0,0.25,,,,,True
2024-03-07,TECHM,1.0,0.0,0.0,0.4,,,,,True
2024-03-07,SUNPHARMA,,,,,,,,,True
2024-03-08,ADANIGREEN,,,,,,,,,True
2024-03-08,ASIANPAINT,-1.0,0.0,0.0,-0.4,,,,,True
2024-03-08,AXISBANK,,,,,,,,,True
2024-03-08,BAJAJ-AUTO,1.0,1.0,0.0,0.75,,,,,True
2024-03-08,HDFCBANK,,,,,,,,,True
2024-03-08,HINDUNILVR,0.0,0.0,0.0,0.0,,,,,True
2024-03-08,ICICIBANK,0.0,0.0,0.0,0.0,,,,,True
2024-03-08,ITC,,,,,,,,,True
2024-03-08,KOTAKBANK,0.0,0.0,0.0,0.0,,,,,True
2024-03-08,M&M,0.0,0.0,0.0,0.0,,,,,True
2024-03-08,MARUTI,1.0,0.0,0.0,0.4,,,,,True
2024-03-08,NTPC,0.0,0.0,1.0,0.25,,,,,True
2024-03-08,ONGC,0.0,0.0,0.0,0.0,,,,,True
2024-03-08,POWERGRID,,,,,,,,,True
2024-03-08,RELIANCE,,,,,,,,,True
2024-03-08,SBIN,,,,,,,,,True
2024-03-08,TATAMOTORS,,,,,,,,,True
2024-03-08,TCS,,,,,,,,,True
2024-03-08,WIPRO,-1.0,0.0,0.0,-0.4,,,,,True
2024-03-08,CIPLA,0.0,0.0,0.0,0.0,,,,,True
2024-03-08,INFY,1.0,1.0,0.0,0.75,,,,,True
2024-03-08,DRREDDY,0.0,0.0,0.0,0.0,,,,,True
2024-03-08,HCLTECH,0.0,0.0,1.0,0.25,,,,,True
2024-03-08,TECHM,1.0,0.0,0.0,0.4,,,,,True
2024-03-08,SUNPHARMA,,,,,,,,,True
2024-03-11,ADANIGREEN,,,,,,,,,True
2024-03-11,ASIANPAINT,0.0,0.0,1.0,0.25,1.0,0.5,0.0,True,False
2024-03-11,AXISBANK,0.0,0.0,0.0,0.0,1.0,0.5,0.0,True,False
2024-03-11,BAJAJ-AUTO,1.0,1.0,0.0,0.75,,,,,True
2024-03-11,HDFCBANK,0.0,0.0,1.0,0.25,1.0,0.5,0.0,True,False
2024-03-11,HINDUNILVR,0.0,0.0,0.0,0.0,1.0,0.5,0.0,True,False
2024-03-11,ICICIBANK,0.0,0.0,0.0,0.0,,,,,True
2024-03-11,ITC,,,,,,,,,True
2024-03-11,KOTAKBANK,0.0,0.0,0.0,0.0,,,,,True
2024-03-11,M&M,1.0,0.0,0.0,0.4,1.0,1.0,0.0,True,False
2024-03-11,MARUTI,1.0,1.0,0.0,0.75,1.0,1.0,0.0,True,False
2024-03-11,NTPC,0.0,0.0,1.0,0.25,,,,,True
2024-03-11,ONGC,0.0,0.0,0.0,0.0,,,,,True
2024-03-11,POWERGRID,,,,,,,,,True
2024-03-11,RELIANCE,,,,,,,,,True
2024-03-11,SBIN,,,,,,,,,True
2024-03-11,TATAMOTORS,,,,,,,,,True
2024-03-11,TCS,,,,,,,,,True
2024-03-11,WIPRO,-1.0,0.0,0.0,-0.4,,,,,True
2024-03-11,CIPLA,0.0,0.0,0.0,0.0,,,,,True
2024-03-11,INFY,1.0,1.0,0.0,0.75,,,,,True
2024-03-11,DRREDDY,0.0,0.0,0.0,0.0,,,,,True
2024-03-11,HCLTECH,0.0,0.0,1.0,0.25,,,,,True
2024-03-11,TECHM,1.0,0.0,0.0,0.4,,,,,True
2024-03-11,SUNPHARMA,,,,,,,,,True
2024-03-12,ADANIGREEN,,,,,,,,,True
2024-03-12,ASIANPAINT,0.0,0.0,1.0,0.25,,,,,True
2024-03-12,AXISBANK,0.0,0.0,0.0,0.0,,,,,True
2024-03-12,BAJAJ-AUTO,,,,,,,,,True
2024-03-12,HDFCBANK,0.0,0.0,1.0,0.25,,,,,True
2024-03-12,HINDUNILVR,0.0,0.0,0.0,0.0,1.0,0.5,0.0,True,False
2024-03-12,ICICIBANK,0.0,0.0,0.0,0.0,,,,,True
2024-03-12,ITC,,,,,,,,,True
2024-03-12,KOTAKBANK,0.0,0.0,0.0,0.0,,,,,True
2024-03-12,M&M,1.0,0.0,0.0,0.4,,,,,True
2024-03-12,MARUTI,1.0,1.0,0.0,0.75,,,,,True
2024-03-12,NTPC,0.0,0.0,1.0,0.25,,,,,True
2024-03-12,ONGC,0.0,0.0,1.0,0.25,1.0,0.5,0.0,True,False
2024-03-12,POWERGRID,,,,,,,,,True
2024-03-12,RELIANCE,0.0,0.0,1.0,0.25,1.0,0.5,0.0,True,False
2024-03-12,SBIN,,,,,,,,,True
2024-03-12,TATAMOTORS,,,,,,,,,True
2024-03-12,TCS,,,,,,,,,True
2024-03-12,WIPRO,-1.0,0.0,0.0,-0.4,,,,,True
2024-03-12,CIPLA,,,,,,,,,True
2024-03-12,INFY,1.0,0.0,0.0,0.4,1.0,1.0,0.0,True,False
2024-03-12,DRREDDY,0.0,0.0,0.0,0.0,1.0,0.5,0.0,True,False
2024-03-12,HCLTECH,0.0,0.0,1.0,0.25,,,,,True
2024-03-12,TECHM,1.0,0.0,0.0,0.4,,,,,True
2024-03-12,SUNPHARMA,,,,,,,,,True
2024-03-13,ADANIGREEN,1.0,1.0,1.0,1.0,2.0,1.0,0.0,False,False
2024-03-13,ASIANPAINT,0.0,0.0,1.0,0.25,,,,,True
2024-03-13,AXISBANK,0.0,0.0,0.0,0.0,,,,,True
2024-03-13,BAJAJ-AUTO,,,,,,,,,True
2024-03-13,HDFCBANK,0.0,0.0,1.0,0.25,,,,,True
2024-03-13,HINDUNILVR,0.0,0.0,0.0,0.0,,,,,True
2024-03-13,ICICIBANK,0.0,0.0,0.0,0.0,,,,,True
2024-03-13,ITC,0.0,0.0,1.0,0.25,1.0,0.5,0.0,True,False
2024-03-13,KOTAKBANK,0.0,0.0,0.0,0.0,,,,,True
2024-03-13,M&M,1.0,0.0,0.0,0.4,,,,,True
2024-03-13,MARUTI,1.0,1.0,0.0,0.75,,,,,True
2024-03-13,NTPC,0.0,0.0,1.0,0.25,,,,,True
2024-03-13,ONGC,0.0,0.0,1.0,0.25,,,,,True
2024-03-13,POWERGRID,0.0,0.0,0.0,0.0,1.0,0.5,0.0,True,False
2024-03-13,RELIANCE,1.0,0.0,0.0,0.4,1.0,1.0,0.0,True,False
2024-03-13,SBIN,,,,,,,,,True
2024-03-13,TATAMOTORS,,,,,,,,,True
2024-03-13,TCS,1.0,1.0,0.0,0.75,1.0,1.0,0.0,True,False
2024-03-13,WIPRO,-1.0,0.0,0.0,-0.4,,,,,True
2024-03-13,CIPLA,,,,,,,,,True
2024-03-13,INFY,1.0,0.0,0.0,0.4,,,,,True
2024-03-13,DRREDDY,1.0,1.0,0.0,0.75,1.0,1.0,0.0,True,False
2024-03-13,HCLTECH,0.0,0.0,1.0,0.25,,,,,True
2024-03-13,TECHM,,,,,,,,,True
2024-03-13,SUNPHARMA,,,,,,,,,True
2024-03-14,ADANIGREEN,1.0,1.0,1.0,1.0,,,,,True
2024-03-14,ASIANPAINT,0.0,0.0,1.0,0.25,,,,,True
2024-03-14,AXISBANK,0.0,0.0,0.0,0.0,1.0,0.5,0.0,True,False
2024-03-14,BAJAJ-AUTO,-1.0,0.0,0.0,-0.4,1.0,1.0,0.0,True,False
2024-03-14,HDFCBANK,0.0,0.0,0.0,0.0,1.0,0.5,0.0,True,False
2024-03-14,HINDUNILVR,0.0,0.0,0.0,0.0,,,,,True
2024-03-14,ICICIBANK,0.0,0.0,0.0,0.0,1.0,0.5,0.0,True,False
2024-03-14,ITC,0.0,0.0,1.0,0.25,,,,,True
2024-03-14,KOTAKBANK,0.7143,0.5,0.0,0.4607,2.0,0.75,0.0,True,False
2024-03-14,M&M,1.0,1.0,0.0,0.75,1.0,1.0,0.0,True,False
2024-03-14,MARUTI,1.0,1.0,0.0,0.75,,,,,True
2024-03-14,NTPC,,,,,,,,,True
2024-03-14,ONGC,0.0,0.0,1.0,0.25,,,,,True
2024-03-14,POWERGRID,0.0,0.0,0.0,0.0,1.0,0.5,0.0,True,False
2024-03-14,RELIANCE,1.0,0.0,0.0,0.4,,,,,True
2024-03-14,SBIN,0.0,0.0,0.0,0.0,1.0,0.5,0.0,True,False
2024-03-14,TATAMOTORS,,,,,,,,,True
2024-03-14,TCS,1.0,1.0,0.0,0.75,,,,,True
2024-03-14,WIPRO,1.0,0.0,0.0,0.4,1.0,1.0,0.0,True,False
2024-03-14,CIPLA,0.0,0.0,0.0,0.0,1.0,0.5,0.0,True,False
2024-03-14,INFY,1.0,0.0,0.0,0.4,,,,,True
2024-03-14,DRREDDY,1.0,1.0,0.0,0.75,,,,,True
2024-03-14,HCLTECH,-1.0,0.0,0.0,-0.4,1.0,1.0,0.0,True,False
2024-03-14,TECHM,,,,,,,,,True
2024-03-14,SUNPHARMA,,,,,,,,,True
2024-03-15,ADANIGREEN,1.0,1.0,1.0,1.0,,,,,True
2024-03-15,ASIANPAINT,0.0,0.0,1.0,0.25,,,,,True
2024-03-15,AXISBANK,0.0,0.0,0.0,0.0,,,,,True
2024-03-15,BAJAJ-AUTO,-1.0,0.0,0.0,-0.4,,,,,True
2024-03-15,HDFCBANK,0.0,0.0,0.0,0.0,,,,,True
2024-03-15,HINDUNILVR,0.0,0.0,0.0,0.0,,,,,True
2024-03-15,ICICIBANK,0.0,0.0,0.0,0.0,,,,,True
2024-03-15,ITC,0.0,0.0,1.0,0.25,,,,,True
2024-03-15,KOTAKBANK,0.7143,0.5,0.0,0.4607,,,,,True
2024-03-15,M&M,1.0,1.0,0.0,0.75,,,,,True
2024-03-15,MARUTI,1.0,1.0,0.0,0.75,,,,,True
2024-03-15,NTPC,,,,,,,,,True
2024-03-15,ONGC,0.0,0.0,1.0,0.25,,,,,True
2024-03-15,POWERGRID,0.0,0.0,0.0,0.0,,,,,True
2024-03-15,RELIANCE,1.0,0.0,0.0,0.4,,,,,True
2024-03-15,SBIN,0.0,0.0,0.0,0.0,,,,,True
2024-03-15,TATAMOTORS,,,,,,,,,True
2024-03-15,TCS,1.0,1.0,0.0,0.75,,,,,True
2024-03-15,WIPRO,1.0,0.0,0.0,0.4,,,,,True
2024-03-15,CIPLA,0.0,0.0,0.0,0.0,,,,,True
2024-03-15,INFY,1.0,0.0,0.0,0.4,,,,,True
2024-03-15,DRREDDY,1.0,1.0,0.0,0.75,,,,,True
2024-03-15,HCLTECH,-1.0,0.0,0.0,-0.4,,,,,True
2024-03-15,TECHM,,,,,,,,,True
2024-03-15,SUNPHARMA,,,,,,,,,True
2024-03-18,ADANIGREEN,1.0,1.0,1.0,1.0,,,,,True
2024-03-18,ASIANPAINT,0.0,0.0,1.0,0.25,,,,,True
2024-03-18,AXISBANK,0.0,0.0,0.0,0.0,,,,,True
2024-03-18,BAJAJ-AUTO,-1.0,0.0,0.0,-0.4,,,,,True
2024-03-18,HDFCBANK,-1.0,0.0,0.0,-0.4,1.0,1.0,0.0,True,False
2024-03-18,HINDUNILVR,0.0,0.0,0.0,0.0,,,,,True
2024-03-18,ICICIBANK,0.0,0.0,0.0,0.0,,,,,True
2024-03-18,ITC,0.0,0.0,1.0,0.25,,,,,True
2024-03-18,KOTAKBANK,0.7143,0.5,0.0,0.4607,,,,,True
2024-03-18,M&M,1.0,1.0,0.0,0.75,,,,,True
2024-03-18,MARUTI,1.0,1.0,0.0,0.75,,,,,True
2024-03-18,NTPC,,,,,,,,,True
2024-03-18,ONGC,1.0,1.0,0.0,0.75,1.0,1.0,0.0,True,False
2024-03-18,POWERGRID,0.0,0.0,0.0,0.0,,,,,True
2024-03-18,RELIANCE,1.0,0.0,0.0,0.4,,,,,True
2024-03-18,SBIN,0.0,0.0,0.0,0.0,,,,,True
2024-03-18,TATAMOTORS,1.0,0.0,0.0,0.4,1.0,1.0,0.0,True,False
2024-03-18,TCS,1.0,1.0,0.0,0.75,,,,,True
2024-03-18,WIPRO,1.0,0.0,0.0,0.4,,,,,True
2024-03-18,CIPLA,0.0,0.0,0.0,0.0,,,,,True
2024-03-18,INFY,1.0,0.0,0.0,0.4,,,,,True
2024-03-18,DRREDDY,1.0,1.0,0.0,0.75,,,,,True
2024-03-18,HCLTECH,0.0,0.0,1.0,0.25,1.0,0.5,0.0,True,False
2024-03-18,TECHM,,,,,,,,,True
2024-03-18,SUNPHARMA,0.3333,0.3333,0.3333,0.3333,3.0,0.6667,0.0,True,False
2024-03-19,ADANIGREEN,1.0,1.0,1.0,1.0,,,,,True
2024-03-19,ASIANPAINT,,,,,,,,,True
2024-03-19,AXISBANK,0.0,0.0,0.0,0.0,,,,,True
2024-03-19,BAJAJ-AUTO,-1.0,0.0,0.0,-0.4,,,,,True
2024-03-19,HDFCBANK,-1.0,0.0,0.0,-0.4,,,,,True
2024-03-19,HINDUNILVR,0.0,0.0,0.0,0.0,,,,,True
2024-03-19,ICICIBANK,0.0,0.0,0.0,0.0,,,,,True
2024-03-19,ITC,0.0,0.0,1.0,0.25,,,,,True
2024-03-19,KOTAKBANK,0.0,0.0,0.0,0.0,1.0,0.5,0.0,True,False
2024-03-19,M&M,0.0,0.0,0.0,0.0,1.0,0.5,0.0,True,False
2024-03-19,MARUTI,,,,,,,,,True
2024-03-19,NTPC,,,,,,,,,True
2024-03-19,ONGC,1.0,1.0,0.0,0.75,,,,,True
2024-03-19,POWERGRID,0.0,0.0,0.0,0.0,,,,,True
2024-03-19,RELIANCE,1.0,0.0,0.0,0.4,,,,,True
2024-03-19,SBIN,0.0,0.0,0.0,0.0,,,,,True
2024-03-19,TATAMOTORS,1.0,0.0,0.0,0.4,,,,,True
2024-03-19,TCS,1.0,1.0,0.0,0.75,,,,,True
2024-03-19,WIPRO,1.0,0.0,0.0,0.4,,,,,True
2024-03-19,CIPLA,0.0,0.0,0.0,0.0,,,,,True
2024-03-19,INFY,1.0,0.0,0.0,0.4,,,,,True
2024-03-19,DRREDDY,0.0,0.0,1.0,0.25,1.0,0.5,0.0,True,False
2024-03-19,HCLTECH,0.0,0.0,1.0,0.25,,,,,True
2024-03-19,TECHM,,,,,,,,,True
2024-03-19,SUNPHARMA,0.3333,0.3333,0.3333,0.3333,,,,,True
2024-03-20,ADANIGREEN,1.0,1.0,1.0,1.0,,,,,True
2024-03-20,ASIANPAINT,,,,,,,,,True
2024-03-20,AXISBANK,0.0,0.0,0.0,0.0,,,,,True
2024-03-20,BAJAJ-AUTO,-1.0,0.0,0.0,-0.4,,,,,True
2024-03-20,HDFCBANK,-1.0,0.0,0.0,-0.4,,,,,True
2024-03-20,HINDUNILVR,,,,,,,,,True
2024-03-20,ICICIBANK,0.0,0.0,0.0,0.0,,,,,True
2024-03-20,ITC,1.0,0.0,0.0,0.4,1.0,1.0,0.0,True,False
2024-03-20,KOTAKBANK,0.0,0.0,0.0,0.0,,,,,True
2024-03-20,M&M,0.0,0.0,0.0,0.0,,,,,True
2024-03-20,MARUTI,,,,,,,,,True
2024-03-20,NTPC,,,,,,,,,True
2024-03-20,ONGC,1.0,1.0,0.0,0.75,,,,,True
2024-03-20,POWERGRID,0.0,0.0,1.0,0.25,1.0,0.5,0.0,True,False
2024-03-20,RELIANCE,1.0,0.0,0.0,0.4,1.0,1.0,0.0,True,False
2024-03-20,SBIN,0.0,0.0,0.0,0.0,,,,,True
2024-03-20,TATAMOTORS,0.0,0.0,1.0,0.25,1.0,0.5,0.0,True,False
2024-03-20,TCS,1.0,1.0,0.0,0.75,,,,,True
2024-03-20,WIPRO,0.0,0.0,1.0,0.25,1.0,0.5,0.0,True,False
2024-03-20,CIPLA,0.0,0.0,1.0,0.25,1.0,0.5,0.0,True,False
2024-03-20,INFY,,,,,,,,,True
2024-03-20,DRREDDY,0.0,0.0,1.0,0.25,,,,,True
2024-03-20,HCLTECH,-1.0,0.0,0.0,-0.4,1.0,1.0,0.0,True,False
2024-03-20,TECHM,,,,,,,,,True
2024-03-20,SUNPHARMA,0.3333,0.3333,0.3333,0.3333,,,,,True
2024-03-21,ADANIGREEN,1.0,1.0,1.0,1.0,1.0,1.0,0.0,True,False
2024-03-21,ASIANPAINT,,,,,,,,,True
2024-03-21,AXISBANK,0.0,0.0,0.0,0.0,,,,,True
2024-03-21,BAJAJ-AUTO,-1.0,0.0,0.0,-0.4,,,,,True
2024-03-21,HDFCBANK,-1.0,0.0,0.0,-0.4,,,,,True
2024-03-21,HINDUNILVR,,,,,,,,,True
2024-03-21,ICICIBANK,0.0,0.0,0.0,0.0,,,,,True
2024-03-21,ITC,1.0,0.0,0.0,0.4,,,,,True
2024-03-21,KOTAKBANK,0.0,0.0,0.0,0.0,,,,,True
2024-03-21,M&M,0.0,0.0,0.0,0.0,,,,,True
2024-03-21,MARUTI,,,,,,,,,True
2024-03-21,NTPC,,,,,,,,,True
2024-03-21,ONGC,1.0,1.0,0.0,0.75,,,,,True
2024-03-21,POWERGRID,0.0,0.0,0.0,0.0,1.0,0.5,0.0,True,False
2024-03-21,RELIANCE,1.0,0.0,0.0,0.4,,,,,True
2024-03-21,SBIN,0.0,0.0,0.0,0.0,,,,,True
2024-03-21,TATAMOTORS,0.0,0.0,1.0,0.25,,,,,True
2024-03-21,TCS,,,,,,,,,True
2024-03-21,WIPRO,0.0,0.0,1.0,0.25,,,,,True
2024-03-21,CIPLA,0.0,0.0,1.0,0.25,,,,,True
2024-03-21,INFY,,,,,,,,,True
2024-03-21,DRREDDY,0.0,0.0,1.0,0.25,,,,,True
2024-03-21,HCLTECH,-1.0,0.0,0.0,-0.4,,,,,True
2024-03-21,TECHM,,,,,,,,,True
2024-03-21,SUNPHARMA,0.3333,0.3333,0.3333,0.3333,,,,,True
2024-03-22,ADANIGREEN,1.0,1.0,1.0,1.0,,,,,True
2024-03-22,ASIANPAINT,,,,,,,,,True
2024-03-22,AXISBANK,,,,,,,,,True
2024-03-22,BAJAJ-AUTO,,,,,,,,,True
2024-03-22,HDFCBANK,-1.0,0.0,0.0,-0.4,,,,,True
2024-03-22,HINDUNILVR,,,,,,,,,True
2024-03-22,ICICIBANK,,,,,,,,,True
2024-03-22,ITC,1.0,0.0,0.0,0.4,,,,,True
2024-03-22,KOTAKBANK,0.0,0.0,0.0,0.0,,,,,True
2024-03-22,M&M,0.0,0.0,0.0,0.0,,,,,True
2024-03-22,MARUTI,,,,,,,,,True
2024-03-22,NTPC,,,,,,,,,True
2024-03-22,ONGC,1.0,1.0,0.0,0.75,,,,,True
2024-03-22,POWERGRID,0.0,0.0,0.0,0.0,,,,,True
2024-03-22,RELIANCE,1.0,0.0,0.0,0.4,,,,,True
2024-03-22,SBIN,,,,,,,,,True
2024-03-22,TATAMOTORS,0.0,0.0,1.0,0.25,,,,,True
2024-03-22,TCS,,,,,,,,,True
2024-03-22,WIPRO,0.0,0.0,1.0,0.25,,,,,True
2024-03-22,CIPLA,0.0,0.0,1.0,0.25,,,,,True
2024-03-22,INFY,,,,,,,,,True
2024-03-22,DRREDDY,0.0,0.0,1.0,0.25,,,,,True
2024-03-22,HCLTECH,-1.0,0.0,0.0,-0.4,,,,,True
2024-03-22,TECHM,,,,,,,,,True
2024-03-22,SUNPHARMA,0.3333,0.3333,0.3333,0.3333,,,,,True
2024-03-25,ADANIGREEN,-1.0,-1.0,1.0,-0.5,1.0,1.0,0.0,True,False
2024-03-25,ASIANPAINT,,,,,,,,,True
2024-03-25,AXISBANK,0.0,0.0,0.0,0.0,1.0,0.5,0.0,True,False
2024-03-25,BAJAJ-AUTO,,,,,,,,,True
2024-03-25,HDFCBANK,0.0,0.0,0.0,0.0,1.0,0.5,0.0,True,False
2024-03-25,HINDUNILVR,,,,,,,,,True
2024-03-25,ICICIBANK,0.0,0.0,0.0,0.0,1.0,0.5,0.0,True,False
2024-03-25,ITC,1.0,0.0,0.0,0.4,,,,,True
2024-03-25,KOTAKBANK,0.0,0.0,0.0,0.0,1.0,0.5,0.0,True,False
2024-03-25,M&M,0.0,0.0,0.0,0.0,,,,,True
2024-03-25,MARUTI,,,,,,,,,True
2024-03-25,NTPC,,,,,,,,,True
2024-03-25,ONGC,1.0,1.0,0.0,0.75,,,,,True
2024-03-25,POWERGRID,0.0,0.0,0.0,0.0,,,,,True
2024-03-25,RELIANCE,1.0,0.0,0.0,0.4,,,,,True
2024-03-25,SBIN,0.0,0.0,0.0,0.0,1.0,0.5,0.0,True,False
2024-03-25,TATAMOTORS,0.0,0.0,1.0,0.25,1.0,0.5,0.0,True,False
2024-03-25,TCS,,,,,,,,,True
2024-03-25,WIPRO,0.0,0.0,1.0,0.25,,,,,True
2024-03-25,CIPLA,0.0,0.0,1.0,0.25,,,,,True
2024-03-25,INFY,,,,,,,,,True
2024-03-25,DRREDDY,0.0,0.0,1.0,0.25,,,,,True
2024-03-25,HCLTECH,-1.0,0.0,0.0,-0.4,,,,,True
2024-03-25,TECHM,,,,,,,,,True
2024-03-25,SUNPHARMA,0.3333,0.3333,0.3333,0.3333,,,,,True
2024-03-26,ADANIGREEN,-1.0,-1.0,1.0,-0.5,,,,,True
2024-03-26,ASIANPAINT,1.0,1.0,0.0,0.75,1.0,1.0,0.0,True,False
2024-03-26,AXISBANK,0.0,0.0,0.0,0.0,,,,,True
2024-03-26,BAJAJ-AUTO,,,,,,,,,True
2024-03-26,HDFCBANK,1.0,0.0,0.0,0.4,1.0,1.0,0.0,True,False
2024-03-26,HINDUNILVR,,,,,,,,,True
2024-03-26,ICICIBANK,0.0,0.0,0.0,0.0,,,,,True
2024-03-26,ITC,1.0,0.0,0.0,0.4,,,,,True
2024-03-26,KOTAKBANK,1.0,0.0,0.0,0.4,1.0,1.0,0.0,True,False
2024-03-26,M&M,1.0,0.0,0.0,0.4,1.0,1.0,0.0,True,False
2024-03-26,MARUTI,,,,,,,,,True
2024-03-26,NTPC,,,,,,,,,True
2024-03-26,ONGC,,,,,,,,,True
2024-03-26,POWERGRID,0.0,0.0,0.0,0.0,,,,,True
2024-03-26,RELIANCE,1.0,0.0,0.0,0.4,,,,,True
2024-03-26,SBIN,0.0,0.0,0.0,0.0,,,,,True
2024-03-26,TATAMOTORS,1.0,0.5,0.0,0.575,2.0,1.0,0.0,False,False
2024-03-26,TCS,,,,,,,,,True
2024-03-26,WIPRO,0.0,0.0,1.0,0.25,,,,,True
2024-03-26,CIPLA,0.0,0.0,1.0,0.25,,,,,True
2024-03-26,INFY,,,,,,,,,True
2024-03-26,DRREDDY,0.0,0.0,1.0,0.25,1.0,0.5,0.0,True,False
2024-03-26,HCLTECH,-1.0,0.0,0.0,-0.4,,,,,True
2024-03-26,TECHM,,,,,,,,,True
2024-03-26,SUNPHARMA,,,,,,,,,True
2024-03-27,ADANIGREEN,-0.0,-0.0,1.0,0.25,2.0,1.0,0.5,False,False
2024-03-27,ASIANPAINT,1.0,1.0,0.0,0.75,,,,,True
2024-03-27,AXISBANK,0.0,0.0,0.0,0.0,1.0,0.5,0.0,True,False
2024-03-27,BAJAJ-AUTO,,,,,,,,,True
2024-03-27,HDFCBANK,0.0,0.0,0.0,0.0,1.0,0.5,0.0,True,False
2024-03-27,HINDUNILVR,,,,,,,,,True
2024-03-27,ICICIBANK,0.0,0.0,0.0,0.0,1.0,0.5,0.0,True,False
2024-03-27,ITC,1.0,0.0,0.0,0.4,,,,,True
2024-03-27,KOTAKBANK,0.0,0.0,0.0,0.0,1.0,0.5,0.0,True,False
2024-03-27,M&M,1.0,0.0,0.0,0.4,,,,,True
2024-03-27,MARUTI,1.0,1.0,0.0,0.75,1.0,1.0,0.0,True,False
2024-03-27,NTPC,1.0,0.0,1.0,0.65,1.0,1.0,0.0,True,False
2024-03-27,ONGC,,,,,,,,,True
2024-03-27,POWERGRID,0.0,0.0,0.0,0.0,,,,,True
2024-03-27,RELIANCE,1.0,0.0,0.0,0.4,,,,,True
2024-03-27,SBIN,0.7143,0.0,0.0,0.2857,2.0,0.75,0.0,True,False
2024-03-27,TATAMOTORS,0.0,0.0,1.0,0.25,1.0,0.5,0.0,True,False
2024-03-27,TCS,,,,,,,,,True
2024-03-27,WIPRO,0.0,0.0,1.0,0.25,2.0,0.5,0.0,True,False
2024-03-27,CIPLA,0.0,0.0,1.0,0.25,,,,,True
2024-03-27,INFY,,,,,,,,,True
2024-03-27,DRREDDY,1.0,0.0,0.0,0.4,1.0,1.0,0.0,True,False
2024-03-27,HCLTECH,1.0,0.0,0.0,0.4,1.0,1.0,0.0,True,False
2024-03-27,TECHM,,,,,,,,,True
2024-03-27,SUNPHARMA,-1.0,0.0,0.0,-0.4,1.0,1.0,0.0,True,False
2024-03-28,ADANIGREEN,-0.0,-0.0,1.0,0.25,,,,,True
2024-03-28,ASIANPAINT,0.0,0.0,0.0,0.0,1.0,0.5,0.0,True,False
2024-03-28,AXISBANK,1.0,0.0,0.0,0.4,1.0,1.0,0.0,True,False
2024-03-28,BAJAJ-AUTO,,,,,,,,,True
2024-03-28,HDFCBANK,0.0,0.0,0.0,0.0,,,,,True
2024-03-28,HINDUNILVR,,,,,,,,,True
2024-03-28,ICICIBANK,0.0,0.0,0.0,0.0,1.0,0.5,0.0,True,False
2024-03-28,ITC,,,,,,,,,True
2024-03-28,KOTAKBANK,0.0,0.0,0.0,0.0,,,,,True
2024-03-28,M&M,0.0,0.0,0.6667,0.1667,3.0,0.5,0.0,True,False
2024-03-28,MARUTI,1.0,1.0,0.0,0.75,,,,,True
2024-03-28,NTPC,1.0,0.0,1.0,0.65,,,,,True
2024-03-28,ONGC,,,,,,,,,True
2024-03-28,POWERGRID,0.0,0.0,0.0,0.0,,,,,True
2024-03-28,RELIANCE,,,,,,,,,True
2024-03-28,SBIN,0.7143,0.0,0.0,0.2857,,,,,True
2024-03-28,TATAMOTORS,0.0,0.0,1.0,0.25,,,,,True
2024-03-28,TCS,-0.5,0.0,0.5,-0.075,2.0,0.75,0.0,True,False
2024-03-28,WIPRO,0.0,0.0,1.0,0.25,,,,,True
2024-03-28,CIPLA,,,,,,,,,True
2024-03-28,INFY,,,,,,,,,True
2024-03-28,DRREDDY,1.0,0.0,0.0,0.4,,,,,True
2024-03-28,HCLTECH,1.0,0.0,0.0,0.4,,,,,True
2024-03-28,TECHM,0.0,0.0,0.5,0.125,2.0,0.5,0.0,True,False
2024-03-28,SUNPHARMA,0.0,0.0,1.0,0.25,1.0,0.5,0.0,True,False
2024-03-29,ADANIGREEN,-0.0,-0.0,1.0,0.25,,,,,True
2024-03-29,ASIANPAINT,0.0,0.0,0.0,0.0,,,,,True
2024-03-29,AXISBANK,1.0,0.0,0.0,0.4,,,,,True
2024-03-29,BAJAJ-AUTO,,,,,,,,,True
2024-03-29,HDFCBANK,0.0,0.0,0.0,0.0,,,,,True
2024-03-29,HINDUNILVR,,,,,,,,,True
2024-03-29,ICICIBANK,0.0,0.0,0.0,0.0,,,,,True
2024-03-29,ITC,,,,,,,,,True
2024-03-29,KOTAKBANK,0.0,0.0,0.0,0.0,,,,,True
2024-03-29,M&M,0.0,0.0,0.6667,0.1667,,,,,True
2024-03-29,MARUTI,1.0,1.0,0.0,0.75,,,,,True
2024-03-29,NTPC,1.0,0.0,1.0,0.65,,,,,True
2024-03-29,ONGC,,,,,,,,,True
2024-03-29,POWERGRID,,,,,,,,,True
2024-03-29,RELIANCE,,,,,,,,,True
2024-03-29,SBIN,0.7143,0.0,0.0,0.2857,,,,,True
2024-03-29,TATAMOTORS,0.0,0.0,1.0,0.25,,,,,True
2024-03-29,TCS,-0.5,0.0,0.5,-0.075,,,,,True
2024-03-29,WIPRO,0.0,0.0,1.0,0.25,,,,,True
2024-03-29,CIPLA,,,,,,,,,True
2024-03-29,INFY,,,,,,,,,True
2024-03-29,DRREDDY,1.0,0.0,0.0,0.4,,,,,True
2024-03-29,HCLTECH,1.0,0.0,0.0,0.4,,,,,True
2024-03-29,TECHM,0.0,0.0,0.5,0.125,,,,,True
2024-03-29,SUNPHARMA,0.0,0.0,1.0,0.25,,,,,True
2024-04-01,ADANIGREEN,-0.0,-0.0,1.0,0.25,,,,,True
2024-04-01,ASIANPAINT,0.0,0.0,0.0,0.0,,,,,True
2024-04-01,AXISBANK,1.0,0.0,0.0,0.4,,,,,True
2024-04-01,BAJAJ-AUTO,,,,,,,,,True
2024-04-01,HDFCBANK,0.0,0.0,0.0,0.0,,,,,True
2024-04-01,HINDUNILVR,,,,,,,,,True
2024-04-01,ICICIBANK,0.0,0.0,0.0,0.0,,,,,True
2024-04-01,ITC,,,,,,,,,True
2024-04-01,KOTAKBANK,0.0,0.0,0.0,0.0,,,,,True
2024-04-01,M&M,1.0,0.0,0.0,0.4,1.0,1.0,0.0,True,False
2024-04-01,MARUTI,1.0,1.0,0.0,0.75,,,,,True
2024-04-01,NTPC,1.0,1.0,1.0,1.0,1.0,1.0,0.0,True,False
2024-04-01,ONGC,-1.0,0.0,0.0,-0.4,1.0,1.0,0.0,True,False
2024-04-01,POWERGRID,,,,,,,,,True
2024-04-01,RELIANCE,,,,,,,,,True
2024-04-01,SBIN,0.0,0.0,0.0,0.0,1.0,0.5,0.0,True,False
2024-04-01,TATAMOTORS,0.0,0.0,1.0,0.25,,,,,True
2024-04-01,TCS,-0.5,0.0,0.5,-0.075,,,,,True
2024-04-01,WIPRO,0.0,0.0,1.0,0.25,,,,,True
2024-04-01,CIPLA,,,,,,,,,True
2024-04-01,INFY,,,,,,,,,True
2024-04-01,DRREDDY,1.0,0.0,0.0,0.4,,,,,True
2024-04-01,HCLTECH,1.0,0.0,0.0,0.4,,,,,True
2024-04-01,TECHM,0.0,0.0,0.5,0.125,,,,,True
2024-04-01,SUNPHARMA,0.0,0.0,1.0,0.25,,,,,True
2024-04-02,ADANIGREEN,-0.0,-0.0,1.0,0.25,,,,,True
2024-04-02,ASIANPAINT,0.0,0.0,0.0,0.0,,,,,True
2024-04-02,AXISBANK,1.0,0.0,0.0,0.4,,,,,True
2024-04-02,BAJAJ-AUTO,,,,,,,,,True
2024-04-02,HDFCBANK,1.0,1.0,0.0,0.75,1.0,1.0,0.0,True,False
2024-04-02,HINDUNILVR,,,,,,,,,True
2024-04-02,ICICIBANK,0.0,0.0,0.0,0.0,,,,,True
2024-04-02,ITC,,,,,,,,,True
2024-04-02,KOTAKBANK,0.0,0.0,1.0,0.25,1.0,0.5,0.0,True,False
2024-04-02,M&M,0.0,0.0,1.0,0.25,1.0,0.5,0.0,True,False
2024-04-02,MARUTI,1.0,1.0,0.0,0.75,,,,,True
2024-04-02,NTPC,1.0,1.0,1.0,1.0,,,,,True
2024-04-02,ONGC,0.0,0.0,1.0,0.25,1.0,0.5,0.0,True,False
2024-04-02,POWERGRID,,,,,,,,,True
2024-04-02,RELIANCE,,,,,,,,,True
2024-04-02,SBIN,1.0,0.0,0.0,0.4,1.0,1.0,0.0,True,False
2024-04-02,TATAMOTORS,0.0,0.0,1.0,0.25,,,,,True
2024-04-02,TCS,0.0,0.0,0.0,0.0,1.0,0.5,0.0,True,False
2024-04-02,WIPRO,0.0,0.0,1.0,0.25,,,,,True
2024-04-02,CIPLA,,,,,,,,,True
2024-04-02,INFY,,,,,,,,,True
2024-04-02,DRREDDY,1.0,0.0,0.0,0.4,,,,,True
2024-04-02,HCLTECH,1.0,0.0,0.0,0.4,,,,,True
2024-04-02,TECHM,0.0,0.0,0.5,0.125,,,,,True
2024-04-02,SUNPHARMA,0.0,0.0,1.0,0.25,,,,,True
2024-04-03,ADANIGREEN,-0.0,-0.0,1.0,0.25,,,,,True
2024-04-03,ASIANPAINT,0.0,0.0,0.0,0.0,,,,,True
2024-04-03,AXISBANK,1.0,0.0,0.0,0.4,,,,,True
2024-04-03,BAJAJ-AUTO,-0.5,0.0,0.0,-0.2,2.0,0.75,0.0,True,False
2024-04-03,HDFCBANK,1.0,1.0,0.0,0.75,,,,,True
2024-04-03,HINDUNILVR,,,,,,,,,True
2024-04-03,ICICIBANK,0.0,0.0,0.0,0.0,,,,,True
2024-04-03,ITC,,,,,,,,,True
2024-04-03,KOTAKBANK,0.0,0.0,1.0,0.25,,,,,True
2024-04-03,M&M,0.0,0.0,1.0,0.25,,,,,True
2024-04-03,MARUTI,1.0,1.0,0.0,0.75,,,,,True
2024-04-03,NTPC,1.0,1.0,1.0,1.0,,,,,True
2024-04-03,ONGC,1.0,0.0,0.0,0.4,1.0,1.0,0.0,True,False
2024-04-03,POWERGRID,0.0,0.0,1.0,0.25,1.0,0.5,0.0,True,False
2024-04-03,RELIANCE,,,,,,,,,True
2024-04-03,SBIN,0.0,0.0,1.0,0.25,1.0,0.5,0.0,True,False
2024-04-03,TATAMOTORS,0.0,0.0,1.0,0.25,,,,,True
2024-04-03,TCS,0.0,0.0,0.0,0.0,,,,,True
2024-04-03,WIPRO,0.0,0.0,1.0,0.25,,,,,True
2024-04-03,CIPLA,,,,,,,,,True
2024-04-03,INFY,,,,,,,,,True
2024-04-03,DRREDDY,1.0,0.0,0.0,0.4,,,,,True
2024-04-03,HCLTECH,1.0,0.0,0.0,0.4,,,,,True
2024-04-03,TECHM,0.0,0.0,0.5,0.125,,,,,True
2024-04-03,SUNPHARMA,0.0,0.0,0.0,0.0,1.0,0.5,0.0,True,False
2024-04-04,ADANIGREEN,,,,,,,,,True
2024-04-04,ASIANPAINT,0.0,0.0,0.0,0.0,,,,,True
2024-04-04,AXISBANK,1.0,0.0,0.0,0.4,,,,,True
2024-04-04,BAJAJ-AUTO,-0.5,0.0,0.0,-0.2,,,,,True
2024-04-04,HDFCBANK,1.0,1.0,0.0,0.75,,,,,True
2024-04-04,HINDUNILVR,,,,,,,,,True
2024-04-04,ICICIBANK,0.0,0.0,0.0,0.0,,,,,True
2024-04-04,ITC,,,,,,,,,True
2024-04-04,KOTAKBANK,0.0,0.0,1.0,0.25,,,,,True
2024-04-04,M&M,0.0,0.0,0.0,0.0,1.0,0.5,0.0,True,False
2024-04-04,MARUTI,,,,,,,,,True
2024-04-04,NTPC,1.0,1.0,1.0,1.0,,,,,True
2024-04-04,ONGC,1.0,0.0,0.0,0.4,,,,,True
2024-04-04,POWERGRID,0.0,0.0,0.0,0.0,1.0,0.5,0.0,True,False
2024-04-04,RELIANCE,,,,,,,,,True
2024-04-04,SBIN,0.0,0.0,1.0,0.25,,,,,True
2024-04-04,TATAMOTORS,,,,,,,,,True
2024-04-04,TCS,0.0,0.0,0.0,0.0,,,,,True
2024-04-04,WIPRO,,,,,,,,,True
2024-04-04,CIPLA,,,,,,,,,True
2024-04-04,INFY,0.0,0.0,0.0,0.0,1.0,0.5,0.0,True,False
2024-04-04,DRREDDY,,,,,,,,,True
2024-04-04,HCLTECH,,,,,,,,,True
2024-04-04,TECHM,0.0,0.0,0.5,0.125,,,,,True
2024-04-04,SUNPHARMA,0.0,0.0,0.0,0.0,,,,,True
2024-04-05,ADANIGREEN,,,,,,,,,True
2024-04-05,ASIANPAINT,,,,,,,,,True
2024-04-05,AXISBANK,,,,,,,,,True
2024-04-05,BAJAJ-AUTO,-0.5,0.0,0.0,-0.2,,,,,True
2024-04-05,HDFCBANK,1.0,1.0,0.0,0.75,,,,,True
2024-04-05,HINDUNILVR,,,,,,,,,True
2024-04-05,ICICIBANK,,,,,,,,,True
2024-04-05,ITC,,,,,,,,,True
2024-04-05,KOTAKBANK,0.0,0.0,1.0,0.25,,,,,True
2024-04-05,M&M,0.0,0.0,0.0,0.0,,,,,True
2024-04-05,MARUTI,,,,,,,,,True
2024-04-05,NTPC,1.0,1.0,1.0,1.0,,,,,True
2024-04-05,ONGC,1.0,0.0,0.0,0.4,,,,,True
2024-04-05,POWERGRID,0.0,0.0,0.0,0.0,,,,,True
2024-04-05,RELIANCE,,,,,,,,,True
2024-04-05,SBIN,0.0,0.0,1.0,0.25,,,,,True
2024-04-05,TATAMOTORS,,,,,,,,,True
2024-04-05,TCS,0.0,0.0,0.0,0.0,,,,,True
2024-04-05,WIPRO,,,,,,,,,True
2024-04-05,CIPLA,,,,,,,,,True
2024-04-05,INFY,0.0,0.0,0.0,0.0,,,,,True
2024-04-05,DRREDDY,,,,,,,,,True
2024-04-05,HCLTECH,,,,,,,,,True
2024-04-05,TECHM,,,,,,,,,True
2024-04-05,SUNPHARMA,0.0,0.0,0.0,0.0,,,,,True
2024-04-08,ADANIGREEN,,,,,,,,,True
2024-04-08,ASIANPAINT,,,,,,,,,True
2024-04-08,AXISBANK,,,,,,,,,True
2024-04-08,BAJAJ-AUTO,-0.5,0.0,0.0,-0.2,,,,,True
2024-04-08,HDFCBANK,1.0,1.0,0.0,0.75,,,,,True
2024-04-08,HINDUNILVR,,,,,,,,,True
2024-04-08,ICICIBANK,,,,,,,,,True
2024-04-08,ITC,,,,,,,,,True
2024-04-08,KOTAKBANK,0.0,0.0,1.0,0.25,,,,,True
2024-04-08,M&M,0.0,0.0,0.0,0.0,,,,,True
2024-04-08,MARUTI,,,,,,,,,True
2024-04-08,NTPC,1.0,1.0,1.0,1.0,,,,,True
2024-04-08,ONGC,0.0,0.0,1.0,0.25,1.0,0.5,0.0,True,False
2024-04-08,POWERGRID,0.0,0.0,0.0,0.0,,,,,True
2024-04-08,RELIANCE,,,,,,,,,True
2024-04-08,SBIN,0.0,0.0,0.0,0.0,1.0,0.5,0.0,True,False
2024-04-08,TATAMOTORS,,,,,,,,,True
2024-04-08,TCS,0.0,0.0,0.0,0.0,,,,,True
2024-04-08,WIPRO,,,,,,,,,True
2024-04-08,CIPLA,,,,,,,,,True
2024-04-08,INFY,0.0,0.0,0.0,0.0,,,,,True
2024-04-08,DRREDDY,,,,,,,,,True
2024-04-08,HCLTECH,,,,,,,,,True
2024-04-08,TECHM,,,,,,,,,True
2024-04-08,SUNPHARMA,0.0,0.0,0.0,0.0,,,,,True
2024-04-09,ADANIGREEN,,,,,,,,,True
2024-04-09,ASIANPAINT,,,,,,,,,True
2024-04-09,AXISBANK,,,,,,,,,True
2024-04-09,BAJAJ-AUTO,-0.5,0.0,0.0,-0.2,,,,,True
2024-04-09,HDFCBANK,1.0,1.0,0.0,0.75,,,,,True
2024-04-09,HINDUNILVR,,,,,,,,,True
2024-04-09,ICICIBANK,1.0,1.0,0.0,0.75,1.0,1.0,0.0,True,False
2024-04-09,ITC,,,,,,,,,True
2024-04-09,KOTAKBANK,0.0,0.0,1.0,0.25,,,,,True
2024-04-09,M&M,0.0,0.0,0.0,0.0,,,,,True
2024-04-09,MARUTI,,,,,,,,,True
2024-04-09,NTPC,,,,,,,,,True
2024-04-09,ONGC,0.0,0.0,1.0,0.25,,,,,True
2024-04-09,POWERGRID,0.0,0.0,0.0,0.0,,,,,True
2024-04-09,RELIANCE,1.0,0.0,0.0,0.4,1.0,1.0,0.0,True,False
2024-04-09,SBIN,0.0,0.0,0.0,0.0,,,,,True
2024-04-09,TATAMOTORS,,,,,,,,,True
2024-04-09,TCS,0.0,0.0,0.0,0.0,,,,,True
2024-04-09,WIPRO,,,,,,,,,True
2024-04-09,CIPLA,,,,,,,,,True
2024-04-09,INFY,0.0,0.0,1.0,0.25,1.0,0.5,0.0,True,False
2024-04-09,DRREDDY,,,,,,,,,True
2024-04-09,HCLTECH,,,,,,,,,True
2024-04-09,TECHM,,,,,,,,,True
2024-04-09,SUNPHARMA,1.0,0.0,0.0,0.4,1.0,1.0,0.0,True,False
2024-04-10,ADANIGREEN,,,,,,,,,True
2024-04-10,ASIANPAINT,,,,,,,,,True
2024-04-10,AXISBANK,1.0,1.0,0.0,0.75,1.0,1.0,0.0,True,False
2024-04-10,BAJAJ-AUTO,-0.5,0.0,0.0,-0.2,,,,,True
2024-04-10,HDFCBANK,,,,,,,,,True
2024-04-10,HINDUNILVR,,,,,,,,,True
2024-04-10,ICICIBANK,1.0,1.0,0.0,0.75,,,,,True
2024-04-10,ITC,,,,,,,,,True
2024-04-10,KOTAKBANK,,,,,,,,,True
2024-04-10,M&M,0.0,0.0,0.0,0.0,,,,,True
2024-04-10,MARUTI,1.0,0.0,0.0,0.4,1.0,1.0,0.0,True,False
2024-04-10,NTPC,,,,,,,,,True
2024-04-10,ONGC,0.0,0.0,1.0,0.25,,,,,True
2024-04-10,POWERGRID,0.0,0.0,0.0,0.0,,,,,True
2024-04-10,RELIANCE,1.0,0.0,0.0,0.4,,,,,True
2024-04-10,SBIN,0.0,0.0,0.0,0.0,,,,,True
2024-04-10,TATAMOTORS,,,,,,,,,True
2024-04-10,TCS,,,,,,,,,True
2024-04-10,WIPRO,,,,,,,,,True
2024-04-10,CIPLA,,,,,,,,,True
2024-04-10,INFY,0.0,0.0,1.0,0.25,,,,,True
2024-04-10,DRREDDY,,,,,,,,,True
2024-04-10,HCLTECH,,,,,,,,,True
2024-04-10,TECHM,,,,,,,,,True
2024-04-10,SUNPHARMA,1.0,0.0,0.0,0.4,,,,,True
2024-04-11,ADANIGREEN,0.0,0.0,1.0,0.25,1.0,0.5,0.0,True,False
2024-04-11,ASIANPAINT,,,,,,,,,True
2024-04-11,AXISBANK,1.0,1.0,0.0,0.75,,,,,True
2024-04-11,BAJAJ-AUTO,,,,,,,,,True
2024-04-11,HDFCBANK,,,,,,,,,True
2024-04-11,HINDUNILVR,,,,,,,,,True
2024-04-11,ICICIBANK,1.0,1.0,0.0,0.75,,,,,True
2024-04-11,ITC,0.0,0.0,1.0,0.25,1.0,0.5,0.0,True,False
2024-04-11,KOTAKBANK,,,,,,,,,True
2024-04-11,M&M,1.0,0.0,0.0,0.4,1.0,1.0,0.0,True,False
2024-04-11,MARUTI,1.0,0.0,0.0,0.4,,,,,True
2024-04-11,NTPC,0.0,0.0,1.0,0.25,1.0,0.5,0.0,True,False
2024-04-11,ONGC,-1.0,0.0,0.0,-0.4,1.0,1.0,0.0,True,False
2024-04-11,POWERGRID,0.0,0.0,0.0,0.0,1.0,0.5,0.0,True,False
2024-04-11,RELIANCE,-0.5,0.0,0.0,-0.2,2.0,0.75,0.0,True,False
2024-04-11,SBIN,0.0,0.0,0.0,0.0,,,,,True
2024-04-11,TATAMOTORS,,,,,,,,,True
2024-04-11,TCS,,,,,,,,,True
2024-04-11,WIPRO,,,,,,,,,True
2024-04-11,CIPLA,,,,,,,,,True
2024-04-11,INFY,0.0,0.0,1.0,0.25,,,,,True
2024-04-11,DRREDDY,,,,,,,,,True
2024-04-11,HCLTECH,,,,,,,,,True
2024-04-11,TECHM,,,,,,,,,True
2024-04-11,SUNPHARMA,1.0,0.0,0.0,0.4,,,,,True
2024-04-12,ADANIGREEN,0.0,0.0,1.0,0.25,,,,,True
2024-04-12,ASIANPAINT,,,,,,,,,True
2024-04-12,AXISBANK,1.0,1.0,0.0,0.75,,,,,True
2024-04-12,BAJAJ-AUTO,,,,,,,,,True
2024-04-12,HDFCBANK,,,,,,,,,True
2024-04-12,HINDUNILVR,,,,,,,,,True
2024-04-12,ICICIBANK,1.0,1.0,0.0,0.75,,,,,True
2024-04-12,ITC,0.0,0.0,1.0,0.25,,,,,True
2024-04-12,KOTAKBANK,,,,,,,,,True
2024-04-12,M&M,1.0,0.0,0.0,0.4,,,,,True
2024-04-12,MARUTI,1.0,0.0,0.0,0.4,,,,,True
2024-04-12,NTPC,0.0,0.0,1.0,0.25,,,,,True
2024-04-12,ONGC,-1.0,0.0,0.0,-0.4,,,,,True
2024-04-12,POWERGRID,0.0,0.0,0.0,0.0,,,,,True
2024-04-12,RELIANCE,-0.5,0.0,0.0,-0.2,,,,,True
2024-04-12,SBIN,0.0,0.0,0.0,0.0,,,,,True
2024-04-12,TATAMOTORS,,,,,,,,,True
2024-04-12,TCS,,,,,,,,,True
2024-04-12,WIPRO,,,,,,,,,True
2024-04-12,CIPLA,,,,,,,,,True
2024-04-12,INFY,0.0,0.0,1.0,0.25,,,,,True
2024-04-12,DRREDDY,,,,,,,,,True
2024-04-12,HCLTECH,,,,,,,,,True
2024-04-12,TECHM,,,,,,,,,True
2024-04-12,SUNPHARMA,1.0,0.0,0.0,0.4,,,,,True
2024-04-15,ADANIGREEN,0.0,0.0,1.0,0.25,,,,,True
2024-04-15,ASIANPAINT,1.0,0.0,0.0,0.4,1.0,1.0,0.0,True,False
2024-04-15,AXISBANK,1.0,0.0,0.0,0.4,1.0,1.0,0.0,True,False
2024-04-15,BAJAJ-AUTO,,,,,,,,,True
2024-04-15,HDFCBANK,,,,,,,,,True
2024-04-15,HINDUNILVR,,,,,,,,,True
2024-04-15,ICICIBANK,1.0,1.0,0.0,0.75,,,,,True
2024-04-15,ITC,0.0,0.0,1.0,0.25,,,,,True
2024-04-15,KOTAKBANK,,,,,,,,,True
2024-04-15,M&M,1.0,0.0,0.0,0.4,,,,,True
2024-04-15,MARUTI,1.0,0.0,0.0,0.4,1.0,1.0,0.0,True,False
2024-04-15,NTPC,1.0,0.0,1.0,0.65,1.0,1.0,0.0,True,False
2024-04-15,ONGC,-1.0,0.0,0.0,-0.4,,,,,True
2024-04-15,POWERGRID,0.0,0.0,0.0,0.0,,,,,True
2024-04-15,RELIANCE,-0.5,0.0,0.0,-0.2,,,,,True
2024-04-15,SBIN,0.0,0.0,0.0,0.0,,,,,True
2024-04-15,TATAMOTORS,,,,,,,,,True
2024-04-15,TCS,,,,,,,,,True
2024-04-15,WIPRO,,,,,,,,,True
2024-04-15,CIPLA,,,,,,,,,True
2024-04-15,INFY,0.0,0.0,1.0,0.25,1.0,0.5,0.0,True,False
2024-04-15,DRREDDY,,,,,,,,,True
2024-04-15,HCLTECH,0.0,0.0,1.0,0.25,1.0,0.5,0.0,True,False
2024-04-15,TECHM,,,,,,,,,True
2024-04-15,SUNPHARMA,0.0,0.0,0.0,0.0,1.0,0.5,0.0,True,False
2024-04-16,ADANIGREEN,0.0,0.0,1.0,0.25,,,,,True
2024-04-16,ASIANPAINT,1.0,0.0,0.0,0.4,,,,,True
2024-04-16,AXISBANK,1.0,0.0,0.0,0.4,,,,,True
2024-04-16,BAJAJ-AUTO,,,,,,,,,True
2024-04-16,HDFCBANK,,,,,,,,,True
2024-04-16,HINDUNILVR,,,,,,,,,True
2024-04-16,ICICIBANK,1.0,1.0,0.0,0.75,,,,,True
2024-04-16,ITC,0.0,0.0,1.0,0.25,,,,,True
2024-04-16,KOTAKBANK,1.0,1.0,0.0,0.75,1.0,1.0,0.0,True,False
2024-04-16,M&M,1.0,1.0,0.0,0.75,1.0,1.0,0.0,True,False
2024-04-16,MARUTI,1.0,0.0,0.0,0.4,,,,,True
2024-04-16,NTPC,1.0,0.0,1.0,0.65,,,,,True
2024-04-16,ONGC,0.0,0.0,0.0,0.0,1.0,0.5,0.0,True,False
2024-04-16,POWERGRID,0.0,0.0,0.0,0.0,,,,,True
2024-04-16,RELIANCE,-0.5,0.0,0.0,-0.2,,,,,True
2024-04-16,SBIN,,,,,,,,,True
2024-04-16,TATAMOTORS,,,,,,,,,True
2024-04-16,TCS,,,,,,,,,True
2024-04-16,WIPRO,,,,,,,,,True
2024-04-16,CIPLA,0.0,0.0,0.5,0.125,2.0,0.5,0.0,True,False
2024-04-16,INFY,0.0,0.0,1.0,0.25,,,,,True
2024-04-16,DRREDDY,,,,,,,,,True
2024-04-16,HCLTECH,0.0,0.0,1.0,0.25,,,,,True
2024-04-16,TECHM,,,,,,,,,True
2024-04-16,SUNPHARMA,0.0,0.0,0.0,0.0,,,,,True
2024-04-17,ADANIGREEN,0.0,0.0,1.0,0.25,,,,,True
2024-04-17,ASIANPAINT,1.0,0.0,0.0,0.4,,,,,True
2024-04-17,AXISBANK,1.0,0.0,0.0,0.4,,,,,True
2024-04-17,BAJAJ-AUTO,,,,,,,,,True
2024-04-17,HDFCBANK,,,,,,,,,True
2024-04-17,HINDUNILVR,0.0,0.0,1.0,0.25,1.0,0.5,0.0,True,False
2024-04-17,ICICIBANK,,,,,,,,,True
2024-04-17,ITC,0.0,0.0,1.0,0.25,,,,,True
2024-04-17,KOTAKBANK,1.0,1.0,0.0,0.75,,,,,True
2024-04-17,M&M,1.0,1.0,0.0,0.75,,,,,True
2024-04-17,MARUTI,1.0,0.0,0.0,0.4,,,,,True
2024-04-17,NTPC,1.0,0.0,1.0,0.65,,,,,True
2024-04-17,ONGC,0.0,0.0,0.0,0.0,,,,,True
2024-04-17,POWERGRID,0.0,0.0,0.0,0.0,,,,,True
2024-04-17,RELIANCE,-0.5,0.0,0.0,-0.2,,,,,True
2024-04-17,SBIN,,,,,,,,,True
2024-04-17,TATAMOTORS,,,,,,,,,True
2024-04-17,TCS,,,,,,,,,True
2024-04-17,WIPRO,,,,,,,,,True
2024-04-17,CIPLA,0.0,0.0,0.5,0.125,,,,,True
2024-04-17,INFY,0.0,0.0,1.0,0.25,,,,,True
2024-04-17,DRREDDY,,,,,,,,,True
2024-04-17,HCLTECH,0.0,0.0,1.0,0.25,,,,,True
2024-04-17,TECHM,,,,,,,,,True
2024-04-17,SUNPHARMA,0.0,0.0,0.0,0.0,,,,,True
2024-04-18,ADANIGREEN,0.0,0.0,1.0,0.25,,,,,True
2024-04-18,ASIANPAINT,1.0,0.0,0.0,0.4,,,,,True
2024-04-18,AXISBANK,1.0,0.0,0.0,0.4,,,,,True
2024-04-18,BAJAJ-AUTO,,,,,,,,,True
2024-04-18,HDFCBANK,,,,,,,,,True
2024-04-18,HINDUNILVR,0.0,0.0,1.0,0.25,,,,,True
2024-04-18,ICICIBANK,0.0,0.0,0.5,0.125,2.0,0.5,0.0,True,False
2024-04-18,ITC,0.0,0.0,1.0,0.25,1.0,0.5,0.0,True,False
2024-04-18,KOTAKBANK,0.0,0.0,0.0,0.0,1.0,0.5,0.0,True,False
2024-04-18,M&M,0.0,0.0,0.0,0.0,1.0,0.5,0.0,True,False
2024-04-18,MARUTI,0.0,0.0,0.0,0.0,1.0,0.5,0.0,True,False
2024-04-18,NTPC,1.0,0.0,1.0,0.65,,,,,True
2024-04-18,ONGC,0.0,0.0,0.0,0.0,,,,,True
2024-04-18,POWERGRID,0.0,0.0,0.0,0.0,,,,,True
2024-04-18,RELIANCE,-0.5,0.0,0.0,-0.2,,,,,True
2024-04-18,SBIN,,,,,,,,,True
2024-04-18,TATAMOTORS,,,,,,,,,True
2024-04-18,TCS,,,,,,,,,True
2024-04-18,WIPRO,,,,,,,,,True
2024-04-18,CIPLA,0.0,0.0,0.5,0.125,,,,,True
2024-04-18,INFY,0.0,0.0,1.0,0.25,,,,,True
2024-04-18,DRREDDY,,,,,,,,,True
2024-04-18,HCLTECH,0.0,0.0,1.0,0.25,,,,,True
2024-04-18,TECHM,,,,,,,,,True
2024-04-18,SUNPHARMA,0.0,0.0,0.0,0.0,,,,,True
2024-04-19,ADANIGREEN,,,,,,,,,True
2024-04-19,ASIANPAINT,1.0,0.0,0.0,0.4,,,,,True
2024-04-19,AXISBANK,1.0,0.0,0.0,0.4,,,,,True
2024-04-19,BAJAJ-AUTO,,,,,,,,,True
2024-04-19,HDFCBANK,,,,,,,,,True
2024-04-19,HINDUNILVR,0.0,0.0,1.0,0.25,,,,,True
2024-04-19,ICICIBANK,0.0,0.0,0.5,0.125,,,,,True
2024-04-19,ITC,0.0,0.0,1.0,0.25,,,,,True
2024-04-19,KOTAKBANK,0.0,0.0,0.0,0.0,,,,,True
2024-04-19,M&M,0.0,0.0,0.0,0.0,,,,,True
2024-04-19,MARUTI,0.0,0.0,0.0,0.0,,,,,True
2024-04-19,NTPC,1.0,0.0,1.0,0.65,,,,,True
2024-04-19,ONGC,0.0,0.0,0.0,0.0,,,,,True
2024-04-19,POWERGRID,,,,,,,,,True
2024-04-19,RELIANCE,,,,,,,,,True
2024-04-19,SBIN,,,,,,,,,True
2024-04-19,TATAMOTORS,,,,,,,,,True
2024-04-19,TCS,,,,,,,,,True
2024-04-19,WIPRO,,,,,,,,,True
2024-04-19,CIPLA,0.0,0.0,0.5,0.125,,,,,True
2024-04-19,INFY,0.0,0.0,1.0,0.25,,,,,True
2024-04-19,DRREDDY,,,,,,,,,True
2024-04-19,HCLTECH,0.0,0.0,1.0,0.25,,,,,True
2024-04-19,TECHM,,,,,,,,,True
2024-04-19,SUNPHARMA,0.0,0.0,0.0,0.0,,,,,True
2024-04-22,ADANIGREEN,,,,,,,,,True
2024-04-22,ASIANPAINT,1.0,1.0,0.0,0.75,1.0,1.0,0.0,True,False
2024-04-22,AXISBANK,1.0,0.0,0.0,0.4,,,,,True
2024-04-22,BAJAJ-AUTO,,,,,,,,,True
2024-04-22,HDFCBANK,,,,,,,,,True
2024-04-22,HINDUNILVR,0.0,0.0,1.0,0.25,,,,,True
2024-04-22,ICICIBANK,0.0,0.0,0.5,0.125,,,,,True
2024-04-22,ITC,0.0,0.0,1.0,0.25,,,,,True
2024-04-22,KOTAKBANK,0.0,0.0,0.0,0.0,,,,,True
2024-04-22,M&M,0.0,0.0,0.0,0.0,,,,,True
2024-04-22,MARUTI,0.0,0.0,0.0,0.0,1.0,0.5,0.0,True,False
2024-04-22,NTPC,1.0,0.0,1.0,0.65,,,,,True
2024-04-22,ONGC,0.0,0.0,0.0,0.0,,,,,True
2024-04-22,POWERGRID,1.0,1.0,0.0,0.75,1.0,1.0,0.0,True,False
2024-04-22,RELIANCE,,,,,,,,,True
2024-04-22,SBIN,,,,,,,,,True
2024-04-22,TATAMOTORS,,,,,,,,,True
2024-04-22,TCS,,,,,,,,,True
2024-04-22,WIPRO,,,,,,,,,True
2024-04-22,CIPLA,0.0,0.0,0.5,0.125,,,,,True
2024-04-22,INFY,0.5,0.5,0.5,0.5,2.0,0.75,0.0,True,False
2024-04-22,DRREDDY,,,,,,,,,True
2024-04-22,HCLTECH,1.0,1.0,0.0,0.75,2.0,1.0,0.0,False,False
2024-04-22,TECHM,,,,,,,,,True
2024-04-22,SUNPHARMA,0.0,0.0,0.0,0.0,,,,,True
2024-04-23,ADANIGREEN,,,,,,,,,True
2024-04-23,ASIANPAINT,1.0,1.0,0.0,0.75,,,,,True
2024-04-23,AXISBANK,0.0,0.0,1.0,0.25,1.0,0.5,0.0,True,False
2024-04-23,BAJAJ-AUTO,,,,,,,,,True
2024-04-23,HDFCBANK,,,,,,,,,True
2024-04-23,HINDUNILVR,0.0,0.0,1.0,0.25,1.0,0.5,0.0,True,False
2024-04-23,ICICIBANK,1.0,0.0,0.0,0.4,1.0,1.0,0.0,True,False
2024-04-23,ITC,-1.0,0.0,0.0,-0.4,1.0,1.0,0.0,True,False
2024-04-23,KOTAKBANK,0.0,0.0,0.0,0.0,,,,,True
2024-04-23,M&M,0.0,0.0,0.0,0.0,,,,,True
2024-04-23,MARUTI,1.0,1.0,0.0,0.75,1.0,1.0,0.0,True,False
2024-04-23,NTPC,,,,,,,,,True
2024-04-23,ONGC,0.0,0.0,0.0,0.0,,,,,True
2024-04-23,POWERGRID,0.0,0.0,0.0,0.0,1.0,0.5,0.0,True,False
2024-04-23,RELIANCE,,,,,,,,,True
2024-04-23,SBIN,,,,,,,,,True
2024-04-23,TATAMOTORS,,,,,,,,,True
2024-04-23,TCS,,,,,,,,,True
2024-04-23,WIPRO,,,,,,,,,True
2024-04-23,CIPLA,0.0,0.0,0.5,0.125,,,,,True
2024-04-23,INFY,0.5,0.5,0.5,0.5,,,,,True
2024-04-23,DRREDDY,,,,,,,,,True
2024-04-23,HCLTECH,1.0,1.0,0.0,0.75,,,,,True
2024-04-23,TECHM,,,,,,,,,True
2024-04-23,SUNPHARMA,,,,,,,,,True
2024-04-24,ADANIGREEN,,,,,,,,,True
2024-04-24,ASIANPAINT,1.0,1.0,0.0,0.75,,,,,True
2024-04-24,AXISBANK,0.0,0.0,1.0,0.25,,,,,True
2024-04-24,BAJAJ-AUTO,,,,,,,,,True
2024-04-24,HDFCBANK,,,,,,,,,True
2024-04-24,HINDUNILVR,0.0,0.0,1.0,0.25,,,,,True
2024-04-24,ICICIBANK,1.0,0.0,0.0,0.4,,,,,True
2024-04-24,ITC,1.0,0.0,0.0,0.4,1.0,1.0,0.0,True,False
2024-04-24,KOTAKBANK,1.0,0.0,0.0,0.4,1.0,1.0,0.0,True,False
2024-04-24,M&M,1.0,0.0,0.0,0.4,1.0,1.0,0.0,True,False
2024-04-24,MARUTI,0.0,0.0,1.0,0.25,1.0,0.5,0.0,True,False
2024-04-24,NTPC,,,,,,,,,True
2024-04-24,ONGC,,,,,,,,,True
2024-04-24,POWERGRID,0.0,0.0,0.0,0.0,,,,,True
2024-04-24,RELIANCE,,,,,,,,,True
2024-04-24,SBIN,0.0,0.0,0.0,0.0,1.0,0.5,0.0,True,False
2024-04-24,TATAMOTORS,,,,,,,,,True
2024-04-24,TCS,,,,,,,,,True
2024-04-24,WIPRO,0.0,0.0,0.0,0.0,2.0,0.5,0.0,True,False
2024-04-24,CIPLA,,,,,,,,,True
2024-04-24,INFY,0.5,0.5,0.5,0.5,,,,,True
2024-04-24,DRREDDY,,,,,,,,,True
2024-04-24,HCLTECH,1.0,1.0,0.0,0.75,,,,,True
2024-04-24,TECHM,,,,,,,,,True
2024-04-24,SUNPHARMA,,,,,,,,,True
2024-04-25,ADANIGREEN,,,,,,,,,True
2024-04-25,ASIANPAINT,1.0,1.0,0.0,0.75,,,,,True
2024-04-25,AXISBANK,0.0,0.0,1.0,0.25,,,,,True
2024-04-25,BAJAJ-AUTO,,,,,,,,,True
2024-04-25,HDFCBANK,,,,,,,,,True
2024-04-25,HINDUNILVR,0.0,0.0,1.0,0.25,,,,,True
2024-04-25,ICICIBANK,0.0,0.0,0.0,0.0,1.0,0.5,0.0,True,False
2024-04-25,ITC,1.0,0.0,0.0,0.4,,,,,True
2024-04-25,KOTAKBANK,1.0,0.0,0.0,0.4,,,,,True
2024-04-25,M&M,1.0,0.0,0.0,0.4,,,,,True
2024-04-25,MARUTI,0.0,0.0,1.0,0.25,,,,,True
2024-04-25,NTPC,,,,,,,,,True
2024-04-25,ONGC,,,,,,,,,True
2024-04-25,POWERGRID,0.0,0.0,0.0,0.0,,,,,True
2024-04-25,RELIANCE,,,,,,,,,True
2024-04-25,SBIN,0.0,0.0,0.0,0.0,,,,,True
2024-04-25,TATAMOTORS,-1.0,0.0,0.0,-0.4,1.0,1.0,0.0,True,False
2024-04-25,TCS,,,,,,,,,True
2024-04-25,WIPRO,0.0,0.0,0.0,0.0,,,,,True
2024-04-25,CIPLA,,,,,,,,,True
2024-04-25,INFY,0.5,0.5,0.5,0.5,,,,,True
2024-04-25,DRREDDY,1.0,1.0,0.0,0.75,1.0,1.0,0.0,True,False
2024-04-25,HCLTECH,1.0,1.0,0.0,0.75,,,,,True
2024-04-25,TECHM,,,,,,,,,True
2024-04-25,SUNPHARMA,,,,,,,,,True
2024-04-26,ADANIGREEN,,,,,,,,,True
2024-04-26,ASIANPAINT,1.0,1.0,0.0,0.75,,,,,True
2024-04-26,AXISBANK,0.0,0.0,1.0,0.25,,,,,True
2024-04-26,BAJAJ-AUTO,,,,,,,,,True
2024-04-26,HDFCBANK,,,,,,,,,True
2024-04-26,HINDUNILVR,0.0,0.0,1.0,0.25,,,,,True
2024-04-26,ICICIBANK,0.0,0.0,0.0,0.0,,,,,True
2024-04-26,ITC,1.0,0.0,0.0,0.4,,,,,True
2024-04-26,KOTAKBANK,1.0,0.0,0.0,0.4,,,,,True
2024-04-26,M&M,1.0,0.0,0.0,0.4,,,,,True
2024-04-26,MARUTI,0.0,0.0,1.0,0.25,,,,,True
2024-04-26,NTPC,,,,,,,,,True
2024-04-26,ONGC,,,,,,,,,True
2024-04-26,POWERGRID,0.0,0.0,0.0,0.0,,,,,True
2024-04-26,RELIANCE,,,,,,,,,True
2024-04-26,SBIN,0.0,0.0,0.0,0.0,,,,,True
2024-04-26,TATAMOTORS,-1.0,0.0,0.0,-0.4,,,,,True
2024-04-26,TCS,,,,,,,,,True
2024-04-26,WIPRO,0.0,0.0,0.0,0.0,,,,,True
2024-04-26,CIPLA,,,,,,,,,True
2024-04-26,INFY,0.5,0.5,0.5,0.5,,,,,True
2024-04-26,DRREDDY,1.0,1.0,0.0,0.75,,,,,True
2024-04-26,HCLTECH,1.0,1.0,0.0,0.75,,,,,True
2024-04-26,TECHM,,,,,,,,,True
2024-04-26,SUNPHARMA,,,,,,,,,True
2024-04-29,ADANIGREEN,,,,,,,,,True
2024-04-29,ASIANPAINT,1.0,1.0,0.0,0.75,,,,,True
2024-04-29,AXISBANK,0.0,0.0,1.0,0.25,,,,,True
2024-04-29,BAJAJ-AUTO,,,,,,,,,True
2024-04-29,HDFCBANK,,,,,,,,,True
2024-04-29,HINDUNILVR,0.0,0.0,1.0,0.25,,,,,True
2024-04-29,ICICIBANK,0.0,0.0,0.0,0.0,,,,,True
2024-04-29,ITC,0.0,0.0,0.0,0.0,1.0,0.5,0.0,True,False
2024-04-29,KOTAKBANK,1.0,0.0,0.0,0.4,,,,,True
2024-04-29,M&M,1.0,0.0,0.0,0.4,,,,,True
2024-04-29,MARUTI,0.0,0.0,1.0,0.25,,,,,True
2024-04-29,NTPC,,,,,,,,,True
2024-04-29,ONGC,0.0,0.0,0.5,0.125,2.0,0.5,0.0,True,False
2024-04-29,POWERGRID,0.0,0.0,0.0,0.0,,,,,True
2024-04-29,RELIANCE,,,,,,,,,True
2024-04-29,SBIN,1.0,0.0,0.0,0.4,1.0,1.0,0.0,True,False
2024-04-29,TATAMOTORS,-1.0,0.0,0.0,-0.4,,,,,True
2024-04-29,TCS,,,,,,,,,True
2024-04-29,WIPRO,1.0,1.0,0.0,0.75,1.0,1.0,0.0,True,False
2024-04-29,CIPLA,,,,,,,,,True
2024-04-29,INFY,0.0,0.0,1.0,0.25,1.0,0.5,0.0,True,False
2024-04-29,DRREDDY,1.0,1.0,0.0,0.75,,,,,True
2024-04-29,HCLTECH,1.0,1.0,0.0,0.75,,,,,True
2024-04-29,TECHM,,,,,,,,,True
2024-04-29,SUNPHARMA,,,,,,,,,True
2024-04-30,ADANIGREEN,,,,,,,,,True
2024-04-30,ASIANPAINT,,,,,,,,,True
2024-04-30,AXISBANK,0.0,0.0,1.0,0.25,,,,,True
2024-04-30,BAJAJ-AUTO,,,,,,,,,True
2024-04-30,HDFCBANK,1.0,0.0,0.0,0.4,1.0,1.0,0.0,True,False
2024-04-30,HINDUNILVR,0.0,0.0,1.0,0.25,,,,,True
2024-04-30,ICICIBANK,1.0,0.0,0.0,0.4,1.0,1.0,0.0,True,False
2024-04-30,ITC,0.0,0.0,0.0,0.0,,,,,True
2024-04-30,KOTAKBANK,1.0,0.0,0.0,0.4,,,,,True
2024-04-30,M&M,1.0,0.0,0.0,0.4,,,,,True
2024-04-30,MARUTI,0.0,0.0,1.0,0.25,,,,,True
2024-04-30,NTPC,,,,,,,,,True
2024-04-30,ONGC,0.0,0.0,0.5,0.125,,,,,True
2024-04-30,POWERGRID,0.0,0.0,0.0,0.0,,,,,True
2024-04-30,RELIANCE,,,,,,,,,True
2024-04-30,SBIN,1.0,0.0,0.0,0.4,,,,,True
2024-04-30,TATAMOTORS,-1.0,0.0,0.0,-0.4,,,,,True
2024-04-30,TCS,,,,,,,,,True
2024-04-30,WIPRO,1.0,1.0,0.0,0.75,,,,,True
2024-04-30,CIPLA,,,,,,,,,True
2024-04-30,INFY,0.0,0.0,1.0,0.25,,,,,True
2024-04-30,DRREDDY,1.0,1.0,0.0,0.75,,,,,True
2024-04-30,HCLTECH,,,,,,,,,True
2024-04-30,TECHM,,,,,,,,,True
2024-04-30,SUNPHARMA,,,,,,,,,True
2024-05-01,ADANIGREEN,,,,,,,,,True
2024-05-01,ASIANPAINT,,,,,,,,,True
2024-05-01,AXISBANK,,,,,,,,,True
2024-05-01,BAJAJ-AUTO,,,,,,,,,True
2024-05-01,HDFCBANK,0.0,0.0,1.0,0.25,1.0,0.5,0.0,True,False
2024-05-01,HINDUNILVR,,,,,,,,,True
2024-05-01,ICICIBANK,1.0,0.0,0.0,0.4,,,,,True
2024-05-01,ITC,0.0,0.0,1.0,0.25,1.0,0.5,0.0,True,False
2024-05-01,KOTAKBANK,1.0,0.0,0.0,0.4,,,,,True
2024-05-01,M&M,0.0,0.0,1.0,0.25,1.0,0.5,0.0,True,False
2024-05-01,MARUTI,0.0,0.0,1.0,0.25,,,,,True
2024-05-01,NTPC,,,,,,,,,True
2024-05-01,ONGC,0.0,0.0,0.5,0.125,,,,,True
2024-05-01,POWERGRID,,,,,,,,,True
2024-05-01,RELIANCE,,,,,,,,,True
2024-05-01,SBIN,1.0,0.0,0.0,0.4,,,,,True
2024-05-01,TATAMOTORS,-1.0,0.0,0.0,-0.4,,,,,True
2024-05-01,TCS,0.0,0.0,0.0,0.0,2.0,1.0,0.5,False,False
2024-05-01,WIPRO,1.0,1.0,0.0,0.75,,,,,True
2024-05-01,CIPLA,,,,,,,,,True
2024-05-01,INFY,0.0,0.0,1.0,0.25,,,,,True
2024-05-01,DRREDDY,1.0,1.0,0.0,0.75,,,,,True
2024-05-01,HCLTECH,,,,,,,,,True
2024-05-01,TECHM,,,,,,,,,True
2024-05-01,SUNPHARMA,,,,,,,,,True
2024-05-02,ADANIGREEN,,,,,,,,,True
2024-05-02,ASIANPAINT,1.0,1.0,0.0,0.75,1.0,1.0,0.0,True,False
2024-05-02,AXISBANK,0.0,0.0,0.0,0.0,1.0,0.5,0.0,True,False
2024-05-02,BAJAJ-AUTO,,,,,,,,,True
2024-05-02,HDFCBANK,0.0,0.0,1.0,0.25,,,,,True
2024-05-02,HINDUNILVR,,,,,,,,,True
2024-05-02,ICICIBANK,1.0,0.0,0.0,0.4,,,,,True
2024-05-02,ITC,0.0,0.0,1.0,0.25,,,,,True
2024-05-02,KOTAKBANK,,,,,,,,,True
2024-05-02,M&M,0.0,0.0,1.0,0.25,,,,,True
2024-05-02,MARUTI,,,,,,,,,True
2024-05-02,NTPC,,,,,,,,,True
2024-05-02,ONGC,0.0,0.0,0.5,0.125,,,,,True
2024-05-02,POWERGRID,,,,,,,,,True
2024-05-02,RELIANCE,,,,,,,,,True
2024-05-02,SBIN,1.0,0.0,0.0,0.4,,,,,True
2024-05-02,TATAMOTORS,1.0,1.0,0.0,0.75,1.0,1.0,0.0,True,False
2024-05-02,TCS,0.0,0.0,0.0,0.0,,,,,True
2024-05-02,WIPRO,1.0,1.0,0.0,0.75,,,,,True
2024-05-02,CIPLA,0.0,0.0,1.0,0.25,1.0,0.5,0.0,True,False
2024-05-02,INFY,0.0,0.0,1.0,0.25,,,,,True
2024-05-02,DRREDDY,1.0,1.0,0.0,0.75,,,,,True
2024-05-02,HCLTECH,,,,,,,,,True
2024-05-02,TECHM,,,,,,,,,True
2024-05-02,SUNPHARMA,,,,,,,,,True
2024-05-03,ADANIGREEN,,,,,,,,,True
2024-05-03,ASIANPAINT,1.0,1.0,0.0,0.75,,,,,True
2024-05-03,AXISBANK,0.0,0.0,0.0,0.0,,,,,True
2024-05-03,BAJAJ-AUTO,,,,,,,,,True
2024-05-03,HDFCBANK,0.0,0.0,1.0,0.25,,,,,True
2024-05-03,HINDUNILVR,,,,,,,,,True
2024-05-03,ICICIBANK,1.0,0.0,0.0,0.4,,,,,True
2024-05-03,ITC,0.0,0.0,1.0,0.25,,,,,True
2024-05-03,KOTAKBANK,,,,,,,,,True
2024-05-03,M&M,0.0,0.0,1.0,0.25,,,,,True
2024-05-03,MARUTI,,,,,,,,,True
2024-05-03,NTPC,,,,,,,,,True
2024-05-03,ONGC,0.0,0.0,0.5,0.125,,,,,True
2024-05-03,POWERGRID,,,,,,,,,True
2024-05-03,RELIANCE,,,,,,,,,True
2024-05-03,SBIN,1.0,0.0,0.0,0.4,,,,,True
2024-05-03,TATAMOTORS,1.0,1.0,0.0,0.75,,,,,True
2024-05-03,TCS,0.0,0.0,0.0,0.0,,,,,True
2024-05-03,WIPRO,1.0,1.0,0.0,0.75,,,,,True
2024-05-03,CIPLA,0.0,0.0,1.0,0.25,,,,,True
2024-05-03,INFY,0.0,0.0,1.0,0.25,,,,,True
2024-05-03,DRREDDY,,,,,,,,,True
2024-05-03,HCLTECH,,,,,,,,,True
2024-05-03,TECHM,,,,,,,,,True
2024-05-03,SUNPHARMA,,,,,,,,,True
2024-05-06,ADANIGREEN,,,,,,,,,True
2024-05-06,ASIANPAINT,1.0,1.0,0.0,0.75,,,,,True
2024-05-06,AXISBANK,-1.0,0.0,0.0,-0.4,1.0,1.0,0.0,True,False
2024-05-06,BAJAJ-AUTO,,,,,,,,,True
2024-05-06,HDFCBANK,0.0,0.0,1.0,0.25,,,,,True
2024-05-06,HINDUNILVR,,,,,,,,,True
2024-05-06,ICICIBANK,1.0,0.0,0.0,0.4,,,,,True
2024-05-06,ITC,0.0,0.0,1.0,0.25,,,,,True
2024-05-06,KOTAKBANK,,,,,,,,,True
2024-05-06,M&M,1.0,1.0,0.0,0.75,1.0,1.0,0.0,True,False
2024-05-06,MARUTI,,,,,,,,,True
2024-05-06,NTPC,0.0,0.0,1.0,0.25,1.0,0.5,0.0,True,False
2024-05-06,ONGC,0.0,0.0,0.5,0.125,,,,,True
2024-05-06,POWERGRID,,,,,,,,,True
2024-05-06,RELIANCE,,,,,,,,,True
2024-05-06,SBIN,1.0,0.0,0.0,0.4,,,,,True
2024-05-06,TATAMOTORS,1.0,1.0,0.0,0.75,,,,,True
2024-05-06,TCS,0.0,0.0,0.0,0.0,,,,,True
2024-05-06,WIPRO,1.0,1.0,0.0,0.75,,,,,True
2024-05-06,CIPLA,1.0,0.0,0.0,0.4,1.0,1.0,0.0,True,False
2024-05-06,INFY,0.0,0.0,1.0,0.25,,,,,True
2024-05-06,DRREDDY,,,,,,,,,True
2024-05-06,HCLTECH,0.0,0.0,0.0,0.0,1.0,0.5,0.0,True,False
2024-05-06,TECHM,1.0,1.0,0.0,0.75,1.0,1.0,0.0,True,False
2024-05-06,SUNPHARMA,,,,,,,,,True
2024-05-07,ADANIGREEN,0.0,0.0,1.0,0.25,1.0,0.5,0.0,True,False
2024-05-07,ASIANPAINT,1.0,1.0,0.0,0.75,,,,,True
2024-05-07,AXISBANK,-1.0,0.0,0.0,-0.4,,,,,True
2024-05-07,BAJAJ-AUTO,,,,,,,,,True
2024-05-07,HDFCBANK,0.0,0.0,1.0,0.25,,,,,True
2024-05-07,HINDUNILVR,,,,,,,,,True
2024-05-07,ICICIBANK,1.0,0.0,0.0,0.4,,,,,True
2024-05-07,ITC,0.0,0.0,1.0,0.25,,,,,True
2024-05-07,KOTAKBANK,0.5,0.0,0.5,0.325,2.0,0.75,0.0,True,False
2024-05-07,M&M,1.0,0.5,0.0,0.575,2.0,1.0,0.0,False,False
2024-05-07,MARUTI,,,,,,,,,True
2024-05-07,NTPC,0.0,0.0,1.0,0.25,,,,,True
2024-05-07,ONGC,,,,,,,,,True
2024-05-07,POWERGRID,,,,,,,,,True
2024-05-07,RELIANCE,,,,,,,,,True
2024-05-07,SBIN,,,,,,,,,True
2024-05-07,TATAMOTORS,1.0,1.0,0.0,0.75,,,,,True
2024-05-07,TCS,0.0,0.0,0.0,0.0,,,,,True
2024-05-07,WIPRO,,,,,,,,,True
2024-05-07,CIPLA,-1.0,0.0,0.0,-0.4,1.0,1.0,0.0,True,False
2024-05-07,INFY,,,,,,,,,True
2024-05-07,DRREDDY,,,,,,,,,True
2024-05-07,HCLTECH,0.0,0.0,0.0,0.0,,,,,True
2024-05-07,TECHM,1.0,1.0,0.0,0.75,1.0,1.0,0.0,True,False
2024-05-07,SUNPHARMA,,,,,,,,,True
2024-05-08,ADANIGREEN,0.0,0.0,1.0,0.25,,,,,True
2024-05-08,ASIANPAINT,1.0,1.0,0.0,0.75,,,,,True
2024-05-08,AXISBANK,1.0,0.0,0.0,0.4,1.0,1.0,0.0,True,False
2024-05-08,BAJAJ-AUTO,,,,,,,,,True
2024-05-08,HDFCBANK,0.0,0.0,1.0,0.25,,,,,True
2024-05-08,HINDUNILVR,,,,,,,,,True
2024-05-08,ICICIBANK,,,,,,,,,True
2024-05-08,ITC,0.0,0.0,1.0,0.25,,,,,True
2024-05-08,KOTAKBANK,0.5,0.0,0.5,0.325,,,,,True
2024-05-08,M&M,0.0,0.0,0.5,0.125,2.0,0.5,0.0,True,False
2024-05-08,MARUTI,,,,,,,,,True
2024-05-08,NTPC,0.0,0.0,1.0,0.25,,,,,True
2024-05-08,ONGC,-1.0,0.0,0.0,-0.4,1.0,1.0,0.0,True,False
2024-05-08,POWERGRID,,,,,,,,,True
2024-05-08,RELIANCE,,,,,,,,,True
2024-05-08,SBIN,,,,,,,,,True
2024-05-08,TATAMOTORS,0.0,0.0,1.0,0.25,1.0,0.5,0.0,True,False
2024-05-08,TCS,0.0,0.0,0.0,0.0,,,,,True
2024-05-08,WIPRO,,,,,,,,,True
2024-05-08,CIPLA,-1.0,0.0,0.0,-0.4,,,,,True
2024-05-08,INFY,,,,,,,,,True
2024-05-08,DRREDDY,,,,,,,,,True
2024-05-08,HCLTECH,1.0,0.0,0.0,0.4,1.0,1.0,0.0,True,False
2024-05-08,TECHM,0.0,0.0,0.0,0.0,1.0,0.5,0.0,True,False
2024-05-08,SUNPHARMA,,,,,,,,,True
2024-05-09,ADANIGREEN,0.0,0.0,1.0,0.25,,,,,True
2024-05-09,ASIANPAINT,-0.5,0.0,0.5,-0.075,2.0,0.75,0.0,True,False
2024-05-09,AXISBANK,0.0,0.0,0.0,0.0,1.0,0.5,0.0,True,False
2024-05-09,BAJAJ-AUTO,,,,,,,,,True
2024-05-09,HDFCBANK,0.0,0.0,0.0,0.0,1.0,0.5,0.0,True,False
2024-05-09,HINDUNILVR,,,,,,,,,True
2024-05-09,ICICIBANK,0.0,0.0,0.0,0.0,1.0,0.5,0.0,True,False
2024-05-09,ITC,,,,,,,,,True
2024-05-09,KOTAKBANK,0.0,0.0,0.0,0.0,1.0,0.5,0.0,True,False
2024-05-09,M&M,0.0,0.0,1.0,0.25,1.0,0.5,0.0,True,False
2024-05-09,MARUTI,,,,,,,,,True
2024-05-09,NTPC,0.0,0.0,1.0,0.25,1.0,0.5,0.0,True,False
2024-05-09,ONGC,-1.0,0.0,0.0,-0.4,,,,,True
2024-05-09,POWERGRID,,,,,,,,,True
2024-05-09,RELIANCE,,,,,,,,,True
2024-05-09,SBIN,0.0,0.0,0.0,0.0,1.0,0.5,0.0,True,False
2024-05-09,TATAMOTORS,1.0,1.0,0.0,0.75,1.0,1.0,0.0,True,False
2024-05-09,TCS,,,,,,,,,True
2024-05-09,WIPRO,,,,,,,,,True
2024-05-09,CIPLA,-1.0,0.0,0.0,-0.4,,,,,True
2024-05-09,INFY,,,,,,,,,True
2024-05-09,DRREDDY,,,,,,,,,True
2024-05-09,HCLTECH,1.0,0.0,0.0,0.4,,,,,True
2024-05-09,TECHM,0.0,0.0,0.0,0.0,,,,,True
2024-05-09,SUNPHARMA,,,,,,,,,True
2024-05-10,ADANIGREEN,0.0,0.0,1.0,0.25,,,,,True
2024-05-10,ASIANPAINT,-0.5,0.0,0.5,-0.075,,,,,True
2024-05-10,AXISBANK,0.0,0.0,0.0,0.0,,,,,True
2024-05-10,BAJAJ-AUTO,,,,,,,,,True
2024-05-10,HDFCBANK,0.0,0.0,0.0,0.0,,,,,True
2024-05-10,HINDUNILVR,,,,,,,,,True
2024-05-10,ICICIBANK,0.0,0.0,0.0,0.0,,,,,True
2024-05-10,ITC,,,,,,,,,True
2024-05-10,KOTAKBANK,0.0,0.0,0.0,0.0,,,,,True
2024-05-10,M&M,0.0,0.0,1.0,0.25,,,,,True
2024-05-10,MARUTI,,,,,,,,,True
2024-05-10,NTPC,0.0,0.0,1.0,0.25,,,,,True
2024-05-10,ONGC,-1.0,0.0,0.0,-0.4,,,,,True
2024-05-10,POWERGRID,,,,,,,,,True
2024-05-10,RELIANCE,,,,,,,,,True
2024-05-10,SBIN,0.0,0.0,0.0,0.0,,,,,True
2024-05-10,TATAMOTORS,1.0,1.0,0.0,0.75,,,,,True
2024-05-10,TCS,,,,,,,,,True
2024-05-10,WIPRO,,,,,,,,,True
2024-05-10,CIPLA,-1.0,0.0,0.0,-0.4,,,,,True
2024-05-10,INFY,,,,,,,,,True
2024-05-10,DRREDDY,,,,,,,,,True
2024-05-10,HCLTECH,1.0,0.0,0.0,0.4,,,,,True
2024-05-10,TECHM,0.0,0.0,0.0,0.0,,,,,True
2024-05-10,SUNPHARMA,,,,,,,,,True
2024-05-13,ADANIGREEN,0.0,0.0,1.0,0.25,,,,,True
2024-05-13,ASIANPAINT,-0.5,0.0,0.5,-0.075,,,,,True
2024-05-13,AXISBANK,0.0,0.0,0.0,0.0,,,,,True
2024-05-13,BAJAJ-AUTO,1.0,1.0,0.0,0.75,1.0,1.0,0.0,True,False
2024-05-13,HDFCBANK,0.0,0.0,0.0,0.0,,,,,True
2024-05-13,HINDUNILVR,,,,,,,,,True
2024-05-13,ICICIBANK,0.0,0.0,0.0,0.0,,,,,True
2024-05-13,ITC,,,,,,,,,True
2024-05-13,KOTAKBANK,0.0,0.0,1.0,0.25,1.0,0.5,0.0,True,False
2024-05-13,M&M,0.0,0.0,1.0,0.25,1.0,0.5,0.0,True,False
2024-05-13,MARUTI,,,,,,,,,True
2024-05-13,NTPC,0.0,0.0,1.0,0.25,,,,,True
2024-05-13,ONGC,-1.0,0.0,0.0,-0.4,,,,,True
2024-05-13,POWERGRID,,,,,,,,,True
2024-05-13,RELIANCE,1.0,0.0,0.0,0.4,1.0,1.0,0.0,True,False
2024-05-13,SBIN,1.0,0.0,0.0,0.4,1.0,1.0,0.0,True,False
2024-05-13,TATAMOTORS,1.0,1.0,0.0,0.75,1.0,1.0,0.0,True,False
2024-05-13,TCS,,,,,,,,,True
2024-05-13,WIPRO,,,,,,,,,True
2024-05-13,CIPLA,1.0,1.0,0.0,0.75,1.0,1.0,0.0,True,False
2024-05-13,INFY,,,,,,,,,True
2024-05-13,DRREDDY,,,,,,,,,True
2024-05-13,HCLTECH,-1.0,0.0,0.0,-0.4,1.0,1.0,0.0,True,False
2024-05-13,TECHM,0.0,0.0,0.0,0.0,,,,,True
2024-05-13,SUNPHARMA,1.0,1.0,0.0,0.75,1.0,1.0,0.0,True,False
2024-05-14,ADANIGREEN,0.0,0.0,1.0,0.25,,,,,True
2024-05-14,ASIANPAINT,-0.5,0.0,0.5,-0.075,,,,,True
2024-05-14,AXISBANK,0.0,0.0,0.0,0.0,,,,,True
2024-05-14,BAJAJ-AUTO,1.0,1.0,0.0,0.75,,,,,True
2024-05-14,HDFCBANK,0.0,0.0,0.0,0.0,,,,,True
2024-05-14,HINDUNILVR,,,,,,,,,True
2024-05-14,ICICIBANK,0.0,0.0,0.0,0.0,,,,,True
2024-05-14,ITC,,,,,,,,,True
2024-05-14,KOTAKBANK,0.0,0.0,1.0,0.25,,,,,True
2024-05-14,M&M,1.0,1.0,0.0,0.75,1.0,1.0,0.0,True,False
2024-05-14,MARUTI,1.0,0.0,0.0,0.4,1.0,1.0,0.0,True,False
2024-05-14,NTPC,0.0,0.0,1.0,0.25,,,,,True
2024-05-14,ONGC,-1.0,0.0,0.0,-0.4,,,,,True
2024-05-14,POWERGRID,,,,,,,,,True
2024-05-14,RELIANCE,0.0,0.0,1.0,0.25,1.0,0.5,0.0,True,False
2024-05-14,SBIN,1.0,0.0,0.0,0.4,,,,,True
2024-05-14,TATAMOTORS,-1.0,0.0,0.0,-0.4,1.0,1.0,0.0,True,False
2024-05-14,TCS,,,,,,,,,True
2024-05-14,WIPRO,,,,,,,,,True
2024-05-14,CIPLA,1.0,1.0,0.0,0.75,,,,,True
2024-05-14,INFY,,,,,,,,,True
2024-05-14,DRREDDY,,,,,,,,,True
2024-05-14,HCLTECH,-1.0,0.0,0.0,-0.4,,,,,True
2024-05-14,TECHM,1.0,1.0,0.0,0.75,1.0,1.0,0.0,True,False
2024-05-14,SUNPHARMA,1.0,1.0,0.0,0.75,,,,,True
2024-05-15,ADANIGREEN,,,,,,,,,True
2024-05-15,ASIANPAINT,-0.5,0.0,0.5,-0.075,,,,,True
2024-05-15,AXISBANK,1.0,0.0,0.0,0.4,1.0,1.0,0.0,True,False
2024-05-15,BAJAJ-AUTO,1.0,1.0,0.0,0.75,,,,,True
2024-05-15,HDFCBANK,0.0,0.0,0.0,0.0,,,,,True
2024-05-15,HINDUNILVR,,,,,,,,,True
2024-05-15,ICICIBANK,0.0,0.0,0.0,0.0,,,,,True
2024-05-15,ITC,1.0,1.0,0.0,0.75,1.0,1.0,0.0,True,False
2024-05-15,KOTAKBANK,0.0,0.0,1.0,0.25,,,,,True
2024-05-15,M&M,0.0,0.0,1.0,0.25,1.0,0.5,0.0,True,False
2024-05-15,MARUTI,1.0,0.0,0.0,0.4,,,,,True
2024-05-15,NTPC,0.0,0.0,1.0,0.25,,,,,True
2024-05-15,ONGC,-1.0,0.0,0.0,-0.4,,,,,True
2024-05-15,POWERGRID,,,,,,,,,True
2024-05-15,RELIANCE,0.0,0.0,1.0,0.25,,,,,True
2024-05-15,SBIN,1.0,0.0,0.0,0.4,,,,,True
2024-05-15,TATAMOTORS,-1.0,0.0,0.0,-0.4,,,,,True
2024-05-15,TCS,,,,,,,,,True
2024-05-15,WIPRO,,,,,,,,,True
2024-05-15,CIPLA,1.0,1.0,0.0,0.75,,,,,True
2024-05-15,INFY,,,,,,,,,True
2024-05-15,DRREDDY,,,,,,,,,True
2024-05-15,HCLTECH,-1.0,0.0,0.0,-0.4,,,,,True
2024-05-15,TECHM,1.0,1.0,0.0,0.75,,,,,True
2024-05-15,SUNPHARMA,1.0,1.0,0.0,0.75,,,,,True
2024-05-16,ADANIGREEN,0.0,0.0,1.0,0.25,1.0,0.5,0.0,True,False
2024-05-16,ASIANPAINT,-0.5,0.0,0.5,-0.075,,,,,True
2024-05-16,AXISBANK,1.0,0.0,0.0,0.4,,,,,True
2024-05-16,BAJAJ-AUTO,1.0,1.0,0.0,0.75,,,,,True
2024-05-16,HDFCBANK,0.0,0.0,0.0,0.0,,,,,True
2024-05-16,HINDUNILVR,,,,,,,,,True
2024-05-16,ICICIBANK,0.0,0.0,0.0,0.0,,,,,True
2024-05-16,ITC,1.0,1.0,0.0,0.75,,,,,True
2024-05-16,KOTAKBANK,0.0,0.0,1.0,0.25,,,,,True
2024-05-16,M&M,0.0,0.0,1.0,0.25,,,,,True
2024-05-16,MARUTI,1.0,0.0,0.0,0.4,,,,,True
2024-05-16,NTPC,0.0,0.0,1.0,0.25,,,,,True
2024-05-16,ONGC,,,,,,,,,True
2024-05-16,POWERGRID,,,,,,,,,True
2024-05-16,RELIANCE,0.0,0.0,1.0,0.25,1.0,0.5,0.0,True,False
2024-05-16,SBIN,1.0,1.0,0.0,0.75,1.0,1.0,0.0,True,False
2024-05-16,TATAMOTORS,-1.0,0.0,0.0,-0.4,,,,,True
2024-05-16,TCS,,,,,,,,,True
2024-05-16,WIPRO,0.0,0.0,1.0,0.25,1.0,0.5,0.0,True,False
2024-05-16,CIPLA,1.0,1.0,0.0,0.75,,,,,True
2024-05-16,INFY,,,,,,,,,True
2024-05-16,DRREDDY,0.0,0.0,1.0,0.25,1.0,0.5,0.0,True,False
2024-05-16,HCLTECH,-1.0,0.0,0.0,-0.4,,,,,True
2024-05-16,TECHM,1.0,1.0,0.0,0.75,,,,,True
2024-05-16,SUNPHARMA,1.0,1.0,0.0,0.75,,,,,True
2024-05-17,ADANIGREEN,0.0,0.0,1.0,0.25,,,,,True
2024-05-17,ASIANPAINT,,,,,,,,,True
2024-05-17,AXISBANK,1.0,0.0,0.0,0.4,,,,,True
2024-05-17,BAJAJ-AUTO,1.0,1.0,0.0,0.75,,,,,True
2024-05-17,HDFCBANK,,,,,,,,,True
2024-05-17,HINDUNILVR,,,,,,,,,True
2024-05-17,ICICIBANK,,,,,,,,,True
2024-05-17,ITC,1.0,1.0,0.0,0.75,,,,,True
2024-05-17,KOTAKBANK,0.0,0.0,1.0,0.25,,,,,True
2024-05-17,M&M,0.0,0.0,1.0,0.25,,,,,True
2024-05-17,MARUTI,1.0,0.0,0.0,0.4,,,,,True
2024-05-17,NTPC,,,,,,,,,True
2024-05-17,ONGC,,,,,,,,,True
2024-05-17,POWERGRID,,,,,,,,,True
2024-05-17,RELIANCE,0.0,0.0,1.0,0.25,,,,,True
2024-05-17,SBIN,1.0,1.0,0.0,0.75,,,,,True
2024-05-17,TATAMOTORS,-1.0,0.0,0.0,-0.4,,,,,True
2024-05-17,TCS,,,,,,,,,True
2024-05-17,WIPRO,0.0,0.0,1.0,0.25,,,,,True
2024-05-17,CIPLA,1.0,1.0,0.0,0.75,,,,,True
2024-05-17,INFY,,,,,,,,,True
2024-05-17,DRREDDY,0.0,0.0,1.0,0.25,,,,,True
2024-05-17,HCLTECH,-1.0,0.0,0.0,-0.4,,,,,True
2024-05-17,TECHM,1.0,1.0,0.0,0.75,,,,,True
2024-05-17,SUNPHARMA,1.0,1.0,0.0,0.75,,,,,True
2024-05-20,ADANIGREEN,0.0,0.0,1.0,0.25,,,,,True
2024-05-20,ASIANPAINT,,,,,,,,,True
2024-05-20,AXISBANK,1.0,0.0,0.0,0.4,,,,,True
2024-05-20,BAJAJ-AUTO,1.0,1.0,0.0,0.75,,,,,True
2024-05-20,HDFCBANK,,,,,,,,,True
2024-05-20,HINDUNILVR,,,,,,,,,True
2024-05-20,ICICIBANK,,,,,,,,,True
2024-05-20,ITC,0.0,0.0,1.0,0.25,1.0,0.5,0.0,True,False
2024-05-20,KOTAKBANK,0.0,0.0,1.0,0.25,,,,,True
2024-05-20,M&M,0.0,0.0,1.0,0.25,,,,,True
2024-05-20,MARUTI,1.0,0.0,0.0,0.4,1.0,1.0,0.0,True,False
2024-05-20,NTPC,1.0,1.0,1.0,1.0,1.0,1.0,0.0,True,False
2024-05-20,ONGC,,,,,,,,,True
2024-05-20,POWERGRID,,,,,,,,,True
2024-05-20,RELIANCE,0.0,0.0,1.0,0.25,,,,,True
2024-05-20,SBIN,1.0,1.0,0.0,0.75,,,,,True
2024-05-20,TATAMOTORS,-1.0,0.0,0.0,-0.4,,,,,True
2024-05-20,TCS,,,,,,,,,True
2024-05-20,WIPRO,0.0,0.0,1.0,0.25,,,,,True
2024-05-20,CIPLA,1.0,1.0,0.0,0.75,,,,,True
2024-05-20,INFY,-1.0,0.0,0.0,-0.4,1.0,1.0,0.0,True,False
2024-05-20,DRREDDY,0.0,0.0,1.0,0.25,,,,,True
2024-05-20,HCLTECH,-1.0,0.0,0.0,-0.4,1.0,1.0,0.0,True,False
2024-05-20,TECHM,1.0,1.0,0.0,0.75,,,,,True
2024-05-20,SUNPHARMA,1.0,1.0,0.0,0.75,,,,,True
2024-05-21,ADANIGREEN,1.0,1.0,1.0,1.0,1.0,1.0,0.0,True,False
2024-05-21,ASIANPAINT,,,,,,,,,True
2024-05-21,AXISBANK,1.0,0.0,0.0,0.4,,,,,True
2024-05-21,BAJAJ-AUTO,,,,,,,,,True
2024-05-21,HDFCBANK,,,,,,,,,True
2024-05-21,HINDUNILVR,0.0,0.0,0.5,0.125,2.0,0.5,0.0,True,False
2024-05-21,ICICIBANK,0.0,0.0,0.0,0.0,1.0,0.5,0.0,True,False
2024-05-21,ITC,0.0,0.0,1.0,0.25,1.0,0.5,0.0,True,False
2024-05-21,KOTAKBANK,0.0,0.0,1.0,0.25,1.0,0.5,0.0,True,False
2024-05-21,M&M,0.0,0.0,1.0,0.25,1.0,0.5,0.0,True,False
2024-05-21,MARUTI,1.0,0.0,0.0,0.4,,,,,True
2024-05-21,NTPC,1.0,1.0,1.0,1.0,,,,,True
2024-05-21,ONGC,,,,,,,,,True
2024-05-21,POWERGRID,,,,,,,,,True
2024-05-21,RELIANCE,1.0,1.0,0.0,0.75,1.0,1.0,0.0,True,False
2024-05-21,SBIN,1.0,1.0,0.0,0.75,,,,,True
2024-05-21,TATAMOTORS,-1.0,0.0,0.0,-0.4,,,,,True
2024-05-21,TCS,,,,,,,,,True
2024-05-21,WIPRO,0.0,0.0,1.0,0.25,,,,,True
2024-05-21,CIPLA,,,,,,,,,True
2024-05-21,INFY,0.0,0.0,1.0,0.25,1.0,0.5,0.0,True,False
2024-05-21,DRREDDY,0.0,0.0,1.0,0.25,,,,,True
2024-05-21,HCLTECH,-1.0,0.0,0.0,-0.4,,,,,True
2024-05-21,TECHM,1.0,1.0,0.0,0.75,,,,,True
2024-05-21,SUNPHARMA,1.0,0.0,0.0,0.4,1.0,1.0,0.0,True,False
2024-05-22,ADANIGREEN,1.0,1.0,1.0,1.0,,,,,True
2024-05-22,ASIANPAINT,,,,,,,,,True
2024-05-22,AXISBANK,1.0,0.0,0.0,0.4,,,,,True
2024-05-22,BAJAJ-AUTO,,,,,,,,,True
2024-05-22,HDFCBANK,,,,,,,,,True
2024-05-22,HINDUNILVR,0.0,0.0,0.5,0.125,,,,,True
2024-05-22,ICICIBANK,0.0,0.0,0.0,0.0,,,,,True
2024-05-22,ITC,0.0,0.0,1.0,0.25,,,,,True
2024-05-22,KOTAKBANK,1.0,0.0,0.0,0.4,1.0,1.0,0.0,True,False
2024-05-22,M&M,1.0,0.0,0.0,0.4,1.0,1.0,0.0,True,False
2024-05-22,MARUTI,1.0,0.0,0.0,0.4,,,,,True
2024-05-22,NTPC,1.0,1.0,1.0,1.0,,,,,True
2024-05-22,ONGC,,,,,,,,,True
2024-05-22,POWERGRID,,,,,,,,,True
2024-05-22,RELIANCE,1.0,1.0,0.0,0.75,,,,,True
2024-05-22,SBIN,1.0,1.0,0.0,0.75,1.0,1.0,0.0,True,False
2024-05-22,TATAMOTORS,,,,,,,,,True
2024-05-22,TCS,,,,,,,,,True
2024-05-22,WIPRO,0.0,0.0,1.0,0.25,1.0,0.5,0.0,True,False
2024-05-22,CIPLA,1.0,1.0,0.0,0.75,1.0,1.0,0.0,True,False
2024-05-22,INFY,0.0,0.0,1.0,0.25,,,,,True
2024-05-22,DRREDDY,0.0,0.0,1.0,0.25,,,,,True
2024-05-22,HCLTECH,-1.0,0.0,0.0,-0.4,,,,,True
2024-05-22,TECHM,,,,,,,,,True
2024-05-22,SUNPHARMA,1.0,0.0,0.0,0.4,,,,,True
2024-05-23,ADANIGREEN,1.0,1.0,1.0,1.0,,,,,True
2024-05-23,ASIANPAINT,,,,,,,,,True
2024-05-23,AXISBANK,-1.0,0.0,0.0,-0.4,1.0,1.0,0.0,True,False
2024-05-23,BAJAJ-AUTO,,,,,,,,,True
2024-05-23,HDFCBANK,,,,,,,,,True
2024-05-23,HINDUNILVR,0.0,0.0,0.5,0.125,,,,,True
2024-05-23,ICICIBANK,0.0,0.0,0.0,0.0,,,,,True
2024-05-23,ITC,0.0,0.0,1.0,0.25,,,,,True
2024-05-23,KOTAKBANK,1.0,0.0,0.0,0.4,,,,,True
2024-05-23,M&M,0.0,0.0,0.0,0.0,1.0,0.5,0.0,True,False
2024-05-23,MARUTI,1.0,0.0,0.0,0.4,,,,,True
2024-05-23,NTPC,1.0,1.0,1.0,1.0,,,,,True
2024-05-23,ONGC,-1.0,0.0,0.0,-0.4,1.0,1.0,0.0,True,False
2024-05-23,POWERGRID,,,,,,,,,True
2024-05-23,RELIANCE,1.0,1.0,0.0,0.75,,,,,True
2024-05-23,SBIN,1.0,1.0,0.0,0.75,,,,,True
2024-05-23,TATAMOTORS,,,,,,,,,True
2024-05-23,TCS,1.0,0.0,0.0,0.4,1.0,1.0,0.0,True,False
2024-05-23,WIPRO,0.0,0.0,1.0,0.25,,,,,True
2024-05-23,CIPLA,0.0,0.0,0.0,0.0,1.0,0.5,0.0,True,False
2024-05-23,INFY,0.0,0.0,1.0,0.25,,,,,True
2024-05-23,DRREDDY,0.0,0.0,0.0,0.0,1.0,0.5,0.0,True,False
2024-05-23,HCLTECH,-1.0,0.0,0.0,-0.4,,,,,True
2024-05-23,TECHM,0.0,0.0,0.0,0.0,1.0,0.5,0.0,True,False
2024-05-23,SUNPHARMA,1.0,0.0,0.0,0.4,,,,,True
2024-05-24,ADANIGREEN,1.0,1.0,1.0,1.0,,,,,True
2024-05-24,ASIANPAINT,,,,,,,,,True
2024-05-24,AXISBANK,-1.0,0.0,0.0,-0.4,,,,,True
2024-05-24,BAJAJ-AUTO,,,,,,,,,True
2024-05-24,HDFCBANK,,,,,,,,,True
2024-05-24,HINDUNILVR,0.0,0.0,0.5,0.125,,,,,True
2024-05-24,ICICIBANK,0.0,0.0,0.0,0.0,,,,,True
2024-05-24,ITC,0.0,0.0,1.0,0.25,,,,,True
2024-05-24,KOTAKBANK,1.0,0.0,0.0,0.4,,,,,True
2024-05-24,M&M,0.0,0.0,0.0,0.0,,,,,True
2024-05-24,MARUTI,1.0,0.0,0.0,0.4,,,,,True
2024-05-24,NTPC,1.0,1.0,1.0,1.0,,,,,True
2024-05-24,ONGC,-1.0,0.0,0.0,-0.4,,,,,True
2024-05-24,POWERGRID,,,,,,,,,True
2024-05-24,RELIANCE,1.0,1.0,0.0,0.75,,,,,True
2024-05-24,SBIN,1.0,1.0,0.0,0.75,,,,,True
2024-05-24,TATAMOTORS,,,,,,,,,True
2024-05-24,TCS,1.0,0.0,0.0,0.4,,,,,True
2024-05-24,WIPRO,0.0,0.0,1.0,0.25,,,,,True
2024-05-24,CIPLA,0.0,0.0,0.0,0.0,,,,,True
2024-05-24,INFY,0.0,0.0,1.0,0.25,,,,,True
2024-05-24,DRREDDY,0.0,0.0,0.0,0.0,,,,,True
2024-05-24,HCLTECH,-1.0,0.0,0.0,-0.4,,,,,True
2024-05-24,TECHM,0.0,0.0,0.0,0.0,,,,,True
2024-05-24,SUNPHARMA,1.0,0.0,0.0,0.4,,,,,True
2024-05-27,ADANIGREEN,1.0,1.0,1.0,1.0,,,,,True
2024-05-27,ASIANPAINT,0.0,0.0,1.0,0.25,1.0,0.5,0.0,True,False
2024-05-27,AXISBANK,-1.0,0.0,0.0,-0.4,,,,,True
2024-05-27,BAJAJ-AUTO,,,,,,,,,True
2024-05-27,HDFCBANK,1.0,0.0,0.0,0.4,1.0,1.0,0.0,True,False
2024-05-27,HINDUNILVR,0.0,0.0,0.5,0.125,,,,,True
2024-05-27,ICICIBANK,0.0,0.0,1.0,0.25,1.0,0.5,0.0,True,False
2024-05-27,ITC,0.0,0.0,1.0,0.25,,,,,True
2024-05-27,KOTAKBANK,1.0,0.0,0.0,0.4,,,,,True
2024-05-27,M&M,1.0,0.0,0.0,0.4,1.0,1.0,0.0,True,False
2024-05-27,MARUTI,1.0,0.0,0.0,0.4,,,,,True
2024-05-27,NTPC,1.0,1.0,1.0,1.0,,,,,True
2024-05-27,ONGC,-1.0,0.0,0.0,-0.4,,,,,True
2024-05-27,POWERGRID,,,,,,,,,True
2024-05-27,RELIANCE,0.0,0.0,1.0,0.25,1.0,0.5,0.0,True,False
2024-05-27,SBIN,1.0,1.0,0.0,0.75,,,,,True
2024-05-27,TATAMOTORS,,,,,,,,,True
2024-05-27,TCS,1.0,0.0,0.0,0.4,,,,,True
2024-05-27,WIPRO,0.0,0.0,0.0,0.0,1.0,0.5,0.0,True,False
2024-05-27,CIPLA,0.0,0.0,0.0,0.0,,,,,True
2024-05-27,INFY,1.0,0.0,0.0,0.4,1.0,1.0,0.0,True,False
2024-05-27,DRREDDY,0.0,0.0,0.0,0.0,,,,,True
2024-05-27,HCLTECH,-1.0,0.0,0.0,-0.4,,,,,True
2024-05-27,TECHM,0.0,0.0,0.0,0.0,,,,,True
2024-05-27,SUNPHARMA,-1.0,0.0,0.0,-0.4,1.0,1.0,0.0,True,False
2024-05-28,ADANIGREEN,1.0,1.0,1.0,1.0,,,,,True
2024-05-28,ASIANPAINT,0.0,0.0,1.0,0.25,,,,,True
2024-05-28,AXISBANK,1.0,1.0,0.0,0.75,1.0,1.0,0.0,True,False
2024-05-28,BAJAJ-AUTO,1.0,1.0,0.0,0.75,1.0,1.0,0.0,True,False
2024-05-28,HDFCBANK,1.0,0.0,0.0,0.4,,,,,True
2024-05-28,HINDUNILVR,0.0,0.0,0.5,0.125,,,,,True
2024-05-28,ICICIBANK,0.0,0.0,1.0,0.25,,,,,True
2024-05-28,ITC,0.0,0.0,1.0,0.25,,,,,True
2024-05-28,KOTAKBANK,1.0,0.0,0.0,0.4,,,,,True
2024-05-28,M&M,1.0,0.0,0.0,0.4,,,,,True
2024-05-28,MARUTI,-1.0,0.0,0.0,-0.4,1.0,1.0,0.0,True,False
2024-05-28,NTPC,1.0,0.0,1.0,0.65,1.0,1.0,0.0,True,False
2024-05-28,ONGC,-1.0,0.0,0.0,-0.4,1.0,1.0,0.0,True,False
2024-05-28,POWERGRID,-1.0,0.0,0.0,-0.4,1.0,1.0,0.0,True,False
2024-05-28,RELIANCE,0.0,0.0,1.0,0.25,,,,,True
2024-05-28,SBIN,1.0,1.0,0.0,0.75,2.0,1.0,0.0,False,False
2024-05-28,TATAMOTORS,,,,,,,,,True
2024-05-28,TCS,1.0,0.0,0.0,0.4,,,,,True
2024-05-28,WIPRO,0.0,0.0,0.0,0.0,,,,,True
2024-05-28,CIPLA,0.0,0.0,0.0,0.0,,,,,True
2024-05-28,INFY,1.0,0.0,0.0,0.4,,,,,True
2024-05-28,DRREDDY,0.0,0.0,0.0,0.0,,,,,True
2024-05-28,HCLTECH,,,,,,,,,True
2024-05-28,TECHM,0.0,0.0,0.0,0.0,,,,,True
2024-05-28,SUNPHARMA,-1.0,0.0,0.0,-0.4,,,,,True
2024-05-29,ADANIGREEN,,,,,,,,,True
2024-05-29,ASIANPAINT,0.0,0.0,1.0,0.25,,,,,True
2024-05-29,AXISBANK,1.0,1.0,0.0,0.75,,,,,True
2024-05-29,BAJAJ-AUTO,1.0,1.0,0.0,0.75,,,,,True
2024-05-29,HDFCBANK,1.0,0.0,0.0,0.4,,,,,True
2024-05-29,HINDUNILVR,,,,,,,,,True
2024-05-29,ICICIBANK,0.0,0.0,1.0,0.25,,,,,True
2024-05-29,ITC,-1.0,0.0,0.0,-0.4,1.0,1.0,0.0,True,False
2024-05-29,KOTAKBANK,1.0,0.0,0.0,0.4,,,,,True
2024-05-29,M&M,0.0,0.0,0.5,0.125,2.0,0.5,0.0,True,False
2024-05-29,MARUTI,-1.0,0.0,0.0,-0.4,,,,,True
2024-05-29,NTPC,1.0,0.0,1.0,0.65,,,,,True
2024-05-29,ONGC,-1.0,0.0,0.0,-0.4,,,,,True
2024-05-29,POWERGRID,-1.0,0.0,0.0,-0.4,,,,,True
2024-05-29,RELIANCE,0.0,0.0,1.0,0.25,,,,,True
2024-05-29,SBIN,1.0,1.0,0.0,0.75,,,,,True
2024-05-29,TATAMOTORS,,,,,,,,,True
2024-05-29,TCS,1.0,0.0,0.0,0.4,,,,,True
2024-05-29,WIPRO,0.0,0.0,0.0,0.0,,,,,True
2024-05-29,CIPLA,0.0,0.0,0.0,0.0,,,,,True
2024-05-29,INFY,1.0,0.0,0.0,0.4,,,,,True
2024-05-29,DRREDDY,0.0,0.0,0.0,0.0,,,,,True
2024-05-29,HCLTECH,,,,,,,,,True
2024-05-29,TECHM,0.0,0.0,0.0,0.0,,,,,True
2024-05-29,SUNPHARMA,-1.0,0.0,0.0,-0.4,,,,,True
2024-05-30,ADANIGREEN,,,,,,,,,True
2024-05-30,ASIANPAINT,0.0,0.0,1.0,0.25,,,,,True
2024-05-30,AXISBANK,1.0,1.0,0.0,0.75,,,,,True
2024-05-30,BAJAJ-AUTO,1.0,1.0,0.0,0.75,,,,,True
2024-05-30,HDFCBANK,1.0,0.0,0.0,0.4,,,,,True
2024-05-30,HINDUNILVR,,,,,,,,,True
2024-05-30,ICICIBANK,0.0,0.0,1.0,0.25,,,,,True
2024-05-30,ITC,-1.0,0.0,0.0,-0.4,,,,,True
2024-05-30,KOTAKBANK,,,,,,,,,True
2024-05-30,M&M,0.0,0.0,0.5,0.125,,,,,True
2024-05-30,MARUTI,-1.0,0.0,0.0,-0.4,,,,,True
2024-05-30,NTPC,1.0,0.0,1.0,0.65,,,,,True
2024-05-30,ONGC,-1.0,0.0,0.0,-0.4,,,,,True
2024-05-30,POWERGRID,-1.0,0.0,0.0,-0.4,,,,,True
2024-05-30,RELIANCE,0.0,0.0,1.0,0.25,,,,,True
2024-05-30,SBIN,1.0,1.0,0.0,0.75,,,,,True
2024-05-30,TATAMOTORS,,,,,,,,,True
2024-05-30,TCS,1.0,0.0,0.0,0.4,,,,,True
2024-05-30,WIPRO,0.0,0.0,0.0,0.0,,,,,True
2024-05-30,CIPLA,0.0,0.0,0.0,0.0,,,,,True
2024-05-30,INFY,1.0,0.0,0.0,0.4,,,,,True
2024-05-30,DRREDDY,0.0,0.0,0.0,0.0,,,,,True
2024-05-30,HCLTECH,,,,,,,,,True
2024-05-30,TECHM,0.0,0.0,0.0,0.0,,,,,True
2024-05-30,SUNPHARMA,-1.0,0.0,0.0,-0.4,,,,,True
2024-05-31,ADANIGREEN,,,,,,,,,True
2024-05-31,ASIANPAINT,0.0,0.0,1.0,0.25,,,,,True
2024-05-31,AXISBANK,1.0,1.0,0.0,0.75,,,,,True
2024-05-31,BAJAJ-AUTO,1.0,1.0,0.0,0.75,,,,,True
2024-05-31,HDFCBANK,1.0,0.0,0.0,0.4,,,,,True
2024-05-31,HINDUNILVR,,,,,,,,,True
2024-05-31,ICICIBANK,0.0,0.0,1.0,0.25,,,,,True
2024-05-31,ITC,-1.0,0.0,0.0,-0.4,,,,,True
2024-05-31,KOTAKBANK,,,,,,,,,True
2024-05-31,M&M,0.0,0.0,0.5,0.125,,,,,True
2024-05-31,MARUTI,-1.0,0.0,0.0,-0.4,,,,,True
2024-05-31,NTPC,1.0,0.0,1.0,0.65,,,,,True
2024-05-31,ONGC,-1.0,0.0,0.0,-0.4,,,,,True
2024-05-31,POWERGRID,-1.0,0.0,0.0,-0.4,,,,,True
2024-05-31,RELIANCE,0.0,0.0,1.0,0.25,,,,,True
2024-05-31,SBIN,1.0,1.0,0.0,0.75,,,,,True
2024-05-31,TATAMOTORS,,,,,,,,,True
2024-05-31,TCS,,,,,,,,,True
2024-05-31,WIPRO,0.0,0.0,0.0,0.0,,,,,True
2024-05-31,CIPLA,,,,,,,,,True
2024-05-31,INFY,1.0,0.0,0.0,0.4,,,,,True
2024-05-31,DRREDDY,,,,,,,,,True
2024-05-31,HCLTECH,,,,,,,,,True
2024-05-31,TECHM,,,,,,,,,True
2024-05-31,SUNPHARMA,-1.0,0.0,0.0,-0.4,,,,,True
2024-06-03,ADANIGREEN,,,,,,,,,True
2024-06-03,ASIANPAINT,0.0,0.0,1.0,0.25,1.0,0.5,0.0,True,False
2024-06-03,AXISBANK,-1.0,0.0,0.0,-0.4,1.0,1.0,0.0,True,False
2024-06-03,BAJAJ-AUTO,1.0,1.0,0.0,0.75,1.0,1.0,0.0,True,False
2024-06-03,HDFCBANK,1.0,0.0,0.0,0.4,,,,,True
2024-06-03,HINDUNILVR,,,,,,,,,True
2024-06-03,ICICIBANK,0.0,0.0,1.0,0.25,,,,,True
2024-06-03,ITC,-1.0,0.0,0.0,-0.4,,,,,True
2024-06-03,KOTAKBANK,,,,,,,,,True
2024-06-03,M&M,0.0,0.0,0.5,0.125,,,,,True
2024-06-03,MARUTI,-1.0,0.0,0.0,-0.4,,,,,True
2024-06-03,NTPC,0.0,0.0,1.0,0.25,1.0,0.5,0.0,True,False
2024-06-03,ONGC,-1.0,0.0,0.0,-0.4,,,,,True
2024-06-03,POWERGRID,-1.0,0.0,0.0,-0.4,,,,,True
2024-06-03,RELIANCE,0.0,0.0,1.0,0.25,,,,,True
2024-06-03,SBIN,1.0,1.0,0.0,0.75,,,,,True
2024-06-03,TATAMOTORS,,,,,,,,,True
2024-06-03,TCS,,,,,,,,,True
2024-06-03,WIPRO,0.0,0.0,0.0,0.0,,,,,True
2024-06-03,CIPLA,,,,,,,,,True
2024-06-03,INFY,1.0,0.0,0.0,0.4,,,,,True
2024-06-03,DRREDDY,,,,,,,,,True
2024-06-03,HCLTECH,,,,,,,,,True
2024-06-03,TECHM,,,,,,,,,True
2024-06-03,SUNPHARMA,-1.0,0.0,0.0,-0.4,,,,,True
2024-06-04,ADANIGREEN,,,,,,,,,True
2024-06-04,ASIANPAINT,0.0,0.0,1.0,0.25,,,,,True
2024-06-04,AXISBANK,-1.0,0.0,0.0,-0.4,,,,,True
2024-06-04,BAJAJ-AUTO,1.0,1.0,0.0,0.75,,,,,True
2024-06-04,HDFCBANK,,,,,,,,,True
2024-06-04,HINDUNILVR,,,,,,,,,True
2024-06-04,ICICIBANK,,,,,,,,,True
2024-06-04,ITC,-1.0,0.0,0.0,-0.4,,,,,True
2024-06-04,KOTAKBANK,,,,,,,,,True
2024-06-04,M&M,0.0,0.0,0.5,0.125,,,,,True
2024-06-04,MARUTI,-1.0,0.0,0.0,-0.4,,,,,True
2024-06-04,NTPC,0.0,0.0,1.0,0.25,,,,,True
2024-06-04,ONGC,-1.0,0.0,0.0,-0.4,,,,,True
2024-06-04,POWERGRID,1.0,0.0,0.0,0.4,1.0,1.0,0.0,True,False
2024-06-04,RELIANCE,,,,,,,,,True
2024-06-04,SBIN,1.0,1.0,0.0,0.75,,,,,True
2024-06-04,TATAMOTORS,,,,,,,,,True
2024-06-04,TCS,,,,,,,,,True
2024-06-04,WIPRO,1.0,1.0,0.0,0.75,1.0,1.0,0.0,True,False
2024-06-04,CIPLA,0.0,0.0,0.5,0.125,2.0,0.5,0.0,True,False
2024-06-04,INFY,,,,,,,,,True
2024-06-04,DRREDDY,,,,,,,,,True
2024-06-04,HCLTECH,,,,,,,,,True
2024-06-04,TECHM,,,,,,,,,True
2024-06-04,SUNPHARMA,,,,,,,,,True
2024-06-05,ADANIGREEN,,,,,,,,,True
2024-06-05,ASIANPAINT,0.0,0.0,1.0,0.25,,,,,True
2024-06-05,AXISBANK,-1.0,0.0,0.0,-0.4,,,,,True
2024-06-05,BAJAJ-AUTO,1.0,1.0,0.0,0.75,,,,,True
2024-06-05,HDFCBANK,,,,,,,,,True
2024-06-05,HINDUNILVR,0.5,0.5,0.0,0.375,2.0,0.75,0.0,True,False
2024-06-05,ICICIBANK,,,,,,,,,True
2024-06-05,ITC,1.0,1.0,0.0,0.75,1.0,1.0,0.0,True,False
2024-06-05,KOTAKBANK,0.0,0.0,1.0,0.25,1.0,0.5,0.0,True,False
2024-06-05,M&M,0.0,0.0,1.0,0.25,2.0,0.5,0.0,True,False
2024-06-05,MARUTI,,,,,,,,,True
2024-06-05,NTPC,0.0,0.0,1.0,0.25,,,,,True
2024-06-05,ONGC,,,,,,,,,True
2024-06-05,POWERGRID,1.0,0.0,0.0,0.4,,,,,True
2024-06-05,RELIANCE,,,,,,,,,True
2024-06-05,SBIN,,,,,,,,,True
2024-06-05,TATAMOTORS,,,,,,,,,True
2024-06-05,TCS,1.0,0.0,0.0,0.4,1.0,1.0,0.0,True,False
2024-06-05,WIPRO,1.0,1.0,0.0,0.75,,,,,True
2024-06-05,CIPLA,0.0,0.0,0.5,0.125,,,,,True
2024-06-05,INFY,,,,,,,,,True
2024-06-05,DRREDDY,,,,,,,,,True
2024-06-05,HCLTECH,,,,,,,,,True
2024-06-05,TECHM,0.0,0.0,1.0,0.25,1.0,0.5,0.0,True,False
2024-06-05,SUNPHARMA,,,,,,,,,True
2024-06-06,ADANIGREEN,,,,,,,,,True
2024-06-06,ASIANPAINT,0.0,0.0,1.0,0.25,,,,,True
2024-06-06,AXISBANK,-1.0,0.0,0.0,-0.4,,,,,True
2024-06-06,BAJAJ-AUTO,1.0,1.0,0.0,0.75,,,,,True
2024-06-06,HDFCBANK,,,,,,,,,True
2024-06-06,HINDUNILVR,-1.0,-1.0,0.0,-0.75,1.0,1.0,0.0,True,False
2024-06-06,ICICIBANK,,,,,,,,,True
2024-06-06,ITC,1.0,1.0,0.0,0.75,,,,,True
2024-06-06,KOTAKBANK,0.0,0.0,1.0,0.25,,,,,True
2024-06-06,M&M,0.0,0.0,1.0,0.25,,,,,True
2024-06-06,MARUTI,,,,,,,,,True
2024-06-06,NTPC,0.0,0.0,1.0,0.25,,,,,True
2024-06-06,ONGC,1.0,0.0,0.0,0.4,1.0,1.0,0.0,True,False
2024-06-06,POWERGRID,1.0,0.0,0.0,0.4,,,,,True
2024-06-06,RELIANCE,,,,,,,,,True
2024-06-06,SBIN,,,,,,,,,True
2024-06-06,TATAMOTORS,,,,,,,,,True
2024-06-06,TCS,1.0,0.0,0.0,0.4,,,,,True
2024-06-06,WIPRO,1.0,1.0,0.0,0.75,,,,,True
2024-06-06,CIPLA,0.0,0.0,0.5,0.125,,,,,True
2024-06-06,INFY,,,,,,,,,True
2024-06-06,DRREDDY,1.0,1.0,0.0,0.75,1.0,1.0,0.0,True,False
2024-06-06,HCLTECH,,,,,,,,,True
2024-06-06,TECHM,0.0,0.0,1.0,0.25,,,,,True
2024-06-06,SUNPHARMA,,,,,,,,,True
2024-06-07,ADANIGREEN,,,,,,,,,True
2024-06-07,ASIANPAINT,0.0,0.0,1.0,0.25,,,,,True
2024-06-07,AXISBANK,-1.0,0.0,0.0,-0.4,,,,,True
2024-06-07,BAJAJ-AUTO,1.0,1.0,0.0,0.75,,,,,True
2024-06-07,HDFCBANK,,,,,,,,,True
2024-06-07,HINDUNILVR,-1.0,-1.0,0.0,-0.75,,,,,True
2024-06-07,ICICIBANK,,,,,,,,,True
2024-06-07,ITC,1.0,1.0,0.0,0.75,,,,,True
2024-06-07,KOTAKBANK,0.0,0.0,1.0,0.25,,,,,True
2024-06-07,M&M,0.0,0.0,1.0,0.25,,,,,True
2024-06-07,MARUTI,,,,,,,,,True
2024-06-07,NTPC,0.0,0.0,1.0,0.25,,,,,True
2024-06-07,ONGC,1.0,0.0,0.0,0.4,,,,,True
2024-06-07,POWERGRID,1.0,0.0,0.0,0.4,,,,,True
2024-06-07,RELIANCE,,,,,,,,,True
2024-06-07,SBIN,,,,,,,,,True
2024-06-07,TATAMOTORS,,,,,,,,,True
2024-06-07,TCS,1.0,0.0,0.0,0.4,,,,,True
2024-06-07,WIPRO,1.0,1.0,0.0,0.75,,,,,True
2024-06-07,CIPLA,0.0,0.0,0.5,0.125,,,,,True
2024-06-07,INFY,,,,,,,,,True
2024-06-07,DRREDDY,1.0,1.0,0.0,0.75,,,,,True
2024-06-07,HCLTECH,,,,,,,,,True
2024-06-07,TECHM,0.0,0.0,1.0,0.25,,,,,True
2024-06-07,SUNPHARMA,,,,,,,,,True
2024-06-10,ADANIGREEN,1.0,1.0,1.0,1.0,1.0,1.0,0.0,True,False
2024-06-10,ASIANPAINT,0.0,0.0,1.0,0.25,,,,,True
2024-06-10,AXISBANK,-1.0,0.0,0.0,-0.4,,,,,True
2024-06-10,BAJAJ-AUTO,1.0,1.0,0.0,0.75,,,,,True
2024-06-10,HDFCBANK,0.0,0.0,1.0,0.25,1.0,0.5,0.0,True,False
2024-06-10,HINDUNILVR,1.0,1.0,0.0,0.75,1.0,1.0,0.0,True,False
2024-06-10,ICICIBANK,,,,,,,,,True
2024-06-10,ITC,1.0,1.0,0.0,0.75,,,,,True
2024-06-10,KOTAKBANK,0.0,0.0,1.0,0.25,,,,,True
2024-06-10,M&M,0.0,0.0,1.0,0.25,,,,,True
2024-06-10,MARUTI,0.0,0.0,0.0,0.0,1.0,0.5,0.0,True,False
2024-06-10,NTPC,0.0,0.0,1.0,0.25,,,,,True
2024-06-10,ONGC,-1.0,0.0,0.0,-0.4,1.0,1.0,0.0,True,False
2024-06-10,POWERGRID,1.0,0.0,0.0,0.4,,,,,True
2024-06-10,RELIANCE,,,,,,,,,True
2024-06-10,SBIN,,,,,,,,,True
2024-06-10,TATAMOTORS,,,,,,,,,True
2024-06-10,TCS,0.0,0.0,1.0,0.25,1.0,0.5,0.0,True,False
2024-06-10,WIPRO,1.0,1.0,0.0,0.75,,,,,True
2024-06-10,CIPLA,1.0,0.0,0.0,0.4,1.0,1.0,0.0,True,False
2024-06-10,INFY,,,,,,,,,True
2024-06-10,DRREDDY,0.0,0.0,1.0,0.25,1.0,0.5,0.0,True,False
2024-06-10,HCLTECH,,,,,,,,,True
2024-06-10,TECHM,0.0,0.0,1.0,0.25,,,,,True
2024-06-10,SUNPHARMA,,,,,,,,,True
2024-06-11,ADANIGREEN,0.0,0.0,1.0,0.25,1.0,0.5,0.0,True,False
2024-06-11,ASIANPAINT,,,,,,,,,True
2024-06-11,AXISBANK,,,,,,,,,True
2024-06-11,BAJAJ-AUTO,,,,,,,,,True
2024-06-11,HDFCBANK,0.0,0.0,1.0,0.25,,,,,True
2024-06-11,HINDUNILVR,1.0,1.0,0.0,0.75,,,,,True
2024-06-11,ICICIBANK,1.0,1.0,0.0,0.75,1.0,1.0,0.0,True,False
2024-06-11,ITC,1.0,1.0,0.0,0.75,,,,,True
2024-06-11,KOTAKBANK,0.0,0.0,1.0,0.25,,,,,True
2024-06-11,M&M,0.0,0.0,1.0,0.25,,,,,True
2024-06-11,MARUTI,0.0,0.0,0.0,0.0,,,,,True
2024-06-11,NTPC,,,,,,,,,True
2024-06-11,ONGC,-1.0,0.0,0.0,-0.4,,,,,True
2024-06-11,POWERGRID,1.0,0.0,0.0,0.4,1.0,1.0,0.0,True,False
2024-06-11,RELIANCE,,,,,,,,,True
2024-06-11,SBIN,,,,,,,,,True
2024-06-11,TATAMOTORS,,,,,,,,,True
2024-06-11,TCS,0.0,0.0,1.0,0.25,,,,,True
2024-06-11,WIPRO,1.0,1.0,0.0,0.75,,,,,True
2024-06-11,CIPLA,1.0,0.0,0.0,0.4,,,,,True
2024-06-11,INFY,,,,,,,,,True
2024-06-11,DRREDDY,0.0,0.0,1.0,0.25,,,,,True
2024-06-11,HCLTECH,,,,,,,,,True
2024-06-11,TECHM,0.0,0.0,1.0,0.25,,,,,True
2024-06-11,SUNPHARMA,,,,,,,,,True
2024-06-12,ADANIGREEN,0.0,0.0,1.0,0.25,,,,,True
2024-06-12,ASIANPAINT,,,,,,,,,True
2024-06-12,AXISBANK,0.0,0.0,0.0,0.0,1.0,0.5,0.0,True,False
2024-06-12,BAJAJ-AUTO,,,,,,,,,True
2024-06-12,HDFCBANK,0.0,0.0,0.0,0.0,1.0,0.5,0.0,True,False
2024-06-12,HINDUNILVR,1.0,1.0,0.0,0.75,,,,,True
2024-06-12,ICICIBANK,0.4167,0.3333,0.3333,0.3667,3.0,0.6667,0.0,True,False
2024-06-12,ITC,1.0,1.0,0.0,0.75,,,,,True
2024-06-12,KOTAKBANK,0.0,0.0,0.0,0.0,1.0,0.5,0.0,True,False
2024-06-12,M&M,0.0,0.0,1.0,0.25,,,,,True
2024-06-12,MARUTI,0.0,0.0,0.0,0.0,,,,,True
2024-06-12,NTPC,,,,,,,,,True
2024-06-12,ONGC,-1.0,0.0,0.0,-0.4,,,,,True
2024-06-12,POWERGRID,1.0,0.0,0.0,0.4,,,,,True
2024-06-12,RELIANCE,,,,,,,,,True
2024-06-12,SBIN,0.0,0.0,0.0,0.0,1.0,0.5,0.0,True,False
2024-06-12,TATAMOTORS,,,,,,,,,True
2024-06-12,TCS,0.0,0.0,1.0,0.25,,,,,True
2024-06-12,WIPRO,,,,,,,,,True
2024-06-12,CIPLA,1.0,0.0,0.0,0.4,,,,,True
2024-06-12,INFY,,,,,,,,,True
2024-06-12,DRREDDY,0.0,0.0,1.0,0.25,,,,,True
2024-06-12,HCLTECH,,,,,,,,,True
2024-06-12,TECHM,0.0,0.0,1.0,0.25,,,,,True
2024-06-12,SUNPHARMA,,,,,,,,,True
2024-06-13,ADANIGREEN,0.0,0.0,1.0,0.25,1.0,0.5,0.0,True,False
2024-06-13,ASIANPAINT,,,,,,,,,True
2024-06-13,AXISBANK,0.0,0.0,0.0,0.0,,,,,True
2024-06-13,BAJAJ-AUTO,,,,,,,,,True
2024-06-13,HDFCBANK,0.0,0.0,0.0,0.0,,,,,True
2024-06-13,HINDUNILVR,1.0,1.0,0.0,0.75,,,,,True
2024-06-13,ICICIBANK,0.4167,0.3333,0.3333,0.3667,,,,,True
2024-06-13,ITC,,,,,,,,,True
2024-06-13,KOTAKBANK,0.0,0.0,0.0,0.0,,,,,True
2024-06-13,M&M,,,,,,,,,True
2024-06-13,MARUTI,0.0,0.0,1.0,0.25,1.0,0.5,0.0,True,False
2024-06-13,NTPC,,,,,,,,,True
2024-06-13,ONGC,-1.0,0.0,0.0,-0.4,,,,,True
2024-06-13,POWERGRID,0.0,0.0,1.0,0.25,1.0,0.5,0.0,True,False
2024-06-13,RELIANCE,,,,,,,,,True
2024-06-13,SBIN,0.0,0.0,0.0,0.0,,,,,True
2024-06-13,TATAMOTORS,,,,,,,,,True
2024-06-13,TCS,0.0,0.0,1.0,0.25,,,,,True
2024-06-13,WIPRO,,,,,,,,,True
2024-06-13,CIPLA,1.0,0.0,0.0,0.4,1.0,1.0,0.0,True,False
2024-06-13,INFY,,,,,,,,,True
2024-06-13,DRREDDY,0.0,0.0,1.0,0.25,1.0,0.5,0.0,True,False
2024-06-13,HCLTECH,,,,,,,,,True
2024-06-13,TECHM,,,,,,,,,True
2024-06-13,SUNPHARMA,,,,,,,,,True
2024-06-14,ADANIGREEN,0.0,0.0,1.0,0.25,,,,,True
2024-06-14,ASIANPAINT,,,,,,,,,True
2024-06-14,AXISBANK,0.0,0.0,0.0,0.0,,,,,True
2024-06-14,BAJAJ-AUTO,,,,,,,,,True
2024-06-14,HDFCBANK,0.0,0.0,0.0,0.0,,,,,True
2024-06-14,HINDUNILVR,1.0,1.0,0.0,0.75,,,,,True
2024-06-14,ICICIBANK,0.4167,0.3333,0.3333,0.3667,,,,,True
2024-06-14,ITC,,,,,,,,,True
2024-06-14,KOTAKBANK,0.0,0.0,0.0,0.0,,,,,True
2024-06-14,M&M,,,,,,,,,True
2024-06-14,MARUTI,0.0,0.0,1.0,0.25,,,,,True
2024-06-14,NTPC,,,,,,,,,True
2024-06-14,ONGC,-1.0,0.0,0.0,-0.4,,,,,True
2024-06-14,POWERGRID,0.0,0.0,1.0,0.25,,,,,True
2024-06-14,RELIANCE,,,,,,,,,True
2024-06-14,SBIN,0.0,0.0,0.0,0.0,,,,,True
2024-06-14,TATAMOTORS,,,,,,,,,True
2024-06-14,TCS,0.0,0.0,1.0,0.25,,,,,True
2024-06-14,WIPRO,,,,,,,,,True
2024-06-14,CIPLA,1.0,0.0,0.0,0.4,,,,,True
2024-06-14,INFY,,,,,,,,,True
2024-06-14,DRREDDY,0.0,0.0,1.0,0.25,,,,,True
2024-06-14,HCLTECH,,,,,,,,,True
2024-06-14,TECHM,,,,,,,,,True
2024-06-14,SUNPHARMA,,,,,,,,,True
2024-06-17,ADANIGREEN,0.0,0.0,1.0,0.25,,,,,True
2024-06-17,ASIANPAINT,1.0,0.0,0.0,0.4,1.0,1.0,0.0,True,False
2024-06-17,AXISBANK,0.0,0.0,0.0,0.0,,,,,True
2024-06-17,BAJAJ-AUTO,,,,,,,,,True
2024-06-17,HDFCBANK,0.0,0.0,0.0,0.0,,,,,True
2024-06-17,HINDUNILVR,1.0,1.0,0.0,0.75,,,,,True
2024-06-17,ICICIBANK,1.0,0.0,0.0,0.4,1.0,1.0,0.0,True,False
2024-06-17,ITC,,,,,,,,,True
2024-06-17,KOTAKBANK,0.0,0.0,1.0,0.25,1.0,0.5,0.0,True,False
2024-06-17,M&M,0.0,0.0,1.0,0.25,1.0,0.5,0.0,True,False
2024-06-17,MARUTI,0.0,0.0,1.0,0.25,,,,,True
2024-06-17,NTPC,,,,,,,,,True
2024-06-17,ONGC,-1.0,0.0,0.0,-0.4,,,,,True
2024-06-17,POWERGRID,0.0,0.0,1.0,0.25,,,,,True
2024-06-17,RELIANCE,,,,,,,,,True
2024-06-17,SBIN,-0.5,0.0,0.5,-0.075,2.0,0.75,0.0,True,False
2024-06-17,TATAMOTORS,,,,,,,,,True
2024-06-17,TCS,0.0,0.0,1.0,0.25,,,,,True
2024-06-17,WIPRO,1.0,1.0,0.0,0.75,1.0,1.0,0.0,True,False
2024-06-17,CIPLA,1.0,0.0,0.0,0.4,,,,,True
2024-06-17,INFY,,,,,,,,,True
2024-06-17,DRREDDY,0.0,0.0,1.0,0.25,,,,,True
2024-06-17,HCLTECH,,,,,,,,,True
2024-06-17,TECHM,,,,,,,,,True
2024-06-17,SUNPHARMA,,,,,,,,,True
2024-06-18,ADANIGREEN,0.0,0.0,1.0,0.25,,,,,True
2024-06-18,ASIANPAINT,1.0,0.0,0.0,0.4,,,,,True
2024-06-18,AXISBANK,0.0,0.0,0.0,0.0,,,,,True
2024-06-18,BAJAJ-AUTO,,,,,,,,,True
2024-06-18,HDFCBANK,0.0,0.0,0.0,0.0,,,,,True
2024-06-18,HINDUNILVR,,,,,,,,,True
2024-06-18,ICICIBANK,1.0,0.0,0.0,0.4,,,,,True
2024-06-18,ITC,1.0,1.0,0.0,0.75,1.0,1.0,0.0,True,False
2024-06-18,KOTAKBANK,0.0,0.0,1.0,0.25,,,,,True
2024-06-18,M&M,1.0,0.0,0.0,0.4,1.0,1.0,0.0,True,False
2024-06-18,MARUTI,-1.0,0.0,0.0,-0.4,1.0,1.0,0.0,True,False
2024-06-18,NTPC,,,,,,,,,True
2024-06-18,ONGC,,,,,,,,,True
2024-06-18,POWERGRID,0.0,0.0,1.0,0.25,,,,,True
2024-06-18,RELIANCE,,,,,,,,,True
2024-06-18,SBIN,-0.5,0.0,0.5,-0.075,,,,,True
2024-06-18,TATAMOTORS,,,,,,,,,True
2024-06-18,TCS,,,,,,,,,True
2024-06-18,WIPRO,1.0,1.0,0.0,0.75,,,,,True
2024-06-18,CIPLA,1.0,0.0,0.0,0.4,1.0,1.0,0.0,True,False
2024-06-18,INFY,,,,,,,,,True
2024-06-18,DRREDDY,0.0,0.0,1.0,0.25,,,,,True
2024-06-18,HCLTECH,-1.0,0.0,0.0,-0.4,1.0,1.0,0.0,True,False
2024-06-18,TECHM,1.0,0.0,0.0,0.4,1.0,1.0,0.0,True,False
2024-06-18,SUNPHARMA,,,,,,,,,True
2024-06-19,ADANIGREEN,0.0,0.0,1.0,0.25,,,,,True
2024-06-19,ASIANPAINT,1.0,0.0,0.0,0.4,,,,,True
2024-06-19,AXISBANK,0.0,0.0,0.0,0.0,,,,,True
2024-06-19,BAJAJ-AUTO,,,,,,,,,True
2024-06-19,HDFCBANK,0.0,0.0,0.0,0.0,,,,,True
2024-06-19,HINDUNILVR,,,,,,,,,True
2024-06-19,ICICIBANK,1.0,0.0,0.0,0.4,1.0,1.0,0.0,True,False
2024-06-19,ITC,0.0,0.0,0.0,0.0,1.0,0.5,0.0,True,False
2024-06-19,KOTAKBANK,0.0,0.0,1.0,0.25,,,,,True
2024-06-19,M&M,1.0,0.0,0.0,0.4,,,,,True
2024-06-19,MARUTI,-1.0,0.0,0.0,-0.4,,,,,True
2024-06-19,NTPC,,,,,,,,,True
2024-06-19,ONGC,,,,,,,,,True
2024-06-19,POWERGRID,0.0,0.0,0.0,0.0,1.0,0.5,0.0,True,False
2024-06-19,RELIANCE,0.0,0.0,1.0,0.25,1.0,0.5,0.0,True,False
2024-06-19,SBIN,-0.5,0.0,0.5,-0.075,,,,,True
2024-06-19,TATAMOTORS,,,,,,,,,True
2024-06-19,TCS,,,,,,,,,True
2024-06-19,WIPRO,1.0,1.0,0.0,0.75,,,,,True
2024-06-19,CIPLA,1.0,0.0,0.0,0.4,,,,,True
2024-06-19,INFY,,,,,,,,,True
2024-06-19,DRREDDY,1.0,0.0,0.0,0.4,1.0,1.0,0.0,True,False
2024-06-19,HCLTECH,-1.0,0.0,0.0,-0.4,,,,,True
2024-06-19,TECHM,1.0,0.0,0.0,0.4,,,,,True
2024-06-19,SUNPHARMA,,,,,,,,,True
2024-06-20,ADANIGREEN,0.0,0.0,1.0,0.25,,,,,True
2024-06-20,ASIANPAINT,1.0,0.0,0.0,0.4,,,,,True
2024-06-20,AXISBANK,0.0,0.0,0.0,0.0,1.0,0.5,0.0,True,False
2024-06-20,BAJAJ-AUTO,,,,,,,,,True
2024-06-20,HDFCBANK,,,,,,,,,True
2024-06-20,HINDUNILVR,,,,,,,,,True
2024-06-20,ICICIBANK,1.0,0.0,0.0,0.4,,,,,True
2024-06-20,ITC,1.0,1.0,0.0,0.75,1.0,1.0,0.0,True,False
2024-06-20,KOTAKBANK,0.0,0.0,1.0,0.25,,,,,True
2024-06-20,M&M,-1.0,0.0,0.0,-0.4,1.0,1.0,0.0,True,False
2024-06-20,MARUTI,-1.0,0.0,0.0,-0.4,,,,,True
2024-06-20,NTPC,,,,,,,,,True
2024-06-20,ONGC,,,,,,,,,True
2024-06-20,POWERGRID,0.0,0.0,0.0,0.0,,,,,True
2024-06-20,RELIANCE,-0.5,0.0,0.0,-0.2,2.0,0.75,0.0,True,False
2024-06-20,SBIN,1.0,0.0,0.0,0.4,1.0,1.0,0.0,True,False
2024-06-20,TATAMOTORS,,,,,,,,,True
2024-06-20,TCS,,,,,,,,,True
2024-06-20,WIPRO,1.0,1.0,0.0,0.75,,,,,True
2024-06-20,CIPLA,1.0,0.0,0.0,0.4,,,,,True
2024-06-20,INFY,,,,,,,,,True
2024-06-20,DRREDDY,1.0,0.0,0.0,0.4,,,,,True
2024-06-20,HCLTECH,-1.0,0.0,0.0,-0.4,,,,,True
2024-06-20,TECHM,-1.0,0.0,0.0,-0.4,1.0,1.0,0.0,True,False
2024-06-20,SUNPHARMA,,,,,,,,,True
2024-06-21,ADANIGREEN,,,,,,,,,True
2024-06-21,ASIANPAINT,1.0,0.0,0.0,0.4,,,,,True
2024-06-21,AXISBANK,0.0,0.0,0.0,0.0,,,,,True
2024-06-21,BAJAJ-AUTO,,,,,,,,,True
2024-06-21,HDFCBANK,,,,,,,,,True
2024-06-21,HINDUNILVR,,,,,,,,,True
2024-06-21,ICICIBANK,1.0,0.0,0.0,0.4,,,,,True
2024-06-21,ITC,1.0,1.0,0.0,0.75,,,,,True
2024-06-21,KOTAKBANK,0.0,0.0,1.0,0.25,,,,,True
2024-06-21,M&M,-1.0,0.0,0.0,-0.4,,,,,True
2024-06-21,MARUTI,-1.0,0.0,0.0,-0.4,,,,,True
2024-06-21,NTPC,,,,,,,,,True
2024-06-21,ONGC,,,,,,,,,True
2024-06-21,POWERGRID,0.0,0.0,0.0,0.0,,,,,True
2024-06-21,RELIANCE,-0.5,0.0,0.0,-0.2,,,,,True
2024-06-21,SBIN,1.0,0.0,0.0,0.4,,,,,True
2024-06-21,TATAMOTORS,,,,,,,,,True
2024-06-21,TCS,,,,,,,,,True
2024-06-21,WIPRO,1.0,1.0,0.0,0.75,,,,,True
2024-06-21,CIPLA,1.0,0.0,0.0,0.4,,,,,True
2024-06-21,INFY,,,,,,,,,True
2024-06-21,DRREDDY,1.0,0.0,0.0,0.4,,,,,True
2024-06-21,HCLTECH,-1.0,0.0,0.0,-0.4,,,,,True
2024-06-21,TECHM,-1.0,0.0,0.0,-0.4,,,,,True
2024-06-21,SUNPHARMA,,,,,,,,,True
2024-06-24,ADANIGREEN,0.0,0.0,1.0,0.25,1.0,0.5,0.0,True,False
2024-06-24,ASIANPAINT,0.0,0.0,0.0,0.0,1.0,0.5,0.0,True,False
2024-06-24,AXISBANK,0.0,0.0,0.0,0.0,,,,,True
2024-06-24,BAJAJ-AUTO,,,,,,,,,True
2024-06-24,HDFCBANK,,,,,,,,,True
2024-06-24,HINDUNILVR,,,,,,,,,True
2024-06-24,ICICIBANK,1.0,0.0,0.0,0.4,,,,,True
2024-06-24,ITC,0.0,0.0,1.0,0.25,2.0,0.5,0.0,True,False
2024-06-24,KOTAKBANK,0.0,0.0,1.0,0.25,,,,,True
2024-06-24,M&M,-1.0,0.0,0.0,-0.4,1.0,1.0,0.0,True,False
2024-06-24,MARUTI,1.0,1.0,0.0,0.75,1.0,1.0,0.0,True,False
2024-06-24,NTPC,,,,,,,,,True
2024-06-24,ONGC,0.0,0.0,1.0,0.25,1.0,0.5,0.0,True,False
2024-06-24,POWERGRID,0.0,0.0,0.0,0.0,,,,,True
2024-06-24,RELIANCE,-0.5,0.0,0.0,-0.2,,,,,True
2024-06-24,SBIN,1.0,0.0,0.0,0.4,,,,,True
2024-06-24,TATAMOTORS,,,,,,,,,True
2024-06-24,TCS,,,,,,,,,True
2024-06-24,WIPRO,-1.0,0.0,0.0,-0.4,1.0,1.0,0.0,True,False
2024-06-24,CIPLA,1.0,0.0,0.0,0.4,,,,,True
2024-06-24,INFY,,,,,,,,,True
2024-06-24,DRREDDY,0.0,0.0,0.0,0.0,1.0,0.5,0.0,True,False
2024-06-24,HCLTECH,-1.0,0.0,0.0,-0.4,,,,,True
2024-06-24,TECHM,-1.0,0.0,0.0,-0.4,,,,,True
2024-06-24,SUNPHARMA,,,,,,,,,True
2024-06-25,ADANIGREEN,0.0,0.0,1.0,0.25,,,,,True
2024-06-25,ASIANPAINT,0.0,0.0,0.0,0.0,,,,,True
2024-06-25,AXISBANK,0.0,0.0,0.0,0.0,,,,,True
2024-06-25,BAJAJ-AUTO,0.0,0.0,1.0,0.25,1.0,0.5,0.0,True,False
2024-06-25,HDFCBANK,0.0,0.0,0.0,0.0,1.0,0.5,0.0,True,False
2024-06-25,HINDUNILVR,,,,,,,,,True
2024-06-25,ICICIBANK,1.0,0.0,0.0,0.4,,,,,True
2024-06-25,ITC,0.0,0.0,1.0,0.25,,,,,True
2024-06-25,KOTAKBANK,,,,,,,,,True
2024-06-25,M&M,-1.0,0.0,0.0,-0.4,,,,,True
2024-06-25,MARUTI,1.0,1.0,0.0,0.75,,,,,True
2024-06-25,NTPC,,,,,,,,,True
2024-06-25,ONGC,0.0,0.0,1.0,0.25,,,,,True
2024-06-25,POWERGRID,0.0,0.0,0.0,0.0,,,,,True
2024-06-25,RELIANCE,1.0,1.0,0.0,0.75,1.0,1.0,0.0,True,False
2024-06-25,SBIN,0.0,0.0,1.0,0.25,1.0,0.5,0.0,True,False
2024-06-25,TATAMOTORS,,,,,,,,,True
2024-06-25,TCS,,,,,,,,,True
2024-06-25,WIPRO,-1.0,0.0,0.0,-0.4,,,,,True
2024-06-25,CIPLA,1.0,0.0,0.0,0.4,,,,,True
2024-06-25,INFY,-1.0,0.0,0.0,-0.4,1.0,1.0,0.0,True,False
2024-06-25,DRREDDY,0.0,0.0,0.0,0.0,,,,,True
2024-06-25,HCLTECH,-1.0,0.0,0.0,-0.4,,,,,True
2024-06-25,TECHM,-1.0,0.0,0.0,-0.4,,,,,True
2024-06-25,SUNPHARMA,1.0,0.0,0.0,0.4,1.0,1.0,0.0,True,False
2024-06-26,ADANIGREEN,0.0,0.0,1.0,0.25,,,,,True
2024-06-26,ASIANPAINT,0.0,0.0,0.0,0.0,,,,,True
2024-06-26,AXISBANK,0.0,0.0,0.0,0.0,,,,,True
2024-06-26,BAJAJ-AUTO,1.0,1.0,0.0,0.75,1.0,1.0,0.0,True,False
2024-06-26,HDFCBANK,0.0,0.0,0.0,0.0,,,,,True
2024-06-26,HINDUNILVR,,,,,,,,,True
2024-06-26,ICICIBANK,1.0,0.0,0.0,0.4,,,,,True
2024-06-26,ITC,0.0,0.0,1.0,0.25,,,,,True
2024-06-26,KOTAKBANK,,,,,,,,,True
2024-06-26,M&M,-1.0,0.0,0.0,-0.4,,,,,True
2024-06-26,MARUTI,1.0,1.0,0.0,0.75,,,,,True
2024-06-26,NTPC,,,,,,,,,True
2024-06-26,ONGC,0.0,0.0,1.0,0.25,,,,,True
2024-06-26,POWERGRID,0.0,0.0,0.5,0.125,2.0,0.5,0.0,True,False
2024-06-26,RELIANCE,1.0,1.0,0.0,0.75,,,,,True
2024-06-26,SBIN,0.0,0.0,1.0,0.25,,,,,True
2024-06-26,TATAMOTORS,,,,,,,,,True
2024-06-26,TCS,,,,,,,,,True
2024-06-26,WIPRO,-1.0,0.0,0.0,-0.4,,,,,True
2024-06-26,CIPLA,,,,,,,,,True
2024-06-26,INFY,-1.0,0.0,0.0,-0.4,,,,,True
2024-06-26,DRREDDY,0.0,0.0,0.0,0.0,,,,,True
2024-06-26,HCLTECH,,,,,,,,,True
2024-06-26,TECHM,-1.0,0.0,0.0,-0.4,,,,,True
2024-06-26,SUNPHARMA,0.0,0.0,1.0,0.25,1.0,0.5,0.0,True,False
2024-06-27,ADANIGREEN,0.0,0.0,1.0,0.25,,,,,True
2024-06-27,ASIANPAINT,0.0,0.0,0.0,0.0,,,,,True
2024-06-27,AXISBANK,0.0,0.0,0.0,0.0,,,,,True
2024-06-27,BAJAJ-AUTO,1.0,1.0,0.0,0.75,,,,,True
2024-06-27,HDFCBANK,0.0,0.0,0.0,0.0,,,,,True
2024-06-27,HINDUNILVR,,,,,,,,,True
2024-06-27,ICICIBANK,,,,,,,,,True
2024-06-27,ITC,0.0,0.0,1.0,0.25,,,,,True
2024-06-27,KOTAKBANK,,,,,,,,,True
2024-06-27,M&M,-1.0,0.0,0.0,-0.4,,,,,True
2024-06-27,MARUTI,1.0,1.0,0.0,0.75,,,,,True
2024-06-27,NTPC,0.0,0.0,1.0,0.25,1.0,0.5,0.0,True,False
2024-06-27,ONGC,0.0,0.0,1.0,0.25,,,,,True
2024-06-27,POWERGRID,0.0,0.0,0.5,0.125,,,,,True
2024-06-27,RELIANCE,1.0,1.0,0.0,0.75,,,,,True
2024-06-27,SBIN,0.0,0.0,1.0,0.25,,,,,True
2024-06-27,TATAMOTORS,,,,,,,,,True
2024-06-27,TCS,,,,,,,,,True
2024-06-27,WIPRO,-1.0,0.0,0.0,-0.4,,,,,True
2024-06-27,CIPLA,,,,,,,,,True
2024-06-27,INFY,-1.0,0.0,0.0,-0.4,,,,,True
2024-06-27,DRREDDY,0.0,0.0,0.0,0.0,,,,,True
2024-06-27,HCLTECH,1.0,1.0,0.0,0.75,1.0,1.0,0.0,True,False
2024-06-27,TECHM,-1.0,0.0,0.0,-0.4,,,,,True
2024-06-27,SUNPHARMA,0.0,0.0,1.0,0.25,,,,,True
2024-06-28,ADANIGREEN,0.0,0.0,1.0,0.25,,,,,True
2024-06-28,ASIANPAINT,0.0,0.0,0.0,0.0,,,,,True
2024-06-28,AXISBANK,,,,,,,,,True
2024-06-28,BAJAJ-AUTO,1.0,1.0,0.0,0.75,,,,,True
2024-06-28,HDFCBANK,0.0,0.0,0.0,0.0,,,,,True
2024-06-28,HINDUNILVR,,,,,,,,,True
2024-06-28,ICICIBANK,,,,,,,,,True
2024-06-28,ITC,0.0,0.0,1.0,0.25,,,,,True
2024-06-28,KOTAKBANK,,,,,,,,,True
2024-06-28,M&M,-1.0,0.0,0.0,-0.4,,,,,True
2024-06-28,MARUTI,1.0,1.0,0.0,0.75,,,,,True
2024-06-28,NTPC,0.0,0.0,1.0,0.25,,,,,True
2024-06-28,ONGC,0.0,0.0,1.0,0.25,,,,,True
2024-06-28,POWERGRID,0.0,0.0,0.5,0.125,,,,,True
2024-06-28,RELIANCE,1.0,1.0,0.0,0.75,,,,,True
2024-06-28,SBIN,0.0,0.0,1.0,0.25,,,,,True
2024-06-28,TATAMOTORS,,,,,,,,,True
2024-06-28,TCS,,,,,,,,,True
2024-06-28,WIPRO,-1.0,0.0,0.0,-0.4,,,,,True
2024-06-28,CIPLA,,,,,,,,,True
2024-06-28,INFY,-1.0,0.0,0.0,-0.4,,,,,True
2024-06-28,DRREDDY,0.0,0.0,0.0,0.0,,,,,True
2024-06-28,HCLTECH,1.0,1.0,0.0,0.75,,,,,True
2024-06-28,TECHM,,,,,,,,,True
2024-06-28,SUNPHARMA,0.0,0.0,1.0,0.25,,,,,True
2024-07-01,ADANIGREEN,1.0,1.0,1.0,1.0,1.0,1.0,0.0,True,False
2024-07-01,ASIANPAINT,1.0,0.0,0.0,0.4,1.0,1.0,0.0,True,False
2024-07-01,AXISBANK,,,,,,,,,True
2024-07-01,BAJAJ-AUTO,1.0,1.0,0.0,0.75,,,,,True
2024-07-01,HDFCBANK,0.0,0.0,0.0,0.0,,,,,True
2024-07-01,HINDUNILVR,,,,,,,,,True
2024-07-01,ICICIBANK,,,,,,,,,True
2024-07-01,ITC,0.0,0.0,1.0,0.25,,,,,True
2024-07-01,KOTAKBANK,,,,,,,,,True
2024-07-01,M&M,0.0,0.0,0.0,0.0,1.0,0.5,0.0,True,False
2024-07-01,MARUTI,1.0,1.0,0.0,0.75,,,,,True
2024-07-01,NTPC,0.0,0.0,1.0,0.25,,,,,True
2024-07-01,ONGC,0.0,0.0,1.0,0.25,,,,,True
2024-07-01,POWERGRID,0.0,0.0,0.5,0.125,,,,,True
2024-07-01,RELIANCE,1.0,1.0,0.0,0.75,,,,,True
2024-07-01,SBIN,0.0,0.0,1.0,0.25,,,,,True
2024-07-01,TATAMOTORS,,,,,,,,,True
2024-07-01,TCS,,,,,,,,,True
2024-07-01,WIPRO,-1.0,0.0,0.0,-0.4,,,,,True
2024-07-01,CIPLA,,,,,,,,,True
2024-07-01,INFY,0.0,0.0,0.0,0.0,1.0,0.5,0.0,True,False
2024-07-01,DRREDDY,0.0,0.0,0.0,0.0,,,,,True
2024-07-01,HCLTECH,1.0,1.0,0.0,0.75,,,,,True
2024-07-01,TECHM,,,,,,,,,True
2024-07-01,SUNPHARMA,0.0,0.0,1.0,0.25,,,,,True
2024-07-02,ADANIGREEN,1.0,1.0,1.0,1.0,,,,,True
2024-07-02,ASIANPAINT,1.0,0.0,0.0,0.4,,,,,True
2024-07-02,AXISBANK,,,,,,,,,True
2024-07-02,BAJAJ-AUTO,1.0,0.0,0.0,0.4,1.0,1.0,0.0,True,False
2024-07-02,HDFCBANK,0.0,0.0,0.0,0.0,,,,,True
2024-07-02,HINDUNILVR,1.0,1.0,0.0,0.75,1.0,1.0,0.0,True,False
2024-07-02,ICICIBANK,,,,,,,,,True
2024-07-02,ITC,,,,,,,,,True
2024-07-02,KOTAKBANK,,,,,,,,,True
2024-07-02,M&M,0.0,0.0,0.0,0.0,,,,,True
2024-07-02,MARUTI,0.0,0.0,1.0,0.25,1.0,0.5,0.0,True,False
2024-07-02,NTPC,0.0,0.0,1.0,0.25,,,,,True
2024-07-02,ONGC,,,,,,,,,True
2024-07-02,POWERGRID,1.0,1.0,0.0,0.75,1.0,1.0,0.0,True,False
2024-07-02,RELIANCE,1.0,1.0,0.0,0.75,,,,,True
2024-07-02,SBIN,0.0,0.0,1.0,0.25,,,,,True
2024-07-02,TATAMOTORS,,,,,,,,,True
2024-07-02,TCS,,,,,,,,,True
2024-07-02,WIPRO,,,,,,,,,True
2024-07-02,CIPLA,0.0,0.0,0.0,0.0,1.0,0.5,0.0,True,False
2024-07-02,INFY,0.0,0.0,0.0,0.0,,,,,True
2024-07-02,DRREDDY,,,,,,,,,True
2024-07-02,HCLTECH,1.0,1.0,0.0,0.75,,,,,True
2024-07-02,TECHM,,,,,,,,,True
2024-07-02,SUNPHARMA,0.0,0.0,1.0,0.25,,,,,True
2024-07-03,ADANIGREEN,1.0,1.0,1.0,1.0,,,,,True
2024-07-03,ASIANPAINT,1.0,0.0,0.0,0.4,,,,,True
2024-07-03,AXISBANK,,,,,,,,,True
2024-07-03,BAJAJ-AUTO,1.0,0.0,0.0,0.4,,,,,True
2024-07-03,HDFCBANK,,,,,,,,,True
2024-07-03,HINDUNILVR,1.0,1.0,0.0,0.75,,,,,True
2024-07-03,ICICIBANK,1.0,1.0,0.0,0.75,1.0,1.0,0.0,True,False
2024-07-03,ITC,,,,,,,,,True
2024-07-03,KOTAKBANK,,,,,,,,,True
2024-07-03,M&M,0.0,0.0,0.0,0.0,,,,,True
2024-07-03,MARUTI,0.0,0.0,1.0,0.25,,,,,True
2024-07-03,NTPC,0.0,0.0,1.0,0.25,,,,,True
2024-07-03,ONGC,,,,,,,,,True
2024-07-03,POWERGRID,1.0,1.0,0.0,0.75,,,,,True
2024-07-03,RELIANCE,,,,,,,,,True
2024-07-03,SBIN,,,,,,,,,True
2024-07-03,TATAMOTORS,1.0,1.0,0.0,0.75,1.0,1.0,0.0,True,False
2024-07-03,TCS,0.0,0.0,0.0,0.0,1.0,0.5,0.0,True,False
2024-07-03,WIPRO,,,,,,,,,True
2024-07-03,CIPLA,0.0,0.0,0.0,0.0,,,,,True
2024-07-03,INFY,0.0,0.0,0.0,0.0,,,,,True
2024-07-03,DRREDDY,,,,,,,,,True
2024-07-03,HCLTECH,1.0,1.0,0.0,0.75,,,,,True
2024-07-03,TECHM,,,,,,,,,True
2024-07-03,SUNPHARMA,0.0,0.0,1.0,0.25,,,,,True
2024-07-04,ADANIGREEN,1.0,1.0,1.0,1.0,1.0,1.0,0.0,True,False
2024-07-04,ASIANPAINT,1.0,0.0,0.0,0.4,,,,,True
2024-07-04,AXISBANK,,,,,,,,,True
2024-07-04,BAJAJ-AUTO,1.0,0.0,0.0,0.4,1.0,1.0,0.0,True,False
2024-07-04,HDFCBANK,0.0,0.0,0.0,0.0,1.0,0.5,0.0,True,False
2024-07-04,HINDUNILVR,1.0,1.0,0.0,0.75,,,,,True
2024-07-04,ICICIBANK,1.0,1.0,0.0,0.75,,,,,True
2024-07-04,ITC,1.0,1.0,0.0,0.75,1.0,1.0,0.0,True,False
2024-07-04,KOTAKBANK,,,,,,,,,True
2024-07-04,M&M,0.0,0.0,0.0,0.0,,,,,True
2024-07-04,MARUTI,0.0,0.0,1.0,0.25,,,,,True
2024-07-04,NTPC,0.0,0.0,1.0,0.25,1.0,0.5,0.0,True,False
2024-07-04,ONGC,,,,,,,,,True
2024-07-04,POWERGRID,1.0,1.0,0.0,0.75,,,,,True
2024-07-04,RELIANCE,,,,,,,,,True
2024-07-04,SBIN,,,,,,,,,True
2024-07-04,TATAMOTORS,1.0,1.0,0.0,0.75,,,,,True
2024-07-04,TCS,0.0,0.0,0.0,0.0,,,,,True
2024-07-04,WIPRO,,,,,,,,,True
2024-07-04,CIPLA,0.0,0.0,0.0,0.0,,,,,True
2024-07-04,INFY,0.0,0.0,0.0,0.0,,,,,True
2024-07-04,DRREDDY,,,,,,,,,True
2024-07-04,HCLTECH,1.0,1.0,0.0,0.75,,,,,True
2024-07-04,TECHM,,,,,,,,,True
2024-07-04,SUNPHARMA,,,,,,,,,True
2024-07-05,ADANIGREEN,1.0,1.0,1.0,1.0,,,,,True
2024-07-05,ASIANPAINT,1.0,0.0,0.0,0.4,,,,,True
2024-07-05,AXISBANK,,,,,,,,,True
2024-07-05,BAJAJ-AUTO,1.0,0.0,0.0,0.4,,,,,True
2024-07-05,HDFCBANK,0.0,0.0,0.0,0.0,,,,,True
2024-07-05,HINDUNILVR,1.0,1.0,0.0,0.75,,,,,True
2024-07-05,ICICIBANK,1.0,1.0,0.0,0.75,,,,,True
2024-07-05,ITC,1.0,1.0,0.0,0.75,,,,,True
2024-07-05,KOTAKBANK,,,,,,,,,True
2024-07-05,M&M,0.0,0.0,0.0,0.0,,,,,True
2024-07-05,MARUTI,0.0,0.0,1.0,0.25,,,,,True
2024-07-05,NTPC,0.0,0.0,1.0,0.25,,,,,True
2024-07-05,ONGC,,,,,,,,,True
2024-07-05,POWERGRID,1.0,1.0,0.0,0.75,,,,,True
2024-07-05,RELIANCE,,,,,,,,,True
2024-07-05,SBIN,,,,,,,,,True
2024-07-05,TATAMOTORS,1.0,1.0,0.0,0.75,,,,,True
2024-07-05,TCS,0.0,0.0,0.0,0.0,,,,,True
2024-07-05,WIPRO,,,,,,,,,True
2024-07-05,CIPLA,0.0,0.0,0.0,0.0,,,,,True
2024-07-05,INFY,0.0,0.0,0.0,0.0,,,,,True
2024-07-05,DRREDDY,,,,,,,,,True
2024-07-05,HCLTECH,,,,,,,,,True
2024-07-05,TECHM,,,,,,,,,True
2024-07-05,SUNPHARMA,,,,,,,,,True
2024-07-08,ADANIGREEN,1.0,1.0,1.0,1.0,,,,,True
2024-07-08,ASIANPAINT,1.0,0.0,0.0,0.4,,,,,True
2024-07-08,AXISBANK,,,,,,,,,True
2024-07-08,BAJAJ-AUTO,1.0,0.0,0.0,0.4,,,,,True
2024-07-08,HDFCBANK,0.0,0.0,0.0,0.0,,,,,True
2024-07-08,HINDUNILVR,1.0,1.0,0.0,0.75,,,,,True
2024-07-08,ICICIBANK,1.0,1.0,0.0,0.75,,,,,True
2024-07-08,ITC,0.0,0.0,0.5,0.125,2.0,0.5,0.0,True,False
2024-07-08,KOTAKBANK,,,,,,,,,True
2024-07-08,M&M,0.0,0.0,0.0,0.0,,,,,True
2024-07-08,MARUTI,0.0,0.0,1.0,0.25,,,,,True
2024-07-08,NTPC,0.0,0.0,1.0,0.25,,,,,True
2024-07-08,ONGC,,,,,,,,,True
2024-07-08,POWERGRID,1.0,1.0,0.0,0.75,,,,,True
2024-07-08,RELIANCE,,,,,,,,,True
2024-07-08,SBIN,,,,,,,,,True
2024-07-08,TATAMOTORS,1.0,0.0,0.0,0.4,1.0,1.0,0.0,True,False
2024-07-08,TCS,1.0,0.0,0.0,0.4,1.0,1.0,0.0,True,False
2024-07-08,WIPRO,,,,,,,,,True
2024-07-08,CIPLA,0.0,0.0,0.0,0.0,,,,,True
2024-07-08,INFY,0.0,0.0,0.0,0.0,,,,,True
2024-07-08,DRREDDY,,,,,,,,,True
2024-07-08,HCLTECH,,,,,,,,,True
2024-07-08,TECHM,,,,,,,,,True
2024-07-08,SUNPHARMA,,,,,,,,,True
2024-07-09,ADANIGREEN,1.0,1.0,1.0,1.0,,,,,True
2024-07-09,ASIANPAINT,,,,,,,,,True
2024-07-09,AXISBANK,,,,,,,,,True
2024-07-09,BAJAJ-AUTO,1.0,0.0,0.0,0.4,,,,,True
2024-07-09,HDFCBANK,0.0,0.0,0.0,0.0,,,,,True
2024-07-09,HINDUNILVR,1.0,1.0,0.0,0.75,,,,,True
2024-07-09,ICICIBANK,1.0,0.0,0.0,0.4,1.0,1.0,0.0,True,False
2024-07-09,ITC,0.0,0.0,0.5,0.125,,,,,True
2024-07-09,KOTAKBANK,0.0,0.0,0.5,0.125,2.0,0.5,0.0,True,False
2024-07-09,M&M,-0.3333,0.0,0.3333,-0.05,3.0,0.6667,0.0,True,False
2024-07-09,MARUTI,0.0,0.0,1.0,0.25,,,,,True
2024-07-09,NTPC,0.0,0.0,1.0,0.25,,,,,True
2024-07-09,ONGC,,,,,,,,,True
2024-07-09,POWERGRID,1.0,1.0,0.0,0.75,,,,,True
2024-07-09,RELIANCE,1.0,1.0,0.0,0.75,1.0,1.0,0.0,True,False
2024-07-09,SBIN,,,,,,,,,True
2024-07-09,TATAMOTORS,1.0,0.0,0.0,0.4,,,,,True
2024-07-09,TCS,1.0,0.0,0.0,0.4,,,,,True
2024-07-09,WIPRO,,,,,,,,,True
2024-07-09,CIPLA,0.0,0.0,0.0,0.0,,,,,True
2024-07-09,INFY,1.0,1.0,0.0,0.75,1.0,1.0,0.0,True,False
2024-07-09,DRREDDY,,,,,,,,,True
2024-07-09,HCLTECH,,,,,,,,,True
2024-07-09,TECHM,,,,,,,,,True
2024-07-09,SUNPHARMA,,,,,,,,,True
2024-07-10,ADANIGREEN,0.0,0.0,1.0,0.25,2.0,0.5,0.0,True,False
2024-07-10,ASIANPAINT,,,,,,,,,True
2024-07-10,AXISBANK,,,,,,,,,True
2024-07-10,BAJAJ-AUTO,1.0,0.0,0.0,0.4,,,,,True
2024-07-10,HDFCBANK,0.0,0.0,0.0,0.0,,,,,True
2024-07-10,HINDUNILVR,,,,,,,,,True
2024-07-10,ICICIBANK,1.0,1.0,0.0,0.75,1.0,1.0,0.0,True,False
2024-07-10,ITC,0.0,0.0,0.5,0.125,,,,,True
2024-07-10,KOTAKBANK,0.0,0.0,0.5,0.125,,,,,True
2024-07-10,M&M,-0.3333,0.0,0.3333,-0.05,,,,,True
2024-07-10,MARUTI,,,,,,,,,True
2024-07-10,NTPC,0.0,0.0,1.0,0.25,,,,,True
2024-07-10,ONGC,1.0,0.0,0.0,0.4,1.0,1.0,0.0,True,False
2024-07-10,POWERGRID,,,,,,,,,True
2024-07-10,RELIANCE,1.0,1.0,0.0,0.75,,,,,True
2024-07-10,SBIN,,,,,,,,,True
2024-07-10,TATAMOTORS,1.0,0.0,0.0,0.4,,,,,True
2024-07-10,TCS,1.0,0.0,0.0,0.4,,,,,True
2024-07-10,WIPRO,0.0,0.0,0.0,0.0,1.0,0.5,0.0,True,False
2024-07-10,CIPLA,,,,,,,,,True
2024-07-10,INFY,-1.0,0.0,0.0,-0.4,1.0,1.0,0.0,True,False
2024-07-10,DRREDDY,-1.0,0.0,0.0,-0.4,1.0,1.0,0.0,True,False
2024-07-10,HCLTECH,,,,,,,,,True
2024-07-10,TECHM,,,,,,,,,True
2024-07-10,SUNPHARMA,1.0,1.0,0.0,0.75,1.0,1.0,0.0,True,False
2024-07-11,ADANIGREEN,0.0,0.0,1.0,0.25,,,,,True
2024-07-11,ASIANPAINT,,,,,,,,,True
2024-07-11,AXISBANK,,,,,,,,,True
2024-07-11,BAJAJ-AUTO,1.0,0.0,0.0,0.4,,,,,True
2024-07-11,HDFCBANK,0.0,0.0,0.0,0.0,,,,,True
2024-07-11,HINDUNILVR,1.0,1.0,0.0,0.75,1.0,1.0,0.0,True,False
2024-07-11,ICICIBANK,1.0,1.0,0.0,0.75,,,,,True
2024-07-11,ITC,0.0,0.0,0.5,0.125,,,,,True
2024-07-11,KOTAKBANK,0.0,0.0,0.5,0.125,,,,,True
2024-07-11,M&M,-0.3333,0.0,0.3333,-0.05,,,,,True
2024-07-11,MARUTI,,,,,,,,,True
2024-07-11,NTPC,0.0,0.0,1.0,0.25,,,,,True
2024-07-11,ONGC,1.0,0.0,0.0,0.4,,,,,True
2024-07-11,POWERGRID,,,,,,,,,True
2024-07-11,RELIANCE,0.0,0.0,1.0,0.25,1.0,0.5,0.0,True,False
2024-07-11,SBIN,,,,,,,,,True
2024-07-11,TATAMOTORS,1.0,0.0,0.0,0.4,,,,,True
2024-07-11,TCS,1.0,0.0,0.0,0.4,,,,,True
2024-07-11,WIPRO,1.0,0.0,0.0,0.4,1.0,1.0,0.0,True,False
2024-07-11,CIPLA,0.0,0.0,1.0,0.25,1.0,0.5,0.0,True,False
2024-07-11,INFY,-1.0,0.0,0.0,-0.4,,,,,True
2024-07-11,DRREDDY,-1.0,0.0,0.0,-0.4,,,,,True
2024-07-11,HCLTECH,,,,,,,,,True
2024-07-11,TECHM,,,,,,,,,True
2024-07-11,SUNPHARMA,1.0,1.0,0.0,0.75,,,,,True
2024-07-12,ADANIGREEN,0.0,0.0,1.0,0.25,,,,,True
2024-07-12,ASIANPAINT,,,,,,,,,True
2024-07-12,AXISBANK,,,,,,,,,True
2024-07-12,BAJAJ-AUTO,,,,,,,,,True
2024-07-12,HDFCBANK,,,,,,,,,True
2024-07-12,HINDUNILVR,1.0,1.0,0.0,0.75,,,,,True
2024-07-12,ICICIBANK,1.0,1.0,0.0,0.75,,,,,True
2024-07-12,ITC,0.0,0.0,0.5,0.125,,,,,True
2024-07-12,KOTAKBANK,0.0,0.0,0.5,0.125,,,,,True
2024-07-12,M&M,-0.3333,0.0,0.3333,-0.05,,,,,True
2024-07-12,MARUTI,,,,,,,,,True
2024-07-12,NTPC,,,,,,,,,True
2024-07-12,ONGC,1.0,0.0,0.0,0.4,,,,,True
2024-07-12,POWERGRID,,,,,,,,,True
2024-07-12,RELIANCE,0.0,0.0,1.0,0.25,,,,,True
2024-07-12,SBIN,,,,,,,,,True
2024-07-12,TATAMOTORS,1.0,0.0,0.0,0.4,,,,,True
2024-07-12,TCS,1.0,0.0,0.0,0.4,,,,,True
2024-07-12,WIPRO,1.0,0.0,0.0,0.4,,,,,True
2024-07-12,CIPLA,0.0,0.0,1.0,0.25,,,,,True
2024-07-12,INFY,-1.0,0.0,0.0,-0.4,,,,,True
2024-07-12,DRREDDY,-1.0,0.0,0.0,-0.4,,,,,True
2024-07-12,HCLTECH,,,,,,,,,True
2024-07-12,TECHM,,,,,,,,,True
2024-07-12,SUNPHARMA,1.0,1.0,0.0,0.75,,,,,True
2024-07-15,ADANIGREEN,0.0,0.0,1.0,0.25,,,,,True
2024-07-15,ASIANPAINT,,,,,,,,,True
2024-07-15,AXISBANK,,,,,,,,,True
2024-07-15,BAJAJ-AUTO,0.0,0.5,0.0,0.175,2.0,1.0,0.5,False,False
2024-07-15,HDFCBANK,,,,,,,,,True
2024-07-15,HINDUNILVR,1.0,1.0,0.0,0.75,,,,,True
2024-07-15,ICICIBANK,1.0,1.0,0.0,0.75,,,,,True
2024-07-15,ITC,0.0,0.0,0.5,0.125,,,,,True
2024-07-15,KOTAKBANK,0.0,0.0,0.5,0.125,,,,,True
2024-07-15,M&M,-0.3333,0.0,0.3333,-0.05,,,,,True
2024-07-15,MARUTI,,,,,,,,,True
2024-07-15,NTPC,,,,,,,,,True
2024-07-15,ONGC,1.0,0.0,0.0,0.4,,,,,True
2024-07-15,POWERGRID,,,,,,,,,True
2024-07-15,RELIANCE,0.0,0.0,1.0,0.25,,,,,True
2024-07-15,SBIN,,,,,,,,,True
2024-07-15,TATAMOTORS,1.0,0.0,0.0,0.4,,,,,True
2024-07-15,TCS,0.0,0.0,0.0,0.0,1.0,0.5,0.0,True,False
2024-07-15,WIPRO,1.0,0.0,0.0,0.4,,,,,True
2024-07-15,CIPLA,0.0,0.0,1.0,0.25,,,,,True
2024-07-15,INFY,1.0,0.0,0.0,0.4,1.0,1.0,0.0,True,False
2024-07-15,DRREDDY,-1.0,0.0,0.0,-0.4,,,,,True
2024-07-15,HCLTECH,,,,,,,,,True
2024-07-15,TECHM,,,,,,,,,True
2024-07-15,SUNPHARMA,1.0,1.0,0.0,0.75,,,,,True
2024-07-16,ADANIGREEN,0.0,0.0,1.0,0.25,,,,,True
2024-07-16,ASIANPAINT,,,,,,,,,True
2024-07-16,AXISBANK,,,,,,,,,True
2024-07-16,BAJAJ-AUTO,0.0,0.5,0.0,0.175,,,,,True
2024-07-16,HDFCBANK,,,,,,,,,True
2024-07-16,HINDUNILVR,1.0,1.0,0.0,0.75,,,,,True
2024-07-16,ICICIBANK,1.0,1.0,0.0,0.75,,,,,True
2024-07-16,ITC,1.0,0.0,0.0,0.4,1.0,1.0,0.0,True,False
2024-07-16,KOTAKBANK,0.0,0.0,0.5,0.125,,,,,True
2024-07-16,M&M,-0.3333,0.0,0.3333,-0.05,,,,,True
2024-07-16,MARUTI,,,,,,,,,True
2024-07-16,NTPC,,,,,,,,,True
2024-07-16,ONGC,1.0,0.0,0.0,0.4,,,,,True
2024-07-16,POWERGRID,,,,,,,,,True
2024-07-16,RELIANCE,0.0,0.0,1.0,0.25,,,,,True
2024-07-16,SBIN,,,,,,,,,True
2024-07-16,TATAMOTORS,,,,,,,,,True
2024-07-16,TCS,0.0,0.0,0.0,0.0,,,,,True
2024-07-16,WIPRO,1.0,0.0,0.0,0.4,,,,,True
2024-07-16,CIPLA,0.0,0.0,1.0,0.25,,,,,True
2024-07-16,INFY,1.0,0.0,0.0,0.4,,,,,True
2024-07-16,DRREDDY,-1.0,0.0,0.0,-0.4,,,,,True
2024-07-16,HCLTECH,1.0,0.0,0.0,0.4,1.0,1.0,0.0,True,False
2024-07-16,TECHM,,,,,,,,,True
2024-07-16,SUNPHARMA,1.0,0.0,0.0,0.4,1.0,1.0,0.0,True,False
2024-07-17,ADANIGREEN,0.0,0.0,1.0,0.25,,,,,True
2024-07-17,ASIANPAINT,,,,,,,,,True
2024-07-17,AXISBANK,,,,,,,,,True
2024-07-17,BAJAJ-AUTO,0.0,0.5,0.0,0.175,,,,,True
2024-07-17,HDFCBANK,-1.0,0.0,0.0,-0.4,1.0,1.0,0.0,True,False
2024-07-17,HINDUNILVR,1.0,1.0,0.0,0.75,,,,,True
2024-07-17,ICICIBANK,1.0,1.0,0.0,0.75,,,,,True
2024-07-17,ITC,1.0,0.0,0.0,0.4,,,,,True
2024-07-17,KOTAKBANK,0.0,0.0,1.0,0.25,1.0,0.5,0.0,True,False
2024-07-17,M&M,0.0,0.0,0.5,0.125,2.0,0.5,0.0,True,False
2024-07-17,MARUTI,,,,,,,,,True
2024-07-17,NTPC,,,,,,,,,True
2024-07-17,ONGC,1.0,0.0,0.0,0.4,,,,,True
2024-07-17,POWERGRID,,,,,,,,,True
2024-07-17,RELIANCE,-1.0,0.0,0.0,-0.4,1.0,1.0,0.0,True,False
2024-07-17,SBIN,0.0,0.0,1.0,0.25,1.0,0.5,0.0,True,False
2024-07-17,TATAMOTORS,,,,,,,,,True
2024-07-17,TCS,0.0,0.0,0.0,0.0,,,,,True
2024-07-17,WIPRO,1.0,0.0,0.0,0.4,,,,,True
2024-07-17,CIPLA,1.0,1.0,0.0,0.75,1.0,1.0,0.0,True,False
2024-07-17,INFY,1.0,0.0,0.0,0.4,,,,,True
2024-07-17,DRREDDY,-1.0,0.0,0.0,-0.4,,,,,True
2024-07-17,HCLTECH,1.0,0.0,0.0,0.4,,,,,True
2024-07-17,TECHM,,,,,,,,,True
2024-07-17,SUNPHARMA,1.0,0.0,0.0,0.4,,,,,True
2024-07-18,ADANIGREEN,,,,,,,,,True
2024-07-18,ASIANPAINT,,,,,,,,,True
2024-07-18,AXISBANK,0.0,0.0,1.0,0.25,1.0,0.5,0.0,True,False
2024-07-18,BAJAJ-AUTO,0.0,0.5,0.0,0.175,,,,,True
2024-07-18,HDFCBANK,-1.0,0.0,0.0,-0.4,,,,,True
2024-07-18,HINDUNILVR,1.0,1.0,0.0,0.75,,,,,True
2024-07-18,ICICIBANK,,,,,,,,,True
2024-07-18,ITC,1.0,0.0,0.0,0.4,,,,,True
2024-07-18,KOTAKBANK,0.0,0.0,1.0,0.25,,,,,True
2024-07-18,M&M,0.0,0.0,0.0,0.0,1.0,0.5,0.0,True,False
2024-07-18,MARUTI,,,,,,,,,True
2024-07-18,NTPC,0.0,0.0,1.0,0.25,1.0,0.5,0.0,True,False
2024-07-18,ONGC,,,,,,,,,True
2024-07-18,POWERGRID,1.0,1.0,0.0,0.75,1.0,1.0,0.0,True,False
2024-07-18,RELIANCE,-1.0,0.0,0.0,-0.4,,,,,True
2024-07-18,SBIN,0.0,0.0,1.0,0.25,,,,,True
2024-07-18,TATAMOTORS,,,,,,,,,True
2024-07-18,TCS,0.0,0.0,0.0,0.0,,,,,True
2024-07-18,WIPRO,1.0,0.0,0.0,0.4,,,,,True
2024-07-18,CIPLA,1.0,1.0,0.0,0.75,,,,,True
2024-07-18,INFY,0.0,0.0,1.0,0.25,1.0,0.5,0.0,True,False
2024-07-18,DRREDDY,,,,,,,,,True
2024-07-18,HCLTECH,1.0,0.0,0.0,0.4,,,,,True
2024-07-18,TECHM,0.0,0.0,0.0,0.0,1.0,0.5,0.0,True,False
2024-07-18,SUNPHARMA,1.0,0.0,0.0,0.4,,,,,True
2024-07-19,ADANIGREEN,,,,,,,,,True
2024-07-19,ASIANPAINT,,,,,,,,,True
2024-07-19,AXISBANK,0.0,0.0,1.0,0.25,,,,,True
2024-07-19,BAJAJ-AUTO,0.0,0.5,0.0,0.175,,,,,True
2024-07-19,HDFCBANK,-1.0,0.0,0.0,-0.4,,,,,True
2024-07-19,HINDUNILVR,,,,,,,,,True
2024-07-19,ICICIBANK,,,,,,,,,True
2024-07-19,ITC,1.0,0.0,0.0,0.4,,,,,True
2024-07-19,KOTAKBANK,0.0,0.0,1.0,0.25,,,,,True
2024-07-19,M&M,0.0,0.0,0.0,0.0,,,,,True
2024-07-19,MARUTI,,,,,,,,,True
2024-07-19,NTPC,0.0,0.0,1.0,0.25,,,,,True
2024-07-19,ONGC,,,,,,,,,True
2024-07-19,POWERGRID,1.0,1.0,0.0,0.75,,,,,True
2024-07-19,RELIANCE,-1.0,0.0,0.0,-0.4,,,,,True
2024-07-19,SBIN,0.0,0.0,1.0,0.25,,,,,True
2024-07-19,TATAMOTORS,,,,,,,,,True
2024-07-19,TCS,0.0,0.0,0.0,0.0,,,,,True
2024-07-19,WIPRO,,,,,,,,,True
2024-07-19,CIPLA,1.0,1.0,0.0,0.75,,,,,True
2024-07-19,INFY,0.0,0.0,1.0,0.25,,,,,True
2024-07-19,DRREDDY,,,,,,,,,True
2024-07-19,HCLTECH,1.0,0.0,0.0,0.4,,,,,True
2024-07-19,TECHM,0.0,0.0,0.0,0.0,,,,,True
2024-07-19,SUNPHARMA,1.0,0.0,0.0,0.4,,,,,True
2024-07-22,ADANIGREEN,,,,,,,,,True
2024-07-22,ASIANPAINT,,,,,,,,,True
2024-07-22,AXISBANK,0.0,0.0,1.0,0.25,,,,,True
2024-07-22,BAJAJ-AUTO,0.0,0.5,0.0,0.175,,,,,True
2024-07-22,HDFCBANK,1.0,0.0,0.0,0.4,1.0,1.0,0.0,True,False
2024-07-22,HINDUNILVR,1.0,1.0,0.0,0.75,1.0,1.0,0.0,True,False
2024-07-22,ICICIBANK,,,,,,,,,True
2024-07-22,ITC,1.0,0.0,0.0,0.4,,,,,True
2024-07-22,KOTAKBANK,0.0,0.0,1.0,0.25,,,,,True
2024-07-22,M&M,0.0,0.0,0.0,0.0,,,,,True
2024-07-22,MARUTI,,,,,,,,,True
2024-07-22,NTPC,0.0,0.0,1.0,0.25,,,,,True
2024-07-22,ONGC,,,,,,,,,True
2024-07-22,POWERGRID,1.0,1.0,0.0,0.75,,,,,True
2024-07-22,RELIANCE,0.0,0.0,1.0,0.25,1.0,0.5,0.0,True,False
2024-07-22,SBIN,0.0,0.0,1.0,0.25,,,,,True
2024-07-22,TATAMOTORS,,,,,,,,,True
2024-07-22,TCS,0.0,0.0,0.0,0.0,,,,,True
2024-07-22,WIPRO,,,,,,,,,True
2024-07-22,CIPLA,1.0,1.0,0.0,0.75,,,,,True
2024-07-22,INFY,0.0,0.0,1.0,0.25,,,,,True
2024-07-22,DRREDDY,,,,,,,,,True
2024-07-22,HCLTECH,1.0,0.0,0.0,0.4,,,,,True
2024-07-22,TECHM,0.0,0.0,0.0,0.0,,,,,True
2024-07-22,SUNPHARMA,1.0,0.0,0.0,0.4,,,,,True
2024-07-23,ADANIGREEN,0.0,0.0,1.0,0.25,1.0,0.5,0.0,True,False
2024-07-23,ASIANPAINT,,,,,,,,,True
2024-07-23,AXISBANK,1.0,1.0,0.0,0.75,1.0,1.0,0.0,True,False
2024-07-23,BAJAJ-AUTO,,,,,,,,,True
2024-07-23,HDFCBANK,1.0,0.0,0.0,0.4,,,,,True
2024-07-23,HINDUNILVR,1.0,1.0,0.0,0.75,,,,,True
2024-07-23,ICICIBANK,,,,,,,,,True
2024-07-23,ITC,1.0,0.0,0.0,0.4,,,,,True
2024-07-23,KOTAKBANK,0.0,0.0,1.0,0.25,,,,,True
2024-07-23,M&M,0.0,0.0,0.0,0.0,,,,,True
2024-07-23,MARUTI,,,,,,,,,True
2024-07-23,NTPC,0.0,0.0,1.0,0.25,,,,,True
2024-07-23,ONGC,,,,,,,,,True
2024-07-23,POWERGRID,1.0,1.0,0.0,0.75,,,,,True
2024-07-23,RELIANCE,0.0,0.0,1.0,0.25,,,,,True
2024-07-23,SBIN,0.0,0.0,1.0,0.25,,,,,True
2024-07-23,TATAMOTORS,0.0,0.0,1.0,0.25,1.0,0.5,0.0,True,False
2024-07-23,TCS,0.0,0.0,1.0,0.25,1.0,0.5,0.0,True,False
2024-07-23,WIPRO,,,,,,,,,True
2024-07-23,CIPLA,1.0,1.0,0.0,0.75,,,,,True
2024-07-23,INFY,0.0,0.0,1.0,0.25,,,,,True
2024-07-23,DRREDDY,,,,,,,,,True
2024-07-23,HCLTECH,1.0,0.0,0.0,0.4,,,,,True
2024-07-23,TECHM,0.0,0.0,0.0,0.0,,,,,True
2024-07-23,SUNPHARMA,1.0,0.0,0.0,0.4,,,,,True
2024-07-24,ADANIGREEN,0.0,0.0,1.0,0.25,,,,,True
2024-07-24,ASIANPAINT,,,,,,,,,True
2024-07-24,AXISBANK,0.0,0.0,0.0,0.0,1.0,0.5,0.0,True,False
2024-07-24,BAJAJ-AUTO,,,,,,,,,True
2024-07-24,HDFCBANK,1.0,0.0,0.0,0.4,,,,,True
2024-07-24,HINDUNILVR,0.0,0.0,0.0,0.0,1.0,0.5,0.0,True,False
2024-07-24,ICICIBANK,1.0,1.0,0.0,0.75,1.0,1.0,0.0,True,False
2024-07-24,ITC,,,,,,,,,True
2024-07-24,KOTAKBANK,1.0,1.0,0.0,0.75,1.0,1.0,0.0,True,False
2024-07-24,M&M,1.0,1.0,0.0,0.75,1.0,1.0,0.0,True,False
2024-07-24,MARUTI,,,,,,,,,True
2024-07-24,NTPC,0.0,0.0,1.0,0.25,,,,,True
2024-07-24,ONGC,,,,,,,,,True
2024-07-24,POWERGRID,1.0,1.0,0.0,0.75,,,,,True
2024-07-24,RELIANCE,0.0,0.0,1.0,0.25,,,,,True
2024-07-24,SBIN,0.0,0.0,1.0,0.25,,,,,True
2024-07-24,TATAMOTORS,0.0,0.0,1.0,0.25,,,,,True
2024-07-24,TCS,1.0,0.0,0.0,0.4,1.0,1.0,0.0,True,False
2024-07-24,WIPRO,,,,,,,,,True
2024-07-24,CIPLA,1.0,1.0,0.0,0.75,,,,,True
2024-07-24,INFY,-1.0,0.0,0.0,-0.4,1.0,1.0,0.0,True,False
2024-07-24,DRREDDY,,,,,,,,,True
2024-07-24,HCLTECH,0.0,0.0,1.0,0.25,1.0,0.5,0.0,True,False
2024-07-24,TECHM,0.0,0.0,0.0,0.0,,,,,True
2024-07-24,SUNPHARMA,,,,,,,,,True
2024-07-25,ADANIGREEN,0.0,0.0,1.0,0.25,,,,,True
2024-07-25,ASIANPAINT,,,,,,,,,True
2024-07-25,AXISBANK,0.0,0.0,0.0,0.0,1.0,0.5,0.0,True,False
2024-07-25,BAJAJ-AUTO,,,,,,,,,True
2024-07-25,HDFCBANK,0.7143,0.0,0.0,0.2857,2.0,0.75,0.0,True,False
2024-07-25,HINDUNILVR,0.0,0.0,0.0,0.0,,,,,True
2024-07-25,ICICIBANK,0.0,0.0,0.0,0.0,1.0,0.5,0.0,True,False
2024-07-25,ITC,0.0,0.0,0.0,0.0,1.0,0.5,0.0,True,False
2024-07-25,KOTAKBANK,0.0,0.0,0.0,0.0,1.0,0.5,0.0,True,False
2024-07-25,M&M,1.0,1.0,0.0,0.75,,,,,True
2024-07-25,MARUTI,,,,,,,,,True
2024-07-25,NTPC,0.0,0.0,1.0,0.25,,,,,True
2024-07-25,ONGC,,,,,,,,,True
2024-07-25,POWERGRID,1.0,1.0,0.0,0.75,,,,,True
2024-07-25,RELIANCE,0.0,0.0,1.0,0.25,,,,,True
2024-07-25,SBIN,0.0,0.0,0.0,0.0,1.0,0.5,0.0,True,False
2024-07-25,TATAMOTORS,0.0,0.0,1.0,0.25,,,,,True
2024-07-25,TCS,0.0,0.0,0.0,0.0,1.0,0.5,0.0,True,False
2024-07-25,WIPRO,,,,,,,,,True
2024-07-25,CIPLA,,,,,,,,,True
2024-07-25,INFY,-1.0,0.0,0.0,-0.4,,,,,True
2024-07-25,DRREDDY,0.0,0.0,1.0,0.25,1.0,0.5,0.0,True,False
2024-07-25,HCLTECH,0.0,0.0,1.0,0.25,,,,,True
2024-07-25,TECHM,0.0,0.0,0.0,0.0,,,,,True
2024-07-25,SUNPHARMA,,,,,,,,,True
2024-07-26,ADANIGREEN,0.0,0.0,1.0,0.25,,,,,True
2024-07-26,ASIANPAINT,,,,,,,,,True
2024-07-26,AXISBANK,0.0,0.0,0.0,0.0,,,,,True
2024-07-26,BAJAJ-AUTO,,,,,,,,,True
2024-07-26,HDFCBANK,0.7143,0.0,0.0,0.2857,,,,,True
2024-07-26,HINDUNILVR,0.0,0.0,0.0,0.0,,,,,True
2024-07-26,ICICIBANK,0.0,0.0,0.0,0.0,,,,,True
2024-07-26,ITC,0.0,0.0,0.0,0.0,,,,,True
2024-07-26,KOTAKBANK,0.0,0.0,0.0,0.0,,,,,True
2024-07-26,M&M,1.0,1.0,0.0,0.75,,,,,True
2024-07-26,MARUTI,,,,,,,,,True
2024-07-26,NTPC,,,,,,,,,True
2024-07-26,ONGC,,,,,,,,,True
2024-07-26,POWERGRID,,,,,,,,,True
2024-07-26,RELIANCE,0.0,0.0,1.0,0.25,,,,,True
2024-07-26,SBIN,0.0,0.0,0.0,0.0,,,,,True
2024-07-26,TATAMOTORS,0.0,0.0,1.0,0.25,,,,,True
2024-07-26,TCS,0.0,0.0,0.0,0.0,,,,,True
2024-07-26,WIPRO,,,,,,,,,True
2024-07-26,CIPLA,,,,,,,,,True
2024-07-26,INFY,-1.0,0.0,0.0,-0.4,,,,,True
2024-07-26,DRREDDY,0.0,0.0,1.0,0.25,,,,,True
2024-07-26,HCLTECH,0.0,0.0,1.0,0.25,,,,,True
2024-07-26,TECHM,,,,,,,,,True
2024-07-26,SUNPHARMA,,,,,,,,,True
2024-07-29,ADANIGREEN,0.0,0.0,1.0,0.25,,,,,True
2024-07-29,ASIANPAINT,,,,,,,,,True
2024-07-29,AXISBANK,0.0,0.0,0.0,0.0,,,,,True
2024-07-29,BAJAJ-AUTO,,,,,,,,,True
2024-07-29,HDFCBANK,0.7143,0.0,0.0,0.2857,,,,,True
2024-07-29,HINDUNILVR,0.0,0.0,0.0,0.0,,,,,True
2024-07-29,ICICIBANK,1.0,1.0,0.0,0.75,1.0,1.0,0.0,True,False
2024-07-29,ITC,0.0,0.0,0.0,0.0,,,,,True
2024-07-29,KOTAKBANK,0.0,0.0,0.0,0.0,,,,,True
2024-07-29,M&M,1.0,1.0,0.0,0.75,,,,,True
2024-07-29,MARUTI,,,,,,,,,True
2024-07-29,NTPC,,,,,,,,,True
2024-07-29,ONGC,,,,,,,,,True
2024-07-29,POWERGRID,,,,,,,,,True
2024-07-29,RELIANCE,0.0,0.0,1.0,0.25,,,,,True
2024-07-29,SBIN,1.0,0.5,0.0,0.575,2.0,1.0,0.0,False,False
2024-07-29,TATAMOTORS,0.0,0.0,1.0,0.25,,,,,True
2024-07-29,TCS,0.0,0.0,0.0,0.0,,,,,True
2024-07-29,WIPRO,,,,,,,,,True
2024-07-29,CIPLA,,,,,,,,,True
2024-07-29,INFY,-1.0,0.0,0.0,-0.4,,,,,True
2024-07-29,DRREDDY,0.0,0.0,1.0,0.25,,,,,True
2024-07-29,HCLTECH,0.0,0.0,1.0,0.25,,,,,True
2024-07-29,TECHM,,,,,,,,,True
2024-07-29,SUNPHARMA,,,,,,,,,True
2024-07-30,ADANIGREEN,-1.0,-1.0,1.0,-0.5,1.0,1.0,0.0,True,False
2024-07-30,ASIANPAINT,,,,,,,,,True
2024-07-30,AXISBANK,0.0,0.0,0.0,0.0,,,,,True
2024-07-30,BAJAJ-AUTO,,,,,,,,,True
2024-07-30,HDFCBANK,0.7143,0.0,0.0,0.2857,,,,,True
2024-07-30,HINDUNILVR,0.0,0.0,0.0,0.0,,,,,True
2024-07-30,ICICIBANK,1.0,1.0,0.0,0.75,,,,,True
2024-07-30,ITC,0.0,0.0,0.0,0.0,1.0,0.5,0.0,True,False
2024-07-30,KOTAKBANK,0.0,0.0,0.0,0.0,,,,,True
2024-07-30,M&M,1.0,1.0,0.0,0.75,,,,,True
2024-07-30,MARUTI,,,,,,,,,True
2024-07-30,NTPC,,,,,,,,,True
2024-07-30,ONGC,,,,,,,,,True
2024-07-30,POWERGRID,,,,,,,,,True
2024-07-30,RELIANCE,,,,,,,,,True
2024-07-30,SBIN,1.0,0.5,0.0,0.575,,,,,True
2024-07-30,TATAMOTORS,0.0,0.0,1.0,0.25,,,,,True
2024-07-30,TCS,0.0,0.0,0.0,0.0,,,,,True
2024-07-30,WIPRO,1.0,0.0,0.0,0.4,1.0,1.0,0.0,True,False
2024-07-30,CIPLA,,,,,,,,,True
2024-07-30,INFY,1.0,0.0,0.0,0.4,1.0,1.0,0.0,True,False
2024-07-30,DRREDDY,0.0,0.0,1.0,0.25,,,,,True
2024-07-30,HCLTECH,0.0,0.0,1.0,0.25,,,,,True
2024-07-30,TECHM,,,,,,,,,True
2024-07-30,SUNPHARMA,,,,,,,,,True
2024-07-31,ADANIGREEN,-1.0,-1.0,1.0,-0.5,,,,,True
2024-07-31,ASIANPAINT,,,,,,,,,True
2024-07-31,AXISBANK,0.0,0.0,0.0,0.0,1.0,0.5,0.0,True,False
2024-07-31,BAJAJ-AUTO,,,,,,,,,True
2024-07-31,HDFCBANK,0.0,0.0,0.0,0.0,1.0,0.5,0.0,True,False
2024-07-31,HINDUNILVR,0.0,0.0,1.0,0.25,1.0,0.5,0.0,True,False
2024-07-31,ICICIBANK,0.0,0.0,0.0,0.0,1.0,0.5,0.0,True,False
2024-07-31,ITC,0.0,0.0,0.0,0.0,,,,,True
2024-07-31,KOTAKBANK,0.0,0.0,0.0,0.0,1.0,0.5,0.0,True,False
2024-07-31,M&M,1.0,1.0,0.0,0.75,1.0,1.0,0.0,True,False
2024-07-31,MARUTI,,,,,,,,,True
2024-07-31,NTPC,,,,,,,,,True
2024-07-31,ONGC,,,,,,,,,True
2024-07-31,POWERGRID,-1.0,0.0,0.0,-0.4,1.0,1.0,0.0,True,False
2024-07-31,RELIANCE,,,,,,,,,True
2024-07-31,SBIN,-0.7143,0.0,0.0,-0.2857,2.0,0.75,0.0,True,False
2024-07-31,TATAMOTORS,,,,,,,,,True
2024-07-31,TCS,0.0,0.0,0.0,0.0,,,,,True
2024-07-31,WIPRO,1.0,0.0,0.0,0.4,,,,,True
2024-07-31,CIPLA,,,,,,,,,True
2024-07-31,INFY,1.0,0.0,0.0,0.4,,,,,True
2024-07-31,DRREDDY,0.0,0.0,1.0,0.25,,,,,True
2024-07-31,HCLTECH,1.0,1.0,0.0,0.75,1.0,1.0,0.0,True,False
2024-07-31,TECHM,,,,,,,,,True
2024-07-31,SUNPHARMA,,,,,,,,,True
2024-08-01,ADANIGREEN,-1.0,-1.0,1.0,-0.5,,,,,True
2024-08-01,ASIANPAINT,,,,,,,,,True
2024-08-01,AXISBANK,0.0,0.0,0.0,0.0,,,,,True
2024-08-01,BAJAJ-AUTO,0.0,0.0,0.0,0.0,1.0,0.5,0.0,True,False
2024-08-01,HDFCBANK,0.0,0.0,0.0,0.0,1.0,0.5,0.0,True,False
2024-08-01,HINDUNILVR,0.0,0.0,1.0,0.25,,,,,True
2024-08-01,ICICIBANK,0.0,0.0,0.0,0.0,,,,,True
2024-08-01,ITC,0.0,0.0,0.0,0.0,,,,,True
2024-08-01,KOTAKBANK,0.0,0.0,0.0,0.0,,,,,True
2024-08-01,M&M,1.0,0.5,0.0,0.575,2.0,1.0,0.0,False,False
2024-08-01,MARUTI,,,,,,,,,True
2024-08-01,NTPC,,,,,,,,,True
2024-08-01,ONGC,,,,,,,,,True
2024-08-01,POWERGRID,-1.0,0.0,0.0,-0.4,,,,,True
2024-08-01,RELIANCE,,,,,,,,,True
2024-08-01,SBIN,-0.7143,0.0,0.0,-0.2857,,,,,True
2024-08-01,TATAMOTORS,,,,,,,,,True
2024-08-01,TCS,0.0,0.0,0.0,0.0,1.0,0.5,0.0,True,False
2024-08-01,WIPRO,1.0,0.0,0.0,0.4,,,,,True
2024-08-01,CIPLA,,,,,,,,,True
2024-08-01,INFY,1.0,0.0,0.0,0.4,,,,,True
2024-08-01,DRREDDY,0.0,0.0,1.0,0.25,,,,,True
2024-08-01,HCLTECH,1.0,1.0,0.0,0.75,,,,,True
2024-08-01,TECHM,1.0,1.0,0.0,0.75,1.0,1.0,0.0,True,False
2024-08-01,SUNPHARMA,0.0,0.0,1.0,0.25,1.0,0.5,0.0,True,False
2024-08-02,ADANIGREEN,-1.0,-1.0,1.0,-0.5,,,,,True
2024-08-02,ASIANPAINT,,,,,,,,,True
2024-08-02,AXISBANK,0.0,0.0,0.0,0.0,,,,,True
2024-08-02,BAJAJ-AUTO,0.0,0.0,0.0,0.0,,,,,True
2024-08-02,HDFCBANK,0.0,0.0,0.0,0.0,,,,,True
2024-08-02,HINDUNILVR,0.0,0.0,1.0,0.25,,,,,True
2024-08-02,ICICIBANK,0.0,0.0,0.0,0.0,,,,,True
2024-08-02,ITC,0.0,0.0,0.0,0.0,,,,,True
2024-08-02,KOTAKBANK,0.0,0.0,0.0,0.0,,,,,True
2024-08-02,M&M,1.0,0.5,0.0,0.575,,,,,True
2024-08-02,MARUTI,,,,,,,,,True
2024-08-02,NTPC,,,,,,,,,True
2024-08-02,ONGC,,,,,,,,,True
2024-08-02,POWERGRID,-1.0,0.0,0.0,-0.4,,,,,True
2024-08-02,RELIANCE,,,,,,,,,True
2024-08-02,SBIN,-0.7143,0.0,0.0,-0.2857,,,,,True
2024-08-02,TATAMOTORS,,,,,,,,,True
2024-08-02,TCS,0.0,0.0,0.0,0.0,,,,,True
2024-08-02,WIPRO,1.0,0.0,0.0,0.4,,,,,True
2024-08-02,CIPLA,,,,,,,,,True
2024-08-02,INFY,1.0,0.0,0.0,0.4,,,,,True
2024-08-02,DRREDDY,,,,,,,,,True
2024-08-02,HCLTECH,1.0,1.0,0.0,0.75,,,,,True
2024-08-02,TECHM,1.0,1.0,0.0,0.75,,,,,True
2024-08-02,SUNPHARMA,0.0,0.0,1.0,0.25,,,,,True
2024-08-05,ADANIGREEN,0.0,0.0,1.0,0.25,1.0,0.5,0.0,True,False
2024-08-05,ASIANPAINT,0.0,0.0,0.0,0.0,1.0,0.5,0.0,True,False
2024-08-05,AXISBANK,0.0,0.0,0.0,0.0,1.0,0.5,0.0,True,False
2024-08-05,BAJAJ-AUTO,1.0,1.0,0.0,0.75,1.0,1.0,0.0,True,False
2024-08-05,HDFCBANK,0.0,0.0,0.0,0.0,,,,,True
2024-08-05,HINDUNILVR,0.0,0.0,1.0,0.25,,,,,True
2024-08-05,ICICIBANK,0.0,0.0,0.0,0.0,,,,,True
2024-08-05,ITC,0.0,0.0,0.0,0.0,,,,,True
2024-08-05,KOTAKBANK,0.0,0.0,0.0,0.0,,,,,True
2024-08-05,M&M,1.0,0.5,0.0,0.575,,,,,True
2024-08-05,MARUTI,1.0,1.0,0.0,0.75,1.0,1.0,0.0,True,False
2024-08-05,NTPC,,,,,,,,,True
2024-08-05,ONGC,1.0,1.0,0.0,0.75,1.0,1.0,0.0,True,False
2024-08-05,POWERGRID,-1.0,0.0,0.0,-0.4,,,,,True
2024-08-05,RELIANCE,,,,,,,,,True
2024-08-05,SBIN,0.0,0.0,0.0,0.0,1.0,0.5,0.0,True,False
2024-08-05,TATAMOTORS,,,,,,,,,True
2024-08-05,TCS,0.0,0.0,0.0,0.0,,,,,True
2024-08-05,WIPRO,1.0,0.0,0.0,0.4,,,,,True
2024-08-05,CIPLA,,,,,,,,,True
2024-08-05,INFY,1.0,0.0,0.0,0.4,,,,,True
2024-08-05,DRREDDY,,,,,,,,,True
2024-08-05,HCLTECH,0.0,0.0,1.0,0.25,1.0,0.5,0.0,True,False
2024-08-05,TECHM,1.0,1.0,0.0,0.75,,,,,True
2024-08-05,SUNPHARMA,0.0,0.0,1.0,0.25,,,,,True
2024-08-06,ADANIGREEN,0.0,0.0,1.0,0.25,,,,,True
2024-08-06,ASIANPAINT,0.0,0.0,0.0,0.0,,,,,True
2024-08-06,AXISBANK,1.0,0.0,0.0,0.4,1.0,1.0,0.0,True,False
2024-08-06,BAJAJ-AUTO,0.0,0.0,1.0,0.25,1.0,0.5,0.0,True,False
2024-08-06,HDFCBANK,0.0,0.0,0.0,0.0,,,,,True
2024-08-06,HINDUNILVR,0.0,0.0,1.0,0.25,,,,,True
2024-08-06,ICICIBANK,0.0,0.0,0.0,0.0,,,,,True
2024-08-06,ITC,0.0,0.0,0.0,0.0,,,,,True
2024-08-06,KOTAKBANK,0.0,0.0,0.0,0.0,,,,,True
2024-08-06,M&M,1.0,0.5,0.0,0.575,,,,,True
2024-08-06,MARUTI,1.0,1.0,0.0,0.75,,,,,True
2024-08-06,NTPC,,,,,,,,,True
2024-08-06,ONGC,0.0,0.0,1.0,0.25,1.0,0.5,0.0,True,False
2024-08-06,POWERGRID,-1.0,0.0,0.0,-0.4,,,,,True
2024-08-06,RELIANCE,,,,,,,,,True
2024-08-06,SBIN,0.0,0.0,0.0,0.0,,,,,True
2024-08-06,TATAMOTORS,,,,,,,,,True
2024-08-06,TCS,0.0,0.0,0.0,0.0,,,,,True
2024-08-06,WIPRO,1.0,0.0,0.0,0.4,,,,,True
2024-08-06,CIPLA,,,,,,,,,True
2024-08-06,INFY,1.0,0.0,0.0,0.4,,,,,True
2024-08-06,DRREDDY,,,,,,,,,True
2024-08-06,HCLTECH,0.0,0.0,1.0,0.25,,,,,True
2024-08-06,TECHM,1.0,1.0,0.0,0.75,,,,,True
2024-08-06,SUNPHARMA,0.0,0.0,1.0,0.25,,,,,True
2024-08-07,ADANIGREEN,0.0,0.0,1.0,0.25,,,,,True
2024-08-07,ASIANPAINT,0.0,0.0,0.0,0.0,,,,,True
2024-08-07,AXISBANK,1.0,0.0,0.0,0.4,,,,,True
2024-08-07,BAJAJ-AUTO,0.0,0.0,1.0,0.25,,,,,True
2024-08-07,HDFCBANK,0.0,0.0,0.0,0.0,,,,,True
2024-08-07,HINDUNILVR,0.0,0.0,1.0,0.25,1.0,0.5,0.0,True,False
2024-08-07,ICICIBANK,0.0,0.0,0.0,0.0,,,,,True
2024-08-07,ITC,,,,,,,,,True
2024-08-07,KOTAKBANK,0.0,0.0,0.0,0.0,,,,,True
2024-08-07,M&M,0.0,0.0,1.0,0.25,1.0,0.5,0.0,True,False
2024-08-07,MARUTI,1.0,1.0,0.0,0.75,,,,,True
2024-08-07,NTPC,,,,,,,,,True
2024-08-07,ONGC,1.0,1.0,0.0,0.75,1.0,1.0,0.0,True,False
2024-08-07,POWERGRID,-1.0,0.0,0.0,-0.4,,,,,True
2024-08-07,RELIANCE,0.0,0.0,0.0,0.0,1.0,0.5,0.0,True,False
2024-08-07,SBIN,0.0,0.0,0.0,0.0,,,,,True
2024-08-07,TATAMOTORS,,,,,,,,,True
2024-08-07,TCS,1.0,1.0,0.0,0.75,1.0,1.0,0.0,True,False
2024-08-07,WIPRO,,,,,,,,,True
2024-08-07,CIPLA,,,,,,,,,True
2024-08-07,INFY,,,,,,,,,True
2024-08-07,DRREDDY,,,,,,,,,True
2024-08-07,HCLTECH,0.0,0.0,1.0,0.25,,,,,True
2024-08-07,TECHM,0.0,0.0,1.0,0.25,1.0,0.5,0.0,True,False
2024-08-07,SUNPHARMA,0.0,0.0,1.0,0.25,,,,,True
2024-08-08,ADANIGREEN,0.0,0.0,1.0,0.25,,,,,True
2024-08-08,ASIANPAINT,0.0,0.0,0.0,0.0,,,,,True
2024-08-08,AXISBANK,1.0,0.0,0.0,0.4,,,,,True
2024-08-08,BAJAJ-AUTO,0.0,0.0,1.0,0.25,,,,,True
2024-08-08,HDFCBANK,0.0,0.0,0.0,0.0,,,,,True
2024-08-08,HINDUNILVR,0.0,0.0,1.0,0.25,,,,,True
2024-08-08,ICICIBANK,,,,,,,,,True
2024-08-08,ITC,,,,,,,,,True
2024-08-08,KOTAKBANK,,,,,,,,,True
2024-08-08,M&M,1.0,1.0,0.0,0.75,1.0,1.0,0.0,True,False
2024-08-08,MARUTI,1.0,1.0,0.0,0.75,,,,,True
2024-08-08,NTPC,,,,,,,,,True
2024-08-08,ONGC,1.0,1.0,0.0,0.75,,,,,True
2024-08-08,POWERGRID,,,,,,,,,True
2024-08-08,RELIANCE,0.0,0.0,0.0,0.0,,,,,True
2024-08-08,SBIN,0.0,0.0,0.0,0.0,,,,,True
2024-08-08,TATAMOTORS,,,,,,,,,True
2024-08-08,TCS,1.0,1.0,0.0,0.75,,,,,True
2024-08-08,WIPRO,,,,,,,,,True
2024-08-08,CIPLA,,,,,,,,,True
2024-08-08,INFY,,,,,,,,,True
2024-08-08,DRREDDY,,,,,,,,,True
2024-08-08,HCLTECH,0.0,0.0,1.0,0.25,,,,,True
2024-08-08,TECHM,0.0,0.0,1.0,0.25,,,,,True
2024-08-08,SUNPHARMA,0.0,0.0,1.0,0.25,,,,,True
2024-08-09,ADANIGREEN,0.0,0.0,1.0,0.25,,,,,True
2024-08-09,ASIANPAINT,0.0,0.0,0.0,0.0,,,,,True
2024-08-09,AXISBANK,1.0,0.0,0.0,0.4,,,,,True
2024-08-09,BAJAJ-AUTO,0.0,0.0,1.0,0.25,,,,,True
2024-08-09,HDFCBANK,,,,,,,,,True
2024-08-09,HINDUNILVR,0.0,0.0,1.0,0.25,,,,,True
2024-08-09,ICICIBANK,,,,,,,,,True
2024-08-09,ITC,,,,,,,,,True
2024-08-09,KOTAKBANK,,,,,,,,,True
2024-08-09,M&M,1.0,1.0,0.0,0.75,,,,,True
2024-08-09,MARUTI,1.0,1.0,0.0,0.75,,,,,True
2024-08-09,NTPC,,,,,,,,,True
2024-08-09,ONGC,1.0,1.0,0.0,0.75,,,,,True
2024-08-09,POWERGRID,,,,,,,,,True
2024-08-09,RELIANCE,0.0,0.0,0.0,0.0,,,,,True
2024-08-09,SBIN,0.0,0.0,0.0,0.0,,,,,True
2024-08-09,TATAMOTORS,,,,,,,,,True
2024-08-09,TCS,1.0,1.0,0.0,0.75,,,,,True
2024-08-09,WIPRO,,,,,,,,,True
2024-08-09,CIPLA,,,,,,,,,True
2024-08-09,INFY,,,,,,,,,True
2024-08-09,DRREDDY,,,,,,,,,True
2024-08-09,HCLTECH,0.0,0.0,1.0,0.25,,,,,True
2024-08-09,TECHM,0.0,0.0,1.0,0.25,,,,,True
2024-08-09,SUNPHARMA,,,,,,,,,True
2024-08-12,ADANIGREEN,0.0,0.0,1.0,0.25,,,,,True
2024-08-12,ASIANPAINT,0.0,0.0,0.0,0.0,,,,,True
2024-08-12,AXISBANK,1.0,0.0,0.0,0.4,,,,,True
2024-08-12,BAJAJ-AUTO,0.0,0.0,1.0,0.25,,,,,True
2024-08-12,HDFCBANK,,,,,,,,,True
2024-08-12,HINDUNILVR,0.0,0.0,1.0,0.25,1.0,0.5,0.0,True,False
2024-08-12,ICICIBANK,,,,,,,,,True
2024-08-12,ITC,,,,,,,,,True
2024-08-12,KOTAKBANK,0.5,0.0,0.5,0.325,2.0,0.75,0.0,True,False
2024-08-12,M&M,0.3333,0.0,0.6667,0.3,3.0,0.6667,0.0,True,False
2024-08-12,MARUTI,1.0,1.0,0.0,0.75,,,,,True
2024-08-12,NTPC,,,,,,,,,True
2024-08-12,ONGC,1.0,1.0,0.0,0.75,,,,,True
2024-08-12,POWERGRID,,,,,,,,,True
2024-08-12,RELIANCE,0.0,0.0,0.0,0.0,,,,,True
2024-08-12,SBIN,0.0,0.0,0.0,0.0,,,,,True
2024-08-12,TATAMOTORS,-1.0,0.0,0.0,-0.4,1.0,1.0,0.0,True,False
2024-08-12,TCS,1.0,1.0,0.0,0.75,,,,,True
2024-08-12,WIPRO,,,,,,,,,True
2024-08-12,CIPLA,,,,,,,,,True
2024-08-12,INFY,,,,,,,,,True
2024-08-12,DRREDDY,,,,,,,,,True
2024-08-12,HCLTECH,0.0,0.0,1.0,0.25,,,,,True
2024-08-12,TECHM,0.0,0.0,1.0,0.25,,,,,True
2024-08-12,SUNPHARMA,,,,,,,,,True
2024-08-13,ADANIGREEN,,,,,,,,,True
2024-08-13,ASIANPAINT,,,,,,,,,True
2024-08-13,AXISBANK,1.0,0.0,0.0,0.4,,,,,True
2024-08-13,BAJAJ-AUTO,0.0,0.0,1.0,0.25,,,,,True
2024-08-13,HDFCBANK,,,,,,,,,True
2024-08-13,HINDUNILVR,0.0,0.0,1.0,0.25,,,,,True
2024-08-13,ICICIBANK,,,,,,,,,True
2024-08-13,ITC,,,,,,,,,True
2024-08-13,KOTAKBANK,1.0,0.0,0.0,0.4,1.0,1.0,0.0,True,False
2024-08-13,M&M,1.0,0.0,0.0,0.4,1.0,1.0,0.0,True,False
2024-08-13,MARUTI,,,,,,,,,True
2024-08-13,NTPC,,,,,,,,,True
2024-08-13,ONGC,1.0,1.0,0.0,0.75,,,,,True
2024-08-13,POWERGRID,0.0,0.0,0.0,0.0,1.0,0.5,0.0,True,False
2024-08-13,RELIANCE,0.0,0.0,0.0,0.0,,,,,True
2024-08-13,SBIN,,,,,,,,,True
2024-08-13,TATAMOTORS,-1.0,0.0,0.0,-0.4,,,,,True
2024-08-13,TCS,1.0,1.0,0.0,0.75,,,,,True
2024-08-13,WIPRO,,,,,,,,,True
2024-08-13,CIPLA,,,,,,,,,True
2024-08-13,INFY,,,,,,,,,True
2024-08-13,DRREDDY,,,,,,,,,True
2024-08-13,HCLTECH,,,,,,,,,True
2024-08-13,TECHM,0.0,0.0,1.0,0.25,,,,,True
2024-08-13,SUNPHARMA,,,,,,,,,True
2024-08-14,ADANIGREEN,,,,,,,,,True
2024-08-14,ASIANPAINT,,,,,,,,,True
2024-08-14,AXISBANK,,,,,,,,,True
2024-08-14,BAJAJ-AUTO,1.0,1.0,0.0,0.75,1.0,1.0,0.0,True,False
2024-08-14,HDFCBANK,,,,,,,,,True
2024-08-14,HINDUNILVR,0.0,0.0,1.0,0.25,,,,,True
2024-08-14,ICICIBANK,0.0,0.0,1.0,0.25,1.0,0.5,0.0,True,False
2024-08-14,ITC,,,,,,,,,True
2024-08-14,KOTAKBANK,0.0,0.0,1.0,0.25,1.0,0.5,0.0,True,False
2024-08-14,M&M,0.0,0.0,1.0,0.25,1.0,0.5,0.0,True,False
2024-08-14,MARUTI,-0.5,0.0,0.0,-0.2,2.0,0.75,0.0,True,False
2024-08-14,NTPC,,,,,,,,,True
2024-08-14,ONGC,1.0,1.0,0.0,0.75,,,,,True
2024-08-14,POWERGRID,0.0,0.0,0.0,0.0,,,,,True
2024-08-14,RELIANCE,0.0,0.0,0.0,0.0,,,,,True
2024-08-14,SBIN,,,,,,,,,True
2024-08-14,TATAMOTORS,-1.0,0.0,0.0,-0.4,,,,,True
2024-08-14,TCS,1.0,1.0,0.0,0.75,,,,,True
2024-08-14,WIPRO,1.0,0.0,0.0,0.4,1.0,1.0,0.0,True,False
2024-08-14,CIPLA,,,,,,,,,True
2024-08-14,INFY,0.0,0.0,1.0,0.25,1.0,0.5,0.0,True,False
2024-08-14,DRREDDY,,,,,,,,,True
2024-08-14,HCLTECH,,,,,,,,,True
2024-08-14,TECHM,0.0,0.0,1.0,0.25,,,,,True
2024-08-14,SUNPHARMA,,,,,,,,,True
2024-08-15,ADANIGREEN,,,,,,,,,True
2024-08-15,ASIANPAINT,,,,,,,,,True
2024-08-15,AXISBANK,,,,,,,,,True
2024-08-15,BAJAJ-AUTO,0.0,0.0,1.0,0.25,1.0,0.5,0.0,True,False
2024-08-15,HDFCBANK,,,,,,,,,True
2024-08-15,HINDUNILVR,0.0,0.0,1.0,0.25,,,,,True
2024-08-15,ICICIBANK,0.0,0.0,1.0,0.25,,,,,True
2024-08-15,ITC,0.0,0.0,0.0,0.0,1.0,0.5,0.0,True,False
2024-08-15,KOTAKBANK,0.0,0.0,1.0,0.25,,,,,True
2024-08-15,M&M,1.0,1.0,0.0,0.75,1.0,1.0,0.0,True,False
2024-08-15,MARUTI,-0.5,0.0,0.0,-0.2,,,,,True
2024-08-15,NTPC,,,,,,,,,True
2024-08-15,ONGC,,,,,,,,,True
2024-08-15,POWERGRID,0.0,0.0,0.0,0.0,,,,,True
2024-08-15,RELIANCE,,,,,,,,,True
2024-08-15,SBIN,0.0,0.0,0.0,0.0,1.0,0.5,0.0,True,False
2024-08-15,TATAMOTORS,-1.0,0.0,0.0,-0.4,,,,,True
2024-08-15,TCS,,,,,,,,,True
2024-08-15,WIPRO,1.0,0.0,0.0,0.4,,,,,True
2024-08-15,CIPLA,,,,,,,,,True
2024-08-15,INFY,0.0,0.0,1.0,0.25,,,,,True
2024-08-15,DRREDDY,1.0,1.0,0.0,0.75,1.0,1.0,0.0,True,False
2024-08-15,HCLTECH,,,,,,,,,True
2024-08-15,TECHM,,,,,,,,,True
2024-08-15,SUNPHARMA,,,,,,,,,True
2024-08-16,ADANIGREEN,,,,,,,,,True
2024-08-16,ASIANPAINT,,,,,,,,,True
2024-08-16,AXISBANK,,,,,,,,,True
2024-08-16,BAJAJ-AUTO,0.0,0.0,1.0,0.25,,,,,True
2024-08-16,HDFCBANK,,,,,,,,,True
2024-08-16,HINDUNILVR,0.0,0.0,1.0,0.25,,,,,True
2024-08-16,ICICIBANK,0.0,0.0,1.0,0.25,,,,,True
2024-08-16,ITC,0.0,0.0,0.0,0.0,,,,,True
2024-08-16,KOTAKBANK,0.0,0.0,1.0,0.25,,,,,True
2024-08-16,M&M,1.0,1.0,0.0,0.75,,,,,True
2024-08-16,MARUTI,-0.5,0.0,0.0,-0.2,,,,,True
2024-08-16,NTPC,,,,,,,,,True
2024-08-16,ONGC,,,,,,,,,True
2024-08-16,POWERGRID,0.0,0.0,0.0,0.0,,,,,True
2024-08-16,RELIANCE,,,,,,,,,True
2024-08-16,SBIN,0.0,0.0,0.0,0.0,,,,,True
2024-08-16,TATAMOTORS,-1.0,0.0,0.0,-0.4,,,,,True
2024-08-16,TCS,,,,,,,,,True
2024-08-16,WIPRO,1.0,0.0,0.0,0.4,,,,,True
2024-08-16,CIPLA,,,,,,,,,True
2024-08-16,INFY,0.0,0.0,1.0,0.25,,,,,True
2024-08-16,DRREDDY,1.0,1.0,0.0,0.75,,,,,True
2024-08-16,HCLTECH,,,,,,,,,True
2024-08-16,TECHM,,,,,,,,,True
2024-08-16,SUNPHARMA,,,,,,,,,True
2024-08-19,ADANIGREEN,,,,,,,,,True
2024-08-19,ASIANPAINT,,,,,,,,,True
2024-08-19,AXISBANK,0.0,0.0,0.0,0.0,1.0,0.5,0.0,True,False
2024-08-19,BAJAJ-AUTO,0.0,0.0,1.0,0.25,,,,,True
2024-08-19,HDFCBANK,0.0,0.0,0.0,0.0,1.0,0.5,0.0,True,False
2024-08-19,HINDUNILVR,0.0,0.0,1.0,0.25,1.0,0.5,0.0,True,False
2024-08-19,ICICIBANK,0.0,0.0,0.0,0.0,1.0,0.5,0.0,True,False
2024-08-19,ITC,0.0,0.0,0.0,0.0,,,,,True
2024-08-19,KOTAKBANK,0.0,0.0,0.0,0.0,1.0,0.5,0.0,True,False
2024-08-19,M&M,1.0,1.0,0.0,0.75,,,,,True
2024-08-19,MARUTI,-0.5,0.0,0.0,-0.2,,,,,True
2024-08-19,NTPC,,,,,,,,,True
2024-08-19,ONGC,1.0,1.0,0.0,0.75,1.0,1.0,0.0,True,False
2024-08-19,POWERGRID,0.0,0.0,0.0,0.0,,,,,True
2024-08-19,RELIANCE,0.0,0.0,1.0,0.25,1.0,0.5,0.0,True,False
2024-08-19,SBIN,0.0,0.0,0.0,0.0,1.0,0.5,0.0,True,False
2024-08-19,TATAMOTORS,-1.0,0.0,0.0,-0.4,,,,,True
2024-08-19,TCS,-1.0,0.0,0.0,-0.4,1.0,1.0,0.0,True,False
2024-08-19,WIPRO,1.0,1.0,0.0,0.75,1.0,1.0,0.0,True,False
2024-08-19,CIPLA,,,,,,,,,True
2024-08-19,INFY,0.0,0.0,1.0,0.25,1.0,0.5,0.0,True,False
2024-08-19,DRREDDY,1.0,1.0,0.0,0.75,,,,,True
2024-08-19,HCLTECH,,,,,,,,,True
2024-08-19,TECHM,,,,,,,,,True
2024-08-19,SUNPHARMA,,,,,,,,,True
2024-08-20,ADANIGREEN,,,,,,,,,True
2024-08-20,ASIANPAINT,,,,,,,,,True
2024-08-20,AXISBANK,0.0,0.0,0.0,0.0,,,,,True
2024-08-20,BAJAJ-AUTO,1.0,1.0,0.0,0.75,1.0,1.0,0.0,True,False
2024-08-20,HDFCBANK,0.0,0.0,0.0,0.0,,,,,True
2024-08-20,HINDUNILVR,0.0,0.0,1.0,0.25,,,,,True
2024-08-20,ICICIBANK,0.0,0.0,0.0,0.0,,,,,True
2024-08-20,ITC,0.0,0.0,0.0,0.0,,,,,True
2024-08-20,KOTAKBANK,0.0,0.0,0.0,0.0,,,,,True
2024-08-20,M&M,-1.0,0.0,0.0,-0.4,1.0,1.0,0.0,True,False
2024-08-20,MARUTI,-0.5,0.0,0.0,-0.2,,,,,True
2024-08-20,NTPC,,,,,,,,,True
2024-08-20,ONGC,1.0,1.0,0.0,0.75,,,,,True
2024-08-20,POWERGRID,0.0,0.0,0.0,0.0,,,,,True
2024-08-20,RELIANCE,0.0,0.0,1.0,0.25,,,,,True
2024-08-20,SBIN,0.0,0.0,0.0,0.0,,,,,True
2024-08-20,TATAMOTORS,,,,,,,,,True
2024-08-20,TCS,0.0,0.0,0.0,0.0,1.0,0.5,0.0,True,False
2024-08-20,WIPRO,1.0,1.0,0.0,0.75,1.0,1.0,0.0,True,False
2024-08-20,CIPLA,1.0,1.0,0.0,0.75,1.0,1.0,0.0,True,False
2024-08-20,INFY,0.0,0.0,1.0,0.25,,,,,True
2024-08-20,DRREDDY,1.0,1.0,0.0,0.75,,,,,True
2024-08-20,HCLTECH,,,,,,,,,True
2024-08-20,TECHM,,,,,,,,,True
2024-08-20,SUNPHARMA,,,,,,,,,True
2024-08-21,ADANIGREEN,0.0,0.0,1.0,0.25,1.0,0.5,0.0,True,False
2024-08-21,ASIANPAINT,,,,,,,,,True
2024-08-21,AXISBANK,0.0,0.0,0.0,0.0,,,,,True
2024-08-21,BAJAJ-AUTO,1.0,1.0,0.0,0.75,,,,,True
2024-08-21,HDFCBANK,0.0,0.0,0.0,0.0,,,,,True
2024-08-21,HINDUNILVR,0.0,0.0,1.0,0.25,,,,,True
2024-08-21,ICICIBANK,0.0,0.0,0.0,0.0,,,,,True
2024-08-21,ITC,0.0,0.0,0.0,0.0,,,,,True
2024-08-21,KOTAKBANK,0.0,0.0,0.0,0.0,,,,,True
2024-08-21,M&M,0.0,0.0,0.5,0.125,2.0,0.5,0.0,True,False
2024-08-21,MARUTI,-0.5,0.0,0.0,-0.2,,,,,True
2024-08-21,NTPC,,,,,,,,,True
2024-08-21,ONGC,1.0,1.0,0.0,0.75,,,,,True
2024-08-21,POWERGRID,0.0,0.0,0.0,0.0,1.0,0.5,0.0,True,False
2024-08-21,RELIANCE,0.0,0.0,0.0,0.0,1.0,0.5,0.0,True,False
2024-08-21,SBIN,0.0,0.0,0.0,0.0,,,,,True
2024-08-21,TATAMOTORS,,,,,,,,,True
2024-08-21,TCS,0.0,0.0,0.0,0.0,,,,,True
2024-08-21,WIPRO,1.0,1.0,0.0,0.75,,,,,True
2024-08-21,CIPLA,1.0,1.0,0.0,0.75,,,,,True
2024-08-21,INFY,0.0,0.0,1.0,0.25,,,,,True
2024-08-21,DRREDDY,1.0,1.0,0.0,0.75,,,,,True
2024-08-21,HCLTECH,,,,,,,,,True
2024-08-21,TECHM,0.0,0.0,0.0,0.0,1.0,0.5,0.0,True,False
2024-08-21,SUNPHARMA,,,,,,,,,True
2024-08-22,ADANIGREEN,0.0,0.0,1.0,0.25,,,,,True
2024-08-22,ASIANPAINT,,,,,,,,,True
2024-08-22,AXISBANK,0.0,0.0,0.0,0.0,,,,,True
2024-08-22,BAJAJ-AUTO,1.0,1.0,0.0,0.75,,,,,True
2024-08-22,HDFCBANK,0.0,0.0,0.0,0.0,,,,,True
2024-08-22,HINDUNILVR,0.0,0.0,1.0,0.25,,,,,True
2024-08-22,ICICIBANK,0.0,0.0,0.0,0.0,,,,,True
2024-08-22,ITC,0.0,0.0,0.0,0.0,,,,,True
2024-08-22,KOTAKBANK,0.0,0.0,0.0,0.0,,,,,True
2024-08-22,M&M,0.0,0.0,0.5,0.125,,,,,True
2024-08-22,MARUTI,,,,,,,,,True
2024-08-22,NTPC,0.0,0.0,1.0,0.25,1.0,0.5,0.0,True,False
2024-08-22,ONGC,1.0,1.0,0.0,0.75,,,,,True
2024-08-22,POWERGRID,0.0,0.0,0.0,0.0,,,,,True
2024-08-22,RELIANCE,0.0,0.0,0.0,0.0,,,,,True
2024-08-22,SBIN,0.0,0.0,0.0,0.0,,,,,True
2024-08-22,TATAMOTORS,0.0,0.0,0.0,0.0,1.0,0.5,0.0,True,False
2024-08-22,TCS,0.0,0.0,0.0,0.0,,,,,True
2024-08-22,WIPRO,0.0,0.0,1.0,0.25,1.0,0.5,0.0,True,False
2024-08-22,CIPLA,1.0,1.0,0.0,0.75,,,,,True
2024-08-22,INFY,0.0,0.0,1.0,0.25,,,,,True
2024-08-22,DRREDDY,1.0,1.0,0.0,0.75,,,,,True
2024-08-22,HCLTECH,,,,,,,,,True
2024-08-22,TECHM,0.0,0.0,0.0,0.0,,,,,True
2024-08-22,SUNPHARMA,1.0,0.0,0.0,0.4,1.0,1.0,0.0,True,False
2024-08-23,ADANIGREEN,0.0,0.0,1.0,0.25,,,,,True
2024-08-23,ASIANPAINT,,,,,,,,,True
2024-08-23,AXISBANK,0.0,0.0,0.0,0.0,,,,,True
2024-08-23,BAJAJ-AUTO,1.0,1.0,0.0,0.75,,,,,True
2024-08-23,HDFCBANK,0.0,0.0,0.0,0.0,,,,,True
2024-08-23,HINDUNILVR,0.0,0.0,1.0,0.25,,,,,True
2024-08-23,ICICIBANK,0.0,0.0,0.0,0.0,,,,,True
2024-08-23,ITC,,,,,,,,,True
2024-08-23,KOTAKBANK,0.0,0.0,0.0,0.0,,,,,True
2024-08-23,M&M,0.0,0.0,0.5,0.125,,,,,True
2024-08-23,MARUTI,,,,,,,,,True
2024-08-23,NTPC,0.0,0.0,1.0,0.25,,,,,True
2024-08-23,ONGC,1.0,1.0,0.0,0.75,,,,,True
2024-08-23,POWERGRID,0.0,0.0,0.0,0.0,,,,,True
2024-08-23,RELIANCE,0.0,0.0,0.0,0.0,,,,,True
2024-08-23,SBIN,0.0,0.0,0.0,0.0,,,,,True
2024-08-23,TATAMOTORS,0.0,0.0,0.0,0.0,,,,,True
2024-08-23,TCS,0.0,0.0,0.0,0.0,,,,,True
2024-08-23,WIPRO,0.0,0.0,1.0,0.25,,,,,True
2024-08-23,CIPLA,1.0,1.0,0.0,0.75,,,,,True
2024-08-23,INFY,0.0,0.0,1.0,0.25,,,,,True
2024-08-23,DRREDDY,,,,,,,,,True
2024-08-23,HCLTECH,,,,,,,,,True
2024-08-23,TECHM,0.0,0.0,0.0,0.0,,,,,True
2024-08-23,SUNPHARMA,1.0,0.0,0.0,0.4,,,,,True
2024-08-26,ADANIGREEN,0.0,0.0,1.0,0.25,,,,,True
2024-08-26,ASIANPAINT,,,,,,,,,True
2024-08-26,AXISBANK,0.0,0.0,0.0,0.0,,,,,True
2024-08-26,BAJAJ-AUTO,1.0,1.0,0.0,0.75,,,,,True
2024-08-26,HDFCBANK,0.0,0.0,1.0,0.25,1.0,0.5,0.0,True,False
2024-08-26,HINDUNILVR,0.0,0.0,1.0,0.25,,,,,True
2024-08-26,ICICIBANK,0.0,0.0,0.0,0.0,,,,,True
2024-08-26,ITC,,,,,,,,,True
2024-08-26,KOTAKBANK,0.0,0.0,0.0,0.0,,,,,True
2024-08-26,M&M,-0.5,0.0,0.0,-0.2,2.0,0.75,0.0,True,False
2024-08-26,MARUTI,,,,,,,,,True
2024-08-26,NTPC,0.0,0.0,1.0,0.25,,,,,True
2024-08-26,ONGC,1.0,1.0,0.0,0.75,,,,,True
2024-08-26,POWERGRID,0.0,0.0,0.0,0.0,,,,,True
2024-08-26,RELIANCE,0.0,0.0,0.0,0.0,,,,,True
2024-08-26,SBIN,0.0,0.0,0.0,0.0,,,,,True
2024-08-26,TATAMOTORS,0.0,0.0,0.0,0.0,,,,,True
2024-08-26,TCS,0.0,0.0,1.0,0.25,1.0,0.5,0.0,True,False
2024-08-26,WIPRO,0.0,0.0,0.0,0.0,1.0,0.5,0.0,True,False
2024-08-26,CIPLA,1.0,1.0,0.0,0.75,,,,,True
2024-08-26,INFY,0.0,0.0,1.0,0.25,,,,,True
2024-08-26,DRREDDY,,,,,,,,,True
2024-08-26,HCLTECH,,,,,,,,,True
2024-08-26,TECHM,0.0,0.0,0.0,0.0,1.0,0.5,0.0,True,False
2024-08-26,SUNPHARMA,1.0,0.0,0.0,0.4,,,,,True
2024-08-27,ADANIGREEN,0.0,0.0,1.0,0.25,,,,,True
2024-08-27,ASIANPAINT,,,,,,,,,True
2024-08-27,AXISBANK,,,,,,,,,True
2024-08-27,BAJAJ-AUTO,1.0,1.0,0.0,0.75,,,,,True
2024-08-27,HDFCBANK,0.0,0.0,1.0,0.25,,,,,True
2024-08-27,HINDUNILVR,1.0,1.0,0.0,0.75,1.0,1.0,0.0,True,False
2024-08-27,ICICIBANK,,,,,,,,,True
2024-08-27,ITC,1.0,0.0,0.0,0.4,1.0,1.0,0.0,True,False
2024-08-27,KOTAKBANK,,,,,,,,,True
2024-08-27,M&M,0.0,0.0,1.0,0.25,1.0,0.5,0.0,True,False
2024-08-27,MARUTI,,,,,,,,,True
2024-08-27,NTPC,0.0,0.0,1.0,0.25,,,,,True
2024-08-27,ONGC,1.0,0.0,0.0,0.4,1.0,1.0,0.0,True,False
2024-08-27,POWERGRID,1.0,0.0,0.0,0.4,1.0,1.0,0.0,True,False
2024-08-27,RELIANCE,0.0,0.0,0.0,0.0,,,,,True
2024-08-27,SBIN,,,,,,,,,True
2024-08-27,TATAMOTORS,0.0,0.0,0.0,0.0,,,,,True
2024-08-27,TCS,0.0,0.0,1.0,0.25,,,,,True
2024-08-27,WIPRO,0.0,0.0,0.0,0.0,,,,,True
2024-08-27,CIPLA,1.0,1.0,0.0,0.75,,,,,True
2024-08-27,INFY,,,,,,,,,True
2024-08-27,DRREDDY,1.0,0.0,0.0,0.4,1.0,1.0,0.0,True,False
2024-08-27,HCLTECH,1.0,0.0,0.0,0.4,1.0,1.0,0.0,True,False
2024-08-27,TECHM,0.0,0.0,0.0,0.0,,,,,True
2024-08-27,SUNPHARMA,1.0,0.0,0.0,0.4,,,,,True
2024-08-28,ADANIGREEN,0.0,0.0,1.0,0.25,,,,,True
2024-08-28,ASIANPAINT,,,,,,,,,True
2024-08-28,AXISBANK,,,,,,,,,True
2024-08-28,BAJAJ-AUTO,,,,,,,,,True
2024-08-28,HDFCBANK,0.0,0.0,1.0,0.25,,,,,True
2024-08-28,HINDUNILVR,1.0,1.0,0.0,0.75,,,,,True
2024-08-28,ICICIBANK,,,,,,,,,True
2024-08-28,ITC,1.0,0.0,0.0,0.4,,,,,True
2024-08-28,KOTAKBANK,1.0,1.0,0.0,0.75,1.0,1.0,0.0,True,False
2024-08-28,M&M,1.0,1.0,0.0,0.75,1.0,1.0,0.0,True,False
2024-08-28,MARUTI,,,,,,,,,True
2024-08-28,NTPC,0.0,0.0,1.0,0.25,,,,,True
2024-08-28,ONGC,1.0,0.0,0.0,0.4,,,,,True
2024-08-28,POWERGRID,1.0,0.0,0.0,0.4,,,,,True
2024-08-28,RELIANCE,0.0,0.0,0.0,0.0,,,,,True
2024-08-28,SBIN,,,,,,,,,True
2024-08-28,TATAMOTORS,0.0,0.0,0.0,0.0,,,,,True
2024-08-28,TCS,0.0,0.0,1.0,0.25,,,,,True
2024-08-28,WIPRO,0.0,0.0,0.0,0.0,,,,,True
2024-08-28,CIPLA,1.0,0.0,0.0,0.4,1.0,1.0,0.0,True,False
2024-08-28,INFY,,,,,,,,,True
2024-08-28,DRREDDY,1.0,0.0,0.0,0.4,,,,,True
2024-08-28,HCLTECH,1.0,0.0,0.0,0.4,,,,,True
2024-08-28,TECHM,0.0,0.0,0.0,0.0,,,,,True
2024-08-28,SUNPHARMA,1.0,0.0,0.0,0.4,,,,,True
2024-08-29,ADANIGREEN,,,,,,,,,True
2024-08-29,ASIANPAINT,,,,,,,,,True
2024-08-29,AXISBANK,1.0,0.5,0.0,0.575,2.0,1.0,0.0,False,False
2024-08-29,BAJAJ-AUTO,,,,,,,,,True
2024-08-29,HDFCBANK,0.0,0.0,1.0,0.25,,,,,True
2024-08-29,HINDUNILVR,1.0,1.0,0.0,0.75,,,,,True
2024-08-29,ICICIBANK,,,,,,,,,True
2024-08-29,ITC,0.0,0.0,1.0,0.25,1.0,0.5,0.0,True,False
2024-08-29,KOTAKBANK,1.0,1.0,0.0,0.75,,,,,True
2024-08-29,M&M,1.0,0.0,0.0,0.4,1.0,1.0,0.0,True,False
2024-08-29,MARUTI,,,,,,,,,True
2024-08-29,NTPC,0.0,0.0,1.0,0.25,,,,,True
2024-08-29,ONGC,1.0,0.0,0.0,0.4,,,,,True
2024-08-29,POWERGRID,1.0,0.0,0.0,0.4,,,,,True
2024-08-29,RELIANCE,,,,,,,,,True
2024-08-29,SBIN,,,,,,,,,True
2024-08-29,TATAMOTORS,0.0,0.0,0.0,0.0,,,,,True
2024-08-29,TCS,0.0,0.0,1.0,0.25,,,,,True
2024-08-29,WIPRO,0.0,0.0,0.0,0.0,,,,,True
2024-08-29,CIPLA,1.0,0.0,0.0,0.4,1.0,1.0,0.0,True,False
2024-08-29,INFY,,,,,,,,,True
2024-08-29,DRREDDY,1.0,0.0,0.0,0.4,,,,,True
2024-08-29,HCLTECH,1.0,1.0,0.0,0.75,1.0,1.0,0.0,True,False
2024-08-29,TECHM,1.0,0.0,0.0,0.4,1.0,1.0,0.0,True,False
2024-08-29,SUNPHARMA,1.0,0.0,0.0,0.4,,,,,True
2024-08-30,ADANIGREEN,,,,,,,,,True
2024-08-30,ASIANPAINT,,,,,,,,,True
2024-08-30,AXISBANK,1.0,0.5,0.0,0.575,,,,,True
2024-08-30,BAJAJ-AUTO,,,,,,,,,True
2024-08-30,HDFCBANK,0.0,0.0,1.0,0.25,,,,,True
2024-08-30,HINDUNILVR,1.0,1.0,0.0,0.75,,,,,True
2024-08-30,ICICIBANK,,,,,,,,,True
2024-08-30,ITC,0.0,0.0,1.0,0.25,,,,,True
2024-08-30,KOTAKBANK,1.0,1.0,0.0,0.75,,,,,True
2024-08-30,M&M,1.0,0.0,0.0,0.4,,,,,True
2024-08-30,MARUTI,,,,,,,,,True
2024-08-30,NTPC,,,,,,,,,True
2024-08-30,ONGC,1.0,0.0,0.0,0.4,,,,,True
2024-08-30,POWERGRID,1.0,0.0,0.0,0.4,,,,,True
2024-08-30,RELIANCE,,,,,,,,,True
2024-08-30,SBIN,,,,,,,,,True
2024-08-30,TATAMOTORS,,,,,,,,,True
2024-08-30,TCS,0.0,0.0,1.0,0.25,,,,,True
2024-08-30,WIPRO,0.0,0.0,0.0,0.0,,,,,True
2024-08-30,CIPLA,1.0,0.0,0.0,0.4,,,,,True
2024-08-30,INFY,,,,,,,,,True
2024-08-30,DRREDDY,1.0,0.0,0.0,0.4,,,,,True
2024-08-30,HCLTECH,1.0,1.0,0.0,0.75,,,,,True
2024-08-30,TECHM,1.0,0.0,0.0,0.4,,,,,True
2024-08-30,SUNPHARMA,,,,,,,,,True
2024-09-02,ADANIGREEN,,,,,,,,,True
2024-09-02,ASIANPAINT,,,,,,,,,True
2024-09-02,AXISBANK,1.0,1.0,0.0,0.75,1.0,1.0,0.0,True,False
2024-09-02,BAJAJ-AUTO,,,,,,,,,True
2024-09-02,HDFCBANK,1.0,0.0,0.0,0.4,1.0,1.0,0.0,True,False
2024-09-02,HINDUNILVR,1.0,1.0,0.0,0.75,,,,,True
2024-09-02,ICICIBANK,1.0,0.0,0.0,0.4,1.0,1.0,0.0,True,False
2024-09-02,ITC,0.0,0.0,1.0,0.25,,,,,True
2024-09-02,KOTAKBANK,1.0,1.0,0.0,0.75,,,,,True
2024-09-02,M&M,1.0,0.0,0.0,0.4,,,,,True
2024-09-02,MARUTI,,,,,,,,,True
2024-09-02,NTPC,,,,,,,,,True
2024-09-02,ONGC,1.0,0.0,0.0,0.4,,,,,True
2024-09-02,POWERGRID,1.0,0.0,0.0,0.4,,,,,True
2024-09-02,RELIANCE,,,,,,,,,True
2024-09-02,SBIN,1.0,0.0,0.0,0.4,1.0,1.0,0.0,True,False
2024-09-02,TATAMOTORS,,,,,,,,,True
2024-09-02,TCS,1.0,0.0,0.0,0.4,1.0,1.0,0.0,True,False
2024-09-02,WIPRO,0.0,0.0,0.0,0.0,,,,,True
2024-09-02,CIPLA,1.0,0.0,0.0,0.4,,,,,True
2024-09-02,INFY,,,,,,,,,True
2024-09-02,DRREDDY,1.0,0.0,0.0,0.4,,,,,True
2024-09-02,HCLTECH,1.0,1.0,0.0,0.75,,,,,True
2024-09-02,TECHM,1.0,0.0,0.0,0.4,,,,,True
2024-09-02,SUNPHARMA,,,,,,,,,True
2024-09-03,ADANIGREEN,,,,,,,,,True
2024-09-03,ASIANPAINT,,,,,,,,,True
2024-09-03,AXISBANK,1.0,1.0,0.0,0.75,,,,,True
2024-09-03,BAJAJ-AUTO,,,,,,,,,True
2024-09-03,HDFCBANK,1.0,0.0,0.0,0.4,,,,,True
2024-09-03,HINDUNILVR,1.0,1.0,0.0,0.75,,,,,True
2024-09-03,ICICIBANK,1.0,0.0,0.0,0.4,,,,,True
2024-09-03,ITC,0.0,0.0,1.0,0.25,,,,,True
2024-09-03,KOTAKBANK,1.0,1.0,0.0,0.75,,,,,True
2024-09-03,M&M,1.0,0.0,0.0,0.4,,,,,True
2024-09-03,MARUTI,-1.0,0.0,0.0,-0.4,1.0,1.0,0.0,True,False
2024-09-03,NTPC,,,,,,,,,True
2024-09-03,ONGC,1.0,0.0,0.0,0.4,,,,,True
2024-09-03,POWERGRID,1.0,0.0,0.0,0.4,1.0,1.0,0.0,True,False
2024-09-03,RELIANCE,,,,,,,,,True
2024-09-03,SBIN,1.0,0.0,0.0,0.4,,,,,True
2024-09-03,TATAMOTORS,,,,,,,,,True
2024-09-03,TCS,0.5,0.0,0.5,0.325,2.0,0.75,0.0,True,False
2024-09-03,WIPRO,,,,,,,,,True
2024-09-03,CIPLA,1.0,0.0,0.0,0.4,,,,,True
2024-09-03,INFY,,,,,,,,,True
2024-09-03,DRREDDY,1.0,0.0,0.0,0.4,,,,,True
2024-09-03,HCLTECH,1.0,1.0,0.0,0.75,,,,,True
2024-09-03,TECHM,1.0,0.0,0.0,0.4,,,,,True
2024-09-03,SUNPHARMA,0.0,0.0,0.0,0.0,1.0,0.5,0.0,True,False
2024-09-04,ADANIGREEN,,,,,,,,,True
2024-09-04,ASIANPAINT,,,,,,,,,True
2024-09-04,AXISBANK,0.0,0.0,1.0,0.25,1.0,0.5,0.0,True,False
2024-09-04,BAJAJ-AUTO,0.0,0.0,0.0,0.0,1.0,0.5,0.0,True,False
2024-09-04,HDFCBANK,-1.0,0.0,0.0,-0.4,1.0,1.0,0.0,True,False
2024-09-04,HINDUNILVR,,,,,,,,,True
2024-09-04,ICICIBANK,0.0,0.0,0.0,0.0,1.0,0.5,0.0,True,False
2024-09-04,ITC,0.0,0.0,1.0,0.25,,,,,True
2024-09-04,KOTAKBANK,1.0,1.0,0.0,0.75,,,,,True
2024-09-04,M&M,1.0,0.0,0.0,0.4,,,,,True
2024-09-04,MARUTI,-1.0,0.0,0.0,-0.4,,,,,True
2024-09-04,NTPC,,,,,,,,,True
2024-09-04,ONGC,1.0,1.0,0.0,0.75,1.0,1.0,0.0,True,False
2024-09-04,POWERGRID,1.0,0.0,0.0,0.4,,,,,True
2024-09-04,RELIANCE,,,,,,,,,True
2024-09-04,SBIN,1.0,0.0,0.0,0.4,,,,,True
2024-09-04,TATAMOTORS,,,,,,,,,True
2024-09-04,TCS,0.5,0.0,0.5,0.325,,,,,True
2024-09-04,WIPRO,,,,,,,,,True
2024-09-04,CIPLA,1.0,0.0,0.0,0.4,,,,,True
2024-09-04,INFY,,,,,,,,,True
2024-09-04,DRREDDY,,,,,,,,,True
2024-09-04,HCLTECH,1.0,1.0,0.0,0.75,,,,,True
2024-09-04,TECHM,1.0,0.0,0.0,0.4,,,,,True
2024-09-04,SUNPHARMA,0.0,0.0,0.0,0.0,,,,,True
2024-09-05,ADANIGREEN,,,,,,,,,True
2024-09-05,ASIANPAINT,,,,,,,,,True
2024-09-05,AXISBANK,0.0,0.0,1.0,0.25,,,,,True
2024-09-05,BAJAJ-AUTO,0.0,0.0,0.0,0.0,,,,,True
2024-09-05,HDFCBANK,-1.0,0.0,0.0,-0.4,,,,,True
2024-09-05,HINDUNILVR,,,,,,,,,True
2024-09-05,ICICIBANK,0.0,0.0,0.0,0.0,,,,,True
2024-09-05,ITC,0.0,0.0,1.0,0.25,,,,,True
2024-09-05,KOTAKBANK,-1.0,0.0,0.0,-0.4,1.0,1.0,0.0,True,False
2024-09-05,M&M,0.0,0.0,0.0,0.0,2.0,1.0,0.5,False,False
2024-09-05,MARUTI,-1.0,0.0,0.0,-0.4,,,,,True
2024-09-05,NTPC,1.0,1.0,1.0,1.0,1.0,1.0,0.0,True,False
2024-09-05,ONGC,1.0,1.0,0.0,0.75,,,,,True
2024-09-05,POWERGRID,1.0,0.0,0.0,0.4,,,,,True
2024-09-05,RELIANCE,,,,,,,,,True
2024-09-05,SBIN,1.0,0.0,0.0,0.4,,,,,True
2024-09-05,TATAMOTORS,,,,,,,,,True
2024-09-05,TCS,0.5,0.0,0.5,0.325,,,,,True
2024-09-05,WIPRO,,,,,,,,,True
2024-09-05,CIPLA,1.0,0.0,0.0,0.4,,,,,True
2024-09-05,INFY,,,,,,,,,True
2024-09-05,DRREDDY,0.0,0.0,1.0,0.25,1.0,0.5,0.0,True,False
2024-09-05,HCLTECH,1.0,1.0,0.0,0.75,,,,,True
2024-09-05,TECHM,1.0,0.0,0.0,0.4,,,,,True
2024-09-05,SUNPHARMA,0.0,0.0,0.0,0.0,,,,,True
2024-09-06,ADANIGREEN,,,,,,,,,True
2024-09-06,ASIANPAINT,,,,,,,,,True
2024-09-06,AXISBANK,0.0,0.0,1.0,0.25,,,,,True
2024-09-06,BAJAJ-AUTO,0.0,0.0,0.0,0.0,,,,,True
2024-09-06,HDFCBANK,-1.0,0.0,0.0,-0.4,,,,,True
2024-09-06,HINDUNILVR,,,,,,,,,True
2024-09-06,ICICIBANK,0.0,0.0,0.0,0.0,,,,,True
2024-09-06,ITC,,,,,,,,,True
2024-09-06,KOTAKBANK,-1.0,0.0,0.0,-0.4,,,,,True
2024-09-06,M&M,0.0,0.0,0.0,0.0,,,,,True
2024-09-06,MARUTI,-1.0,0.0,0.0,-0.4,,,,,True
2024-09-06,NTPC,1.0,1.0,1.0,1.0,,,,,True
2024-09-06,ONGC,1.0,1.0,0.0,0.75,,,,,True
2024-09-06,POWERGRID,1.0,0.0,0.0,0.4,,,,,True
2024-09-06,RELIANCE,,,,,,,,,True
2024-09-06,SBIN,1.0,0.0,0.0,0.4,,,,,True
2024-09-06,TATAMOTORS,,,,,,,,,True
2024-09-06,TCS,0.5,0.0,0.5,0.325,,,,,True
2024-09-06,WIPRO,,,,,,,,,True
2024-09-06,CIPLA,,,,,,,,,True
2024-09-06,INFY,,,,,,,,,True
2024-09-06,DRREDDY,0.0,0.0,1.0,0.25,,,,,True
2024-09-06,HCLTECH,,,,,,,,,True
2024-09-06,TECHM,,,,,,,,,True
2024-09-06,SUNPHARMA,0.0,0.0,0.0,0.0,,,,,True
2024-09-09,ADANIGREEN,0.0,0.0,1.0,0.25,1.0,0.5,0.0,True,False
2024-09-09,ASIANPAINT,,,,,,,,,True
2024-09-09,AXISBANK,0.0,0.0,1.0,0.25,,,,,True
2024-09-09,BAJAJ-AUTO,0.0,0.0,0.0,0.0,,,,,True
2024-09-09,HDFCBANK,-1.0,0.0,0.0,-0.4,,,,,True
2024-09-09,HINDUNILVR,,,,,,,,,True
2024-09-09,ICICIBANK,0.0,0.0,0.0,0.0,,,,,True
2024-09-09,ITC,,,,,,,,,True
2024-09-09,KOTAKBANK,-1.0,0.0,0.0,-0.4,,,,,True
2024-09-09,M&M,0.0,0.0,0.0,0.0,1.0,0.5,0.0,True,False
2024-09-09,MARUTI,-1.0,0.0,0.0,-0.4,,,,,True
2024-09-09,NTPC,1.0,1.0,1.0,1.0,,,,,True
2024-09-09,ONGC,1.0,1.0,0.0,0.75,1.0,1.0,0.0,True,False
2024-09-09,POWERGRID,1.0,0.0,0.0,0.4,1.0,1.0,0.0,True,False
2024-09-09,RELIANCE,,,,,,,,,True
2024-09-09,SBIN,1.0,0.0,0.0,0.4,,,,,True
2024-09-09,TATAMOTORS,,,,,,,,,True
2024-09-09,TCS,0.5,0.0,0.5,0.325,,,,,True
2024-09-09,WIPRO,,,,,,,,,True
2024-09-09,CIPLA,,,,,,,,,True
2024-09-09,INFY,,,,,,,,,True
2024-09-09,DRREDDY,0.0,0.0,1.0,0.25,,,,,True
2024-09-09,HCLTECH,,,,,,,,,True
2024-09-09,TECHM,,,,,,,,,True
2024-09-09,SUNPHARMA,0.0,0.0,0.0,0.0,,,,,True
2024-09-10,ADANIGREEN,0.0,0.0,1.0,0.25,,,,,True
2024-09-10,ASIANPAINT,,,,,,,,,True
2024-09-10,AXISBANK,0.0,0.0,1.0,0.25,,,,,True
2024-09-10,BAJAJ-AUTO,0.0,0.0,0.0,0.0,,,,,True
2024-09-10,HDFCBANK,-1.0,0.0,0.0,-0.4,,,,,True
2024-09-10,HINDUNILVR,,,,,,,,,True
2024-09-10,ICICIBANK,0.0,0.0,0.0,0.0,,,,,True
2024-09-10,ITC,,,,,,,,,True
2024-09-10,KOTAKBANK,1.0,1.0,0.0,0.75,1.0,1.0,0.0,True,False
2024-09-10,M&M,1.0,1.0,0.0,0.75,1.0,1.0,0.0,True,False
2024-09-10,MARUTI,-1.0,0.0,0.0,-0.4,,,,,True
2024-09-10,NTPC,1.0,1.0,1.0,1.0,,,,,True
2024-09-10,ONGC,1.0,1.0,0.0,0.75,,,,,True
2024-09-10,POWERGRID,1.0,0.0,0.0,0.4,,,,,True
2024-09-10,RELIANCE,,,,,,,,,True
2024-09-10,SBIN,,,,,,,,,True
2024-09-10,TATAMOTORS,,,,,,,,,True
2024-09-10,TCS,0.5,0.0,0.5,0.325,,,,,True
2024-09-10,WIPRO,1.0,0.5,0.0,0.575,2.0,1.0,0.0,False,False
2024-09-10,CIPLA,,,,,,,,,True
2024-09-10,INFY,-1.0,0.0,0.0,-0.4,1.0,1.0,0.0,True,False
2024-09-10,DRREDDY,0.0,0.0,0.0,0.0,1.0,0.5,0.0,True,False
2024-09-10,HCLTECH,,,,,,,,,True
2024-09-10,TECHM,,,,,,,,,True
2024-09-10,SUNPHARMA,0.0,0.0,0.0,0.0,,,,,True
2024-09-11,ADANIGREEN,0.0,0.0,1.0,0.25,,,,,True
2024-09-11,ASIANPAINT,,,,,,,,,True
2024-09-11,AXISBANK,0.0,0.0,1.0,0.25,1.0,0.5,0.0,True,False
2024-09-11,BAJAJ-AUTO,0.0,0.0,0.0,0.0,,,,,True
2024-09-11,HDFCBANK,-1.0,0.0,0.0,-0.4,,,,,True
2024-09-11,HINDUNILVR,,,,,,,,,True
2024-09-11,ICICIBANK,0.0,0.0,0.0,0.0,,,,,True
2024-09-11,ITC,,,,,,,,,True
2024-09-11,KOTAKBANK,1.0,1.0,0.0,0.75,,,,,True
2024-09-11,M&M,1.0,1.0,0.0,0.75,,,,,True
2024-09-11,MARUTI,,,,,,,,,True
2024-09-11,NTPC,1.0,1.0,1.0,1.0,,,,,True
2024-09-11,ONGC,1.0,1.0,0.0,0.75,,,,,True
2024-09-11,POWERGRID,1.0,0.0,0.0,0.4,,,,,True
2024-09-11,RELIANCE,,,,,,,,,True
2024-09-11,SBIN,,,,,,,,,True
2024-09-11,TATAMOTORS,,,,,,,,,True
2024-09-11,TCS,,,,,,,,,True
2024-09-11,WIPRO,0.0,0.0,1.0,0.25,1.0,0.5,0.0,True,False
2024-09-11,CIPLA,,,,,,,,,True
2024-09-11,INFY,-1.0,0.0,0.0,-0.4,,,,,True
2024-09-11,DRREDDY,0.0,0.0,0.0,0.0,1.0,0.5,0.0,True,False
2024-09-11,HCLTECH,,,,,,,,,True
2024-09-11,TECHM,,,,,,,,,True
2024-09-11,SUNPHARMA,,,,,,,,,True
2024-09-12,ADANIGREEN,0.0,0.0,1.0,0.25,,,,,True
2024-09-12,ASIANPAINT,,,,,,,,,True
2024-09-12,AXISBANK,0.0,0.0,1.0,0.25,,,,,True
2024-09-12,BAJAJ-AUTO,1.0,1.0,0.0,0.75,1.0,1.0,0.0,True,False
2024-09-12,HDFCBANK,,,,,,,,,True
2024-09-12,HINDUNILVR,,,,,,,,,True
2024-09-12,ICICIBANK,,,,,,,,,True
2024-09-12,ITC,0.0,0.0,1.0,0.25,1.0,0.5,0.0,True,False
2024-09-12,KOTAKBANK,1.0,1.0,0.0,0.75,,,,,True
2024-09-12,M&M,1.0,1.0,0.0,0.75,,,,,True
2024-09-12,MARUTI,0.0,0.0,1.0,0.25,1.0,0.5,0.0,True,False
2024-09-12,NTPC,1.0,1.0,1.0,1.0,,,,,True
2024-09-12,ONGC,1.0,1.0,0.0,0.75,,,,,True
2024-09-12,POWERGRID,1.0,0.0,0.0,0.4,,,,,True
2024-09-12,RELIANCE,,,,,,,,,True
2024-09-12,SBIN,,,,,,,,,True
2024-09-12,TATAMOTORS,,,,,,,,,True
2024-09-12,TCS,,,,,,,,,True
2024-09-12,WIPRO,1.0,0.0,0.0,0.4,1.0,1.0,0.0,True,False
2024-09-12,CIPLA,,,,,,,,,True
2024-09-12,INFY,-1.0,0.0,0.0,-0.4,,,,,True
2024-09-12,DRREDDY,0.0,0.0,0.0,0.0,,,,,True
2024-09-12,HCLTECH,0.0,0.0,1.0,0.25,1.0,0.5,0.0,True,False
2024-09-12,TECHM,,,,,,,,,True
2024-09-12,SUNPHARMA,,,,,,,,,True
2024-09-13,ADANIGREEN,0.0,0.0,1.0,0.25,,,,,True
2024-09-13,ASIANPAINT,,,,,,,,,True
2024-09-13,AXISBANK,0.0,0.0,1.0,0.25,,,,,True
2024-09-13,BAJAJ-AUTO,1.0,1.0,0.0,0.75,,,,,True
2024-09-13,HDFCBANK,,,,,,,,,True
2024-09-13,HINDUNILVR,,,,,,,,,True
2024-09-13,ICICIBANK,,,,,,,,,True
2024-09-13,ITC,0.0,0.0,1.0,0.25,,,,,True
2024-09-13,KOTAKBANK,1.0,1.0,0.0,0.75,,,,,True
2024-09-13,M&M,1.0,1.0,0.0,0.75,,,,,True
2024-09-13,MARUTI,0.0,0.0,1.0,0.25,,,,,True
2024-09-13,NTPC,,,,,,,,,True
2024-09-13,ONGC,1.0,1.0,0.0,0.75,,,,,True
2024-09-13,POWERGRID,1.0,0.0,0.0,0.4,,,,,True
2024-09-13,RELIANCE,,,,,,,,,True
2024-09-13,SBIN,,,,,,,,,True
2024-09-13,TATAMOTORS,,,,,,,,,True
2024-09-13,TCS,,,,,,,,,True
2024-09-13,WIPRO,1.0,0.0,0.0,0.4,,,,,True
2024-09-13,CIPLA,,,,,,,,,True
2024-09-13,INFY,-1.0,0.0,0.0,-0.4,,,,,True
2024-09-13,DRREDDY,0.0,0.0,0.0,0.0,,,,,True
2024-09-13,HCLTECH,0.0,0.0,1.0,0.25,,,,,True
2024-09-13,TECHM,,,,,,,,,True
2024-09-13,SUNPHARMA,,,,,,,,,True
2024-09-16,ADANIGREEN,0.0,0.0,1.0,0.25,,,,,True
2024-09-16,ASIANPAINT,,,,,,,,,True
2024-09-16,AXISBANK,0.0,0.0,1.0,0.25,,,,,True
2024-09-16,BAJAJ-AUTO,1.0,1.0,0.0,0.75,,,,,True
2024-09-16,HDFCBANK,,,,,,,,,True
2024-09-16,HINDUNILVR,,,,,,,,,True
2024-09-16,ICICIBANK,,,,,,,,,True
2024-09-16,ITC,0.0,0.0,1.0,0.25,,,,,True
2024-09-16,KOTAKBANK,1.0,1.0,0.0,0.75,,,,,True
2024-09-16,M&M,1.0,1.0,0.0,0.75,,,,,True
2024-09-16,MARUTI,0.0,0.0,0.0,0.0,1.0,0.5,0.0,True,False
2024-09-16,NTPC,,,,,,,,,True
2024-09-16,ONGC,1.0,1.0,0.0,0.75,,,,,True
2024-09-16,POWERGRID,1.0,0.0,0.0,0.4,,,,,True
2024-09-16,RELIANCE,,,,,,,,,True
2024-09-16,SBIN,,,,,,,,,True
2024-09-16,TATAMOTORS,,,,,,,,,True
2024-09-16,TCS,,,,,,,,,True
2024-09-16,WIPRO,1.0,0.0,0.0,0.4,,,,,True
2024-09-16,CIPLA,,,,,,,,,True
2024-09-16,INFY,-1.0,0.0,0.0,-0.4,,,,,True
2024-09-16,DRREDDY,0.0,0.0,0.0,0.0,,,,,True
2024-09-16,HCLTECH,0.0,0.0,1.0,0.25,,,,,True
2024-09-16,TECHM,,,,,,,,,True
2024-09-16,SUNPHARMA,,,,,,,,,True
2024-09-17,ADANIGREEN,,,,,,,,,True
2024-09-17,ASIANPAINT,,,,,,,,,True
2024-09-17,AXISBANK,0.0,0.0,1.0,0.25,,,,,True
2024-09-17,BAJAJ-AUTO,0.0,0.0,0.0,0.0,1.0,0.5,0.0,True,False
2024-09-17,HDFCBANK,0.0,0.0,1.0,0.25,1.0,0.5,0.0,True,False
2024-09-17,HINDUNILVR,0.0,0.0,0.0,0.0,1.0,0.5,0.0,True,False
2024-09-17,ICICIBANK,,,,,,,,,True
2024-09-17,ITC,0.0,0.0,1.0,0.25,,,,,True
2024-09-17,KOTAKBANK,0.0,0.0,1.0,0.25,1.0,0.5,0.0,True,False
2024-09-17,M&M,0.0,0.0,1.0,0.25,1.0,0.5,0.0,True,False
2024-09-17,MARUTI,0.0,0.0,0.0,0.0,,,,,True
2024-09-17,NTPC,,,,,,,,,True
2024-09-17,ONGC,,,,,,,,,True
2024-09-17,POWERGRID,,,,,,,,,True
2024-09-17,RELIANCE,,,,,,,,,True
2024-09-17,SBIN,,,,,,,,,True
2024-09-17,TATAMOTORS,,,,,,,,,True
2024-09-17,TCS,,,,,,,,,True
2024-09-17,WIPRO,1.0,0.0,0.0,0.4,,,,,True
2024-09-17,CIPLA,1.0,1.0,0.0,0.75,1.0,1.0,0.0,True,False
2024-09-17,INFY,-1.0,0.0,0.0,-0.4,,,,,True
2024-09-17,DRREDDY,0.0,0.0,0.0,0.0,,,,,True
2024-09-17,HCLTECH,0.0,0.0,1.0,0.25,,,,,True
2024-09-17,TECHM,,,,,,,,,True
2024-09-17,SUNPHARMA,,,,,,,,,True
2024-09-18,ADANIGREEN,,,,,,,,,True
2024-09-18,ASIANPAINT,,,,,,,,,True
2024-09-18,AXISBANK,0.0,0.0,0.0,0.0,1.0,0.5,0.0,True,False
2024-09-18,BAJAJ-AUTO,0.0,0.0,0.0,0.0,,,,,True
2024-09-18,HDFCBANK,0.0,0.0,0.0,0.0,1.0,0.5,0.0,True,False
2024-09-18,HINDUNILVR,0.0,0.0,0.0,0.0,,,,,True
2024-09-18,ICICIBANK,-0.7143,0.0,0.0,-0.2857,2.0,0.75,0.0,True,False
2024-09-18,ITC,0.0,0.0,1.0,0.25,,,,,True
2024-09-18,KOTAKBANK,0.0,0.0,0.0,0.0,1.0,0.5,0.0,True,False
2024-09-18,M&M,0.0,0.0,1.0,0.25,,,,,True
2024-09-18,MARUTI,0.0,0.0,0.0,0.0,,,,,True
2024-09-18,NTPC,,,,,,,,,True
2024-09-18,ONGC,,,,,,,,,True
2024-09-18,POWERGRID,0.0,0.0,1.0,0.25,1.0,0.5,0.0,True,False
2024-09-18,RELIANCE,,,,,,,,,True
2024-09-18,SBIN,0.0,0.0,0.0,0.0,1.0,0.5,0.0,True,False
2024-09-18,TATAMOTORS,1.0,1.0,0.0,0.75,1.0,1.0,0.0,True,False
2024-09-18,TCS,,,,,,,,,True
2024-09-18,WIPRO,1.0,0.0,0.0,0.4,,,,,True
2024-09-18,CIPLA,1.0,1.0,0.0,0.75,,,,,True
2024-09-18,INFY,,,,,,,,,True
2024-09-18,DRREDDY,0.0,0.0,0.0,0.0,,,,,True
2024-09-18,HCLTECH,0.0,0.0,1.0,0.25,,,,,True
2024-09-18,TECHM,,,,,,,,,True
2024-09-18,SUNPHARMA,1.0,1.0,0.0,0.75,1.0,1.0,0.0,True,False
2024-09-19,ADANIGREEN,1.0,1.0,1.0,1.0,1.0,1.0,0.0,True,False
2024-09-19,ASIANPAINT,,,,,,,,,True
2024-09-19,AXISBANK,0.0,0.0,0.0,0.0,,,,,True
2024-09-19,BAJAJ-AUTO,0.0,0.0,0.0,0.0,,,,,True
2024-09-19,HDFCBANK,0.0,0.0,0.0,0.0,,,,,True
2024-09-19,HINDUNILVR,1.0,1.0,0.0,0.75,1.0,1.0,0.0,True,False
2024-09-19,ICICIBANK,-0.7143,0.0,0.0,-0.2857,,,,,True
2024-09-19,ITC,0.0,0.0,1.0,0.25,,,,,True
2024-09-19,KOTAKBANK,1.0,1.0,0.0,0.75,1.0,1.0,0.0,True,False
2024-09-19,M&M,1.0,1.0,0.0,0.75,1.0,1.0,0.0,True,False
2024-09-19,MARUTI,0.0,0.0,0.0,0.0,,,,,True
2024-09-19,NTPC,,,,,,,,,True
2024-09-19,ONGC,,,,,,,,,True
2024-09-19,POWERGRID,0.0,0.0,1.0,0.25,,,,,True
2024-09-19,RELIANCE,,,,,,,,,True
2024-09-19,SBIN,0.0,0.0,0.0,0.0,,,,,True
2024-09-19,TATAMOTORS,1.0,1.0,0.0,0.75,,,,,True
2024-09-19,TCS,,,,,,,,,True
2024-09-19,WIPRO,1.0,0.0,0.0,0.4,,,,,True
2024-09-19,CIPLA,1.0,1.0,0.0,0.75,,,,,True
2024-09-19,INFY,,,,,,,,,True
2024-09-19,DRREDDY,-1.0,0.0,0.0,-0.4,1.0,1.0,0.0,True,False
2024-09-19,HCLTECH,1.0,0.0,0.0,0.4,1.0,1.0,0.0,True,False
2024-09-19,TECHM,,,,,,,,,True
2024-09-19,SUNPHARMA,1.0,1.0,0.0,0.75,,,,,True
2024-09-20,ADANIGREEN,1.0,1.0,1.0,1.0,,,,,True
2024-09-20,ASIANPAINT,,,,,,,,,True
2024-09-20,AXISBANK,0.0,0.0,0.0,0.0,,,,,True
2024-09-20,BAJAJ-AUTO,0.0,0.0,0.0,0.0,,,,,True
2024-09-20,HDFCBANK,0.0,0.0,0.0,0.0,,,,,True
2024-09-20,HINDUNILVR,1.0,1.0,0.0,0.75,,,,,True
2024-09-20,ICICIBANK,-0.7143,0.0,0.0,-0.2857,,,,,True
2024-09-20,ITC,,,,,,,,,True
2024-09-20,KOTAKBANK,1.0,1.0,0.0,0.75,,,,,True
2024-09-20,M&M,1.0,1.0,0.0,0.75,,,,,True
2024-09-20,MARUTI,0.0,0.0,0.0,0.0,,,,,True
2024-09-20,NTPC,,,,,,,,,True
2024-09-20,ONGC,,,,,,,,,True
2024-09-20,POWERGRID,0.0,0.0,1.0,0.25,,,,,True
2024-09-20,RELIANCE,,,,,,,,,True
2024-09-20,SBIN,0.0,0.0,0.0,0.0,,,,,True
2024-09-20,TATAMOTORS,1.0,1.0,0.0,0.75,,,,,True
2024-09-20,TCS,,,,,,,,,True
2024-09-20,WIPRO,,,,,,,,,True
2024-09-20,CIPLA,1.0,1.0,0.0,0.75,,,,,True
2024-09-20,INFY,,,,,,,,,True
2024-09-20,DRREDDY,-1.0,0.0,0.0,-0.4,,,,,True
2024-09-20,HCLTECH,1.0,0.0,0.0,0.4,,,,,True
2024-09-20,TECHM,,,,,,,,,True
2024-09-20,SUNPHARMA,1.0,1.0,0.0,0.75,,,,,True
2024-09-23,ADANIGREEN,1.0,1.0,1.0,1.0,,,,,True
2024-09-23,ASIANPAINT,,,,,,,,,True
2024-09-23,AXISBANK,0.0,0.0,0.0,0.0,,,,,True
2024-09-23,BAJAJ-AUTO,0.0,0.0,0.0,0.0,,,,,True
2024-09-23,HDFCBANK,0.0,0.0,0.0,0.0,,,,,True
2024-09-23,HINDUNILVR,1.0,1.0,0.0,0.75,,,,,True
2024-09-23,ICICIBANK,-0.7143,0.0,0.0,-0.2857,,,,,True
2024-09-23,ITC,,,,,,,,,True
2024-09-23,KOTAKBANK,1.0,1.0,0.0,0.75,1.0,1.0,0.0,True,False
2024-09-23,M&M,1.0,1.0,0.0,0.75,1.0,1.0,0.0,True,False
2024-09-23,MARUTI,0.0,0.0,0.0,0.0,,,,,True
2024-09-23,NTPC,,,,,,,,,True
2024-09-23,ONGC,-1.0,0.0,0.0,-0.4,1.0,1.0,0.0,True,False
2024-09-23,POWERGRID,0.0,0.0,1.0,0.25,,,,,True
2024-09-23,RELIANCE,,,,,,,,,True
2024-09-23,SBIN,0.0,0.0,0.0,0.0,,,,,True
2024-09-23,TATAMOTORS,1.0,1.0,0.0,0.75,,,,,True
2024-09-23,TCS,,,,,,,,,True
2024-09-23,WIPRO,0.5,0.5,0.0,0.375,2.0,0.75,0.0,True,False
2024-09-23,CIPLA,1.0,1.0,0.0,0.75,,,,,True
2024-09-23,INFY,0.0,0.0,0.0,0.0,1.0,0.5,0.0,True,False
2024-09-23,DRREDDY,-1.0,0.0,0.0,-0.4,,,,,True
2024-09-23,HCLTECH,-1.0,0.0,0.0,-0.4,1.0,1.0,0.0,True,False
2024-09-23,TECHM,,,,,,,,,True
2024-09-23,SUNPHARMA,1.0,1.0,0.0,0.75,,,,,True
2024-09-24,ADANIGREEN,1.0,1.0,1.0,1.0,,,,,True
2024-09-24,ASIANPAINT,1.0,1.0,0.0,0.75,1.0,1.0,0.0,True,False
2024-09-24,AXISBANK,0.0,0.0,0.0,0.0,,,,,True
2024-09-24,BAJAJ-AUTO,-0.5,0.0,0.5,-0.075,2.0,0.75,0.0,True,False
2024-09-24,HDFCBANK,0.0,0.0,1.0,0.25,1.0,0.5,0.0,True,False
2024-09-24,HINDUNILVR,1.0,1.0,0.0,0.75,,,,,True
2024-09-24,ICICIBANK,-0.7143,0.0,0.0,-0.2857,,,,,True
2024-09-24,ITC,,,,,,,,,True
2024-09-24,KOTAKBANK,1.0,1.0,0.0,0.75,,,,,True
2024-09-24,M&M,1.0,1.0,0.0,0.75,,,,,True
2024-09-24,MARUTI,,,,,,,,,True
2024-09-24,NTPC,,,,,,,,,True
2024-09-24,ONGC,0.0,0.0,0.0,0.0,1.0,0.5,0.0,True,False
2024-09-24,POWERGRID,0.0,0.0,1.0,0.25,,,,,True
2024-09-24,RELIANCE,,,,,,,,,True
2024-09-24,SBIN,0.0,0.0,0.0,0.0,,,,,True
2024-09-24,TATAMOTORS,1.0,1.0,0.0,0.75,,,,,True
2024-09-24,TCS,,,,,,,,,True
2024-09-24,WIPRO,0.5,0.5,0.0,0.375,,,,,True
2024-09-24,CIPLA,1.0,1.0,0.0,0.75,,,,,True
2024-09-24,INFY,0.0,0.0,0.0,0.0,,,,,True
2024-09-24,DRREDDY,-1.0,0.0,0.0,-0.4,,,,,True
2024-09-24,HCLTECH,-1.0,0.0,0.0,-0.4,,,,,True
2024-09-24,TECHM,,,,,,,,,True
2024-09-24,SUNPHARMA,1.0,1.0,0.0,0.75,,,,,True
2024-09-25,ADANIGREEN,1.0,1.0,1.0,1.0,1.0,1.0,0.0,True,False
2024-09-25,ASIANPAINT,1.0,1.0,0.0,0.75,,,,,True
2024-09-25,AXISBANK,0.0,0.0,0.0,0.0,,,,,True
2024-09-25,BAJAJ-AUTO,-0.5,0.0,0.5,-0.075,,,,,True
2024-09-25,HDFCBANK,0.0,0.0,1.0,0.25,,,,,True
2024-09-25,HINDUNILVR,1.0,1.0,0.0,0.75,,,,,True
2024-09-25,ICICIBANK,-0.7143,0.0,0.0,-0.2857,,,,,True
2024-09-25,ITC,,,,,,,,,True
2024-09-25,KOTAKBANK,-0.0,0.0,0.0,-0.0,2.0,1.0,0.5,False,False
2024-09-25,M&M,-0.0,0.0,0.0,-0.0,2.0,1.0,0.5,False,False
2024-09-25,MARUTI,0.0,0.0,1.0,0.25,1.0,0.5,0.0,True,False
2024-09-25,NTPC,,,,,,,,,True
2024-09-25,ONGC,0.0,0.0,0.0,0.0,,,,,True
2024-09-25,POWERGRID,1.0,0.0,0.0,0.4,1.0,1.0,0.0,True,False
2024-09-25,RELIANCE,,,,,,,,,True
2024-09-25,SBIN,0.0,0.0,0.0,0.0,,,,,True
2024-09-25,TATAMOTORS,1.0,1.0,0.0,0.75,1.0,1.0,0.0,True,False
2024-09-25,TCS,,,,,,,,,True
2024-09-25,WIPRO,0.5,0.5,0.0,0.375,,,,,True
2024-09-25,CIPLA,,,,,,,,,True
2024-09-25,INFY,0.0,0.0,0.0,0.0,,,,,True
2024-09-25,DRREDDY,-1.0,0.0,0.0,-0.4,,,,,True
2024-09-25,HCLTECH,-1.0,0.0,0.0,-0.4,,,,,True
2024-09-25,TECHM,,,,,,,,,True
2024-09-25,SUNPHARMA,1.0,1.0,0.0,0.75,,,,,True
2024-09-26,ADANIGREEN,1.0,1.0,1.0,1.0,,,,,True
2024-09-26,ASIANPAINT,1.0,1.0,0.0,0.75,,,,,True
2024-09-26,AXISBANK,1.0,0.0,0.0,0.4,1.0,1.0,0.0,True,False
2024-09-26,BAJAJ-AUTO,1.0,0.0,0.0,0.4,1.0,1.0,0.0,True,False
2024-09-26,HDFCBANK,0.0,0.0,1.0,0.25,,,,,True
2024-09-26,HINDUNILVR,1.0,1.0,0.0,0.75,,,,,True
2024-09-26,ICICIBANK,0.0,0.0,1.0,0.25,1.0,0.5,0.0,True,False
2024-09-26,ITC,1.0,0.0,0.0,0.4,1.0,1.0,0.0,True,False
2024-09-26,KOTAKBANK,-0.0,0.0,0.0,-0.0,,,,,True
2024-09-26,M&M,-0.0,0.0,0.0,-0.0,,,,,True
2024-09-26,MARUTI,0.0,0.0,1.0,0.25,,,,,True
2024-09-26,NTPC,,,,,,,,,True
2024-09-26,ONGC,0.0,0.0,0.0,0.0,,,,,True
2024-09-26,POWERGRID,1.0,0.0,0.0,0.4,,,,,True
2024-09-26,RELIANCE,,,,,,,,,True
2024-09-26,SBIN,,,,,,,,,True
2024-09-26,TATAMOTORS,1.0,1.0,0.0,0.75,1.0,1.0,0.0,True,False
2024-09-26,TCS,,,,,,,,,True
2024-09-26,WIPRO,0.5,0.5,0.0,0.375,,,,,True
2024-09-26,CIPLA,,,,,,,,,True
2024-09-26,INFY,0.0,0.0,0.0,0.0,,,,,True
2024-09-26,DRREDDY,1.0,0.0,0.0,0.4,1.0,1.0,0.0,True,False
2024-09-26,HCLTECH,-1.0,0.0,0.0,-0.4,,,,,True
2024-09-26,TECHM,,,,,,,,,True
2024-09-26,SUNPHARMA,,,,,,,,,True
2024-09-27,ADANIGREEN,1.0,1.0,1.0,1.0,,,,,True
2024-09-27,ASIANPAINT,1.0,1.0,0.0,0.75,,,,,True
2024-09-27,AXISBANK,1.0,0.0,0.0,0.4,,,,,True
2024-09-27,BAJAJ-AUTO,1.0,0.0,0.0,0.4,,,,,True
2024-09-27,HDFCBANK,0.0,0.0,1.0,0.25,,,,,True
2024-09-27,HINDUNILVR,,,,,,,,,True
2024-09-27,ICICIBANK,0.0,0.0,1.0,0.25,,,,,True
2024-09-27,ITC,1.0,0.0,0.0,0.4,,,,,True
2024-09-27,KOTAKBANK,-0.0,0.0,0.0,-0.0,,,,,True
2024-09-27,M&M,-0.0,0.0,0.0,-0.0,,,,,True
2024-09-27,MARUTI,0.0,0.0,1.0,0.25,,,,,True
2024-09-27,NTPC,,,,,,,,,True
2024-09-27,ONGC,0.0,0.0,0.0,0.0,,,,,True
2024-09-27,POWERGRID,1.0,0.0,0.0,0.4,,,,,True
2024-09-27,RELIANCE,,,,,,,,,True
2024-09-27,SBIN,,,,,,,,,True
2024-09-27,TATAMOTORS,1.0,1.0,0.0,0.75,,,,,True
2024-09-27,TCS,,,,,,,,,True
2024-09-27,WIPRO,0.5,0.5,0.0,0.375,,,,,True
2024-09-27,CIPLA,,,,,,,,,True
2024-09-27,INFY,0.0,0.0,0.0,0.0,,,,,True
2024-09-27,DRREDDY,1.0,0.0,0.0,0.4,,,,,True
2024-09-27,HCLTECH,-1.0,0.0,0.0,-0.4,,,,,True
2024-09-27,TECHM,,,,,,,,,True
2024-09-27,SUNPHARMA,,,,,,,,,True
2024-09-30,ADANIGREEN,1.0,1.0,1.0,1.0,,,,,True
2024-09-30,ASIANPAINT,1.0,1.0,0.0,0.75,,,,,True
2024-09-30,AXISBANK,1.0,0.0,0.0,0.4,,,,,True
2024-09-30,BAJAJ-AUTO,1.0,0.0,0.0,0.4,,,,,True
2024-09-30,HDFCBANK,0.0,0.0,1.0,0.25,,,,,True
2024-09-30,HINDUNILVR,,,,,,,,,True
2024-09-30,ICICIBANK,0.0,0.0,1.0,0.25,,,,,True
2024-09-30,ITC,1.0,0.0,0.0,0.4,,,,,True
2024-09-30,KOTAKBANK,0.0,0.0,1.0,0.25,1.0,0.5,0.0,True,False
2024-09-30,M&M,0.0,0.0,1.0,0.25,1.0,0.5,0.0,True,False
2024-09-30,MARUTI,0.0,0.0,1.0,0.25,1.0,0.5,0.0,True,False
2024-09-30,NTPC,,,,,,,,,True
2024-09-30,ONGC,0.0,0.0,0.0,0.0,,,,,True
2024-09-30,POWERGRID,1.0,1.0,0.0,0.75,1.0,1.0,0.0,True,False
2024-09-30,RELIANCE,,,,,,,,,True
2024-09-30,SBIN,,,,,,,,,True
2024-09-30,TATAMOTORS,1.0,1.0,0.0,0.75,,,,,True
2024-09-30,TCS,,,,,,,,,True
2024-09-30,WIPRO,0.5,0.5,0.0,0.375,,,,,True
2024-09-30,CIPLA,,,,,,,,,True
2024-09-30,INFY,0.0,0.0,0.0,0.0,,,,,True
2024-09-30,DRREDDY,1.0,0.0,0.0,0.4,,,,,True
2024-09-30,HCLTECH,-1.0,0.0,0.0,-0.4,,,,,True
2024-09-30,TECHM,,,,,,,,,True
2024-09-30,SUNPHARMA,,,,,,,,,True
2024-10-01,ADANIGREEN,1.0,1.0,1.0,1.0,,,,,True
2024-10-01,ASIANPAINT,0.5,0.5,0.0,0.375,2.0,0.75,0.0,True,False
2024-10-01,AXISBANK,0.0,0.0,1.0,0.25,1.0,0.5,0.0,True,False
2024-10-01,BAJAJ-AUTO,1.0,0.0,0.0,0.4,,,,,True
2024-10-01,HDFCBANK,0.0,0.0,1.0,0.25,,,,,True
2024-10-01,HINDUNILVR,0.0,0.0,1.0,0.25,1.0,0.5,0.0,True,False
2024-10-01,ICICIBANK,0.0,0.0,1.0,0.25,,,,,True
2024-10-01,ITC,1.0,0.0,0.0,0.4,,,,,True
2024-10-01,KOTAKBANK,0.0,0.0,1.0,0.25,,,,,True
2024-10-01,M&M,0.0,0.0,1.0,0.25,,,,,True
2024-10-01,MARUTI,0.0,0.0,1.0,0.25,,,,,True
2024-10-01,NTPC,,,,,,,,,True
2024-10-01,ONGC,0.0,0.0,0.0,0.0,,,,,True
2024-10-01,POWERGRID,0.5,0.5,0.5,0.5,2.0,0.75,0.0,True,False
2024-10-01,RELIANCE,,,,,,,,,True
2024-10-01,SBIN,,,,,,,,,True
2024-10-01,TATAMOTORS,1.0,1.0,0.0,0.75,,,,,True
2024-10-01,TCS,,,,,,,,,True
2024-10-01,WIPRO,,,,,,,,,True
2024-10-01,CIPLA,,,,,,,,,True
2024-10-01,INFY,,,,,,,,,True
2024-10-01,DRREDDY,1.0,0.0,0.0,0.4,,,,,True
2024-10-01,HCLTECH,,,,,,,,,True
2024-10-01,TECHM,,,,,,,,,True
2024-10-01,SUNPHARMA,,,,,,,,,True
2024-10-02,ADANIGREEN,1.0,1.0,1.0,1.0,,,,,True
2024-10-02,ASIANPAINT,0.5,0.5,0.0,0.375,,,,,True
2024-10-02,AXISBANK,0.0,0.0,1.0,0.25,,,,,True
2024-10-02,BAJAJ-AUTO,1.0,0.0,0.0,0.4,,,,,True
2024-10-02,HDFCBANK,,,,,,,,,True
2024-10-02,HINDUNILVR,0.0,0.0,1.0,0.25,,,,,True
2024-10-02,ICICIBANK,0.0,0.0,1.0,0.25,,,,,True
2024-10-02,ITC,0.0,0.0,1.0,0.25,1.0,0.5,0.0,True,False
2024-10-02,KOTAKBANK,0.0,0.0,1.0,0.25,,,,,True
2024-10-02,M&M,0.0,0.0,1.0,0.25,,,,,True
2024-10-02,MARUTI,0.0,0.0,1.0,0.25,,,,,True
2024-10-02,NTPC,0.0,0.0,1.0,0.25,1.0,0.5,0.0,True,False
2024-10-02,ONGC,,,,,,,,,True
2024-10-02,POWERGRID,0.5,0.5,0.5,0.5,,,,,True
2024-10-02,RELIANCE,,,,,,,,,True
2024-10-02,SBIN,,,,,,,,,True
2024-10-02,TATAMOTORS,1.0,1.0,0.0,0.75,,,,,True
2024-10-02,TCS,,,,,,,,,True
2024-10-02,WIPRO,,,,,,,,,True
2024-10-02,CIPLA,,,,,,,,,True
2024-10-02,INFY,,,,,,,,,True
2024-10-02,DRREDDY,1.0,0.0,0.0,0.4,,,,,True
2024-10-02,HCLTECH,,,,,,,,,True
2024-10-02,TECHM,,,,,,,,,True
2024-10-02,SUNPHARMA,1.0,1.0,0.0,0.75,1.0,1.0,0.0,True,False
2024-10-03,ADANIGREEN,,,,,,,,,True
2024-10-03,ASIANPAINT,0.5,0.5,0.0,0.375,,,,,True
2024-10-03,AXISBANK,0.0,0.0,1.0,0.25,,,,,True
2024-10-03,BAJAJ-AUTO,1.0,0.0,0.0,0.4,,,,,True
2024-10-03,HDFCBANK,,,,,,,,,True
2024-10-03,HINDUNILVR,0.0,0.0,1.0,0.25,,,,,True
2024-10-03,ICICIBANK,0.0,0.0,1.0,0.25,,,,,True
2024-10-03,ITC,-1.0,0.0,0.0,-0.4,1.0,1.0,0.0,True,False
2024-10-03,KOTAKBANK,0.0,0.0,1.0,0.25,,,,,True
2024-10-03,M&M,0.0,0.0,1.0,0.25,1.0,0.5,0.0,True,False
2024-10-03,MARUTI,0.0,0.0,1.0,0.25,,,,,True
2024-10-03,NTPC,0.0,0.0,1.0,0.25,,,,,True
2024-10-03,ONGC,,,,,,,,,True
2024-10-03,POWERGRID,-1.0,0.0,0.0,-0.4,1.0,1.0,0.0,True,False
2024-10-03,RELIANCE,,,,,,,,,True
2024-10-03,SBIN,,,,,,,,,True
2024-10-03,TATAMOTORS,1.0,1.0,0.0,0.75,,,,,True
2024-10-03,TCS,0.0,0.0,0.0,0.0,1.0,0.5,0.0,True,False
2024-10-03,WIPRO,0.0,0.0,1.0,0.25,1.0,0.5,0.0,True,False
2024-10-03,CIPLA,,,,,,,,,True
2024-10-03,INFY,,,,,,,,,True
2024-10-03,DRREDDY,1.0,0.0,0.0,0.4,,,,,True
2024-10-03,HCLTECH,,,,,,,,,True
2024-10-03,TECHM,,,,,,,,,True
2024-10-03,SUNPHARMA,1.0,1.0,0.0,0.75,,,,,True
2024-10-04,ADANIGREEN,,,,,,,,,True
2024-10-04,ASIANPAINT,0.5,0.5,0.0,0.375,,,,,True
2024-10-04,AXISBANK,0.0,0.0,1.0,0.25,,,,,True
2024-10-04,BAJAJ-AUTO,,,,,,,,,True
2024-10-04,HDFCBANK,,,,,,,,,True
2024-10-04,HINDUNILVR,0.0,0.0,1.0,0.25,,,,,True
2024-10-04,ICICIBANK,,,,,,,,,True
2024-10-04,ITC,-1.0,0.0,0.0,-0.4,,,,,True
2024-10-04,KOTAKBANK,0.0,0.0,1.0,0.25,,,,,True
2024-10-04,M&M,0.0,0.0,1.0,0.25,,,,,True
2024-10-04,MARUTI,0.0,0.0,1.0,0.25,,,,,True
2024-10-04,NTPC,0.0,0.0,1.0,0.25,,,,,True
2024-10-04,ONGC,,,,,,,,,True
2024-10-04,POWERGRID,-1.0,0.0,0.0,-0.4,,,,,True
2024-10-04,RELIANCE,,,,,,,,,True
2024-10-04,SBIN,,,,,,,,,True
2024-10-04,TATAMOTORS,,,,,,,,,True
2024-10-04,TCS,0.0,0.0,0.0,0.0,,,,,True
2024-10-04,WIPRO,0.0,0.0,1.0,0.25,,,,,True
2024-10-04,CIPLA,,,,,,,,,True
2024-10-04,INFY,,,,,,,,,True
2024-10-04,DRREDDY,,,,,,,,,True
2024-10-04,HCLTECH,,,,,,,,,True
2024-10-04,TECHM,,,,,,,,,True
2024-10-04,SUNPHARMA,1.0,1.0,0.0,0.75,,,,,True
2024-10-07,ADANIGREEN,,,,,,,,,True
2024-10-07,ASIANPAINT,0.5,0.5,0.0,0.375,,,,,True
2024-10-07,AXISBANK,0.0,0.0,1.0,0.25,,,,,True
2024-10-07,BAJAJ-AUTO,-1.0,0.0,0.0,-0.4,1.0,1.0,0.0,True,False
2024-10-07,HDFCBANK,,,,,,,,,True
2024-10-07,HINDUNILVR,0.0,0.0,1.0,0.25,,,,,True
2024-10-07,ICICIBANK,,,,,,,,,True
2024-10-07,ITC,-1.0,0.0,0.0,-0.4,,,,,True
2024-10-07,KOTAKBANK,0.0,0.0,1.0,0.25,,,,,True
2024-10-07,M&M,0.0,0.0,1.0,0.25,,,,,True
2024-10-07,MARUTI,0.0,0.0,1.0,0.25,,,,,True
2024-10-07,NTPC,0.0,0.0,1.0,0.25,,,,,True
2024-10-07,ONGC,,,,,,,,,True
2024-10-07,POWERGRID,-1.0,0.0,0.0,-0.4,,,,,True
2024-10-07,RELIANCE,,,,,,,,,True
2024-10-07,SBIN,,,,,,,,,True
2024-10-07,TATAMOTORS,,,,,,,,,True
2024-10-07,TCS,0.0,0.0,0.0,0.0,,,,,True
2024-10-07,WIPRO,0.0,0.0,1.0,0.25,,,,,True
2024-10-07,CIPLA,,,,,,,,,True
2024-10-07,INFY,,,,,,,,,True
2024-10-07,DRREDDY,,,,,,,,,True
2024-10-07,HCLTECH,,,,,,,,,True
2024-10-07,TECHM,,,,,,,,,True
2024-10-07,SUNPHARMA,1.0,1.0,0.0,0.75,,,,,True
2024-10-08,ADANIGREEN,,,,,,,,,True
2024-10-08,ASIANPAINT,0.5,0.5,0.0,0.375,,,,,True
2024-10-08,AXISBANK,1.0,1.0,0.0,0.75,1.0,1.0,0.0,True,False
2024-10-08,BAJAJ-AUTO,-1.0,0.0,0.0,-0.4,,,,,True
2024-10-08,HDFCBANK,,,,,,,,,True
2024-10-08,HINDUNILVR,-0.5,-0.5,0.0,-0.375,2.0,0.75,0.0,True,False
2024-10-08,ICICIBANK,,,,,,,,,True
2024-10-08,ITC,-1.0,0.0,0.0,-0.4,,,,,True
2024-10-08,KOTAKBANK,,,,,,,,,True
2024-10-08,M&M,0.5,0.0,0.0,0.2,2.0,0.75,0.0,True,False
2024-10-08,MARUTI,,,,,,,,,True
2024-10-08,NTPC,0.0,0.0,1.0,0.25,1.0,0.5,0.0,True,False
2024-10-08,ONGC,0.0,0.0,1.0,0.25,2.0,0.5,0.0,True,False
2024-10-08,POWERGRID,-1.0,0.0,0.0,-0.4,,,,,True
2024-10-08,RELIANCE,,,,,,,,,True
2024-10-08,SBIN,1.0,0.0,0.0,0.4,1.0,1.0,0.0,True,False
2024-10-08,TATAMOTORS,,,,,,,,,True
2024-10-08,TCS,0.0,0.0,0.0,0.0,,,,,True
2024-10-08,WIPRO,0.0,0.0,1.0,0.25,,,,,True
2024-10-08,CIPLA,1.0,0.0,0.0,0.4,1.0,1.0,0.0,True,False
2024-10-08,INFY,,,,,,,,,True
2024-10-08,DRREDDY,,,,,,,,,True
2024-10-08,HCLTECH,,,,,,,,,True
2024-10-08,TECHM,1.0,0.0,0.0,0.4,1.0,1.0,0.0,True,False
2024-10-08,SUNPHARMA,1.0,1.0,0.0,0.75,1.0,1.0,0.0,True,False
2024-10-09,ADANIGREEN,,,,,,,,,True
2024-10-09,ASIANPAINT,,,,,,,,,True
2024-10-09,AXISBANK,0.0,0.0,0.0,0.0,1.0,0.5,0.0,True,False
2024-10-09,BAJAJ-AUTO,0.5,0.5,0.5,0.5,2.0,0.75,0.0,True,False
2024-10-09,HDFCBANK,0.0,0.0,0.0,0.0,1.0,0.5,0.0,True,False
2024-10-09,HINDUNILVR,-0.5,-0.5,0.0,-0.375,,,,,True
2024-10-09,ICICIBANK,0.0,0.0,0.0,0.0,1.0,0.5,0.0,True,False
2024-10-09,ITC,-1.0,0.0,0.0,-0.4,,,,,True
2024-10-09,KOTAKBANK,0.0,0.0,0.0,0.0,1.0,0.5,0.0,True,False
2024-10-09,M&M,0.5,0.0,0.0,0.2,,,,,True
2024-10-09,MARUTI,,,,,,,,,True
2024-10-09,NTPC,0.0,0.0,1.0,0.25,,,,,True
2024-10-09,ONGC,0.0,0.0,1.0,0.25,,,,,True
2024-10-09,POWERGRID,-1.0,0.0,0.0,-0.4,,,,,True
2024-10-09,RELIANCE,,,,,,,,,True
2024-10-09,SBIN,0.0,0.0,0.0,0.0,1.0,0.5,0.0,True,False
2024-10-09,TATAMOTORS,0.0,0.0,0.0,0.0,1.0,0.5,0.0,True,False
2024-10-09,TCS,0.0,0.0,0.0,0.0,,,,,True
2024-10-09,WIPRO,0.0,0.0,1.0,0.25,,,,,True
2024-10-09,CIPLA,1.0,0.0,0.0,0.4,,,,,True
2024-10-09,INFY,,,,,,,,,True
2024-10-09,DRREDDY,0.0,0.0,0.0,0.0,1.0,0.5,0.0,True,False
2024-10-09,HCLTECH,0.0,0.0,1.0,0.25,1.0,0.5,0.0,True,False
2024-10-09,TECHM,1.0,0.0,0.0,0.4,,,,,True
2024-10-09,SUNPHARMA,-1.0,0.0,0.0,-0.4,1.0,1.0,0.0,True,False
2024-10-10,ADANIGREEN,,,,,,,,,True
2024-10-10,ASIANPAINT,,,,,,,,,True
2024-10-10,AXISBANK,0.0,0.0,0.0,0.0,,,,,True
2024-10-10,BAJAJ-AUTO,0.5,0.5,0.5,0.5,,,,,True
2024-10-10,HDFCBANK,0.0,0.0,0.0,0.0,,,,,True
2024-10-10,HINDUNILVR,-0.5,-0.5,0.0,-0.375,,,,,True
2024-10-10,ICICIBANK,0.0,0.0,0.0,0.0,,,,,True
2024-10-10,ITC,-1.0,0.0,0.0,-0.4,,,,,True
2024-10-10,KOTAKBANK,0.0,0.0,0.0,0.0,,,,,True
2024-10-10,M&M,1.0,1.0,0.0,0.75,1.0,1.0,0.0,True,False
2024-10-10,MARUTI,,,,,,,,,True
2024-10-10,NTPC,0.0,0.0,1.0,0.25,,,,,True
2024-10-10,ONGC,0.0,0.0,1.0,0.25,,,,,True
2024-10-10,POWERGRID,-1.0,0.0,0.0,-0.4,,,,,True
2024-10-10,RELIANCE,,,,,,,,,True
2024-10-10,SBIN,0.0,0.0,0.0,0.0,1.0,0.5,0.0,True,False
2024-10-10,TATAMOTORS,0.0,0.0,0.0,0.0,,,,,True
2024-10-10,TCS,0.0,0.0,0.0,0.0,,,,,True
2024-10-10,WIPRO,0.0,0.0,1.0,0.25,,,,,True
2024-10-10,CIPLA,1.0,0.0,0.0,0.4,,,,,True
2024-10-10,INFY,,,,,,,,,True
2024-10-10,DRREDDY,0.0,0.0,0.0,0.0,,,,,True
2024-10-10,HCLTECH,0.0,0.0,1.0,0.25,,,,,True
2024-10-10,TECHM,1.0,0.0,0.0,0.4,,,,,True
2024-10-10,SUNPHARMA,-1.0,0.0,0.0,-0.4,,,,,True
2024-10-11,ADANIGREEN,,,,,,,,,True
2024-10-11,ASIANPAINT,,,,,,,,,True
2024-10-11,AXISBANK,0.0,0.0,0.0,0.0,,,,,True
2024-10-11,BAJAJ-AUTO,0.5,0.5,0.5,0.5,,,,,True
2024-10-11,HDFCBANK,0.0,0.0,0.0,0.0,,,,,True
2024-10-11,HINDUNILVR,-0.5,-0.5,0.0,-0.375,,,,,True
2024-10-11,ICICIBANK,0.0,0.0,0.0,0.0,,,,,True
2024-10-11,ITC,,,,,,,,,True
2024-10-11,KOTAKBANK,0.0,0.0,0.0,0.0,,,,,True
2024-10-11,M&M,1.0,1.0,0.0,0.75,,,,,True
2024-10-11,MARUTI,,,,,,,,,True
2024-10-11,NTPC,0.0,0.0,1.0,0.25,,,,,True
2024-10-11,ONGC,0.0,0.0,1.0,0.25,,,,,True
2024-10-11,POWERGRID,,,,,,,,,True
2024-10-11,RELIANCE,,,,,,,,,True
2024-10-11,SBIN,0.0,0.0,0.0,0.0,,,,,True
2024-10-11,TATAMOTORS,0.0,0.0,0.0,0.0,,,,,True
2024-10-11,TCS,,,,,,,,,True
2024-10-11,WIPRO,,,,,,,,,True
2024-10-11,CIPLA,1.0,0.0,0.0,0.4,,,,,True
2024-10-11,INFY,,,,,,,,,True
2024-10-11,DRREDDY,0.0,0.0,0.0,0.0,,,,,True
2024-10-11,HCLTECH,0.0,0.0,1.0,0.25,,,,,True
2024-10-11,TECHM,1.0,0.0,0.0,0.4,,,,,True
2024-10-11,SUNPHARMA,-1.0,0.0,0.0,-0.4,,,,,True
2024-10-14,ADANIGREEN,0.0,0.0,1.0,0.25,1.0,0.5,0.0,True,False
2024-10-14,ASIANPAINT,0.0,0.0,0.0,0.0,1.0,0.5,0.0,True,False
2024-10-14,AXISBANK,0.0,0.0,0.0,0.0,1.0,0.5,0.0,True,False
2024-10-14,BAJAJ-AUTO,0.0,0.0,0.0,0.0,1.0,0.5,0.0,True,False
2024-10-14,HDFCBANK,0.0,0.0,0.0,0.0,,,,,True
2024-10-14,HINDUNILVR,-0.5,-0.5,0.0,-0.375,,,,,True
2024-10-14,ICICIBANK,0.0,0.0,0.0,0.0,,,,,True
2024-10-14,ITC,,,,,,,,,True
2024-10-14,KOTAKBANK,0.0,0.0,0.0,0.0,,,,,True
2024-10-14,M&M,1.0,0.0,0.0,0.4,1.0,1.0,0.0,True,False
2024-10-14,MARUTI,,,,,,,,,True
2024-10-14,NTPC,0.0,0.0,1.0,0.25,,,,,True
2024-10-14,ONGC,0.0,0.0,1.0,0.25,1.0,0.5,0.0,True,False
2024-10-14,POWERGRID,,,,,,,,,True
2024-10-14,RELIANCE,,,,,,,,,True
2024-10-14,SBIN,1.0,1.0,0.0,0.75,1.0,1.0,0.0,True,False
2024-10-14,TATAMOTORS,-1.0,0.0,0.0,-0.4,1.0,1.0,0.0,True,False
2024-10-14,TCS,0.0,0.0,0.0,0.0,1.0,0.5,0.0,True,False
2024-10-14,WIPRO,,,,,,,,,True
2024-10-14,CIPLA,1.0,0.0,0.0,0.4,,,,,True
2024-10-14,INFY,,,,,,,,,True
2024-10-14,DRREDDY,0.0,0.0,0.0,0.0,,,,,True
2024-10-14,HCLTECH,0.0,0.0,1.0,0.25,,,,,True
2024-10-14,TECHM,1.0,0.0,0.0,0.4,,,,,True
2024-10-14,SUNPHARMA,1.0,0.0,0.0,0.4,1.0,1.0,0.0,True,False
2024-10-15,ADANIGREEN,0.0,0.0,1.0,0.25,,,,,True
2024-10-15,ASIANPAINT,0.0,0.0,0.0,0.0,,,,,True
2024-10-15,AXISBANK,0.0,0.0,1.0,0.25,1.0,0.5,0.0,True,False
2024-10-15,BAJAJ-AUTO,0.0,0.0,0.0,0.0,,,,,True
2024-10-15,HDFCBANK,0.0,0.0,0.0,0.0,,,,,True
2024-10-15,HINDUNILVR,-0.5,-0.5,0.0,-0.375,,,,,True
2024-10-15,ICICIBANK,0.0,0.0,0.0,0.0,,,,,True
2024-10-15,ITC,,,,,,,,,True
2024-10-15,KOTAKBANK,0.0,0.0,1.0,0.25,1.0,0.5,0.0,True,False
2024-10-15,M&M,0.0,0.0,1.0,0.25,1.0,0.5,0.0,True,False
2024-10-15,MARUTI,,,,,,,,,True
2024-10-15,NTPC,0.0,0.0,1.0,0.25,,,,,True
2024-10-15,ONGC,0.0,0.0,1.0,0.25,,,,,True
2024-10-15,POWERGRID,,,,,,,,,True
2024-10-15,RELIANCE,,,,,,,,,True
2024-10-15,SBIN,1.0,1.0,0.0,0.75,,,,,True
2024-10-15,TATAMOTORS,-1.0,0.0,0.0,-0.4,,,,,True
2024-10-15,TCS,-1.0,0.0,0.0,-0.4,1.0,1.0,0.0,True,False
2024-10-15,WIPRO,,,,,,,,,True
2024-10-15,CIPLA,1.0,0.0,0.0,0.4,,,,,True
2024-10-15,INFY,,,,,,,,,True
2024-10-15,DRREDDY,0.0,0.0,0.0,0.0,,,,,True
2024-10-15,HCLTECH,0.0,0.0,1.0,0.25,,,,,True
2024-10-15,TECHM,1.0,0.0,0.0,0.4,,,,,True
2024-10-15,SUNPHARMA,0.0,0.0,1.0,0.25,1.0,0.5,0.0,True,False
2024-10-16,ADANIGREEN,0.0,0.0,1.0,0.25,,,,,True
2024-10-16,ASIANPAINT,0.0,0.0,0.0,0.0,,,,,True
2024-10-16,AXISBANK,0.0,0.0,1.0,0.25,,,,,True
2024-10-16,BAJAJ-AUTO,0.0,0.0,0.0,0.0,,,,,True
2024-10-16,HDFCBANK,0.0,0.0,0.0,0.0,,,,,True
2024-10-16,HINDUNILVR,,,,,,,,,True
2024-10-16,ICICIBANK,0.0,0.0,0.0,0.0,,,,,True
2024-10-16,ITC,,,,,,,,,True
2024-10-16,KOTAKBANK,0.0,0.0,1.0,0.25,,,,,True
2024-10-16,M&M,0.0,0.0,1.0,0.25,,,,,True
2024-10-16,MARUTI,,,,,,,,,True
2024-10-16,NTPC,1.0,0.5,1.0,0.825,2.0,1.0,0.0,False,False
2024-10-16,ONGC,0.0,0.0,1.0,0.25,,,,,True
2024-10-16,POWERGRID,,,,,,,,,True
2024-10-16,RELIANCE,,,,,,,,,True
2024-10-16,SBIN,1.0,1.0,0.0,0.75,,,,,True
2024-10-16,TATAMOTORS,-1.0,0.0,0.0,-0.4,,,,,True
2024-10-16,TCS,-1.0,0.0,0.0,-0.4,,,,,True
2024-10-16,WIPRO,,,,,,,,,True
2024-10-16,CIPLA,0.0,0.0,1.0,0.25,1.0,0.5,0.0,True,False
2024-10-16,INFY,,,,,,,,,True
2024-10-16,DRREDDY,0.0,0.0,0.0,0.0,,,,,True
2024-10-16,HCLTECH,0.0,0.0,1.0,0.25,,,,,True
2024-10-16,TECHM,,,,,,,,,True
2024-10-16,SUNPHARMA,0.0,0.0,1.0,0.25,,,,,True
2024-10-17,ADANIGREEN,0.0,0.0,1.0,0.25,,,,,True
2024-10-17,ASIANPAINT,0.0,0.0,0.0,0.0,,,,,True
2024-10-17,AXISBANK,0.0,0.0,1.0,0.25,,,,,True
2024-10-17,BAJAJ-AUTO,0.0,0.0,0.0,0.0,1.0,0.5,0.0,True,False
2024-10-17,HDFCBANK,,,,,,,,,True
2024-10-17,HINDUNILVR,,,,,,,,,True
2024-10-17,ICICIBANK,,,,,,,,,True
2024-10-17,ITC,,,,,,,,,True
2024-10-17,KOTAKBANK,1.0,1.0,0.0,0.75,1.0,1.0,0.0,True,False
2024-10-17,M&M,1.0,1.0,0.0,0.75,1.0,1.0,0.0,True,False
2024-10-17,MARUTI,0.0,0.0,0.0,0.0,1.0,0.5,0.0,True,False
2024-10-17,NTPC,1.0,0.5,1.0,0.825,,,,,True
2024-10-17,ONGC,-1.0,0.0,0.0,-0.4,1.0,1.0,0.0,True,False
2024-10-17,POWERGRID,,,,,,,,,True
2024-10-17,RELIANCE,,,,,,,,,True
2024-10-17,SBIN,1.0,1.0,0.0,0.75,,,,,True
2024-10-17,TATAMOTORS,-1.0,0.0,0.0,-0.4,,,,,True
2024-10-17,TCS,-1.0,0.0,0.0,-0.4,,,,,True
2024-10-17,WIPRO,,,,,,,,,True
2024-10-17,CIPLA,0.0,0.0,1.0,0.25,,,,,True
2024-10-17,INFY,-0.5,0.0,0.0,-0.2,2.0,0.75,0.0,True,False
2024-10-17,DRREDDY,0.0,0.0,1.0,0.25,1.0,0.5,0.0,True,False
2024-10-17,HCLTECH,,,,,,,,,True
2024-10-17,TECHM,,,,,,,,,True
2024-10-17,SUNPHARMA,0.0,0.0,1.0,0.25,,,,,True
2024-10-18,ADANIGREEN,0.0,0.0,1.0,0.25,,,,,True
2024-10-18,ASIANPAINT,0.0,0.0,0.0,0.0,,,,,True
2024-10-18,AXISBANK,0.0,0.0,1.0,0.25,,,,,True
2024-10-18,BAJAJ-AUTO,0.0,0.0,0.0,0.0,,,,,True
2024-10-18,HDFCBANK,,,,,,,,,True
2024-10-18,HINDUNILVR,,,,,,,,,True
2024-10-18,ICICIBANK,,,,,,,,,True
2024-10-18,ITC,,,,,,,,,True
2024-10-18,KOTAKBANK,1.0,1.0,0.0,0.75,,,,,True
2024-10-18,M&M,1.0,1.0,0.0,0.75,,,,,True
2024-10-18,MARUTI,0.0,0.0,0.0,0.0,,,,,True
2024-10-18,NTPC,1.0,0.5,1.0,0.825,,,,,True
2024-10-18,ONGC,-1.0,0.0,0.0,-0.4,,,,,True
2024-10-18,POWERGRID,,,,,,,,,True
2024-10-18,RELIANCE,,,,,,,,,True
2024-10-18,SBIN,1.0,1.0,0.0,0.75,,,,,True
2024-10-18,TATAMOTORS,-1.0,0.0,0.0,-0.4,,,,,True
2024-10-18,TCS,-1.0,0.0,0.0,-0.4,,,,,True
2024-10-18,WIPRO,,,,,,,,,True
2024-10-18,CIPLA,0.0,0.0,1.0,0.25,,,,,True
2024-10-18,INFY,-0.5,0.0,0.0,-0.2,,,,,True
2024-10-18,DRREDDY,0.0,0.0,1.0,0.25,,,,,True
2024-10-18,HCLTECH,,,,,,,,,True
2024-10-18,TECHM,,,,,,,,,True
2024-10-18,SUNPHARMA,0.0,0.0,1.0,0.25,,,,,True
2024-10-21,ADANIGREEN,0.0,0.0,1.0,0.25,1.0,0.5,0.0,True,False
2024-10-21,ASIANPAINT,0.0,0.0,0.0,0.0,,,,,True
2024-10-21,AXISBANK,0.0,0.0,1.0,0.25,,,,,True
2024-10-21,BAJAJ-AUTO,0.0,0.0,0.0,0.0,,,,,True
2024-10-21,HDFCBANK,,,,,,,,,True
2024-10-21,HINDUNILVR,,,,,,,,,True
2024-10-21,ICICIBANK,,,,,,,,,True
2024-10-21,ITC,,,,,,,,,True
2024-10-21,KOTAKBANK,1.0,1.0,0.0,0.75,,,,,True
2024-10-21,M&M,1.0,1.0,0.0,0.75,,,,,True
2024-10-21,MARUTI,0.0,0.0,0.0,0.0,,,,,True
2024-10-21,NTPC,1.0,0.5,1.0,0.825,,,,,True
2024-10-21,ONGC,-1.0,0.0,0.0,-0.4,,,,,True
2024-10-21,POWERGRID,,,,,,,,,True
2024-10-21,RELIANCE,,,,,,,,,True
2024-10-21,SBIN,1.0,1.0,0.0,0.75,,,,,True
2024-10-21,TATAMOTORS,-1.0,0.0,0.0,-0.4,,,,,True
2024-10-21,TCS,-1.0,0.0,0.0,-0.4,,,,,True
2024-10-21,WIPRO,1.0,0.0,0.0,0.4,1.0,1.0,0.0,True,False
2024-10-21,CIPLA,0.0,0.0,1.0,0.25,,,,,True
2024-10-21,INFY,-0.5,0.0,0.0,-0.2,,,,,True
2024-10-21,DRREDDY,0.0,0.0,1.0,0.25,,,,,True
2024-10-21,HCLTECH,,,,,,,,,True
2024-10-21,TECHM,,,,,,,,,True
2024-10-21,SUNPHARMA,0.0,0.0,1.0,0.25,,,,,True
2024-10-22,ADANIGREEN,0.0,0.0,1.0,0.25,,,,,True
2024-10-22,ASIANPAINT,,,,,,,,,True
2024-10-22,AXISBANK,0.0,0.0,1.0,0.25,,,,,True
2024-10-22,BAJAJ-AUTO,0.0,0.0,0.0,0.0,,,,,True
2024-10-22,HDFCBANK,,,,,,,,,True
2024-10-22,HINDUNILVR,0.0,0.0,0.0,0.0,1.0,0.5,0.0,True,False
2024-10-22,ICICIBANK,,,,,,,,,True
2024-10-22,ITC,,,,,,,,,True
2024-10-22,KOTAKBANK,1.0,1.0,0.0,0.75,,,,,True
2024-10-22,M&M,1.0,1.0,0.0,0.75,,,,,True
2024-10-22,MARUTI,0.0,0.0,0.0,0.0,,,,,True
2024-10-22,NTPC,1.0,0.5,1.0,0.825,,,,,True
2024-10-22,ONGC,-1.0,0.0,0.0,-0.4,,,,,True
2024-10-22,POWERGRID,,,,,,,,,True
2024-10-22,RELIANCE,,,,,,,,,True
2024-10-22,SBIN,0.0,0.0,1.0,0.25,1.0,0.5,0.0,True,False
2024-10-22,TATAMOTORS,1.0,1.0,0.0,0.75,1.0,1.0,0.0,True,False
2024-10-22,TCS,-1.0,0.0,0.0,-0.4,,,,,True
2024-10-22,WIPRO,1.0,0.0,0.0,0.4,,,,,True
2024-10-22,CIPLA,0.0,0.0,1.0,0.25,,,,,True
2024-10-22,INFY,-0.5,0.0,0.0,-0.2,,,,,True
2024-10-22,DRREDDY,0.0,0.0,1.0,0.25,,,,,True
2024-10-22,HCLTECH,1.0,0.0,0.0,0.4,1.0,1.0,0.0,True,False
2024-10-22,TECHM,,,,,,,,,True
2024-10-22,SUNPHARMA,0.0,0.0,1.0,0.25,,,,,True
2024-10-23,ADANIGREEN,0.0,0.0,1.0,0.25,,,,,True
2024-10-23,ASIANPAINT,1.0,1.0,0.0,0.75,1.0,1.0,0.0,True,False
2024-10-23,AXISBANK,0.0,0.0,1.0,0.25,1.0,0.5,0.0,True,False
2024-10-23,BAJAJ-AUTO,0.0,0.0,0.0,0.0,,,,,True
2024-10-23,HDFCBANK,0.0,0.0,1.0,0.25,1.0,0.5,0.0,True,False
2024-10-23,HINDUNILVR,0.0,0.0,0.0,0.0,,,,,True
2024-10-23,ICICIBANK,,,,,,,,,True
2024-10-23,ITC,,,,,,,,,True
2024-10-23,KOTAKBANK,1.0,1.0,0.0,0.75,,,,,True
2024-10-23,M&M,0.0,0.0,0.0,0.0,1.0,0.5,0.0,True,False
2024-10-23,MARUTI,0.0,0.0,0.0,0.0,,,,,True
2024-10-23,NTPC,1.0,0.5,1.0,0.825,,,,,True
2024-10-23,ONGC,-1.0,0.0,0.0,-0.4,,,,,True
2024-10-23,POWERGRID,-1.0,0.0,0.0,-0.4,1.0,1.0,0.0,True,False
2024-10-23,RELIANCE,0.0,0.0,1.0,0.25,1.0,0.5,0.0,True,False
2024-10-23,SBIN,0.0,0.0,0.0,0.0,1.0,0.5,0.0,True,False
2024-10-23,TATAMOTORS,0.0,0.0,0.0,0.0,1.0,0.5,0.0,True,False
2024-10-23,TCS,,,,,,,,,True
2024-10-23,WIPRO,1.0,0.0,0.0,0.4,,,,,True
2024-10-23,CIPLA,0.0,0.0,1.0,0.25,,,,,True
2024-10-23,INFY,-0.5,0.0,0.0,-0.2,,,,,True
2024-10-23,DRREDDY,0.0,0.0,1.0,0.25,1.0,0.5,0.0,True,False
2024-10-23,HCLTECH,1.0,0.0,0.0,0.4,,,,,True
2024-10-23,TECHM,,,,,,,,,True
2024-10-23,SUNPHARMA,,,,,,,,,True
2024-10-24,ADANIGREEN,0.0,0.0,1.0,0.25,,,,,True
2024-10-24,ASIANPAINT,1.0,1.0,0.0,0.75,,,,,True
2024-10-24,AXISBANK,0.0,0.0,1.0,0.25,,,,,True
2024-10-24,BAJAJ-AUTO,0.5,0.5,0.0,0.375,2.0,0.75,0.0,True,False
2024-10-24,HDFCBANK,0.0,0.0,1.0,0.25,,,,,True
2024-10-24,HINDUNILVR,1.0,1.0,0.0,0.75,1.0,1.0,0.0,True,False
2024-10-24,ICICIBANK,,,,,,,,,True
2024-10-24,ITC,,,,,,,,,True
2024-10-24,KOTAKBANK,1.0,1.0,0.0,0.75,,,,,True
2024-10-24,M&M,0.0,0.0,0.0,0.0,1.0,0.5,0.0,True,False
2024-10-24,MARUTI,1.0,1.0,0.0,0.75,1.0,1.0,0.0,True,False
2024-10-24,NTPC,,,,,,,,,True
2024-10-24,ONGC,-1.0,0.0,0.0,-0.4,,,,,True
2024-10-24,POWERGRID,-1.0,0.0,0.0,-0.4,,,,,True
2024-10-24,RELIANCE,0.0,0.0,1.0,0.25,,,,,True
2024-10-24,SBIN,0.0,0.0,0.0,0.0,,,,,True
2024-10-24,TATAMOTORS,0.0,0.0,0.0,0.0,,,,,True
2024-10-24,TCS,,,,,,,,,True
2024-10-24,WIPRO,1.0,0.0,0.0,0.4,,,,,True
2024-10-24,CIPLA,,,,,,,,,True
2024-10-24,INFY,-0.5,0.0,0.0,-0.2,,,,,True
2024-10-24,DRREDDY,0.0,0.0,1.0,0.25,,,,,True
2024-10-24,HCLTECH,1.0,0.0,0.0,0.4,,,,,True
2024-10-24,TECHM,0.0,0.0,0.0,0.0,1.0,0.5,0.0,True,False
2024-10-24,SUNPHARMA,,,,,,,,,True
2024-10-25,ADANIGREEN,0.0,0.0,1.0,0.25,,,,,True
2024-10-25,ASIANPAINT,1.0,1.0,0.0,0.75,,,,,True
2024-10-25,AXISBANK,0.0,0.0,1.0,0.25,,,,,True
2024-10-25,BAJAJ-AUTO,0.5,0.5,0.0,0.375,,,,,True
2024-10-25,HDFCBANK,0.0,0.0,1.0,0.25,,,,,True
2024-10-25,HINDUNILVR,1.0,1.0,0.0,0.75,,,,,True
2024-10-25,ICICIBANK,,,,,,,,,True
2024-10-25,ITC,,,,,,,,,True
2024-10-25,KOTAKBANK,,,,,,,,,True
2024-10-25,M&M,0.0,0.0,0.0,0.0,,,,,True
2024-10-25,MARUTI,1.0,1.0,0.0,0.75,,,,,True
2024-10-25,NTPC,,,,,,,,,True
2024-10-25,ONGC,,,,,,,,,True
2024-10-25,POWERGRID,-1.0,0.0,0.0,-0.4,,,,,True
2024-10-25,RELIANCE,0.0,0.0,1.0,0.25,,,,,True
2024-10-25,SBIN,0.0,0.0,0.0,0.0,,,,,True
2024-10-25,TATAMOTORS,0.0,0.0,0.0,0.0,,,,,True
2024-10-25,TCS,,,,,,,,,True
2024-10-25,WIPRO,1.0,0.0,0.0,0.4,,,,,True
2024-10-25,CIPLA,,,,,,,,,True
2024-10-25,INFY,,,,,,,,,True
2024-10-25,DRREDDY,0.0,0.0,1.0,0.25,,,,,True
2024-10-25,HCLTECH,1.0,0.0,0.0,0.4,,,,,True
2024-10-25,TECHM,0.0,0.0,0.0,0.0,,,,,True
2024-10-25,SUNPHARMA,,,,,,,,,True
2024-10-28,ADANIGREEN,0.0,0.0,1.0,0.25,,,,,True
2024-10-28,ASIANPAINT,1.0,1.0,0.0,0.75,,,,,True
2024-10-28,AXISBANK,0.0,0.0,1.0,0.25,,,,,True
2024-10-28,BAJAJ-AUTO,1.0,1.0,0.0,0.75,1.0,1.0,0.0,True,False
2024-10-28,HDFCBANK,0.0,0.0,1.0,0.25,,,,,True
2024-10-28,HINDUNILVR,1.0,1.0,0.0,0.75,1.0,1.0,0.0,True,False
2024-10-28,ICICIBANK,,,,,,,,,True
2024-10-28,ITC,,,,,,,,,True
2024-10-28,KOTAKBANK,,,,,,,,,True
2024-10-28,M&M,0.0,0.0,0.0,0.0,,,,,True
2024-10-28,MARUTI,1.0,1.0,0.0,0.75,,,,,True
2024-10-28,NTPC,0.0,0.0,1.0,0.25,1.0,0.5,0.0,True,False
2024-10-28,ONGC,,,,,,,,,True
2024-10-28,POWERGRID,0.0,0.0,0.0,0.0,1.0,0.5,0.0,True,False
2024-10-28,RELIANCE,1.0,1.0,0.0,0.75,1.0,1.0,0.0,True,False
2024-10-28,SBIN,0.0,0.0,0.0,0.0,,,,,True
2024-10-28,TATAMOTORS,0.0,0.0,0.0,0.0,,,,,True
2024-10-28,TCS,,,,,,,,,True
2024-10-28,WIPRO,1.0,0.0,0.0,0.4,,,,,True
2024-10-28,CIPLA,,,,,,,,,True
2024-10-28,INFY,,,,,,,,,True
2024-10-28,DRREDDY,0.0,0.0,1.0,0.25,,,,,True
2024-10-28,HCLTECH,1.0,0.0,0.0,0.4,,,,,True
2024-10-28,TECHM,0.0,0.0,0.0,0.0,,,,,True
2024-10-28,SUNPHARMA,,,,,,,,,True
2024-10-29,ADANIGREEN,1.0,1.0,1.0,1.0,1.0,1.0,0.0,True,False
2024-10-29,ASIANPAINT,1.0,1.0,0.0,0.75,,,,,True
2024-10-29,AXISBANK,0.0,0.0,1.0,0.25,,,,,True
2024-10-29,BAJAJ-AUTO,1.0,1.0,0.0,0.75,,,,,True
2024-10-29,HDFCBANK,0.0,0.0,1.0,0.25,,,,,True
2024-10-29,HINDUNILVR,1.0,1.0,0.0,0.75,,,,,True
2024-10-29,ICICIBANK,,,,,,,,,True
2024-10-29,ITC,0.0,0.0,0.0,0.0,1.0,0.5,0.0,True,False
2024-10-29,KOTAKBANK,0.0,0.0,0.0,0.0,1.0,0.5,0.0,True,False
2024-10-29,M&M,0.0,0.0,0.0,0.0,1.0,0.5,0.0,True,False
2024-10-29,MARUTI,0.0,0.0,1.0,0.25,1.0,0.5,0.0,True,False
2024-10-29,NTPC,0.0,0.0,1.0,0.25,,,,,True
2024-10-29,ONGC,,,,,,,,,True
2024-10-29,POWERGRID,0.0,0.0,0.0,0.0,,,,,True
2024-10-29,RELIANCE,1.0,1.0,0.0,0.75,,,,,True
2024-10-29,SBIN,0.0,0.0,0.0,0.0,,,,,True
2024-10-29,TATAMOTORS,0.0,0.0,0.0,0.0,,,,,True
2024-10-29,TCS,1.0,1.0,0.0,0.75,1.0,1.0,0.0,True,False
2024-10-29,WIPRO,,,,,,,,,True
2024-10-29,CIPLA,,,,,,,,,True
2024-10-29,INFY,,,,,,,,,True
2024-10-29,DRREDDY,0.0,0.0,0.0,0.0,1.0,0.5,0.0,True,False
2024-10-29,HCLTECH,1.0,0.0,0.0,0.4,,,,,True
2024-10-29,TECHM,0.0,0.0,0.0,0.0,,,,,True
2024-10-29,SUNPHARMA,,,,,,,,,True
2024-10-30,ADANIGREEN,0.0,0.0,1.0,0.25,1.0,0.5,0.0,True,False
2024-10-30,ASIANPAINT,1.0,1.0,0.0,0.75,,,,,True
2024-10-30,AXISBANK,0.0,0.0,1.0,0.25,,,,,True
2024-10-30,BAJAJ-AUTO,1.0,1.0,0.0,0.75,,,,,True
2024-10-30,HDFCBANK,0.0,0.0,1.0,0.25,,,,,True
2024-10-30,HINDUNILVR,1.0,1.0,0.0,0.75,,,,,True
2024-10-30,ICICIBANK,,,,,,,,,True
2024-10-30,ITC,0.0,0.0,0.0,0.0,,,,,True
2024-10-30,KOTAKBANK,0.0,0.0,0.0,0.0,,,,,True
2024-10-30,M&M,0.0,0.0,0.0,0.0,,,,,True
2024-10-30,MARUTI,0.0,0.0,1.0,0.25,,,,,True
2024-10-30,NTPC,0.0,0.0,1.0,0.25,,,,,True
2024-10-30,ONGC,,,,,,,,,True
2024-10-30,POWERGRID,0.0,0.0,0.0,0.0,,,,,True
2024-10-30,RELIANCE,0.0,0.0,1.0,0.25,1.0,0.5,0.0,True,False
2024-10-30,SBIN,0.0,0.0,0.0,0.0,,,,,True
2024-10-30,TATAMOTORS,0.0,0.0,0.0,0.0,,,,,True
2024-10-30,TCS,1.0,1.0,0.0,0.75,,,,,True
2024-10-30,WIPRO,,,,,,,,,True
2024-10-30,CIPLA,,,,,,,,,True
2024-10-30,INFY,,,,,,,,,True
2024-10-30,DRREDDY,1.0,0.0,0.0,0.4,1.0,1.0,0.0,True,False
2024-10-30,HCLTECH,,,,,,,,,True
2024-10-30,TECHM,0.0,0.0,0.0,0.0,,,,,True
2024-10-30,SUNPHARMA,,,,,,,,,True
2024-10-31,ADANIGREEN,0.0,0.0,1.0,0.25,,,,,True
2024-10-31,ASIANPAINT,0.0,0.0,0.0,0.0,1.0,0.5,0.0,True,False
2024-10-31,AXISBANK,,,,,,,,,True
2024-10-31,BAJAJ-AUTO,1.0,1.0,0.0,0.75,,,,,True
2024-10-31,HDFCBANK,1.0,1.0,0.0,0.75,1.0,1.0,0.0,True,False
2024-10-31,HINDUNILVR,1.0,1.0,0.0,0.75,,,,,True
2024-10-31,ICICIBANK,,,,,,,,,True
2024-10-31,ITC,0.0,0.0,0.0,0.0,,,,,True
2024-10-31,KOTAKBANK,-1.0,0.0,0.0,-0.4,1.0,1.0,0.0,True,False
2024-10-31,M&M,-1.0,0.0,0.0,-0.4,1.0,1.0,0.0,True,False
2024-10-31,MARUTI,0.0,0.0,1.0,0.25,,,,,True
2024-10-31,NTPC,0.0,0.0,1.0,0.25,,,,,True
2024-10-31,ONGC,,,,,,,,,True
2024-10-31,POWERGRID,0.0,0.0,0.0,0.0,,,,,True
2024-10-31,RELIANCE,0.0,0.0,1.0,0.25,,,,,True
2024-10-31,SBIN,,,,,,,,,True
2024-10-31,TATAMOTORS,,,,,,,,,True
2024-10-31,TCS,1.0,1.0,0.0,0.75,,,,,True
2024-10-31,WIPRO,,,,,,,,,True
2024-10-31,CIPLA,,,,,,,,,True
2024-10-31,INFY,0.0,0.0,1.0,0.25,1.0,0.5,0.0,True,False
2024-10-31,DRREDDY,1.0,0.0,0.0,0.4,,,,,True
2024-10-31,HCLTECH,1.0,1.0,0.0,0.75,1.0,1.0,0.0,True,False
2024-10-31,TECHM,0.0,0.0,0.0,0.0,,,,,True
2024-10-31,SUNPHARMA,,,,,,,,,True
2024-11-01,ADANIGREEN,0.0,0.0,1.0,0.25,,,,,True
2024-11-01,ASIANPAINT,0.0,0.0,0.0,0.0,,,,,True
2024-11-01,AXISBANK,,,,,,,,,True
2024-11-01,BAJAJ-AUTO,1.0,1.0,0.0,0.75,,,,,True
2024-11-01,HDFCBANK,1.0,1.0,0.0,0.75,,,,,True
2024-11-01,HINDUNILVR,1.0,1.0,0.0,0.75,,,,,True
2024-11-01,ICICIBANK,,,,,,,,,True
2024-11-01,ITC,0.0,0.0,0.0,0.0,,,,,True
2024-11-01,KOTAKBANK,-1.0,0.0,0.0,-0.4,,,,,True
2024-11-01,M&M,-1.0,0.0,0.0,-0.4,,,,,True
2024-11-01,MARUTI,0.0,0.0,1.0,0.25,,,,,True
2024-11-01,NTPC,0.0,0.0,1.0,0.25,,,,,True
2024-11-01,ONGC,,,,,,,,,True
2024-11-01,POWERGRID,0.0,0.0,0.0,0.0,,,,,True
2024-11-01,RELIANCE,0.0,0.0,1.0,0.25,,,,,True
2024-11-01,SBIN,,,,,,,,,True
2024-11-01,TATAMOTORS,,,,,,,,,True
2024-11-01,TCS,1.0,1.0,0.0,0.75,,,,,True
2024-11-01,WIPRO,,,,,,,,,True
2024-11-01,CIPLA,,,,,,,,,True
2024-11-01,INFY,0.0,0.0,1.0,0.25,,,,,True
2024-11-01,DRREDDY,1.0,0.0,0.0,0.4,,,,,True
2024-11-01,HCLTECH,1.0,1.0,0.0,0.75,,,,,True
2024-11-01,TECHM,,,,,,,,,True
2024-11-01,SUNPHARMA,,,,,,,,,True
2024-11-04,ADANIGREEN,0.0,0.0,1.0,0.25,1.0,0.5,0.0,True,False
2024-11-04,ASIANPAINT,0.0,0.0,0.0,0.0,,,,,True
2024-11-04,AXISBANK,,,,,,,,,True
2024-11-04,BAJAJ-AUTO,1.0,1.0,0.0,0.75,,,,,True
2024-11-04,HDFCBANK,1.0,1.0,0.0,0.75,1.0,1.0,0.0,True,False
2024-11-04,HINDUNILVR,1.0,1.0,0.0,0.75,,,,,True
2024-11-04,ICICIBANK,0.5,0.5,0.0,0.375,2.0,0.75,0.0,True,False
2024-11-04,ITC,0.0,0.0,0.0,0.0,,,,,True
2024-11-04,KOTAKBANK,-1.0,0.0,0.0,-0.4,,,,,True
2024-11-04,M&M,0.0,0.0,1.0,0.25,2.0,0.5,0.0,True,False
2024-11-04,MARUTI,0.0,0.0,1.0,0.25,,,,,True
2024-11-04,NTPC,0.0,0.0,1.0,0.25,,,,,True
2024-11-04,ONGC,,,,,,,,,True
2024-11-04,POWERGRID,0.0,0.0,0.0,0.0,,,,,True
2024-11-04,RELIANCE,0.0,0.0,1.0,0.25,,,,,True
2024-11-04,SBIN,,,,,,,,,True
2024-11-04,TATAMOTORS,,,,,,,,,True
2024-11-04,TCS,1.0,1.0,0.0,0.75,,,,,True
2024-11-04,WIPRO,,,,,,,,,True
2024-11-04,CIPLA,,,,,,,,,True
2024-11-04,INFY,0.0,0.0,1.0,0.25,,,,,True
2024-11-04,DRREDDY,1.0,0.0,0.0,0.4,,,,,True
2024-11-04,HCLTECH,0.5,0.0,0.5,0.325,2.0,0.75,0.0,True,False
2024-11-04,TECHM,0.0,0.0,1.0,0.25,1.0,0.5,0.0,True,False
2024-11-04,SUNPHARMA,1.0,0.0,0.0,0.4,1.0,1.0,0.0,True,False
2024-11-05,ADANIGREEN,0.0,0.0,1.0,0.25,,,,,True
2024-11-05,ASIANPAINT,0.0,0.0,0.0,0.0,,,,,True
2024-11-05,AXISBANK,,,,,,,,,True
2024-11-05,BAJAJ-AUTO,,,,,,,,,True
2024-11-05,HDFCBANK,1.0,1.0,0.0,0.75,,,,,True
2024-11-05,HINDUNILVR,0.0,0.0,0.0,0.0,1.0,0.5,0.0,True,False
2024-11-05,ICICIBANK,1.0,1.0,0.0,0.75,1.0,1.0,0.0,True,False
2024-11-05,ITC,0.0,0.0,0.0,0.0,,,,,True
2024-11-05,KOTAKBANK,-1.0,0.0,0.0,-0.4,,,,,True
2024-11-05,M&M,0.0,0.0,1.0,0.25,,,,,True
2024-11-05,MARUTI,0.0,0.0,1.0,0.25,,,,,True
2024-11-05,NTPC,,,,,,,,,True
2024-11-05,ONGC,,,,,,,,,True
2024-11-05,POWERGRID,,,,,,,,,True
2024-11-05,RELIANCE,0.0,0.0,1.0,0.25,,,,,True
2024-11-05,SBIN,,,,,,,,,True
2024-11-05,TATAMOTORS,,,,,,,,,True
2024-11-05,TCS,1.0,1.0,0.0,0.75,,,,,True
2024-11-05,WIPRO,0.0,0.0,1.0,0.25,1.0,0.5,0.0,True,False
2024-11-05,CIPLA,,,,,,,,,True
2024-11-05,INFY,0.0,0.0,1.0,0.25,,,,,True
2024-11-05,DRREDDY,1.0,0.0,0.0,0.4,,,,,True
2024-11-05,HCLTECH,0.5,0.0,0.5,0.325,,,,,True
2024-11-05,TECHM,0.0,0.0,1.0,0.25,,,,,True
2024-11-05,SUNPHARMA,1.0,0.0,0.0,0.4,,,,,True
2024-11-06,ADANIGREEN,0.0,0.0,1.0,0.25,,,,,True
2024-11-06,ASIANPAINT,0.0,0.0,0.0,0.0,,,,,True
2024-11-06,AXISBANK,0.0,0.0,0.0,0.0,1.0,0.5,0.0,True,False
2024-11-06,BAJAJ-AUTO,,,,,,,,,True
2024-11-06,HDFCBANK,1.0,1.0,0.0,0.75,,,,,True
2024-11-06,HINDUNILVR,0.0,0.0,0.0,0.0,,,,,True
2024-11-06,ICICIBANK,1.0,1.0,0.0,0.75,,,,,True
2024-11-06,ITC,,,,,,,,,True
2024-11-06,KOTAKBANK,-1.0,0.0,0.0,-0.4,,,,,True
2024-11-06,M&M,0.0,0.0,1.0,0.25,,,,,True
2024-11-06,MARUTI,,,,,,,,,True
2024-11-06,NTPC,,,,,,,,,True
2024-11-06,ONGC,,,,,,,,,True
2024-11-06,POWERGRID,,,,,,,,,True
2024-11-06,RELIANCE,0.0,0.0,1.0,0.25,,,,,True
2024-11-06,SBIN,,,,,,,,,True
2024-11-06,TATAMOTORS,,,,,,,,,True
2024-11-06,TCS,,,,,,,,,True
2024-11-06,WIPRO,0.0,0.0,1.0,0.25,,,,,True
2024-11-06,CIPLA,,,,,,,,,True
2024-11-06,INFY,1.0,0.0,0.0,0.4,1.0,1.0,0.0,True,False
2024-11-06,DRREDDY,1.0,0.0,0.0,0.4,,,,,True
2024-11-06,HCLTECH,0.5,0.0,0.5,0.325,,,,,True
2024-11-06,TECHM,0.0,0.0,1.0,0.25,,,,,True
2024-11-06,SUNPHARMA,1.0,0.0,0.0,0.4,,,,,True
2024-11-07,ADANIGREEN,0.0,0.0,1.0,0.25,,,,,True
2024-11-07,ASIANPAINT,0.0,0.0,0.0,0.0,,,,,True
2024-11-07,AXISBANK,0.0,0.0,1.0,0.25,1.0,0.5,0.0,True,False
2024-11-07,BAJAJ-AUTO,,,,,,,,,True
2024-11-07,HDFCBANK,1.0,1.0,0.0,0.75,,,,,True
2024-11-07,HINDUNILVR,0.0,0.0,0.0,0.0,,,,,True
2024-11-07,ICICIBANK,1.0,0.0,0.0,0.4,1.0,1.0,0.0,True,False
2024-11-07,ITC,,,,,,,,,True
2024-11-07,KOTAKBANK,-1.0,0.0,0.0,-0.4,,,,,True
2024-11-07,M&M,0.0,0.0,1.0,0.25,,,,,True
2024-11-07,MARUTI,1.0,0.0,0.0,0.4,1.0,1.0,0.0,True,False
2024-11-07,NTPC,,,,,,,,,True
2024-11-07,ONGC,,,,,,,,,True
2024-11-07,POWERGRID,,,,,,,,,True
2024-11-07,RELIANCE,,,,,,,,,True
2024-11-07,SBIN,,,,,,,,,True
2024-11-07,TATAMOTORS,,,,,,,,,True
2024-11-07,TCS,,,,,,,,,True
2024-11-07,WIPRO,0.0,0.0,1.0,0.25,,,,,True
2024-11-07,CIPLA,,,,,,,,,True
2024-11-07,INFY,1.0,0.0,0.0,0.4,,,,,True
2024-11-07,DRREDDY,,,,,,,,,True
2024-11-07,HCLTECH,0.5,0.0,0.5,0.325,,,,,True
2024-11-07,TECHM,0.0,0.0,1.0,0.25,,,,,True
2024-11-07,SUNPHARMA,1.0,0.0,0.0,0.4,,,,,True
2024-11-08,ADANIGREEN,0.0,0.0,1.0,0.25,,,,,True
2024-11-08,ASIANPAINT,,,,,,,,,True
2024-11-08,AXISBANK,0.0,0.0,1.0,0.25,,,,,True
2024-11-08,BAJAJ-AUTO,,,,,,,,,True
2024-11-08,HDFCBANK,1.0,1.0,0.0,0.75,,,,,True
2024-11-08,HINDUNILVR,0.0,0.0,0.0,0.0,,,,,True
2024-11-08,ICICIBANK,1.0,0.0,0.0,0.4,,,,,True
2024-11-08,ITC,,,,,,,,,True
2024-11-08,KOTAKBANK,,,,,,,,,True
2024-11-08,M&M,0.0,0.0,1.0,0.25,,,,,True
2024-11-08,MARUTI,1.0,0.0,0.0,0.4,,,,,True
2024-11-08,NTPC,,,,,,,,,True
2024-11-08,ONGC,,,,,,,,,True
2024-11-08,POWERGRID,,,,,,,,,True
2024-11-08,RELIANCE,,,,,,,,,True
2024-11-08,SBIN,,,,,,,,,True
2024-11-08,TATAMOTORS,,,,,,,,,True
2024-11-08,TCS,,,,,,,,,True
2024-11-08,WIPRO,0.0,0.0,1.0,0.25,,,,,True
2024-11-08,CIPLA,,,,,,,,,True
2024-11-08,INFY,1.0,0.0,0.0,0.4,,,,,True
2024-11-08,DRREDDY,,,,,,,,,True
2024-11-08,HCLTECH,0.5,0.0,0.5,0.325,,,,,True
2024-11-08,TECHM,0.0,0.0,1.0,0.25,,,,,True
2024-11-08,SUNPHARMA,1.0,0.0,0.0,0.4,,,,,True
2024-11-11,ADANIGREEN,0.0,0.0,1.0,0.25,1.0,0.5,0.0,True,False
2024-11-11,ASIANPAINT,,,,,,,,,True
2024-11-11,AXISBANK,0.0,0.0,1.0,0.25,,,,,True
2024-11-11,BAJAJ-AUTO,,,,,,,,,True
2024-11-11,HDFCBANK,1.0,1.0,0.0,0.75,1.0,1.0,0.0,True,False
2024-11-11,HINDUNILVR,0.0,0.0,1.0,0.25,1.0,0.5,0.0,True,False
2024-11-11,ICICIBANK,1.0,0.0,0.0,0.4,,,,,True
2024-11-11,ITC,,,,,,,,,True
2024-11-11,KOTAKBANK,,,,,,,,,True
2024-11-11,M&M,0.0,0.0,1.0,0.25,1.0,0.5,0.0,True,False
2024-11-11,MARUTI,1.0,0.0,0.0,0.4,,,,,True
2024-11-11,NTPC,,,,,,,,,True
2024-11-11,ONGC,-1.0,0.0,0.0,-0.4,1.0,1.0,0.0,True,False
2024-11-11,POWERGRID,,,,,,,,,True
2024-11-11,RELIANCE,,,,,,,,,True
2024-11-11,SBIN,,,,,,,,,True
2024-11-11,TATAMOTORS,,,,,,,,,True
2024-11-11,TCS,,,,,,,,,True
2024-11-11,WIPRO,0.0,0.0,1.0,0.25,,,,,True
2024-11-11,CIPLA,,,,,,,,,True
2024-11-11,INFY,1.0,0.0,0.0,0.4,,,,,True
2024-11-11,DRREDDY,,,,,,,,,True
2024-11-11,HCLTECH,0.5,0.0,0.5,0.325,,,,,True
2024-11-11,TECHM,0.0,0.0,1.0,0.25,,,,,True
2024-11-11,SUNPHARMA,1.0,1.0,0.0,0.75,1.0,1.0,0.0,True,False
2024-11-12,ADANIGREEN,0.0,0.0,1.0,0.25,,,,,True
2024-11-12,ASIANPAINT,,,,,,,,,True
2024-11-12,AXISBANK,0.0,0.0,1.0,0.25,1.0,0.5,0.0,True,False
2024-11-12,BAJAJ-AUTO,,,,,,,,,True
2024-11-12,HDFCBANK,1.0,1.0,0.0,0.75,,,,,True
2024-11-12,HINDUNILVR,0.0,0.0,1.0,0.25,,,,,True
2024-11-12,ICICIBANK,1.0,0.0,0.0,0.4,,,,,True
2024-11-12,ITC,,,,,,,,,True
2024-11-12,KOTAKBANK,,,,,,,,,True
2024-11-12,M&M,1.0,0.0,0.0,0.4,1.0,1.0,0.0,True,False
2024-11-12,MARUTI,1.0,0.0,0.0,0.4,,,,,True
2024-11-12,NTPC,,,,,,,,,True
2024-11-12,ONGC,-1.0,0.0,0.0,-0.4,,,,,True
2024-11-12,POWERGRID,,,,,,,,,True
2024-11-12,RELIANCE,,,,,,,,,True
2024-11-12,SBIN,,,,,,,,,True
2024-11-12,TATAMOTORS,,,,,,,,,True
2024-11-12,TCS,1.0,1.0,0.0,0.75,1.0,1.0,0.0,True,False
2024-11-12,WIPRO,0.0,0.0,1.0,0.25,,,,,True
2024-11-12,CIPLA,,,,,,,,,True
2024-11-12,INFY,1.0,0.0,0.0,0.4,,,,,True
2024-11-12,DRREDDY,0.0,0.0,1.0,0.25,1.0,0.5,0.0,True,False
2024-11-12,HCLTECH,,,,,,,,,True
2024-11-12,TECHM,,,,,,,,,True
2024-11-12,SUNPHARMA,1.0,1.0,0.0,0.75,,,,,True
2024-11-13,ADANIGREEN,0.0,0.0,1.0,0.25,,,,,True
2024-11-13,ASIANPAINT,,,,,,,,,True
2024-11-13,AXISBANK,0.0,0.0,1.0,0.25,,,,,True
2024-11-13,BAJAJ-AUTO,0.0,0.0,0.0,0.0,1.0,0.5,0.0,True,False
2024-11-13,HDFCBANK,1.0,1.0,0.0,0.75,,,,,True
2024-11-13,HINDUNILVR,0.0,0.0,1.0,0.25,1.0,0.5,0.0,True,False
2024-11-13,ICICIBANK,1.0,0.0,0.0,0.4,,,,,True
2024-11-13,ITC,,,,,,,,,True
2024-11-13,KOTAKBANK,,,,,,,,,True
2024-11-13,M&M,1.0,0.0,0.0,0.4,,,,,True
2024-11-13,MARUTI,-1.0,0.0,0.0,-0.4,1.0,1.0,0.0,True,False
2024-11-13,NTPC,,,,,,,,,True
2024-11-13,ONGC,-1.0,0.0,0.0,-0.4,,,,,True
2024-11-13,POWERGRID,,,,,,,,,True
2024-11-13,RELIANCE,,,,,,,,,True
2024-11-13,SBIN,,,,,,,,,True
2024-11-13,TATAMOTORS,,,,,,,,,True
2024-11-13,TCS,1.0,1.0,0.0,0.75,,,,,True
2024-11-13,WIPRO,,,,,,,,,True
2024-11-13,CIPLA,,,,,,,,,True
2024-11-13,INFY,1.0,0.0,0.0,0.4,,,,,True
2024-11-13,DRREDDY,0.0,0.0,1.0,0.25,,,,,True
2024-11-13,HCLTECH,,,,,,,,,True
2024-11-13,TECHM,,,,,,,,,True
2024-11-13,SUNPHARMA,0.0,0.0,0.0,0.0,1.0,0.5,0.0,True,False
2024-11-14,ADANIGREEN,0.0,0.0,1.0,0.25,,,,,True
2024-11-14,ASIANPAINT,,,,,,,,,True
2024-11-14,AXISBANK,0.0,0.0,1.0,0.25,,,,,True
2024-11-14,BAJAJ-AUTO,0.0,0.0,0.0,0.0,,,,,True
2024-11-14,HDFCBANK,1.0,1.0,0.0,0.75,,,,,True
2024-11-14,HINDUNILVR,0.0,0.0,1.0,0.25,,,,,True
2024-11-14,ICICIBANK,1.0,0.0,0.0,0.4,,,,,True
2024-11-14,ITC,1.0,1.0,0.0,0.75,1.0,1.0,0.0,True,False
2024-11-14,KOTAKBANK,,,,,,,,,True
2024-11-14,M&M,0.0,0.0,0.0,0.0,1.0,0.5,0.0,True,False
2024-11-14,MARUTI,-1.0,0.0,0.0,-0.4,,,,,True
2024-11-14,NTPC,,,,,,,,,True
2024-11-14,ONGC,0.0,0.0,0.0,0.0,1.0,0.5,0.0,True,False
2024-11-14,POWERGRID,,,,,,,,,True
2024-11-14,RELIANCE,,,,,,,,,True
2024-11-14,SBIN,,,,,,,,,True
2024-11-14,TATAMOTORS,0.0,0.0,1.0,0.25,1.0,0.5,0.0,True,False
2024-11-14,TCS,1.0,1.0,0.0,0.75,,,,,True
2024-11-14,WIPRO,,,,,,,,,True
2024-11-14,CIPLA,,,,,,,,,True
2024-11-14,INFY,,,,,,,,,True
2024-11-14,DRREDDY,0.0,0.0,1.0,0.25,,,,,True
2024-11-14,HCLTECH,,,,,,,,,True
2024-11-14,TECHM,,,,,,,,,True
2024-11-14,SUNPHARMA,0.0,0.0,0.0,0.0,,,,,True
2024-11-15,ADANIGREEN,0.0,0.0,1.0,0.25,,,,,True
2024-11-15,ASIANPAINT,,,,,,,,,True
2024-11-15,AXISBANK,0.0,0.0,1.0,0.25,,,,,True
2024-11-15,BAJAJ-AUTO,0.0,0.0,0.0,0.0,,,,,True
2024-11-15,HDFCBANK,1.0,1.0,0.0,0.75,,,,,True
2024-11-15,HINDUNILVR,0.0,0.0,1.0,0.25,,,,,True
2024-11-15,ICICIBANK,,,,,,,,,True
2024-11-15,ITC,1.0,1.0,0.0,0.75,,,,,True
2024-11-15,KOTAKBANK,,,,,,,,,True
2024-11-15,M&M,0.0,0.0,0.0,0.0,,,,,True
2024-11-15,MARUTI,-1.0,0.0,0.0,-0.4,,,,,True
2024-11-15,NTPC,,,,,,,,,True
2024-11-15,ONGC,0.0,0.0,0.0,0.0,,,,,True
2024-11-15,POWERGRID,,,,,,,,,True
2024-11-15,RELIANCE,,,,,,,,,True
2024-11-15,SBIN,,,,,,,,,True
2024-11-15,TATAMOTORS,0.0,0.0,1.0,0.25,,,,,True
2024-11-15,TCS,1.0,1.0,0.0,0.75,,,,,True
2024-11-15,WIPRO,,,,,,,,,True
2024-11-15,CIPLA,,,,,,,,,True
2024-11-15,INFY,,,,,,,,,True
2024-11-15,DRREDDY,0.0,0.0,1.0,0.25,,,,,True
2024-11-15,HCLTECH,,,,,,,,,True
2024-11-15,TECHM,,,,,,,,,True
2024-11-15,SUNPHARMA,0.0,0.0,0.0,0.0,,,,,True
2024-11-18,ADANIGREEN,1.0,1.0,1.0,1.0,1.0,1.0,0.0,True,False
2024-11-18,ASIANPAINT,,,,,,,,,True
2024-11-18,AXISBANK,0.0,0.0,1.0,0.25,,,,,True
2024-11-18,BAJAJ-AUTO,0.0,0.0,0.0,0.0,,,,,True
2024-11-18,HDFCBANK,1.0,1.0,0.0,0.75,,,,,True
2024-11-18,HINDUNILVR,0.0,0.0,1.0,0.25,1.0,0.5,0.0,True,False
2024-11-18,ICICIBANK,,,,,,,,,True
2024-11-18,ITC,1.0,1.0,0.0,0.75,,,,,True
2024-11-18,KOTAKBANK,0.0,0.0,0.5,0.125,2.0,0.5,0.0,True,False
2024-11-18,M&M,0.0,0.0,0.5,0.125,2.0,0.5,0.0,True,False
2024-11-18,MARUTI,-1.0,0.0,0.0,-0.4,,,,,True
2024-11-18,NTPC,0.0,0.0,1.0,0.25,1.0,0.5,0.0,True,False
2024-11-18,ONGC,0.0,0.0,0.0,0.0,,,,,True
2024-11-18,POWERGRID,,,,,,,,,True
2024-11-18,RELIANCE,,,,,,,,,True
2024-11-18,SBIN,,,,,,,,,True
2024-11-18,TATAMOTORS,0.0,0.0,1.0,0.25,1.0,0.5,0.0,True,False
2024-11-18,TCS,1.0,1.0,0.0,0.75,,,,,True
2024-11-18,WIPRO,0.5,0.0,0.5,0.325,2.0,0.75,0.0,True,False
2024-11-18,CIPLA,,,,,,,,,True
2024-11-18,INFY,1.0,1.0,0.0,0.75,1.0,1.0,0.0,True,False
2024-11-18,DRREDDY,0.0,0.0,1.0,0.25,2.0,0.5,0.0,True,False
2024-11-18,HCLTECH,1.0,1.0,0.0,0.75,1.0,1.0,0.0,True,False
2024-11-18,TECHM,,,,,,,,,True
2024-11-18,SUNPHARMA,0.0,0.0,0.0,0.0,,,,,True
2024-11-19,ADANIGREEN,1.0,1.0,1.0,1.0,,,,,True
2024-11-19,ASIANPAINT,,,,,,,,,True
2024-11-19,AXISBANK,0.0,0.0,1.0,0.25,,,,,True
2024-11-19,BAJAJ-AUTO,0.0,0.0,0.0,0.0,,,,,True
2024-11-19,HDFCBANK,0.0,0.0,0.0,0.0,1.0,0.5,0.0,True,False
2024-11-19,HINDUNILVR,0.0,0.0,0.0,0.0,1.0,0.5,0.0,True,False
2024-11-19,ICICIBANK,1.0,0.0,0.0,0.4,1.0,1.0,0.0,True,False
2024-11-19,ITC,1.0,1.0,0.0,0.75,,,,,True
2024-11-19,KOTAKBANK,0.0,0.0,0.5,0.125,,,,,True
2024-11-19,M&M,0.0,0.0,0.5,0.125,,,,,True
2024-11-19,MARUTI,-1.0,0.0,0.0,-0.4,,,,,True
2024-11-19,NTPC,1.0,1.0,1.0,1.0,1.0,1.0,0.0,True,False
2024-11-19,ONGC,0.0,0.0,0.0,0.0,,,,,True
2024-11-19,POWERGRID,,,,,,,,,True
2024-11-19,RELIANCE,1.0,1.0,0.0,0.75,1.0,1.0,0.0,True,False
2024-11-19,SBIN,,,,,,,,,True
2024-11-19,TATAMOTORS,0.0,0.0,1.0,0.25,,,,,True
2024-11-19,TCS,1.0,1.0,0.0,0.75,,,,,True
2024-11-19,WIPRO,0.5,0.0,0.5,0.325,,,,,True
2024-11-19,CIPLA,,,,,,,,,True
2024-11-19,INFY,1.0,1.0,0.0,0.75,,,,,True
2024-11-19,DRREDDY,0.0,0.0,1.0,0.25,,,,,True
2024-11-19,HCLTECH,1.0,1.0,0.0,0.75,,,,,True
2024-11-19,TECHM,,,,,,,,,True
2024-11-19,SUNPHARMA,0.0,0.0,0.0,0.0,,,,,True
2024-11-20,ADANIGREEN,1.0,1.0,1.0,1.0,,,,,True
2024-11-20,ASIANPAINT,0.0,0.0,0.0,0.0,1.0,0.5,0.0,True,False
2024-11-20,AXISBANK,,,,,,,,,True
2024-11-20,BAJAJ-AUTO,0.0,0.0,0.0,0.0,,,,,True
2024-11-20,HDFCBANK,-0.5,0.0,0.5,-0.075,2.0,0.75,0.0,True,False
2024-11-20,HINDUNILVR,0.0,0.0,0.0,0.0,,,,,True
2024-11-20,ICICIBANK,1.0,0.0,0.0,0.4,,,,,True
2024-11-20,ITC,1.0,1.0,0.0,0.75,1.0,1.0,0.0,True,False
2024-11-20,KOTAKBANK,0.0,0.0,0.5,0.125,,,,,True
2024-11-20,M&M,0.0,0.0,0.5,0.125,,,,,True
2024-11-20,MARUTI,-1.0,0.0,0.0,-0.4,,,,,True
2024-11-20,NTPC,1.0,1.0,1.0,1.0,,,,,True
2024-11-20,ONGC,1.0,0.0,0.0,0.4,1.0,1.0,0.0,True,False
2024-11-20,POWERGRID,,,,,,,,,True
2024-11-20,RELIANCE,1.0,1.0,0.0,0.75,,,,,True
2024-11-20,SBIN,,,,,,,,,True
2024-11-20,TATAMOTORS,0.0,0.0,1.0,0.25,,,,,True
2024-11-20,TCS,,,,,,,,,True
2024-11-20,WIPRO,0.5,0.0,0.5,0.325,,,,,True
2024-11-20,CIPLA,,,,,,,,,True
2024-11-20,INFY,1.0,1.0,0.0,0.75,,,,,True
2024-11-20,DRREDDY,0.0,0.0,1.0,0.25,,,,,True
2024-11-20,HCLTECH,1.0,1.0,0.0,0.75,,,,,True
2024-11-20,TECHM,,,,,,,,,True
2024-11-20,SUNPHARMA,0.0,0.0,0.0,0.0,,,,,True
2024-11-21,ADANIGREEN,1.0,1.0,1.0,1.0,,,,,True
2024-11-21,ASIANPAINT,0.0,0.0,1.0,0.25,1.0,0.5,0.0,True,False
2024-11-21,AXISBANK,,,,,,,,,True
2024-11-21,BAJAJ-AUTO,,,,,,,,,True
2024-11-21,HDFCBANK,-0.5,0.0,0.5,-0.075,,,,,True
2024-11-21,HINDUNILVR,0.0,0.0,0.0,0.0,,,,,True
2024-11-21,ICICIBANK,1.0,0.0,0.0,0.4,,,,,True
2024-11-21,ITC,1.0,1.0,0.0,0.75,,,,,True
2024-11-21,KOTAKBANK,0.0,0.0,0.5,0.125,,,,,True
2024-11-21,M&M,1.0,1.0,0.0,0.75,1.0,1.0,0.0,True,False
2024-11-21,MARUTI,0.0,0.0,1.0,0.25,1.0,0.5,0.0,True,False
2024-11-21,NTPC,-1.0,0.0,1.0,-0.15,1.0,1.0,0.0,True,False
2024-11-21,ONGC,1.0,0.0,0.0,0.4,,,,,True
2024-11-21,POWERGRID,,,,,,,,,True
2024-11-21,RELIANCE,1.0,1.0,0.0,0.75,,,,,True
2024-11-21,SBIN,0.0,0.0,1.0,0.25,1.0,0.5,0.0,True,False
2024-11-21,TATAMOTORS,0.0,0.0,1.0,0.25,,,,,True
2024-11-21,TCS,,,,,,,,,True
2024-11-21,WIPRO,0.0,0.0,0.0,0.0,1.0,0.5,0.0,True,False
2024-11-21,CIPLA,,,,,,,,,True
2024-11-21,INFY,0.0,0.0,1.0,0.25,1.0,0.5,0.0,True,False
2024-11-21,DRREDDY,0.0,0.0,1.0,0.25,,,,,True
2024-11-21,HCLTECH,1.0,1.0,0.0,0.75,,,,,True
2024-11-21,TECHM,,,,,,,,,True
2024-11-21,SUNPHARMA,,,,,,,,,True
2024-11-22,ADANIGREEN,1.0,1.0,1.0,1.0,,,,,True
2024-11-22,ASIANPAINT,0.0,0.0,1.0,0.25,,,,,True
2024-11-22,AXISBANK,,,,,,,,,True
2024-11-22,BAJAJ-AUTO,,,,,,,,,True
2024-11-22,HDFCBANK,-0.5,0.0,0.5,-0.075,,,,,True
2024-11-22,HINDUNILVR,0.0,0.0,0.0,0.0,,,,,True
2024-11-22,ICICIBANK,1.0,0.0,0.0,0.4,,,,,True
2024-11-22,ITC,1.0,1.0,0.0,0.75,,,,,True
2024-11-22,KOTAKBANK,0.0,0.0,0.5,0.125,,,,,True
2024-11-22,M&M,1.0,1.0,0.0,0.75,,,,,True
2024-11-22,MARUTI,0.0,0.0,1.0,0.25,,,,,True
2024-11-22,NTPC,-1.0,0.0,1.0,-0.15,,,,,True
2024-11-22,ONGC,1.0,0.0,0.0,0.4,,,,,True
2024-11-22,POWERGRID,,,,,,,,,True
2024-11-22,RELIANCE,1.0,1.0,0.0,0.75,,,,,True
2024-11-22,SBIN,0.0,0.0,1.0,0.25,,,,,True
2024-11-22,TATAMOTORS,0.0,0.0,1.0,0.25,,,,,True
2024-11-22,TCS,,,,,,,,,True
2024-11-22,WIPRO,0.0,0.0,0.0,0.0,,,,,True
2024-11-22,CIPLA,,,,,,,,,True
2024-11-22,INFY,0.0,0.0,1.0,0.25,,,,,True
2024-11-22,DRREDDY,0.0,0.0,1.0,0.25,,,,,True
2024-11-22,HCLTECH,1.0,1.0,0.0,0.75,,,,,True
2024-11-22,TECHM,,,,,,,,,True
2024-11-22,SUNPHARMA,,,,,,,,,True
2024-11-25,ADANIGREEN,1.0,1.0,1.0,1.0,,,,,True
2024-11-25,ASIANPAINT,0.0,0.0,1.0,0.25,,,,,True
2024-11-25,AXISBANK,,,,,,,,,True
2024-11-25,BAJAJ-AUTO,,,,,,,,,True
2024-11-25,HDFCBANK,-0.5,0.0,0.5,-0.075,,,,,True
2024-11-25,HINDUNILVR,0.0,0.0,0.0,0.0,,,,,True
2024-11-25,ICICIBANK,1.0,0.0,0.0,0.4,,,,,True
2024-11-25,ITC,0.0,0.0,1.0,0.25,1.0,0.5,0.0,True,False
2024-11-25,KOTAKBANK,0.0,0.0,1.0,0.25,1.0,0.5,0.0,True,False
2024-11-25,M&M,0.0,0.0,1.0,0.25,1.0,0.5,0.0,True,False
2024-11-25,MARUTI,1.0,1.0,0.0,0.75,1.0,1.0,0.0,True,False
2024-11-25,NTPC,-1.0,0.0,1.0,-0.15,,,,,True
2024-11-25,ONGC,1.0,0.0,0.0,0.4,,,,,True
2024-11-25,POWERGRID,,,,,,,,,True
2024-11-25,RELIANCE,1.0,1.0,0.0,0.75,,,,,True
2024-11-25,SBIN,0.0,0.0,1.0,0.25,,,,,True
2024-11-25,TATAMOTORS,0.0,0.0,1.0,0.25,,,,,True
2024-11-25,TCS,,,,,,,,,True
2024-11-25,WIPRO,0.0,0.0,0.0,0.0,,,,,True
2024-11-25,CIPLA,,,,,,,,,True
2024-11-25,INFY,1.0,0.0,0.0,0.4,1.0,1.0,0.0,True,False
2024-11-25,DRREDDY,1.0,1.0,0.0,0.75,1.0,1.0,0.0,True,False
2024-11-25,HCLTECH,0.5,0.5,0.5,0.5,2.0,0.75,0.0,True,False
2024-11-25,TECHM,,,,,,,,,True
2024-11-25,SUNPHARMA,,,,,,,,,True
2024-11-26,ADANIGREEN,0.0,0.0,1.0,0.25,2.0,1.0,0.5,False,False
2024-11-26,ASIANPAINT,0.0,0.0,1.0,0.25,,,,,True
2024-11-26,AXISBANK,0.0,0.0,1.0,0.25,1.0,0.5,0.0,True,False
2024-11-26,BAJAJ-AUTO,,,,,,,,,True
2024-11-26,HDFCBANK,0.0,0.0,0.0,0.0,1.0,0.5,0.0,True,False
2024-11-26,HINDUNILVR,0.0,0.0,0.0,0.0,,,,,True
2024-11-26,ICICIBANK,1.0,0.0,0.0,0.4,,,,,True
2024-11-26,ITC,0.0,0.0,1.0,0.25,,,,,True
2024-11-26,KOTAKBANK,0.0,0.0,1.0,0.25,,,,,True
2024-11-26,M&M,0.0,0.0,1.0,0.25,,,,,True
2024-11-26,MARUTI,1.0,1.0,0.0,0.75,,,,,True
2024-11-26,NTPC,-1.0,0.0,1.0,-0.15,,,,,True
2024-11-26,ONGC,1.0,0.0,0.0,0.4,,,,,True
2024-11-26,POWERGRID,,,,,,,,,True
2024-11-26,RELIANCE,1.0,1.0,0.0,0.75,,,,,True
2024-11-26,SBIN,0.0,0.0,1.0,0.25,,,,,True
2024-11-26,TATAMOTORS,,,,,,,,,True
2024-11-26,TCS,1.0,1.0,0.0,0.75,1.0,1.0,0.0,True,False
2024-11-26,WIPRO,0.0,0.0,0.0,0.0,,,,,True
2024-11-26,CIPLA,,,,,,,,,True
2024-11-26,INFY,1.0,0.0,0.0,0.4,,,,,True
2024-11-26,DRREDDY,1.0,1.0,0.0,0.75,,,,,True
2024-11-26,HCLTECH,0.5,0.5,0.5,0.5,,,,,True
2024-11-26,TECHM,,,,,,,,,True
2024-11-26,SUNPHARMA,-1.0,0.0,0.0,-0.4,1.0,1.0,0.0,True,False
2024-11-27,ADANIGREEN,1.0,1.0,1.0,1.0,1.0,1.0,0.0,True,False
2024-11-27,ASIANPAINT,0.0,0.0,1.0,0.25,,,,,True
2024-11-27,AXISBANK,0.0,0.0,1.0,0.25,,,,,True
2024-11-27,BAJAJ-AUTO,0.0,0.0,1.0,0.25,1.0,0.5,0.0,True,False
2024-11-27,HDFCBANK,0.0,0.0,0.0,0.0,,,,,True
2024-11-27,HINDUNILVR,,,,,,,,,True
2024-11-27,ICICIBANK,,,,,,,,,True
2024-11-27,ITC,1.0,0.0,0.0,0.4,1.0,1.0,0.0,True,False
2024-11-27,KOTAKBANK,0.0,0.0,1.0,0.25,1.0,0.5,0.0,True,False
2024-11-27,M&M,0.0,0.0,1.0,0.25,1.0,0.5,0.0,True,False
2024-11-27,MARUTI,1.0,1.0,0.0,0.75,,,,,True
2024-11-27,NTPC,-1.0,0.0,1.0,-0.15,,,,,True
2024-11-27,ONGC,1.0,0.0,0.0,0.4,,,,,True
2024-11-27,POWERGRID,0.0,0.0,0.0,0.0,1.0,0.5,0.0,True,False
2024-11-27,RELIANCE,,,,,,,,,True
2024-11-27,SBIN,0.0,0.0,1.0,0.25,,,,,True
2024-11-27,TATAMOTORS,1.0,1.0,0.0,0.75,1.0,1.0,0.0,True,False
2024-11-27,TCS,1.0,1.0,0.0,0.75,,,,,True
2024-11-27,WIPRO,0.0,0.0,0.0,0.0,,,,,True
2024-11-27,CIPLA,,,,,,,,,True
2024-11-27,INFY,1.0,0.0,0.0,0.4,,,,,True
2024-11-27,DRREDDY,1.0,1.0,0.0,0.75,,,,,True
2024-11-27,HCLTECH,0.5,0.5,0.5,0.5,,,,,True
2024-11-27,TECHM,,,,,,,,,True
2024-11-27,SUNPHARMA,-1.0,0.0,0.0,-0.4,,,,,True
2024-11-28,ADANIGREEN,1.0,1.0,1.0,1.0,,,,,True
2024-11-28,ASIANPAINT,0.0,0.0,1.0,0.25,,,,,True
2024-11-28,AXISBANK,0.0,0.0,1.0,0.25,,,,,True
2024-11-28,BAJAJ-AUTO,0.0,0.0,1.0,0.25,,,,,True
2024-11-28,HDFCBANK,0.0,0.0,0.0,0.0,,,,,True
2024-11-28,HINDUNILVR,,,,,,,,,True
2024-11-28,ICICIBANK,0.0,0.0,1.0,0.25,1.0,0.5,0.0,True,False
2024-11-28,ITC,1.0,0.0,0.0,0.4,,,,,True
2024-11-28,KOTAKBANK,0.0,0.0,0.0,0.0,1.0,0.5,0.0,True,False
2024-11-28,M&M,0.0,0.0,0.0,0.0,1.0,0.5,0.0,True,False
2024-11-28,MARUTI,1.0,1.0,0.0,0.75,,,,,True
2024-11-28,NTPC,-1.0,0.0,1.0,-0.15,,,,,True
2024-11-28,ONGC,,,,,,,,,True
2024-11-28,POWERGRID,0.0,0.0,0.0,0.0,,,,,True
2024-11-28,RELIANCE,,,,,,,,,True
2024-11-28,SBIN,0.0,0.0,1.0,0.25,1.0,0.5,0.0,True,False
2024-11-28,TATAMOTORS,1.0,1.0,0.0,0.75,,,,,True
2024-11-28,TCS,1.0,1.0,0.0,0.75,,,,,True
2024-11-28,WIPRO,0.0,0.0,0.0,0.0,,,,,True
2024-11-28,CIPLA,,,,,,,,,True
2024-11-28,INFY,1.0,0.0,0.0,0.4,1.0,1.0,0.0,True,False
2024-11-28,DRREDDY,1.0,1.0,0.0,0.75,,,,,True
2024-11-28,HCLTECH,0.5,0.5,0.5,0.5,,,,,True
2024-11-28,TECHM,,,,,,,,,True
2024-11-28,SUNPHARMA,-1.0,0.0,0.0,-0.4,,,,,True
2024-11-29,ADANIGREEN,1.0,1.0,1.0,1.0,,,,,True
2024-11-29,ASIANPAINT,,,,,,,,,True
2024-11-29,AXISBANK,0.0,0.0,1.0,0.25,,,,,True
2024-11-29,BAJAJ-AUTO,0.0,0.0,1.0,0.25,,,,,True
2024-11-29,HDFCBANK,0.0,0.0,0.0,0.0,,,,,True
2024-11-29,HINDUNILVR,,,,,,,,,True
2024-11-29,ICICIBANK,0.0,0.0,1.0,0.25,,,,,True
2024-11-29,ITC,1.0,0.0,0.0,0.4,,,,,True
2024-11-29,KOTAKBANK,0.0,0.0,0.0,0.0,,,,,True
2024-11-29,M&M,0.0,0.0,0.0,0.0,,,,,True
2024-11-29,MARUTI,1.0,1.0,0.0,0.75,,,,,True
2024-11-29,NTPC,,,,,,,,,True
2024-11-29,ONGC,,,,,,,,,True
2024-11-29,POWERGRID,0.0,0.0,0.0,0.0,,,,,True
2024-11-29,RELIANCE,,,,,,,,,True
2024-11-29,SBIN,0.0,0.0,1.0,0.25,,,,,True
2024-11-29,TATAMOTORS,1.0,1.0,0.0,0.75,,,,,True
2024-11-29,TCS,1.0,1.0,0.0,0.75,,,,,True
2024-11-29,WIPRO,,,,,,,,,True
2024-11-29,CIPLA,,,,,,,,,True
2024-11-29,INFY,1.0,0.0,0.0,0.4,,,,,True
2024-11-29,DRREDDY,1.0,1.0,0.0,0.75,,,,,True
2024-11-29,HCLTECH,0.5,0.5,0.5,0.5,,,,,True
2024-11-29,TECHM,,,,,,,,,True
2024-11-29,SUNPHARMA,-1.0,0.0,0.0,-0.4,,,,,True
2024-12-02,ADANIGREEN,1.0,1.0,1.0,1.0,,,,,True
2024-12-02,ASIANPAINT,,,,,,,,,True
2024-12-02,AXISBANK,0.0,0.0,1.0,0.25,,,,,True
2024-12-02,BAJAJ-AUTO,0.0,0.0,1.0,0.25,,,,,True
2024-12-02,HDFCBANK,0.0,0.0,0.0,0.0,,,,,True
2024-12-02,HINDUNILVR,,,,,,,,,True
2024-12-02,ICICIBANK,0.0,0.0,1.0,0.25,,,,,True
2024-12-02,ITC,1.0,0.0,0.0,0.4,,,,,True
2024-12-02,KOTAKBANK,0.0,0.0,0.0,0.0,,,,,True
2024-12-02,M&M,0.0,0.0,0.0,0.0,,,,,True
2024-12-02,MARUTI,1.0,1.0,0.0,0.75,,,,,True
2024-12-02,NTPC,,,,,,,,,True
2024-12-02,ONGC,,,,,,,,,True
2024-12-02,POWERGRID,1.0,0.0,0.0,0.4,1.0,1.0,0.0,True,False
2024-12-02,RELIANCE,,,,,,,,,True
2024-12-02,SBIN,0.0,0.0,1.0,0.25,,,,,True
2024-12-02,TATAMOTORS,1.0,1.0,0.0,0.75,,,,,True
2024-12-02,TCS,1.0,1.0,0.0,0.75,,,,,True
2024-12-02,WIPRO,,,,,,,,,True
2024-12-02,CIPLA,,,,,,,,,True
2024-12-02,INFY,1.0,0.0,0.0,0.4,,,,,True
2024-12-02,DRREDDY,1.0,1.0,0.0,0.75,,,,,True
2024-12-02,HCLTECH,0.5,0.5,0.5,0.5,,,,,True
2024-12-02,TECHM,,,,,,,,,True
2024-12-02,SUNPHARMA,-1.0,0.0,0.0,-0.4,,,,,True
2024-12-03,ADANIGREEN,1.0,1.0,1.0,1.0,,,,,True
2024-12-03,ASIANPAINT,,,,,,,,,True
2024-12-03,AXISBANK,0.0,0.0,1.0,0.25,,,,,True
2024-12-03,BAJAJ-AUTO,1.0,0.0,0.0,0.4,1.0,1.0,0.0,True,False
2024-12-03,HDFCBANK,0.0,0.0,0.0,0.0,,,,,True
2024-12-03,HINDUNILVR,0.0,0.0,0.0,0.0,1.0,0.5,0.0,True,False
2024-12-03,ICICIBANK,0.0,0.0,1.0,0.25,,,,,True
2024-12-03,ITC,1.0,0.0,0.0,0.4,,,,,True
2024-12-03,KOTAKBANK,0.0,0.0,0.0,0.0,,,,,True
2024-12-03,M&M,0.0,0.0,0.0,0.0,1.0,0.5,0.0,True,False
2024-12-03,MARUTI,0.0,0.0,1.0,0.25,1.0,0.5,0.0,True,False
2024-12-03,NTPC,,,,,,,,,True
2024-12-03,ONGC,,,,,,,,,True
2024-12-03,POWERGRID,1.0,0.0,0.0,0.4,,,,,True
2024-12-03,RELIANCE,,,,,,,,,True
2024-12-03,SBIN,0.0,0.0,1.0,0.25,,,,,True
2024-12-03,TATAMOTORS,1.0,1.0,0.0,0.75,,,,,True
2024-12-03,TCS,1.0,1.0,0.0,0.75,,,,,True
2024-12-03,WIPRO,,,,,,,,,True
2024-12-03,CIPLA,,,,,,,,,True
2024-12-03,INFY,0.0,0.0,1.0,0.25,1.0,0.5,0.0,True,False
2024-12-03,DRREDDY,,,,,,,,,True
2024-12-03,HCLTECH,0.0,0.0,0.0,0.0,2.0,1.0,0.5,False,False
2024-12-03,TECHM,0.0,0.0,0.0,0.0,1.0,0.5,0.0,True,False
2024-12-03,SUNPHARMA,-1.0,0.0,0.0,-0.4,,,,,True
2024-12-04,ADANIGREEN,1.0,1.0,1.0,1.0,,,,,True
2024-12-04,ASIANPAINT,1.0,1.0,0.0,0.75,1.0,1.0,0.0,True,False
2024-12-04,AXISBANK,,,,,,,,,True
2024-12-04,BAJAJ-AUTO,0.0,0.0,0.0,0.0,1.0,0.5,0.0,True,False
2024-12-04,HDFCBANK,,,,,,,,,True
2024-12-04,HINDUNILVR,1.0,1.0,0.0,0.75,1.0,1.0,0.0,True,False
2024-12-04,ICICIBANK,0.0,0.0,1.0,0.25,1.0,0.5,0.0,True,False
2024-12-04,ITC,1.0,0.0,0.0,0.4,,,,,True
2024-12-04,KOTAKBANK,0.0,0.0,0.0,0.0,1.0,0.5,0.0,True,False
2024-12-04,M&M,0.0,0.0,0.0,0.0,1.0,0.5,0.0,True,False
2024-12-04,MARUTI,0.0,0.0,1.0,0.25,,,,,True
2024-12-04,NTPC,,,,,,,,,True
2024-12-04,ONGC,,,,,,,,,True
2024-12-04,POWERGRID,1.0,0.0,0.0,0.4,,,,,True
2024-12-04,RELIANCE,,,,,,,,,True
2024-12-04,SBIN,0.0,0.0,1.0,0.25,,,,,True
2024-12-04,TATAMOTORS,1.0,1.0,0.0,0.75,,,,,True
2024-12-04,TCS,,,,,,,,,True
2024-12-04,WIPRO,,,,,,,,,True
2024-12-04,CIPLA,,,,,,,,,True
2024-12-04,INFY,0.0,0.0,1.0,0.25,,,,,True
2024-12-04,DRREDDY,0.0,0.0,0.0,0.0,1.0,0.5,0.0,True,False
2024-12-04,HCLTECH,0.0,0.0,0.0,0.0,,,,,True
2024-12-04,TECHM,0.0,0.0,0.0,0.0,,,,,True
2024-12-04,SUNPHARMA,,,,,,,,,True
2024-12-05,ADANIGREEN,,,,,,,,,True
2024-12-05,ASIANPAINT,1.0,1.0,0.0,0.75,,,,,True
2024-12-05,AXISBANK,,,,,,,,,True
2024-12-05,BAJAJ-AUTO,0.0,0.0,0.0,0.0,,,,,True
2024-12-05,HDFCBANK,,,,,,,,,True
2024-12-05,HINDUNILVR,1.0,1.0,0.0,0.75,,,,,True
2024-12-05,ICICIBANK,0.0,0.0,1.0,0.25,,,,,True
2024-12-05,ITC,1.0,0.0,0.0,0.4,2.0,1.0,0.0,False,False
2024-12-05,KOTAKBANK,0.0,0.0,1.0,0.25,1.0,0.5,0.0,True,False
2024-12-05,M&M,0.0,0.0,1.0,0.25,1.0,0.5,0.0,True,False
2024-12-05,MARUTI,0.0,0.0,1.0,0.25,,,,,True
2024-12-05,NTPC,,,,,,,,,True
2024-12-05,ONGC,,,,,,,,,True
2024-12-05,POWERGRID,1.0,0.0,0.0,0.4,,,,,True
2024-12-05,RELIANCE,,,,,,,,,True
2024-12-05,SBIN,0.0,0.0,1.0,0.25,,,,,True
2024-12-05,TATAMOTORS,,,,,,,,,True
2024-12-05,TCS,,,,,,,,,True
2024-12-05,WIPRO,,,,,,,,,True
2024-12-05,CIPLA,,,,,,,,,True
2024-12-05,INFY,0.0,0.0,1.0,0.25,,,,,True
2024-12-05,DRREDDY,0.0,0.0,0.0,0.0,,,,,True
2024-12-05,HCLTECH,0.0,0.0,0.0,0.0,,,,,True
2024-12-05,TECHM,0.0,0.0,0.0,0.0,,,,,True
2024-12-05,SUNPHARMA,1.0,0.0,0.0,0.4,1.0,1.0,0.0,True,False
2024-12-06,ADANIGREEN,,,,,,,,,True
2024-12-06,ASIANPAINT,1.0,1.0,0.0,0.75,,,,,True
2024-12-06,AXISBANK,,,,,,,,,True
2024-12-06,BAJAJ-AUTO,0.0,0.0,0.0,0.0,,,,,True
2024-12-06,HDFCBANK,,,,,,,,,True
2024-12-06,HINDUNILVR,1.0,1.0,0.0,0.75,,,,,True
2024-12-06,ICICIBANK,0.0,0.0,1.0,0.25,,,,,True
2024-12-06,ITC,1.0,0.0,0.0,0.4,,,,,True
2024-12-06,KOTAKBANK,0.0,0.0,1.0,0.25,,,,,True
2024-12-06,M&M,0.0,0.0,1.0,0.25,,,,,True
2024-12-06,MARUTI,0.0,0.0,1.0,0.25,,,,,True
2024-12-06,NTPC,,,,,,,,,True
2024-12-06,ONGC,,,,,,,,,True
2024-12-06,POWERGRID,1.0,0.0,0.0,0.4,,,,,True
2024-12-06,RELIANCE,,,,,,,,,True
2024-12-06,SBIN,,,,,,,,,True
2024-12-06,TATAMOTORS,,,,,,,,,True
2024-12-06,TCS,,,,,,,,,True
2024-12-06,WIPRO,,,,,,,,,True
2024-12-06,CIPLA,,,,,,,,,True
2024-12-06,INFY,0.0,0.0,1.0,0.25,,,,,True
2024-12-06,DRREDDY,0.0,0.0,0.0,0.0,,,,,True
2024-12-06,HCLTECH,0.0,0.0,0.0,0.0,,,,,True
2024-12-06,TECHM,0.0,0.0,0.0,0.0,,,,,True
2024-12-06,SUNPHARMA,1.0,0.0,0.0,0.4,,,,,True
2024-12-09,ADANIGREEN,,,,,,,,,True
2024-12-09,ASIANPAINT,0.0,0.0,1.0,0.25,1.0,0.5,0.0,True,False
2024-12-09,AXISBANK,,,,,,,,,True
2024-12-09,BAJAJ-AUTO,0.0,0.0,0.0,0.0,,,,,True
2024-12-09,HDFCBANK,,,,,,,,,True
2024-12-09,HINDUNILVR,1.0,1.0,0.0,0.75,,,,,True
2024-12-09,ICICIBANK,0.0,0.0,1.0,0.25,,,,,True
2024-12-09,ITC,1.0,0.0,0.0,0.4,,,,,True
2024-12-09,KOTAKBANK,0.0,0.0,1.0,0.25,,,,,True
2024-12-09,M&M,0.0,0.0,1.0,0.25,,,,,True
2024-12-09,MARUTI,0.0,0.0,0.0,0.0,1.0,0.5,0.0,True,False
2024-12-09,NTPC,,,,,,,,,True
2024-12-09,ONGC,0.0,0.0,0.0,0.0,1.0,0.5,0.0,True,False
2024-12-09,POWERGRID,1.0,0.0,0.0,0.4,,,,,True
2024-12-09,RELIANCE,,,,,,,,,True
2024-12-09,SBIN,1.0,0.0,0.0,0.4,1.0,1.0,0.0,True,False
2024-12-09,TATAMOTORS,0.0,0.0,1.0,0.25,1.0,0.5,0.0,True,False
2024-12-09,TCS,,,,,,,,,True
2024-12-09,WIPRO,,,,,,,,,True
2024-12-09,CIPLA,-0.5,0.0,0.5,-0.075,2.0,0.75,0.0,True,False
2024-12-09,INFY,0.0,0.0,1.0,0.25,,,,,True
2024-12-09,DRREDDY,0.0,0.0,0.0,0.0,,,,,True
2024-12-09,HCLTECH,1.0,0.5,0.0,0.575,2.0,1.0,0.0,False,False
2024-12-09,TECHM,0.0,0.0,0.0,0.0,,,,,True
2024-12-09,SUNPHARMA,1.0,0.0,0.0,0.4,,,,,True
2024-12-10,ADANIGREEN,,,,,,,,,True
2024-12-10,ASIANPAINT,0.0,0.0,1.0,0.25,,,,,True
2024-12-10,AXISBANK,,,,,,,,,True
2024-12-10,BAJAJ-AUTO,0.0,0.0,0.0,0.0,,,,,True
2024-12-10,HDFCBANK,,,,,,,,,True
2024-12-10,HINDUNILVR,1.0,1.0,0.0,0.75,,,,,True
2024-12-10,ICICIBANK,0.0,0.0,1.0,0.25,,,,,True
2024-12-10,ITC,0.0,0.0,0.0,0.0,1.0,0.5,0.0,True,False
2024-12-10,KOTAKBANK,0.0,0.0,1.0,0.25,,,,,True
2024-12-10,M&M,1.0,1.0,0.0,0.75,1.0,1.0,0.0,True,False
2024-12-10,MARUTI,0.0,0.0,0.0,0.0,,,,,True
2024-12-10,NTPC,0.0,0.0,1.0,0.25,1.0,0.5,0.0,True,False
2024-12-10,ONGC,0.0,0.0,0.0,0.0,,,,,True
2024-12-10,POWERGRID,,,,,,,,,True
2024-12-10,RELIANCE,0.0,0.0,0.0,0.0,1.0,0.5,0.0,True,False
2024-12-10,SBIN,1.0,0.0,0.0,0.4,,,,,True
2024-12-10,TATAMOTORS,1.0,0.0,0.0,0.4,1.0,1.0,0.0,True,False
2024-12-10,TCS,,,,,,,,,True
2024-12-10,WIPRO,,,,,,,,,True
2024-12-10,CIPLA,-0.5,0.0,0.5,-0.075,,,,,True
2024-12-10,INFY,0.0,0.0,1.0,0.25,,,,,True
2024-12-10,DRREDDY,0.0,0.0,0.0,0.0,,,,,True
2024-12-10,HCLTECH,1.0,0.5,0.0,0.575,,,,,True
2024-12-10,TECHM,1.0,1.0,0.0,0.75,1.0,1.0,0.0,True,False
2024-12-10,SUNPHARMA,1.0,0.0,0.0,0.4,,,,,True
2024-12-11,ADANIGREEN,,,,,,,,,True
2024-12-11,ASIANPAINT,0.0,0.0,1.0,0.25,,,,,True
2024-12-11,AXISBANK,,,,,,,,,True
2024-12-11,BAJAJ-AUTO,0.0,0.0,0.0,0.0,,,,,True
2024-12-11,HDFCBANK,,,,,,,,,True
2024-12-11,HINDUNILVR,1.0,1.0,0.0,0.75,,,,,True
2024-12-11,ICICIBANK,0.0,0.0,1.0,0.25,,,,,True
2024-12-11,ITC,0.0,0.0,0.0,0.0,,,,,True
2024-12-11,KOTAKBANK,0.0,0.0,1.0,0.25,,,,,True
2024-12-11,M&M,1.0,1.0,0.0,0.75,,,,,True
2024-12-11,MARUTI,0.0,0.0,1.0,0.25,1.0,0.5,0.0,True,False
2024-12-11,NTPC,0.0,0.0,1.0,0.25,,,,,True
2024-12-11,ONGC,0.0,0.0,0.0,0.0,,,,,True
2024-12-11,POWERGRID,,,,,,,,,True
2024-12-11,RELIANCE,-1.0,0.0,0.0,-0.4,1.0,1.0,0.0,True,False
2024-12-11,SBIN,1.0,0.0,0.0,0.4,,,,,True
2024-12-11,TATAMOTORS,1.0,0.0,0.0,0.4,,,,,True
2024-12-11,TCS,0.0,0.0,1.0,0.25,1.0,0.5,0.0,True,False
2024-12-11,WIPRO,,,,,,,,,True
2024-12-11,CIPLA,-0.5,0.0,0.5,-0.075,,,,,True
2024-12-11,INFY,,,,,,,,,True
2024-12-11,DRREDDY,0.0,0.0,0.0,0.0,,,,,True
2024-12-11,HCLTECH,1.0,0.5,0.0,0.575,,,,,True
2024-12-11,TECHM,1.0,1.0,0.0,0.75,,,,,True
2024-12-11,SUNPHARMA,1.0,0.0,0.0,0.4,,,,,True
2024-12-12,ADANIGREEN,,,,,,,,,True
2024-12-12,ASIANPAINT,0.0,0.0,1.0,0.25,,,,,True
2024-12-12,AXISBANK,,,,,,,,,True
2024-12-12,BAJAJ-AUTO,,,,,,,,,True
2024-12-12,HDFCBANK,,,,,,,,,True
2024-12-12,HINDUNILVR,,,,,,,,,True
2024-12-12,ICICIBANK,,,,,,,,,True
2024-12-12,ITC,0.0,0.0,0.0,0.0,,,,,True
2024-12-12,KOTAKBANK,1.0,1.0,0.0,0.75,1.0,1.0,0.0,True,False
2024-12-12,M&M,1.0,1.0,0.0,0.75,1.0,1.0,0.0,True,False
2024-12-12,MARUTI,0.0,0.0,1.0,0.25,,,,,True
2024-12-12,NTPC,-1.0,0.0,1.0,-0.15,1.0,1.0,0.0,True,False
2024-12-12,ONGC,0.0,0.0,1.0,0.25,1.0,0.5,0.0,True,False
2024-12-12,POWERGRID,,,,,,,,,True
2024-12-12,RELIANCE,-1.0,0.0,0.0,-0.4,,,,,True
2024-12-12,SBIN,1.0,0.0,0.0,0.4,,,,,True
2024-12-12,TATAMOTORS,1.0,0.0,0.0,0.4,,,,,True
2024-12-12,TCS,0.0,0.0,1.0,0.25,,,,,True
2024-12-12,WIPRO,,,,,,,,,True
2024-12-12,CIPLA,-0.5,0.0,0.5,-0.075,,,,,True
2024-12-12,INFY,,,,,,,,,True
2024-12-12,DRREDDY,,,,,,,,,True
2024-12-12,HCLTECH,1.0,0.5,0.0,0.575,,,,,True
2024-12-12,TECHM,1.0,1.0,0.0,0.75,,,,,True
2024-12-12,SUNPHARMA,1.0,0.0,0.0,0.4,,,,,True
2024-12-13,ADANIGREEN,,,,,,,,,True
2024-12-13,ASIANPAINT,0.0,0.0,1.0,0.25,,,,,True
2024-12-13,AXISBANK,,,,,,,,,True
2024-12-13,BAJAJ-AUTO,,,,,,,,,True
2024-12-13,HDFCBANK,,,,,,,,,True
2024-12-13,HINDUNILVR,,,,,,,,,True
2024-12-13,ICICIBANK,,,,,,,,,True
2024-12-13,ITC,0.0,0.0,0.0,0.0,,,,,True
2024-12-13,KOTAKBANK,1.0,1.0,0.0,0.75,,,,,True
2024-12-13,M&M,1.0,1.0,0.0,0.75,,,,,True
2024-12-13,MARUTI,0.0,0.0,1.0,0.25,,,,,True
2024-12-13,NTPC,-1.0,0.0,1.0,-0.15,,,,,True
2024-12-13,ONGC,0.0,0.0,1.0,0.25,,,,,True
2024-12-13,POWERGRID,,,,,,,,,True
2024-12-13,RELIANCE,-1.0,0.0,0.0,-0.4,,,,,True
2024-12-13,SBIN,1.0,0.0,0.0,0.4,,,,,True
2024-12-13,TATAMOTORS,1.0,0.0,0.0,0.4,,,,,True
2024-12-13,TCS,0.0,0.0,1.0,0.25,,,,,True
2024-12-13,WIPRO,,,,,,,,,True
2024-12-13,CIPLA,-0.5,0.0,0.5,-0.075,,,,,True
2024-12-13,INFY,,,,,,,,,True
2024-12-13,DRREDDY,,,,,,,,,True
2024-12-13,HCLTECH,1.0,0.5,0.0,0.575,,,,,True
2024-12-13,TECHM,1.0,1.0,0.0,0.75,,,,,True
2024-12-13,SUNPHARMA,,,,,,,,,True
2024-12-16,ADANIGREEN,,,,,,,,,True
2024-12-16,ASIANPAINT,0.0,0.0,1.0,0.25,,,,,True
2024-12-16,AXISBANK,-1.0,0.0,0.0,-0.4,1.0,1.0,0.0,True,False
2024-12-16,BAJAJ-AUTO,0.0,0.0,1.0,0.25,1.0,0.5,0.0,True,False
2024-12-16,HDFCBANK,,,,,,,,,True
2024-12-16,HINDUNILVR,,,,,,,,,True
2024-12-16,ICICIBANK,,,,,,,,,True
2024-12-16,ITC,0.0,0.0,0.0,0.0,,,,,True
2024-12-16,KOTAKBANK,1.0,1.0,0.0,0.75,,,,,True
2024-12-16,M&M,0.0,0.0,0.0,0.0,1.0,0.5,0.0,True,False
2024-12-16,MARUTI,0.0,0.0,1.0,0.25,,,,,True
2024-12-16,NTPC,0.0,0.0,1.0,0.25,2.0,0.5,0.0,True,False
2024-12-16,ONGC,0.0,0.0,1.0,0.25,,,,,True
2024-12-16,POWERGRID,,,,,,,,,True
2024-12-16,RELIANCE,-1.0,0.0,0.0,-0.4,,,,,True
2024-12-16,SBIN,1.0,0.0,0.0,0.4,,,,,True
2024-12-16,TATAMOTORS,1.0,0.0,0.0,0.4,,,,,True
2024-12-16,TCS,0.0,0.0,1.0,0.25,,,,,True
2024-12-16,WIPRO,,,,,,,,,True
2024-12-16,CIPLA,-0.5,0.0,0.5,-0.075,,,,,True
2024-12-16,INFY,,,,,,,,,True
2024-12-16,DRREDDY,,,,,,,,,True
2024-12-16,HCLTECH,1.0,0.5,0.0,0.575,,,,,True
2024-12-16,TECHM,1.0,1.0,0.0,0.75,,,,,True
2024-12-16,SUNPHARMA,0.0,0.0,0.0,0.0,1.0,0.5,0.0,True,False
2024-12-17,ADANIGREEN,-1.0,-1.0,1.0,-0.5,1.0,1.0,0.0,True,False
2024-12-17,ASIANPAINT,0.0,0.0,1.0,0.25,1.0,0.5,0.0,True,False
2024-12-17,AXISBANK,-1.0,0.0,0.0,-0.4,,,,,True
2024-12-17,BAJAJ-AUTO,0.0,0.0,1.0,0.25,,,,,True
2024-12-17,HDFCBANK,0.0,0.0,1.0,0.25,1.0,0.5,0.0,True,False
2024-12-17,HINDUNILVR,,,,,,,,,True
2024-12-17,ICICIBANK,,,,,,,,,True
2024-12-17,ITC,1.0,0.0,0.0,0.4,1.0,1.0,0.0,True,False
2024-12-17,KOTAKBANK,1.0,1.0,0.0,0.75,,,,,True
2024-12-17,M&M,0.0,0.0,0.0,0.0,,,,,True
2024-12-17,MARUTI,0.0,0.0,1.0,0.25,,,,,True
2024-12-17,NTPC,0.0,0.0,1.0,0.25,,,,,True
2024-12-17,ONGC,0.0,0.0,1.0,0.25,,,,,True
2024-12-17,POWERGRID,0.0,0.0,0.0,0.0,1.0,0.5,0.0,True,False
2024-12-17,RELIANCE,-1.0,0.0,0.0,-0.4,,,,,True
2024-12-17,SBIN,,,,,,,,,True
2024-12-17,TATAMOTORS,1.0,0.0,0.0,0.4,,,,,True
2024-12-17,TCS,0.0,0.0,1.0,0.25,,,,,True
2024-12-17,WIPRO,,,,,,,,,True
2024-12-17,CIPLA,,,,,,,,,True
2024-12-17,INFY,,,,,,,,,True
2024-12-17,DRREDDY,,,,,,,,,True
2024-12-17,HCLTECH,0.0,0.0,1.0,0.25,1.0,0.5,0.0,True,False
2024-12-17,TECHM,1.0,1.0,0.0,0.75,,,,,True
2024-12-17,SUNPHARMA,0.0,0.0,0.0,0.0,,,,,True
2024-12-18,ADANIGREEN,-1.0,-1.0,1.0,-0.5,,,,,True
2024-12-18,ASIANPAINT,0.0,0.0,1.0,0.25,,,,,True
2024-12-18,AXISBANK,0.0,0.0,0.0,0.0,1.0,0.5,0.0,True,False
2024-12-18,BAJAJ-AUTO,0.5,0.5,0.0,0.375,2.0,0.75,0.0,True,False
2024-12-18,HDFCBANK,0.0,0.0,0.0,0.0,1.0,0.5,0.0,True,False
2024-12-18,HINDUNILVR,,,,,,,,,True
2024-12-18,ICICIBANK,0.0,0.0,0.0,0.0,1.0,0.5,0.0,True,False
2024-12-18,ITC,1.0,0.0,0.0,0.4,,,,,True
2024-12-18,KOTAKBANK,0.0,0.0,0.0,0.0,1.0,0.5,0.0,True,False
2024-12-18,M&M,0.0,0.0,0.0,0.0,,,,,True
2024-12-18,MARUTI,0.0,0.0,1.0,0.25,,,,,True
2024-12-18,NTPC,0.0,0.0,1.0,0.25,,,,,True
2024-12-18,ONGC,0.0,0.0,1.0,0.25,,,,,True
2024-12-18,POWERGRID,0.0,0.0,0.0,0.0,,,,,True
2024-12-18,RELIANCE,-1.0,0.0,0.0,-0.4,,,,,True
2024-12-18,SBIN,0.0,0.0,0.0,0.0,1.0,0.5,0.0,True,False
2024-12-18,TATAMOTORS,,,,,,,,,True
2024-12-18,TCS,0.0,0.0,1.0,0.25,,,,,True
2024-12-18,WIPRO,0.0,0.0,0.0,0.0,1.0,0.5,0.0,True,False
2024-12-18,CIPLA,,,,,,,,,True
2024-12-18,INFY,,,,,,,,,True
2024-12-18,DRREDDY,,,,,,,,,True
2024-12-18,HCLTECH,0.0,0.0,1.0,0.25,,,,,True
2024-12-18,TECHM,,,,,,,,,True
2024-12-18,SUNPHARMA,0.0,0.0,0.0,0.0,,,,,True
2024-12-19,ADANIGREEN,-1.0,-1.0,1.0,-0.5,,,,,True
2024-12-19,ASIANPAINT,0.0,0.0,1.0,0.25,,,,,True
2024-12-19,AXISBANK,0.0,0.0,0.0,0.0,,,,,True
2024-12-19,BAJAJ-AUTO,0.5,0.5,0.0,0.375,2.0,0.75,0.0,True,False
2024-12-19,HDFCBANK,0.0,0.0,0.0,0.0,,,,,True
2024-12-19,HINDUNILVR,,,,,,,,,True
2024-12-19,ICICIBANK,0.0,0.0,0.0,0.0,,,,,True
2024-12-19,ITC,1.0,0.0,0.0,0.4,,,,,True
2024-12-19,KOTAKBANK,0.0,0.0,0.0,0.0,,,,,True
2024-12-19,M&M,0.0,0.0,0.0,0.0,,,,,True
2024-12-19,MARUTI,,,,,,,,,True
2024-12-19,NTPC,0.0,0.0,1.0,0.25,,,,,True
2024-12-19,ONGC,0.0,0.0,1.0,0.25,,,,,True
2024-12-19,POWERGRID,0.0,0.0,0.0,0.0,,,,,True
2024-12-19,RELIANCE,,,,,,,,,True
2024-12-19,SBIN,0.0,0.0,0.0,0.0,,,,,True
2024-12-19,TATAMOTORS,1.0,1.0,0.0,0.75,1.0,1.0,0.0,True,False
2024-12-19,TCS,,,,,,,,,True
2024-12-19,WIPRO,0.0,0.0,0.0,0.0,1.0,0.5,0.0,True,False
2024-12-19,CIPLA,,,,,,,,,True
2024-12-19,INFY,,,,,,,,,True
2024-12-19,DRREDDY,,,,,,,,,True
2024-12-19,HCLTECH,0.0,0.0,1.0,0.25,,,,,True
2024-12-19,TECHM,,,,,,,,,True
2024-12-19,SUNPHARMA,0.0,0.0,0.0,0.0,,,,,True
2024-12-20,ADANIGREEN,-1.0,-1.0,1.0,-0.5,,,,,True
2024-12-20,ASIANPAINT,0.0,0.0,1.0,0.25,,,,,True
2024-12-20,AXISBANK,0.0,0.0,0.0,0.0,,,,,True
2024-12-20,BAJAJ-AUTO,0.5,0.5,0.0,0.375,,,,,True
2024-12-20,HDFCBANK,0.0,0.0,0.0,0.0,,,,,True
2024-12-20,HINDUNILVR,,,,,,,,,True
2024-12-20,ICICIBANK,0.0,0.0,0.0,0.0,,,,,True
2024-12-20,ITC,1.0,0.0,0.0,0.4,,,,,True
2024-12-20,KOTAKBANK,0.0,0.0,0.0,0.0,,,,,True
2024-12-20,M&M,0.0,0.0,0.0,0.0,,,,,True
2024-12-20,MARUTI,,,,,,,,,True
2024-12-20,NTPC,0.0,0.0,1.0,0.25,,,,,True
2024-12-20,ONGC,,,,,,,,,True
2024-12-20,POWERGRID,0.0,0.0,0.0,0.0,,,,,True
2024-12-20,RELIANCE,,,,,,,,,True
2024-12-20,SBIN,0.0,0.0,0.0,0.0,,,,,True
2024-12-20,TATAMOTORS,1.0,1.0,0.0,0.75,,,,,True
2024-12-20,TCS,,,,,,,,,True
2024-12-20,WIPRO,0.0,0.0,0.0,0.0,,,,,True
2024-12-20,CIPLA,,,,,,,,,True
2024-12-20,INFY,,,,,,,,,True
2024-12-20,DRREDDY,,,,,,,,,True
2024-12-20,HCLTECH,0.0,0.0,1.0,0.25,,,,,True
2024-12-20,TECHM,,,,,,,,,True
2024-12-20,SUNPHARMA,0.0,0.0,0.0,0.0,,,,,True
2024-12-23,ADANIGREEN,-1.0,-1.0,1.0,-0.5,,,,,True
2024-12-23,ASIANPAINT,0.0,0.0,1.0,0.25,,,,,True
2024-12-23,AXISBANK,0.0,0.0,0.0,0.0,,,,,True
2024-12-23,BAJAJ-AUTO,0.5,0.5,0.0,0.375,,,,,True
2024-12-23,HDFCBANK,0.0,0.0,0.0,0.0,,,,,True
2024-12-23,HINDUNILVR,,,,,,,,,True
2024-12-23,ICICIBANK,0.0,0.0,0.0,0.0,,,,,True
2024-12-23,ITC,1.0,0.0,0.0,0.4,1.0,1.0,0.0,True,False
2024-12-23,KOTAKBANK,0.0,0.0,0.0,0.0,,,,,True
2024-12-23,M&M,0.0,0.0,0.0,0.0,,,,,True
2024-12-23,MARUTI,-1.0,0.0,0.0,-0.4,1.0,1.0,0.0,True,False
2024-12-23,NTPC,1.0,0.0,1.0,0.65,1.0,1.0,0.0,True,False
2024-12-23,ONGC,,,,,,,,,True
2024-12-23,POWERGRID,0.0,0.0,0.0,0.0,,,,,True
2024-12-23,RELIANCE,,,,,,,,,True
2024-12-23,SBIN,0.0,0.0,0.0,0.0,,,,,True
2024-12-23,TATAMOTORS,1.0,1.0,0.0,0.75,,,,,True
2024-12-23,TCS,,,,,,,,,True
2024-12-23,WIPRO,0.0,0.0,0.0,0.0,,,,,True
2024-12-23,CIPLA,,,,,,,,,True
2024-12-23,INFY,,,,,,,,,True
2024-12-23,DRREDDY,,,,,,,,,True
2024-12-23,HCLTECH,0.0,0.0,1.0,0.25,,,,,True
2024-12-23,TECHM,,,,,,,,,True
2024-12-23,SUNPHARMA,0.0,0.0,0.0,0.0,,,,,True
2024-12-24,ADANIGREEN,-1.0,-1.0,1.0,-0.5,,,,,True
2024-12-24,ASIANPAINT,0.0,0.0,1.0,0.25,,,,,True
2024-12-24,AXISBANK,0.0,0.0,0.0,0.0,,,,,True
2024-12-24,BAJAJ-AUTO,0.5,0.5,0.0,0.375,,,,,True
2024-12-24,HDFCBANK,0.0,0.0,0.0,0.0,,,,,True
2024-12-24,HINDUNILVR,0.5,0.5,0.5,0.5,2.0,0.75,0.0,True,False
2024-12-24,ICICIBANK,0.0,0.0,0.0,0.0,,,,,True
2024-12-24,ITC,1.0,0.0,0.0,0.4,,,,,True
2024-12-24,KOTAKBANK,0.0,0.0,0.0,0.0,,,,,True
2024-12-24,M&M,0.0,0.0,1.0,0.25,1.0,0.5,0.0,True,False
2024-12-24,MARUTI,-1.0,0.0,0.0,-0.4,,,,,True
2024-12-24,NTPC,1.0,0.0,1.0,0.65,,,,,True
2024-12-24,ONGC,,,,,,,,,True
2024-12-24,POWERGRID,0.0,0.0,0.0,0.0,,,,,True
2024-12-24,RELIANCE,,,,,,,,,True
2024-12-24,SBIN,0.0,0.0,0.0,0.0,,,,,True
2024-12-24,TATAMOTORS,1.0,1.0,0.0,0.75,,,,,True
2024-12-24,TCS,,,,,,,,,True
2024-12-24,WIPRO,0.0,0.0,0.0,0.0,,,,,True
2024-12-24,CIPLA,,,,,,,,,True
2024-12-24,INFY,,,,,,,,,True
2024-12-24,DRREDDY,,,,,,,,,True
2024-12-24,HCLTECH,0.0,0.0,1.0,0.25,,,,,True
2024-12-24,TECHM,0.0,0.0,1.0,0.25,1.0,0.5,0.0,True,False
2024-12-24,SUNPHARMA,,,,,,,,,True
2024-12-25,ADANIGREEN,,,,,,,,,True
2024-12-25,ASIANPAINT,-1.0,0.0,0.0,-0.4,1.0,1.0,0.0,True,False
2024-12-25,AXISBANK,-1.0,0.0,0.0,-0.4,1.0,1.0,0.0,True,False
2024-12-25,BAJAJ-AUTO,1.0,1.0,0.0,0.75,1.0,1.0,0.0,True,False
2024-12-25,HDFCBANK,0.0,0.0,0.0,0.0,,,,,True
2024-12-25,HINDUNILVR,0.5,0.5,0.5,0.5,,,,,True
2024-12-25,ICICIBANK,0.0,0.0,0.0,0.0,,,,,True
2024-12-25,ITC,1.0,0.0,0.0,0.4,,,,,True
2024-12-25,KOTAKBANK,0.0,0.0,0.0,0.0,,,,,True
2024-12-25,M&M,0.0,0.0,1.0,0.25,,,,,True
2024-12-25,MARUTI,-1.0,0.0,0.0,-0.4,,,,,True
2024-12-25,NTPC,1.0,0.0,1.0,0.65,,,,,True
2024-12-25,ONGC,0.0,0.0,1.0,0.25,1.0,0.5,0.0,True,False
2024-12-25,POWERGRID,1.0,0.0,0.0,0.4,1.0,1.0,0.0,True,False
2024-12-25,RELIANCE,,,,,,,,,True
2024-12-25,SBIN,0.0,0.0,0.0,0.0,,,,,True
2024-12-25,TATAMOTORS,1.0,1.0,0.0,0.75,,,,,True
2024-12-25,TCS,0.0,0.0,0.0,0.0,1.0,0.5,0.0,True,False
2024-12-25,WIPRO,0.0,0.0,0.0,0.0,,,,,True
2024-12-25,CIPLA,,,,,,,,,True
2024-12-25,INFY,,,,,,,,,True
2024-12-25,DRREDDY,,,,,,,,,True
2024-12-25,HCLTECH,,,,,,,,,True
2024-12-25,TECHM,0.0,0.0,1.0,0.25,,,,,True
2024-12-25,SUNPHARMA,,,,,,,,,True
2024-12-26,ADANIGREEN,,,,,,,,,True
2024-12-26,ASIANPAINT,-1.0,0.0,0.0,-0.4,,,,,True
2024-12-26,AXISBANK,0.0,0.0,0.0,0.0,1.0,0.5,0.0,True,False
2024-12-26,BAJAJ-AUTO,1.0,1.0,0.0,0.75,,,,,True
2024-12-26,HDFCBANK,0.0,0.0,0.5,0.125,2.0,0.5,0.0,True,False
2024-12-26,HINDUNILVR,0.5,0.5,0.5,0.5,,,,,True
2024-12-26,ICICIBANK,0.0,0.0,0.0,0.0,1.0,0.5,0.0,True,False
2024-12-26,ITC,1.0,0.0,0.0,0.4,,,,,True
2024-12-26,KOTAKBANK,0.0,0.0,0.0,0.0,1.0,0.5,0.0,True,False
2024-12-26,M&M,0.0,0.0,0.0,0.0,2.0,0.5,0.0,True,False
2024-12-26,MARUTI,-1.0,0.0,0.0,-0.4,,,,,True
2024-12-26,NTPC,0.0,0.0,1.0,0.25,1.0,0.5,0.0,True,False
2024-12-26,ONGC,0.0,0.0,1.0,0.25,,,,,True
2024-12-26,POWERGRID,1.0,0.0,0.0,0.4,,,,,True
2024-12-26,RELIANCE,,,,,,,,,True
2024-12-26,SBIN,0.0,0.0,0.0,0.0,1.0,0.5,0.0,True,False
2024-12-26,TATAMOTORS,1.0,1.0,0.0,0.75,,,,,True
2024-12-26,TCS,0.0,0.0,0.0,0.0,,,,,True
2024-12-26,WIPRO,0.0,0.0,0.0,0.0,,,,,True
2024-12-26,CIPLA,,,,,,,,,True
2024-12-26,INFY,,,,,,,,,True
2024-12-26,DRREDDY,1.0,0.0,0.0,0.4,1.0,1.0,0.0,True,False
2024-12-26,HCLTECH,,,,,,,,,True
2024-12-26,TECHM,0.0,0.0,0.0,0.0,1.0,0.5,0.0,True,False
2024-12-26,SUNPHARMA,,,,,,,,,True
2024-12-27,ADANIGREEN,,,,,,,,,True
2024-12-27,ASIANPAINT,-1.0,0.0,0.0,-0.4,,,,,True
2024-12-27,AXISBANK,0.0,0.0,0.0,0.0,,,,,True
2024-12-27,BAJAJ-AUTO,1.0,1.0,0.0,0.75,,,,,True
2024-12-27,HDFCBANK,0.0,0.0,0.5,0.125,,,,,True
2024-12-27,HINDUNILVR,0.5,0.5,0.5,0.5,,,,,True
2024-12-27,ICICIBANK,0.0,0.0,0.0,0.0,,,,,True
2024-12-27,ITC,1.0,0.0,0.0,0.4,,,,,True
2024-12-27,KOTAKBANK,0.0,0.0,0.0,0.0,,,,,True
2024-12-27,M&M,0.0,0.0,0.0,0.0,,,,,True
2024-12-27,MARUTI,-1.0,0.0,0.0,-0.4,,,,,True
2024-12-27,NTPC,0.0,0.0,1.0,0.25,,,,,True
2024-12-27,ONGC,0.0,0.0,1.0,0.25,,,,,True
2024-12-27,POWERGRID,1.0,0.0,0.0,0.4,,,,,True
2024-12-27,RELIANCE,,,,,,,,,True
2024-12-27,SBIN,0.0,0.0,0.0,0.0,,,,,True
2024-12-27,TATAMOTORS,,,,,,,,,True
2024-12-27,TCS,0.0,0.0,0.0,0.0,,,,,True
2024-12-27,WIPRO,,,,,,,,,True
2024-12-27,CIPLA,,,,,,,,,True
2024-12-27,INFY,,,,,,,,,True
2024-12-27,DRREDDY,1.0,0.0,0.0,0.4,,,,,True
2024-12-27,HCLTECH,,,,,,,,,True
2024-12-27,TECHM,0.0,0.0,0.0,0.0,,,,,True
2024-12-27,SUNPHARMA,,,,,,,,,True
2024-12-30,ADANIGREEN,,,,,,,,,True
2024-12-30,ASIANPAINT,-1.0,0.0,0.0,-0.4,,,,,True
2024-12-30,AXISBANK,0.0,0.0,0.0,0.0,1.0,0.5,0.0,True,False
2024-12-30,BAJAJ-AUTO,1.0,1.0,0.0,0.75,,,,,True
2024-12-30,HDFCBANK,0.0,0.0,0.0,0.0,2.0,0.5,0.0,True,False
2024-12-30,HINDUNILVR,0.5,0.5,0.5,0.5,,,,,True
2024-12-30,ICICIBANK,0.0,0.0,0.0,0.0,1.0,0.5,0.0,True,False
2024-12-30,ITC,1.0,0.0,0.0,0.4,,,,,True
2024-12-30,KOTAKBANK,0.0,0.0,0.5,0.125,2.0,0.5,0.0,True,False
2024-12-30,M&M,0.0,0.0,1.0,0.25,1.0,0.5,0.0,True,False
2024-12-30,MARUTI,0.0,0.0,0.0,0.0,1.0,0.5,0.0,True,False
2024-12-30,NTPC,0.0,0.0,1.0,0.25,,,,,True
2024-12-30,ONGC,0.0,0.0,1.0,0.25,,,,,True
2024-12-30,POWERGRID,1.0,0.0,0.0,0.4,,,,,True
2024-12-30,RELIANCE,,,,,,,,,True
2024-12-30,SBIN,0.7143,0.5,0.0,0.4607,2.0,0.75,0.0,True,False
2024-12-30,TATAMOTORS,,,,,,,,,True
2024-12-30,TCS,0.0,0.0,0.0,0.0,,,,,True
2024-12-30,WIPRO,,,,,,,,,True
2024-12-30,CIPLA,0.0,0.0,0.0,0.0,1.0,0.5,0.0,True,False
2024-12-30,INFY,,,,,,,,,True
2024-12-30,DRREDDY,1.0,0.0,0.0,0.4,,,,,True
2024-12-30,HCLTECH,,,,,,,,,True
2024-12-30,TECHM,0.0,0.0,0.0,0.0,,,,,True
2024-12-30,SUNPHARMA,1.0,1.0,0.0,0.75,1.0,1.0,0.0,True,False
